{"1": {"non-stress": 0.005, "stress": 0.002}, "2": {"non-stress": 0.009, "stress": 0.005}, "3": {"non-stress": 0.012, "stress": 0.007}, "4": {"non-stress": 0.015, "stress": 0.009}, "5": {"non-stress": 0.018, "stress": 0.01}, "6": {"non-stress": 0.021, "stress": 0.012}, "7": {"non-stress": 0.025, "stress": 0.014}, "8": {"non-stress": 0.028, "stress": 0.016}, "9": {"non-stress": 0.031, "stress": 0.018}, "10": {"non-stress": 0.035, "stress": 0.02}, "11": {"non-stress": 0.038, "stress": 0.022}, "12": {"non-stress": 0.041, "stress": 0.024}, "13": {"non-stress": 0.044, "stress": 0.026}, "14": {"non-stress": 0.047, "stress": 0.028}, "15": {"non-stress": 0.05, "stress": 0.03}, "16": {"non-stress": 0.052, "stress": 0.031}, "17": {"non-stress": 0.055, "stress": 0.033}, "18": {"non-stress": 0.057, "stress": 0.035}, "19": {"non-stress": 0.06, "stress": 0.037}, "20": {"non-stress": 0.063, "stress": 0.039}, "21": {"non-stress": 0.066, "stress": 0.041}, "22": {"non-stress": 0.069, "stress": 0.043}, "23": {"non-stress": 0.071, "stress": 0.045}, "24": {"non-stress": 0.074, "stress": 0.047}, "25": {"non-stress": 0.077, "stress": 0.049}, "26": {"non-stress": 0.079, "stress": 0.051}, "27": {"non-stress": 0.081, "stress": 0.053}, "28": {"non-stress": 0.084, "stress": 0.055}, "29": {"non-stress": 0.086, "stress": 0.056}, "30": {"non-stress": 0.089, "stress": 0.059}, "31": {"non-stress": 0.091, "stress": 0.06}, "32": {"non-stress": 0.093, "stress": 0.062}, "33": {"non-stress": 0.095, "stress": 0.064}, "34": {"non-stress": 0.097, "stress": 0.066}, "35": {"non-stress": 0.1, "stress": 0.067}, "36": {"non-stress": 0.102, "stress": 0.07}, "37": {"non-stress": 0.105, "stress": 0.072}, "38": {"non-stress": 0.107, "stress": 0.074}, "39": {"non-stress": 0.11, "stress": 0.075}, "40": {"non-stress": 0.112, "stress": 0.077}, "41": {"non-stress": 0.115, "stress": 0.079}, "42": {"non-stress": 0.116, "stress": 0.081}, "43": {"non-stress": 0.119, "stress": 0.082}, "44": {"non-stress": 0.121, "stress": 0.084}, "45": {"non-stress": 0.123, "stress": 0.086}, "46": {"non-stress": 0.126, "stress": 0.087}, "47": {"non-stress": 0.127, "stress": 0.088}, "48": {"non-stress": 0.13, "stress": 0.089}, "49": {"non-stress": 0.132, "stress": 0.091}, "50": {"non-stress": 0.134, "stress": 0.093}, "51": {"non-stress": 0.136, "stress": 0.094}, "52": {"non-stress": 0.138, "stress": 0.096}, "53": {"non-stress": 0.14, "stress": 0.097}, "54": {"non-stress": 0.143, "stress": 0.099}, "55": {"non-stress": 0.144, "stress": 0.101}, "56": {"non-stress": 0.146, "stress": 0.103}, "57": {"non-stress": 0.148, "stress": 0.105}, "58": {"non-stress": 0.151, "stress": 0.106}, "59": {"non-stress": 0.153, "stress": 0.108}, "60": {"non-stress": 0.154, "stress": 0.109}, "61": {"non-stress": 0.158, "stress": 0.111}, "62": {"non-stress": 0.16, "stress": 0.112}, "63": {"non-stress": 0.162, "stress": 0.114}, "64": {"non-stress": 0.164, "stress": 0.115}, "65": {"non-stress": 0.166, "stress": 0.117}, "66": {"non-stress": 0.168, "stress": 0.118}, "67": {"non-stress": 0.17, "stress": 0.12}, "68": {"non-stress": 0.173, "stress": 0.121}, "69": {"non-stress": 0.175, "stress": 0.123}, "70": {"non-stress": 0.177, "stress": 0.124}, "71": {"non-stress": 0.179, "stress": 0.126}, "72": {"non-stress": 0.181, "stress": 0.127}, "73": {"non-stress": 0.183, "stress": 0.128}, "74": {"non-stress": 0.185, "stress": 0.129}, "75": {"non-stress": 0.187, "stress": 0.131}, "76": {"non-stress": 0.189, "stress": 0.131}, "77": {"non-stress": 0.191, "stress": 0.133}, "78": {"non-stress": 0.193, "stress": 0.134}, "79": {"non-stress": 0.195, "stress": 0.136}, "80": {"non-stress": 0.196, "stress": 0.137}, "81": {"non-stress": 0.198, "stress": 0.138}, "82": {"non-stress": 0.201, "stress": 0.139}, "83": {"non-stress": 0.203, "stress": 0.141}, "84": {"non-stress": 0.205, "stress": 0.142}, "85": {"non-stress": 0.207, "stress": 0.144}, "86": {"non-stress": 0.209, "stress": 0.145}, "87": {"non-stress": 0.211, "stress": 0.146}, "88": {"non-stress": 0.213, "stress": 0.148}, "89": {"non-stress": 0.215, "stress": 0.15}, "90": {"non-stress": 0.217, "stress": 0.151}, "91": {"non-stress": 0.218, "stress": 0.152}, "92": {"non-stress": 0.22, "stress": 0.154}, "93": {"non-stress": 0.222, "stress": 0.155}, "94": {"non-stress": 0.225, "stress": 0.157}, "95": {"non-stress": 0.226, "stress": 0.158}, "96": {"non-stress": 0.228, "stress": 0.16}, "97": {"non-stress": 0.229, "stress": 0.161}, "98": {"non-stress": 0.232, "stress": 0.162}, "99": {"non-stress": 0.233, "stress": 0.163}, "100": {"non-stress": 0.235, "stress": 0.164}, "101": {"non-stress": 0.237, "stress": 0.166}, "102": {"non-stress": 0.239, "stress": 0.167}, "103": {"non-stress": 0.241, "stress": 0.169}, "104": {"non-stress": 0.243, "stress": 0.17}, "105": {"non-stress": 0.244, "stress": 0.172}, "106": {"non-stress": 0.246, "stress": 0.173}, "107": {"non-stress": 0.248, "stress": 0.175}, "108": {"non-stress": 0.249, "stress": 0.176}, "109": {"non-stress": 0.251, "stress": 0.178}, "110": {"non-stress": 0.253, "stress": 0.179}, "111": {"non-stress": 0.255, "stress": 0.18}, "112": {"non-stress": 0.258, "stress": 0.181}, "113": {"non-stress": 0.259, "stress": 0.183}, "114": {"non-stress": 0.26, "stress": 0.184}, "115": {"non-stress": 0.262, "stress": 0.185}, "116": {"non-stress": 0.264, "stress": 0.186}, "117": {"non-stress": 0.266, "stress": 0.188}, "118": {"non-stress": 0.267, "stress": 0.189}, "119": {"non-stress": 0.269, "stress": 0.19}, "120": {"non-stress": 0.271, "stress": 0.191}, "121": {"non-stress": 0.272, "stress": 0.193}, "122": {"non-stress": 0.274, "stress": 0.194}, "123": {"non-stress": 0.276, "stress": 0.195}, "124": {"non-stress": 0.277, "stress": 0.197}, "125": {"non-stress": 0.279, "stress": 0.198}, "126": {"non-stress": 0.281, "stress": 0.2}, "127": {"non-stress": 0.282, "stress": 0.202}, "128": {"non-stress": 0.283, "stress": 0.203}, "129": {"non-stress": 0.285, "stress": 0.204}, "130": {"non-stress": 0.287, "stress": 0.206}, "131": {"non-stress": 0.289, "stress": 0.207}, "132": {"non-stress": 0.29, "stress": 0.209}, "133": {"non-stress": 0.291, "stress": 0.21}, "134": {"non-stress": 0.292, "stress": 0.211}, "135": {"non-stress": 0.294, "stress": 0.212}, "136": {"non-stress": 0.296, "stress": 0.213}, "137": {"non-stress": 0.297, "stress": 0.214}, "138": {"non-stress": 0.299, "stress": 0.216}, "139": {"non-stress": 0.301, "stress": 0.217}, "140": {"non-stress": 0.302, "stress": 0.218}, "141": {"non-stress": 0.304, "stress": 0.22}, "142": {"non-stress": 0.305, "stress": 0.221}, "143": {"non-stress": 0.307, "stress": 0.222}, "144": {"non-stress": 0.308, "stress": 0.224}, "145": {"non-stress": 0.309, "stress": 0.226}, "146": {"non-stress": 0.311, "stress": 0.227}, "147": {"non-stress": 0.312, "stress": 0.228}, "148": {"non-stress": 0.314, "stress": 0.23}, "149": {"non-stress": 0.315, "stress": 0.231}, "150": {"non-stress": 0.317, "stress": 0.232}, "151": {"non-stress": 0.318, "stress": 0.234}, "152": {"non-stress": 0.32, "stress": 0.235}, "153": {"non-stress": 0.321, "stress": 0.236}, "154": {"non-stress": 0.323, "stress": 0.237}, "155": {"non-stress": 0.324, "stress": 0.239}, "156": {"non-stress": 0.326, "stress": 0.239}, "157": {"non-stress": 0.328, "stress": 0.241}, "158": {"non-stress": 0.33, "stress": 0.242}, "159": {"non-stress": 0.331, "stress": 0.243}, "160": {"non-stress": 0.332, "stress": 0.245}, "161": {"non-stress": 0.334, "stress": 0.246}, "162": {"non-stress": 0.336, "stress": 0.247}, "163": {"non-stress": 0.337, "stress": 0.248}, "164": {"non-stress": 0.338, "stress": 0.25}, "165": {"non-stress": 0.339, "stress": 0.251}, "166": {"non-stress": 0.341, "stress": 0.252}, "167": {"non-stress": 0.342, "stress": 0.253}, "168": {"non-stress": 0.344, "stress": 0.254}, "169": {"non-stress": 0.345, "stress": 0.256}, "170": {"non-stress": 0.347, "stress": 0.257}, "171": {"non-stress": 0.348, "stress": 0.258}, "172": {"non-stress": 0.35, "stress": 0.26}, "173": {"non-stress": 0.351, "stress": 0.261}, "174": {"non-stress": 0.352, "stress": 0.263}, "175": {"non-stress": 0.354, "stress": 0.263}, "176": {"non-stress": 0.355, "stress": 0.265}, "177": {"non-stress": 0.356, "stress": 0.266}, "178": {"non-stress": 0.358, "stress": 0.267}, "179": {"non-stress": 0.359, "stress": 0.268}, "180": {"non-stress": 0.361, "stress": 0.27}, "181": {"non-stress": 0.362, "stress": 0.27}, "182": {"non-stress": 0.364, "stress": 0.272}, "183": {"non-stress": 0.365, "stress": 0.273}, "184": {"non-stress": 0.366, "stress": 0.275}, "185": {"non-stress": 0.368, "stress": 0.276}, "186": {"non-stress": 0.37, "stress": 0.277}, "187": {"non-stress": 0.371, "stress": 0.278}, "188": {"non-stress": 0.372, "stress": 0.28}, "189": {"non-stress": 0.374, "stress": 0.282}, "190": {"non-stress": 0.375, "stress": 0.283}, "191": {"non-stress": 0.377, "stress": 0.284}, "192": {"non-stress": 0.378, "stress": 0.285}, "193": {"non-stress": 0.38, "stress": 0.286}, "194": {"non-stress": 0.381, "stress": 0.287}, "195": {"non-stress": 0.382, "stress": 0.288}, "196": {"non-stress": 0.383, "stress": 0.29}, "197": {"non-stress": 0.384, "stress": 0.291}, "198": {"non-stress": 0.386, "stress": 0.293}, "199": {"non-stress": 0.387, "stress": 0.294}, "200": {"non-stress": 0.388, "stress": 0.295}, "201": {"non-stress": 0.39, "stress": 0.296}, "202": {"non-stress": 0.392, "stress": 0.298}, "203": {"non-stress": 0.393, "stress": 0.299}, "204": {"non-stress": 0.394, "stress": 0.299}, "205": {"non-stress": 0.395, "stress": 0.3}, "206": {"non-stress": 0.397, "stress": 0.302}, "207": {"non-stress": 0.399, "stress": 0.303}, "208": {"non-stress": 0.4, "stress": 0.304}, "209": {"non-stress": 0.402, "stress": 0.305}, "210": {"non-stress": 0.403, "stress": 0.307}, "211": {"non-stress": 0.404, "stress": 0.308}, "212": {"non-stress": 0.405, "stress": 0.308}, "213": {"non-stress": 0.407, "stress": 0.31}, "214": {"non-stress": 0.408, "stress": 0.311}, "215": {"non-stress": 0.409, "stress": 0.313}, "216": {"non-stress": 0.411, "stress": 0.315}, "217": {"non-stress": 0.412, "stress": 0.316}, "218": {"non-stress": 0.413, "stress": 0.317}, "219": {"non-stress": 0.415, "stress": 0.318}, "220": {"non-stress": 0.416, "stress": 0.319}, "221": {"non-stress": 0.417, "stress": 0.321}, "222": {"non-stress": 0.418, "stress": 0.322}, "223": {"non-stress": 0.419, "stress": 0.323}, "224": {"non-stress": 0.42, "stress": 0.324}, "225": {"non-stress": 0.422, "stress": 0.325}, "226": {"non-stress": 0.423, "stress": 0.326}, "227": {"non-stress": 0.424, "stress": 0.327}, "228": {"non-stress": 0.425, "stress": 0.329}, "229": {"non-stress": 0.426, "stress": 0.33}, "230": {"non-stress": 0.428, "stress": 0.332}, "231": {"non-stress": 0.429, "stress": 0.333}, "232": {"non-stress": 0.43, "stress": 0.334}, "233": {"non-stress": 0.431, "stress": 0.335}, "234": {"non-stress": 0.432, "stress": 0.336}, "235": {"non-stress": 0.434, "stress": 0.338}, "236": {"non-stress": 0.435, "stress": 0.338}, "237": {"non-stress": 0.437, "stress": 0.339}, "238": {"non-stress": 0.438, "stress": 0.34}, "239": {"non-stress": 0.439, "stress": 0.342}, "240": {"non-stress": 0.44, "stress": 0.343}, "241": {"non-stress": 0.441, "stress": 0.344}, "242": {"non-stress": 0.442, "stress": 0.345}, "243": {"non-stress": 0.444, "stress": 0.347}, "244": {"non-stress": 0.445, "stress": 0.347}, "245": {"non-stress": 0.446, "stress": 0.349}, "246": {"non-stress": 0.447, "stress": 0.35}, "247": {"non-stress": 0.449, "stress": 0.351}, "248": {"non-stress": 0.45, "stress": 0.352}, "249": {"non-stress": 0.451, "stress": 0.353}, "250": {"non-stress": 0.452, "stress": 0.354}, "251": {"non-stress": 0.454, "stress": 0.355}, "252": {"non-stress": 0.455, "stress": 0.356}, "253": {"non-stress": 0.457, "stress": 0.357}, "254": {"non-stress": 0.458, "stress": 0.358}, "255": {"non-stress": 0.459, "stress": 0.359}, "256": {"non-stress": 0.46, "stress": 0.361}, "257": {"non-stress": 0.461, "stress": 0.362}, "258": {"non-stress": 0.462, "stress": 0.363}, "259": {"non-stress": 0.463, "stress": 0.364}, "260": {"non-stress": 0.464, "stress": 0.366}, "261": {"non-stress": 0.466, "stress": 0.367}, "262": {"non-stress": 0.467, "stress": 0.368}, "263": {"non-stress": 0.468, "stress": 0.37}, "264": {"non-stress": 0.47, "stress": 0.371}, "265": {"non-stress": 0.471, "stress": 0.372}, "266": {"non-stress": 0.472, "stress": 0.373}, "267": {"non-stress": 0.473, "stress": 0.375}, "268": {"non-stress": 0.475, "stress": 0.376}, "269": {"non-stress": 0.476, "stress": 0.378}, "270": {"non-stress": 0.477, "stress": 0.379}, "271": {"non-stress": 0.478, "stress": 0.38}, "272": {"non-stress": 0.479, "stress": 0.382}, "273": {"non-stress": 0.48, "stress": 0.382}, "274": {"non-stress": 0.481, "stress": 0.384}, "275": {"non-stress": 0.482, "stress": 0.385}, "276": {"non-stress": 0.484, "stress": 0.386}, "277": {"non-stress": 0.485, "stress": 0.387}, "278": {"non-stress": 0.486, "stress": 0.388}, "279": {"non-stress": 0.487, "stress": 0.389}, "280": {"non-stress": 0.488, "stress": 0.39}, "281": {"non-stress": 0.489, "stress": 0.391}, "282": {"non-stress": 0.491, "stress": 0.391}, "283": {"non-stress": 0.492, "stress": 0.393}, "284": {"non-stress": 0.493, "stress": 0.394}, "285": {"non-stress": 0.495, "stress": 0.395}, "286": {"non-stress": 0.496, "stress": 0.396}, "287": {"non-stress": 0.498, "stress": 0.398}, "288": {"non-stress": 0.499, "stress": 0.399}, "289": {"non-stress": 0.5, "stress": 0.4}, "290": {"non-stress": 0.501, "stress": 0.401}, "291": {"non-stress": 0.502, "stress": 0.403}, "292": {"non-stress": 0.502, "stress": 0.404}, "293": {"non-stress": 0.503, "stress": 0.405}, "294": {"non-stress": 0.505, "stress": 0.406}, "295": {"non-stress": 0.505, "stress": 0.407}, "296": {"non-stress": 0.507, "stress": 0.408}, "297": {"non-stress": 0.507, "stress": 0.409}, "298": {"non-stress": 0.508, "stress": 0.41}, "299": {"non-stress": 0.509, "stress": 0.411}, "300": {"non-stress": 0.51, "stress": 0.412}, "301": {"non-stress": 0.511, "stress": 0.414}, "302": {"non-stress": 0.513, "stress": 0.414}, "303": {"non-stress": 0.513, "stress": 0.415}, "304": {"non-stress": 0.514, "stress": 0.416}, "305": {"non-stress": 0.516, "stress": 0.417}, "306": {"non-stress": 0.517, "stress": 0.418}, "307": {"non-stress": 0.518, "stress": 0.419}, "308": {"non-stress": 0.519, "stress": 0.42}, "309": {"non-stress": 0.52, "stress": 0.421}, "310": {"non-stress": 0.521, "stress": 0.422}, "311": {"non-stress": 0.521, "stress": 0.423}, "312": {"non-stress": 0.523, "stress": 0.424}, "313": {"non-stress": 0.524, "stress": 0.425}, "314": {"non-stress": 0.524, "stress": 0.426}, "315": {"non-stress": 0.525, "stress": 0.427}, "316": {"non-stress": 0.526, "stress": 0.428}, "317": {"non-stress": 0.527, "stress": 0.43}, "318": {"non-stress": 0.528, "stress": 0.431}, "319": {"non-stress": 0.529, "stress": 0.432}, "320": {"non-stress": 0.53, "stress": 0.434}, "321": {"non-stress": 0.531, "stress": 0.435}, "322": {"non-stress": 0.532, "stress": 0.436}, "323": {"non-stress": 0.533, "stress": 0.437}, "324": {"non-stress": 0.534, "stress": 0.438}, "325": {"non-stress": 0.535, "stress": 0.439}, "326": {"non-stress": 0.536, "stress": 0.44}, "327": {"non-stress": 0.537, "stress": 0.442}, "328": {"non-stress": 0.539, "stress": 0.443}, "329": {"non-stress": 0.54, "stress": 0.444}, "330": {"non-stress": 0.541, "stress": 0.444}, "331": {"non-stress": 0.542, "stress": 0.445}, "332": {"non-stress": 0.543, "stress": 0.447}, "333": {"non-stress": 0.544, "stress": 0.448}, "334": {"non-stress": 0.545, "stress": 0.449}, "335": {"non-stress": 0.546, "stress": 0.449}, "336": {"non-stress": 0.548, "stress": 0.45}, "337": {"non-stress": 0.548, "stress": 0.451}, "338": {"non-stress": 0.55, "stress": 0.452}, "339": {"non-stress": 0.551, "stress": 0.453}, "340": {"non-stress": 0.552, "stress": 0.455}, "341": {"non-stress": 0.552, "stress": 0.455}, "342": {"non-stress": 0.553, "stress": 0.456}, "343": {"non-stress": 0.554, "stress": 0.457}, "344": {"non-stress": 0.555, "stress": 0.458}, "345": {"non-stress": 0.556, "stress": 0.459}, "346": {"non-stress": 0.558, "stress": 0.46}, "347": {"non-stress": 0.559, "stress": 0.462}, "348": {"non-stress": 0.56, "stress": 0.463}, "349": {"non-stress": 0.561, "stress": 0.464}, "350": {"non-stress": 0.562, "stress": 0.465}, "351": {"non-stress": 0.563, "stress": 0.466}, "352": {"non-stress": 0.563, "stress": 0.468}, "353": {"non-stress": 0.564, "stress": 0.468}, "354": {"non-stress": 0.565, "stress": 0.469}, "355": {"non-stress": 0.566, "stress": 0.47}, "356": {"non-stress": 0.567, "stress": 0.471}, "357": {"non-stress": 0.568, "stress": 0.472}, "358": {"non-stress": 0.569, "stress": 0.473}, "359": {"non-stress": 0.571, "stress": 0.474}, "360": {"non-stress": 0.572, "stress": 0.475}, "361": {"non-stress": 0.572, "stress": 0.476}, "362": {"non-stress": 0.573, "stress": 0.477}, "363": {"non-stress": 0.574, "stress": 0.478}, "364": {"non-stress": 0.575, "stress": 0.479}, "365": {"non-stress": 0.576, "stress": 0.48}, "366": {"non-stress": 0.578, "stress": 0.481}, "367": {"non-stress": 0.579, "stress": 0.482}, "368": {"non-stress": 0.58, "stress": 0.483}, "369": {"non-stress": 0.581, "stress": 0.485}, "370": {"non-stress": 0.582, "stress": 0.486}, "371": {"non-stress": 0.583, "stress": 0.487}, "372": {"non-stress": 0.584, "stress": 0.488}, "373": {"non-stress": 0.585, "stress": 0.489}, "374": {"non-stress": 0.586, "stress": 0.49}, "375": {"non-stress": 0.588, "stress": 0.491}, "376": {"non-stress": 0.588, "stress": 0.492}, "377": {"non-stress": 0.589, "stress": 0.493}, "378": {"non-stress": 0.59, "stress": 0.494}, "379": {"non-stress": 0.591, "stress": 0.495}, "380": {"non-stress": 0.592, "stress": 0.496}, "381": {"non-stress": 0.593, "stress": 0.497}, "382": {"non-stress": 0.594, "stress": 0.499}, "383": {"non-stress": 0.595, "stress": 0.499}, "384": {"non-stress": 0.595, "stress": 0.5}, "385": {"non-stress": 0.596, "stress": 0.501}, "386": {"non-stress": 0.597, "stress": 0.502}, "387": {"non-stress": 0.598, "stress": 0.503}, "388": {"non-stress": 0.599, "stress": 0.504}, "389": {"non-stress": 0.6, "stress": 0.505}, "390": {"non-stress": 0.601, "stress": 0.506}, "391": {"non-stress": 0.601, "stress": 0.507}, "392": {"non-stress": 0.602, "stress": 0.508}, "393": {"non-stress": 0.603, "stress": 0.509}, "394": {"non-stress": 0.605, "stress": 0.51}, "395": {"non-stress": 0.606, "stress": 0.511}, "396": {"non-stress": 0.607, "stress": 0.512}, "397": {"non-stress": 0.608, "stress": 0.512}, "398": {"non-stress": 0.609, "stress": 0.514}, "399": {"non-stress": 0.61, "stress": 0.515}, "400": {"non-stress": 0.611, "stress": 0.516}, "401": {"non-stress": 0.613, "stress": 0.517}, "402": {"non-stress": 0.614, "stress": 0.518}, "403": {"non-stress": 0.614, "stress": 0.519}, "404": {"non-stress": 0.615, "stress": 0.52}, "405": {"non-stress": 0.615, "stress": 0.521}, "406": {"non-stress": 0.616, "stress": 0.522}, "407": {"non-stress": 0.617, "stress": 0.523}, "408": {"non-stress": 0.618, "stress": 0.524}, "409": {"non-stress": 0.619, "stress": 0.525}, "410": {"non-stress": 0.62, "stress": 0.525}, "411": {"non-stress": 0.621, "stress": 0.526}, "412": {"non-stress": 0.623, "stress": 0.527}, "413": {"non-stress": 0.624, "stress": 0.528}, "414": {"non-stress": 0.625, "stress": 0.529}, "415": {"non-stress": 0.626, "stress": 0.53}, "416": {"non-stress": 0.626, "stress": 0.53}, "417": {"non-stress": 0.627, "stress": 0.531}, "418": {"non-stress": 0.628, "stress": 0.532}, "419": {"non-stress": 0.629, "stress": 0.533}, "420": {"non-stress": 0.63, "stress": 0.534}, "421": {"non-stress": 0.63, "stress": 0.535}, "422": {"non-stress": 0.631, "stress": 0.536}, "423": {"non-stress": 0.633, "stress": 0.537}, "424": {"non-stress": 0.634, "stress": 0.538}, "425": {"non-stress": 0.635, "stress": 0.539}, "426": {"non-stress": 0.636, "stress": 0.541}, "427": {"non-stress": 0.637, "stress": 0.541}, "428": {"non-stress": 0.638, "stress": 0.542}, "429": {"non-stress": 0.639, "stress": 0.544}, "430": {"non-stress": 0.64, "stress": 0.545}, "431": {"non-stress": 0.641, "stress": 0.546}, "432": {"non-stress": 0.642, "stress": 0.547}, "433": {"non-stress": 0.642, "stress": 0.548}, "434": {"non-stress": 0.643, "stress": 0.549}, "435": {"non-stress": 0.645, "stress": 0.549}, "436": {"non-stress": 0.645, "stress": 0.551}, "437": {"non-stress": 0.647, "stress": 0.552}, "438": {"non-stress": 0.647, "stress": 0.553}, "439": {"non-stress": 0.649, "stress": 0.554}, "440": {"non-stress": 0.649, "stress": 0.555}, "441": {"non-stress": 0.65, "stress": 0.555}, "442": {"non-stress": 0.651, "stress": 0.557}, "443": {"non-stress": 0.652, "stress": 0.557}, "444": {"non-stress": 0.653, "stress": 0.558}, "445": {"non-stress": 0.654, "stress": 0.56}, "446": {"non-stress": 0.655, "stress": 0.561}, "447": {"non-stress": 0.656, "stress": 0.562}, "448": {"non-stress": 0.657, "stress": 0.563}, "449": {"non-stress": 0.658, "stress": 0.563}, "450": {"non-stress": 0.658, "stress": 0.564}, "451": {"non-stress": 0.66, "stress": 0.565}, "452": {"non-stress": 0.661, "stress": 0.566}, "453": {"non-stress": 0.661, "stress": 0.567}, "454": {"non-stress": 0.662, "stress": 0.567}, "455": {"non-stress": 0.663, "stress": 0.568}, "456": {"non-stress": 0.664, "stress": 0.569}, "457": {"non-stress": 0.665, "stress": 0.57}, "458": {"non-stress": 0.666, "stress": 0.571}, "459": {"non-stress": 0.667, "stress": 0.572}, "460": {"non-stress": 0.668, "stress": 0.573}, "461": {"non-stress": 0.668, "stress": 0.574}, "462": {"non-stress": 0.669, "stress": 0.575}, "463": {"non-stress": 0.67, "stress": 0.576}, "464": {"non-stress": 0.671, "stress": 0.577}, "465": {"non-stress": 0.671, "stress": 0.578}, "466": {"non-stress": 0.672, "stress": 0.578}, "467": {"non-stress": 0.674, "stress": 0.579}, "468": {"non-stress": 0.675, "stress": 0.58}, "469": {"non-stress": 0.675, "stress": 0.581}, "470": {"non-stress": 0.676, "stress": 0.582}, "471": {"non-stress": 0.677, "stress": 0.582}, "472": {"non-stress": 0.678, "stress": 0.584}, "473": {"non-stress": 0.679, "stress": 0.585}, "474": {"non-stress": 0.68, "stress": 0.586}, "475": {"non-stress": 0.681, "stress": 0.587}, "476": {"non-stress": 0.682, "stress": 0.588}, "477": {"non-stress": 0.683, "stress": 0.589}, "478": {"non-stress": 0.684, "stress": 0.59}, "479": {"non-stress": 0.685, "stress": 0.591}, "480": {"non-stress": 0.686, "stress": 0.592}, "481": {"non-stress": 0.686, "stress": 0.593}, "482": {"non-stress": 0.687, "stress": 0.593}, "483": {"non-stress": 0.688, "stress": 0.594}, "484": {"non-stress": 0.688, "stress": 0.595}, "485": {"non-stress": 0.689, "stress": 0.597}, "486": {"non-stress": 0.69, "stress": 0.598}, "487": {"non-stress": 0.691, "stress": 0.599}, "488": {"non-stress": 0.692, "stress": 0.599}, "489": {"non-stress": 0.692, "stress": 0.6}, "490": {"non-stress": 0.694, "stress": 0.601}, "491": {"non-stress": 0.694, "stress": 0.602}, "492": {"non-stress": 0.695, "stress": 0.603}, "493": {"non-stress": 0.696, "stress": 0.604}, "494": {"non-stress": 0.697, "stress": 0.605}, "495": {"non-stress": 0.698, "stress": 0.606}, "496": {"non-stress": 0.699, "stress": 0.607}, "497": {"non-stress": 0.7, "stress": 0.608}, "498": {"non-stress": 0.701, "stress": 0.609}, "499": {"non-stress": 0.701, "stress": 0.609}, "500": {"non-stress": 0.702, "stress": 0.61}, "501": {"non-stress": 0.703, "stress": 0.611}, "502": {"non-stress": 0.704, "stress": 0.612}, "503": {"non-stress": 0.704, "stress": 0.613}, "504": {"non-stress": 0.705, "stress": 0.614}, "505": {"non-stress": 0.706, "stress": 0.615}, "506": {"non-stress": 0.707, "stress": 0.616}, "507": {"non-stress": 0.708, "stress": 0.616}, "508": {"non-stress": 0.709, "stress": 0.617}, "509": {"non-stress": 0.71, "stress": 0.619}, "510": {"non-stress": 0.71, "stress": 0.62}, "511": {"non-stress": 0.712, "stress": 0.62}, "512": {"non-stress": 0.712, "stress": 0.621}, "513": {"non-stress": 0.713, "stress": 0.622}, "514": {"non-stress": 0.714, "stress": 0.623}, "515": {"non-stress": 0.715, "stress": 0.624}, "516": {"non-stress": 0.715, "stress": 0.625}, "517": {"non-stress": 0.716, "stress": 0.626}, "518": {"non-stress": 0.717, "stress": 0.627}, "519": {"non-stress": 0.718, "stress": 0.628}, "520": {"non-stress": 0.719, "stress": 0.629}, "521": {"non-stress": 0.719, "stress": 0.63}, "522": {"non-stress": 0.72, "stress": 0.631}, "523": {"non-stress": 0.721, "stress": 0.632}, "524": {"non-stress": 0.722, "stress": 0.633}, "525": {"non-stress": 0.723, "stress": 0.634}, "526": {"non-stress": 0.723, "stress": 0.635}, "527": {"non-stress": 0.724, "stress": 0.636}, "528": {"non-stress": 0.725, "stress": 0.637}, "529": {"non-stress": 0.725, "stress": 0.638}, "530": {"non-stress": 0.726, "stress": 0.639}, "531": {"non-stress": 0.727, "stress": 0.64}, "532": {"non-stress": 0.728, "stress": 0.641}, "533": {"non-stress": 0.729, "stress": 0.643}, "534": {"non-stress": 0.729, "stress": 0.644}, "535": {"non-stress": 0.73, "stress": 0.645}, "536": {"non-stress": 0.731, "stress": 0.645}, "537": {"non-stress": 0.731, "stress": 0.646}, "538": {"non-stress": 0.732, "stress": 0.647}, "539": {"non-stress": 0.733, "stress": 0.647}, "540": {"non-stress": 0.734, "stress": 0.648}, "541": {"non-stress": 0.734, "stress": 0.649}, "542": {"non-stress": 0.735, "stress": 0.651}, "543": {"non-stress": 0.736, "stress": 0.652}, "544": {"non-stress": 0.736, "stress": 0.652}, "545": {"non-stress": 0.737, "stress": 0.653}, "546": {"non-stress": 0.738, "stress": 0.654}, "547": {"non-stress": 0.739, "stress": 0.655}, "548": {"non-stress": 0.74, "stress": 0.656}, "549": {"non-stress": 0.741, "stress": 0.657}, "550": {"non-stress": 0.742, "stress": 0.658}, "551": {"non-stress": 0.742, "stress": 0.659}, "552": {"non-stress": 0.743, "stress": 0.66}, "553": {"non-stress": 0.743, "stress": 0.66}, "554": {"non-stress": 0.744, "stress": 0.661}, "555": {"non-stress": 0.745, "stress": 0.662}, "556": {"non-stress": 0.746, "stress": 0.662}, "557": {"non-stress": 0.747, "stress": 0.663}, "558": {"non-stress": 0.747, "stress": 0.664}, "559": {"non-stress": 0.748, "stress": 0.664}, "560": {"non-stress": 0.749, "stress": 0.665}, "561": {"non-stress": 0.749, "stress": 0.666}, "562": {"non-stress": 0.75, "stress": 0.667}, "563": {"non-stress": 0.751, "stress": 0.668}, "564": {"non-stress": 0.751, "stress": 0.669}, "565": {"non-stress": 0.752, "stress": 0.67}, "566": {"non-stress": 0.752, "stress": 0.671}, "567": {"non-stress": 0.753, "stress": 0.672}, "568": {"non-stress": 0.754, "stress": 0.672}, "569": {"non-stress": 0.755, "stress": 0.673}, "570": {"non-stress": 0.755, "stress": 0.674}, "571": {"non-stress": 0.756, "stress": 0.675}, "572": {"non-stress": 0.756, "stress": 0.676}, "573": {"non-stress": 0.757, "stress": 0.677}, "574": {"non-stress": 0.757, "stress": 0.678}, "575": {"non-stress": 0.758, "stress": 0.679}, "576": {"non-stress": 0.759, "stress": 0.68}, "577": {"non-stress": 0.76, "stress": 0.681}, "578": {"non-stress": 0.761, "stress": 0.682}, "579": {"non-stress": 0.762, "stress": 0.682}, "580": {"non-stress": 0.763, "stress": 0.683}, "581": {"non-stress": 0.763, "stress": 0.684}, "582": {"non-stress": 0.765, "stress": 0.685}, "583": {"non-stress": 0.766, "stress": 0.686}, "584": {"non-stress": 0.767, "stress": 0.686}, "585": {"non-stress": 0.767, "stress": 0.686}, "586": {"non-stress": 0.768, "stress": 0.688}, "587": {"non-stress": 0.769, "stress": 0.689}, "588": {"non-stress": 0.769, "stress": 0.69}, "589": {"non-stress": 0.77, "stress": 0.691}, "590": {"non-stress": 0.771, "stress": 0.692}, "591": {"non-stress": 0.771, "stress": 0.693}, "592": {"non-stress": 0.772, "stress": 0.694}, "593": {"non-stress": 0.772, "stress": 0.695}, "594": {"non-stress": 0.773, "stress": 0.695}, "595": {"non-stress": 0.774, "stress": 0.697}, "596": {"non-stress": 0.775, "stress": 0.698}, "597": {"non-stress": 0.775, "stress": 0.699}, "598": {"non-stress": 0.775, "stress": 0.7}, "599": {"non-stress": 0.776, "stress": 0.701}, "600": {"non-stress": 0.777, "stress": 0.702}, "601": {"non-stress": 0.778, "stress": 0.703}, "602": {"non-stress": 0.778, "stress": 0.704}, "603": {"non-stress": 0.779, "stress": 0.705}, "604": {"non-stress": 0.779, "stress": 0.706}, "605": {"non-stress": 0.78, "stress": 0.707}, "606": {"non-stress": 0.781, "stress": 0.708}, "607": {"non-stress": 0.781, "stress": 0.709}, "608": {"non-stress": 0.782, "stress": 0.71}, "609": {"non-stress": 0.783, "stress": 0.71}, "610": {"non-stress": 0.784, "stress": 0.711}, "611": {"non-stress": 0.785, "stress": 0.712}, "612": {"non-stress": 0.785, "stress": 0.713}, "613": {"non-stress": 0.786, "stress": 0.713}, "614": {"non-stress": 0.787, "stress": 0.714}, "615": {"non-stress": 0.788, "stress": 0.715}, "616": {"non-stress": 0.788, "stress": 0.717}, "617": {"non-stress": 0.789, "stress": 0.717}, "618": {"non-stress": 0.79, "stress": 0.718}, "619": {"non-stress": 0.791, "stress": 0.719}, "620": {"non-stress": 0.791, "stress": 0.72}, "621": {"non-stress": 0.792, "stress": 0.721}, "622": {"non-stress": 0.793, "stress": 0.721}, "623": {"non-stress": 0.793, "stress": 0.723}, "624": {"non-stress": 0.794, "stress": 0.723}, "625": {"non-stress": 0.795, "stress": 0.724}, "626": {"non-stress": 0.796, "stress": 0.725}, "627": {"non-stress": 0.796, "stress": 0.726}, "628": {"non-stress": 0.797, "stress": 0.727}, "629": {"non-stress": 0.798, "stress": 0.728}, "630": {"non-stress": 0.799, "stress": 0.729}, "631": {"non-stress": 0.8, "stress": 0.73}, "632": {"non-stress": 0.8, "stress": 0.731}, "633": {"non-stress": 0.801, "stress": 0.732}, "634": {"non-stress": 0.802, "stress": 0.733}, "635": {"non-stress": 0.802, "stress": 0.734}, "636": {"non-stress": 0.803, "stress": 0.735}, "637": {"non-stress": 0.803, "stress": 0.736}, "638": {"non-stress": 0.804, "stress": 0.737}, "639": {"non-stress": 0.806, "stress": 0.738}, "640": {"non-stress": 0.806, "stress": 0.738}, "641": {"non-stress": 0.806, "stress": 0.739}, "642": {"non-stress": 0.807, "stress": 0.74}, "643": {"non-stress": 0.808, "stress": 0.741}, "644": {"non-stress": 0.808, "stress": 0.742}, "645": {"non-stress": 0.808, "stress": 0.743}, "646": {"non-stress": 0.809, "stress": 0.744}, "647": {"non-stress": 0.809, "stress": 0.744}, "648": {"non-stress": 0.81, "stress": 0.745}, "649": {"non-stress": 0.811, "stress": 0.746}, "650": {"non-stress": 0.811, "stress": 0.747}, "651": {"non-stress": 0.812, "stress": 0.748}, "652": {"non-stress": 0.813, "stress": 0.749}, "653": {"non-stress": 0.813, "stress": 0.749}, "654": {"non-stress": 0.814, "stress": 0.751}, "655": {"non-stress": 0.815, "stress": 0.752}, "656": {"non-stress": 0.815, "stress": 0.752}, "657": {"non-stress": 0.815, "stress": 0.753}, "658": {"non-stress": 0.816, "stress": 0.754}, "659": {"non-stress": 0.817, "stress": 0.755}, "660": {"non-stress": 0.818, "stress": 0.756}, "661": {"non-stress": 0.819, "stress": 0.757}, "662": {"non-stress": 0.819, "stress": 0.758}, "663": {"non-stress": 0.82, "stress": 0.759}, "664": {"non-stress": 0.82, "stress": 0.76}, "665": {"non-stress": 0.821, "stress": 0.762}, "666": {"non-stress": 0.822, "stress": 0.762}, "667": {"non-stress": 0.822, "stress": 0.763}, "668": {"non-stress": 0.823, "stress": 0.764}, "669": {"non-stress": 0.824, "stress": 0.765}, "670": {"non-stress": 0.825, "stress": 0.767}, "671": {"non-stress": 0.825, "stress": 0.768}, "672": {"non-stress": 0.826, "stress": 0.769}, "673": {"non-stress": 0.827, "stress": 0.77}, "674": {"non-stress": 0.828, "stress": 0.77}, "675": {"non-stress": 0.829, "stress": 0.77}, "676": {"non-stress": 0.829, "stress": 0.771}, "677": {"non-stress": 0.83, "stress": 0.772}, "678": {"non-stress": 0.83, "stress": 0.773}, "679": {"non-stress": 0.831, "stress": 0.773}, "680": {"non-stress": 0.831, "stress": 0.774}, "681": {"non-stress": 0.832, "stress": 0.775}, "682": {"non-stress": 0.833, "stress": 0.776}, "683": {"non-stress": 0.834, "stress": 0.777}, "684": {"non-stress": 0.834, "stress": 0.777}, "685": {"non-stress": 0.835, "stress": 0.778}, "686": {"non-stress": 0.836, "stress": 0.779}, "687": {"non-stress": 0.837, "stress": 0.779}, "688": {"non-stress": 0.837, "stress": 0.78}, "689": {"non-stress": 0.838, "stress": 0.781}, "690": {"non-stress": 0.839, "stress": 0.782}, "691": {"non-stress": 0.84, "stress": 0.782}, "692": {"non-stress": 0.84, "stress": 0.783}, "693": {"non-stress": 0.84, "stress": 0.784}, "694": {"non-stress": 0.841, "stress": 0.784}, "695": {"non-stress": 0.842, "stress": 0.785}, "696": {"non-stress": 0.843, "stress": 0.786}, "697": {"non-stress": 0.843, "stress": 0.786}, "698": {"non-stress": 0.844, "stress": 0.787}, "699": {"non-stress": 0.844, "stress": 0.788}, "700": {"non-stress": 0.845, "stress": 0.788}, "701": {"non-stress": 0.846, "stress": 0.789}, "702": {"non-stress": 0.846, "stress": 0.79}, "703": {"non-stress": 0.847, "stress": 0.791}, "704": {"non-stress": 0.848, "stress": 0.792}, "705": {"non-stress": 0.848, "stress": 0.793}, "706": {"non-stress": 0.849, "stress": 0.794}, "707": {"non-stress": 0.849, "stress": 0.795}, "708": {"non-stress": 0.85, "stress": 0.795}, "709": {"non-stress": 0.85, "stress": 0.796}, "710": {"non-stress": 0.851, "stress": 0.797}, "711": {"non-stress": 0.851, "stress": 0.798}, "712": {"non-stress": 0.852, "stress": 0.798}, "713": {"non-stress": 0.852, "stress": 0.799}, "714": {"non-stress": 0.853, "stress": 0.799}, "715": {"non-stress": 0.854, "stress": 0.8}, "716": {"non-stress": 0.855, "stress": 0.801}, "717": {"non-stress": 0.855, "stress": 0.802}, "718": {"non-stress": 0.856, "stress": 0.803}, "719": {"non-stress": 0.857, "stress": 0.804}, "720": {"non-stress": 0.857, "stress": 0.805}, "721": {"non-stress": 0.858, "stress": 0.806}, "722": {"non-stress": 0.858, "stress": 0.807}, "723": {"non-stress": 0.859, "stress": 0.808}, "724": {"non-stress": 0.859, "stress": 0.809}, "725": {"non-stress": 0.86, "stress": 0.81}, "726": {"non-stress": 0.861, "stress": 0.81}, "727": {"non-stress": 0.861, "stress": 0.811}, "728": {"non-stress": 0.862, "stress": 0.811}, "729": {"non-stress": 0.862, "stress": 0.812}, "730": {"non-stress": 0.863, "stress": 0.813}, "731": {"non-stress": 0.864, "stress": 0.814}, "732": {"non-stress": 0.864, "stress": 0.815}, "733": {"non-stress": 0.865, "stress": 0.816}, "734": {"non-stress": 0.866, "stress": 0.817}, "735": {"non-stress": 0.866, "stress": 0.818}, "736": {"non-stress": 0.866, "stress": 0.818}, "737": {"non-stress": 0.867, "stress": 0.819}, "738": {"non-stress": 0.868, "stress": 0.819}, "739": {"non-stress": 0.868, "stress": 0.821}, "740": {"non-stress": 0.869, "stress": 0.822}, "741": {"non-stress": 0.87, "stress": 0.822}, "742": {"non-stress": 0.871, "stress": 0.823}, "743": {"non-stress": 0.871, "stress": 0.824}, "744": {"non-stress": 0.872, "stress": 0.825}, "745": {"non-stress": 0.872, "stress": 0.825}, "746": {"non-stress": 0.872, "stress": 0.826}, "747": {"non-stress": 0.873, "stress": 0.827}, "748": {"non-stress": 0.874, "stress": 0.828}, "749": {"non-stress": 0.875, "stress": 0.828}, "750": {"non-stress": 0.875, "stress": 0.829}, "751": {"non-stress": 0.876, "stress": 0.83}, "752": {"non-stress": 0.876, "stress": 0.831}, "753": {"non-stress": 0.877, "stress": 0.832}, "754": {"non-stress": 0.877, "stress": 0.832}, "755": {"non-stress": 0.878, "stress": 0.833}, "756": {"non-stress": 0.879, "stress": 0.834}, "757": {"non-stress": 0.88, "stress": 0.834}, "758": {"non-stress": 0.88, "stress": 0.835}, "759": {"non-stress": 0.881, "stress": 0.836}, "760": {"non-stress": 0.882, "stress": 0.837}, "761": {"non-stress": 0.882, "stress": 0.837}, "762": {"non-stress": 0.883, "stress": 0.839}, "763": {"non-stress": 0.884, "stress": 0.839}, "764": {"non-stress": 0.885, "stress": 0.84}, "765": {"non-stress": 0.885, "stress": 0.841}, "766": {"non-stress": 0.886, "stress": 0.841}, "767": {"non-stress": 0.886, "stress": 0.842}, "768": {"non-stress": 0.887, "stress": 0.843}, "769": {"non-stress": 0.887, "stress": 0.844}, "770": {"non-stress": 0.888, "stress": 0.844}, "771": {"non-stress": 0.888, "stress": 0.845}, "772": {"non-stress": 0.889, "stress": 0.845}, "773": {"non-stress": 0.889, "stress": 0.846}, "774": {"non-stress": 0.89, "stress": 0.847}, "775": {"non-stress": 0.89, "stress": 0.847}, "776": {"non-stress": 0.891, "stress": 0.848}, "777": {"non-stress": 0.891, "stress": 0.849}, "778": {"non-stress": 0.892, "stress": 0.85}, "779": {"non-stress": 0.893, "stress": 0.85}, "780": {"non-stress": 0.894, "stress": 0.851}, "781": {"non-stress": 0.894, "stress": 0.851}, "782": {"non-stress": 0.895, "stress": 0.852}, "783": {"non-stress": 0.895, "stress": 0.854}, "784": {"non-stress": 0.896, "stress": 0.855}, "785": {"non-stress": 0.897, "stress": 0.856}, "786": {"non-stress": 0.897, "stress": 0.856}, "787": {"non-stress": 0.898, "stress": 0.857}, "788": {"non-stress": 0.898, "stress": 0.857}, "789": {"non-stress": 0.899, "stress": 0.859}, "790": {"non-stress": 0.9, "stress": 0.859}, "791": {"non-stress": 0.9, "stress": 0.86}, "792": {"non-stress": 0.901, "stress": 0.861}, "793": {"non-stress": 0.902, "stress": 0.861}, "794": {"non-stress": 0.902, "stress": 0.862}, "795": {"non-stress": 0.903, "stress": 0.863}, "796": {"non-stress": 0.903, "stress": 0.863}, "797": {"non-stress": 0.904, "stress": 0.864}, "798": {"non-stress": 0.904, "stress": 0.865}, "799": {"non-stress": 0.905, "stress": 0.866}, "800": {"non-stress": 0.905, "stress": 0.866}, "801": {"non-stress": 0.906, "stress": 0.867}, "802": {"non-stress": 0.907, "stress": 0.868}, "803": {"non-stress": 0.907, "stress": 0.869}, "804": {"non-stress": 0.908, "stress": 0.87}, "805": {"non-stress": 0.909, "stress": 0.871}, "806": {"non-stress": 0.909, "stress": 0.871}, "807": {"non-stress": 0.91, "stress": 0.872}, "808": {"non-stress": 0.911, "stress": 0.873}, "809": {"non-stress": 0.912, "stress": 0.874}, "810": {"non-stress": 0.912, "stress": 0.874}, "811": {"non-stress": 0.913, "stress": 0.875}, "812": {"non-stress": 0.913, "stress": 0.876}, "813": {"non-stress": 0.914, "stress": 0.877}, "814": {"non-stress": 0.914, "stress": 0.878}, "815": {"non-stress": 0.915, "stress": 0.878}, "816": {"non-stress": 0.915, "stress": 0.879}, "817": {"non-stress": 0.916, "stress": 0.88}, "818": {"non-stress": 0.916, "stress": 0.88}, "819": {"non-stress": 0.917, "stress": 0.881}, "820": {"non-stress": 0.918, "stress": 0.882}, "821": {"non-stress": 0.918, "stress": 0.883}, "822": {"non-stress": 0.919, "stress": 0.884}, "823": {"non-stress": 0.919, "stress": 0.885}, "824": {"non-stress": 0.92, "stress": 0.886}, "825": {"non-stress": 0.92, "stress": 0.886}, "826": {"non-stress": 0.921, "stress": 0.887}, "827": {"non-stress": 0.922, "stress": 0.888}, "828": {"non-stress": 0.922, "stress": 0.889}, "829": {"non-stress": 0.923, "stress": 0.89}, "830": {"non-stress": 0.924, "stress": 0.89}, "831": {"non-stress": 0.925, "stress": 0.891}, "832": {"non-stress": 0.925, "stress": 0.892}, "833": {"non-stress": 0.925, "stress": 0.893}, "834": {"non-stress": 0.926, "stress": 0.894}, "835": {"non-stress": 0.926, "stress": 0.894}, "836": {"non-stress": 0.927, "stress": 0.895}, "837": {"non-stress": 0.928, "stress": 0.895}, "838": {"non-stress": 0.928, "stress": 0.896}, "839": {"non-stress": 0.929, "stress": 0.897}, "840": {"non-stress": 0.929, "stress": 0.897}, "841": {"non-stress": 0.93, "stress": 0.897}, "842": {"non-stress": 0.93, "stress": 0.898}, "843": {"non-stress": 0.93, "stress": 0.899}, "844": {"non-stress": 0.93, "stress": 0.9}, "845": {"non-stress": 0.931, "stress": 0.901}, "846": {"non-stress": 0.932, "stress": 0.901}, "847": {"non-stress": 0.932, "stress": 0.902}, "848": {"non-stress": 0.933, "stress": 0.903}, "849": {"non-stress": 0.934, "stress": 0.904}, "850": {"non-stress": 0.934, "stress": 0.904}, "851": {"non-stress": 0.935, "stress": 0.905}, "852": {"non-stress": 0.935, "stress": 0.905}, "853": {"non-stress": 0.936, "stress": 0.906}, "854": {"non-stress": 0.936, "stress": 0.906}, "855": {"non-stress": 0.937, "stress": 0.907}, "856": {"non-stress": 0.938, "stress": 0.908}, "857": {"non-stress": 0.938, "stress": 0.908}, "858": {"non-stress": 0.938, "stress": 0.909}, "859": {"non-stress": 0.939, "stress": 0.909}, "860": {"non-stress": 0.939, "stress": 0.91}, "861": {"non-stress": 0.94, "stress": 0.911}, "862": {"non-stress": 0.941, "stress": 0.911}, "863": {"non-stress": 0.942, "stress": 0.912}, "864": {"non-stress": 0.942, "stress": 0.913}, "865": {"non-stress": 0.943, "stress": 0.913}, "866": {"non-stress": 0.943, "stress": 0.914}, "867": {"non-stress": 0.944, "stress": 0.915}, "868": {"non-stress": 0.944, "stress": 0.916}, "869": {"non-stress": 0.945, "stress": 0.917}, "870": {"non-stress": 0.945, "stress": 0.918}, "871": {"non-stress": 0.945, "stress": 0.918}, "872": {"non-stress": 0.945, "stress": 0.919}, "873": {"non-stress": 0.946, "stress": 0.92}, "874": {"non-stress": 0.946, "stress": 0.921}, "875": {"non-stress": 0.947, "stress": 0.922}, "876": {"non-stress": 0.947, "stress": 0.922}, "877": {"non-stress": 0.947, "stress": 0.923}, "878": {"non-stress": 0.948, "stress": 0.923}, "879": {"non-stress": 0.948, "stress": 0.924}, "880": {"non-stress": 0.948, "stress": 0.925}, "881": {"non-stress": 0.949, "stress": 0.926}, "882": {"non-stress": 0.95, "stress": 0.927}, "883": {"non-stress": 0.95, "stress": 0.927}, "884": {"non-stress": 0.95, "stress": 0.929}, "885": {"non-stress": 0.951, "stress": 0.929}, "886": {"non-stress": 0.951, "stress": 0.93}, "887": {"non-stress": 0.951, "stress": 0.931}, "888": {"non-stress": 0.952, "stress": 0.931}, "889": {"non-stress": 0.952, "stress": 0.932}, "890": {"non-stress": 0.953, "stress": 0.932}, "891": {"non-stress": 0.953, "stress": 0.933}, "892": {"non-stress": 0.954, "stress": 0.934}, "893": {"non-stress": 0.955, "stress": 0.934}, "894": {"non-stress": 0.955, "stress": 0.934}, "895": {"non-stress": 0.955, "stress": 0.935}, "896": {"non-stress": 0.956, "stress": 0.936}, "897": {"non-stress": 0.957, "stress": 0.937}, "898": {"non-stress": 0.957, "stress": 0.937}, "899": {"non-stress": 0.957, "stress": 0.937}, "900": {"non-stress": 0.958, "stress": 0.938}, "901": {"non-stress": 0.958, "stress": 0.939}, "902": {"non-stress": 0.959, "stress": 0.94}, "903": {"non-stress": 0.959, "stress": 0.94}, "904": {"non-stress": 0.959, "stress": 0.941}, "905": {"non-stress": 0.96, "stress": 0.942}, "906": {"non-stress": 0.961, "stress": 0.942}, "907": {"non-stress": 0.961, "stress": 0.943}, "908": {"non-stress": 0.962, "stress": 0.943}, "909": {"non-stress": 0.962, "stress": 0.944}, "910": {"non-stress": 0.962, "stress": 0.945}, "911": {"non-stress": 0.963, "stress": 0.945}, "912": {"non-stress": 0.963, "stress": 0.946}, "913": {"non-stress": 0.964, "stress": 0.946}, "914": {"non-stress": 0.964, "stress": 0.947}, "915": {"non-stress": 0.964, "stress": 0.948}, "916": {"non-stress": 0.965, "stress": 0.949}, "917": {"non-stress": 0.966, "stress": 0.949}, "918": {"non-stress": 0.966, "stress": 0.95}, "919": {"non-stress": 0.967, "stress": 0.95}, "920": {"non-stress": 0.967, "stress": 0.951}, "921": {"non-stress": 0.968, "stress": 0.951}, "922": {"non-stress": 0.968, "stress": 0.952}, "923": {"non-stress": 0.969, "stress": 0.953}, "924": {"non-stress": 0.969, "stress": 0.954}, "925": {"non-stress": 0.969, "stress": 0.955}, "926": {"non-stress": 0.97, "stress": 0.956}, "927": {"non-stress": 0.971, "stress": 0.956}, "928": {"non-stress": 0.971, "stress": 0.957}, "929": {"non-stress": 0.972, "stress": 0.957}, "930": {"non-stress": 0.972, "stress": 0.958}, "931": {"non-stress": 0.973, "stress": 0.959}, "932": {"non-stress": 0.973, "stress": 0.959}, "933": {"non-stress": 0.974, "stress": 0.96}, "934": {"non-stress": 0.974, "stress": 0.961}, "935": {"non-stress": 0.975, "stress": 0.961}, "936": {"non-stress": 0.975, "stress": 0.962}, "937": {"non-stress": 0.975, "stress": 0.963}, "938": {"non-stress": 0.976, "stress": 0.963}, "939": {"non-stress": 0.976, "stress": 0.964}, "940": {"non-stress": 0.977, "stress": 0.965}, "941": {"non-stress": 0.977, "stress": 0.965}, "942": {"non-stress": 0.978, "stress": 0.966}, "943": {"non-stress": 0.978, "stress": 0.967}, "944": {"non-stress": 0.979, "stress": 0.967}, "945": {"non-stress": 0.979, "stress": 0.968}, "946": {"non-stress": 0.98, "stress": 0.969}, "947": {"non-stress": 0.98, "stress": 0.969}, "948": {"non-stress": 0.981, "stress": 0.97}, "949": {"non-stress": 0.981, "stress": 0.971}, "950": {"non-stress": 0.981, "stress": 0.971}, "951": {"non-stress": 0.981, "stress": 0.972}, "952": {"non-stress": 0.982, "stress": 0.972}, "953": {"non-stress": 0.982, "stress": 0.973}, "954": {"non-stress": 0.982, "stress": 0.974}, "955": {"non-stress": 0.983, "stress": 0.974}, "956": {"non-stress": 0.983, "stress": 0.975}, "957": {"non-stress": 0.984, "stress": 0.976}, "958": {"non-stress": 0.984, "stress": 0.977}, "959": {"non-stress": 0.985, "stress": 0.977}, "960": {"non-stress": 0.985, "stress": 0.978}, "961": {"non-stress": 0.985, "stress": 0.978}, "962": {"non-stress": 0.985, "stress": 0.979}, "963": {"non-stress": 0.986, "stress": 0.98}, "964": {"non-stress": 0.986, "stress": 0.98}, "965": {"non-stress": 0.987, "stress": 0.981}, "966": {"non-stress": 0.987, "stress": 0.981}, "967": {"non-stress": 0.987, "stress": 0.982}, "968": {"non-stress": 0.988, "stress": 0.983}, "969": {"non-stress": 0.988, "stress": 0.984}, "970": {"non-stress": 0.988, "stress": 0.984}, "971": {"non-stress": 0.989, "stress": 0.985}, "972": {"non-stress": 0.989, "stress": 0.986}, "973": {"non-stress": 0.989, "stress": 0.986}, "974": {"non-stress": 0.99, "stress": 0.987}, "975": {"non-stress": 0.99, "stress": 0.987}, "976": {"non-stress": 0.991, "stress": 0.988}, "977": {"non-stress": 0.991, "stress": 0.988}, "978": {"non-stress": 0.991, "stress": 0.989}, "979": {"non-stress": 0.992, "stress": 0.99}, "980": {"non-stress": 0.993, "stress": 0.99}, "981": {"non-stress": 0.993, "stress": 0.991}, "982": {"non-stress": 0.994, "stress": 0.991}, "983": {"non-stress": 0.994, "stress": 0.992}, "984": {"non-stress": 0.995, "stress": 0.992}, "985": {"non-stress": 0.995, "stress": 0.993}, "986": {"non-stress": 0.995, "stress": 0.993}, "987": {"non-stress": 0.996, "stress": 0.994}, "988": {"non-stress": 0.996, "stress": 0.994}, "989": {"non-stress": 0.996, "stress": 0.995}, "990": {"non-stress": 0.997, "stress": 0.996}, "991": {"non-stress": 0.997, "stress": 0.996}, "992": {"non-stress": 0.997, "stress": 0.996}, "993": {"non-stress": 0.998, "stress": 0.997}, "994": {"non-stress": 0.998, "stress": 0.997}, "995": {"non-stress": 0.998, "stress": 0.998}, "996": {"non-stress": 0.999, "stress": 0.998}, "997": {"non-stress": 0.999, "stress": 0.999}, "998": {"non-stress": 0.999, "stress": 0.999}, "999": {"non-stress": 1.0, "stress": 1.0}, "1000": {"non-stress": 1.0, "stress": 1.0}}