{"rank": {"bvp": [1, 13, 11, 7, 7, 7, 2, 7, 1, 5, 10, 5, 1, 1, 2], "eda": [12, 6, 9, 9, 12, 0, 11, 8, 8, 13, 6, 2, 4, 4, 4], "temp": [7, 7, 2, 13, 4, 11, 4, 8, 10, 13, 14, 0, 10, 7, 11], "acc": [13, 2, 11, 8, 3, 12, 7, 4, 6, 10, 9, 13, 10, 0, 1], "bvp+eda": [6, 12, 11, 8, 13, 2, 6, 9, 2, 11, 11, 3, 1, 1, 2], "bvp+temp": [3, 12, 6, 12, 6, 10, 0, 8, 4, 11, 14, 0, 6, 4, 5], "bvp+acc": [6, 9, 14, 9, 4, 11, 2, 5, 2, 8, 11, 9, 6, 1, 1], "eda+temp": [12, 4, 5, 13, 9, 7, 8, 9, 10, 14, 13, 0, 8, 5, 10], "eda+acc": [14, 2, 13, 9, 9, 6, 11, 4, 5, 14, 9, 8, 7, 1, 1], "temp+acc": [12, 2, 8, 12, 3, 14, 6, 7, 8, 13, 14, 6, 11, 3, 7], "bvp+eda+temp": [7, 10, 9, 12, 11, 6, 5, 10, 6, 12, 13, 1, 3, 3, 5], "bvp+eda+acc": [11, 8, 13, 9, 6, 5, 7, 5, 3, 12, 9, 4, 3, 1, 1], "bvp+temp+acc": [8, 8, 9, 12, 3, 14, 0, 6, 5, 12, 14, 4, 7, 2, 3], "eda+temp+acc": [14, 3, 8, 13, 6, 9, 8, 9, 9, 14, 13, 3, 10, 2, 5], "bvp+eda+temp+acc": [9, 8, 10, 12, 4, 9, 4, 7, 5, 14, 14, 3, 5, 1, 1]}, "score": {"bvp": [1, 13, 11, 7, 7, 7, 2, 7, 1, 5, 10, 5, 1, 1, 2], "eda": [12, 6, 9, 9, 12, 0, 11, 8, 8, 13, 6, 2, 4, 4, 4], "temp": [7, 7, 2, 13, 4, 11, 4, 8, 10, 13, 14, 0, 10, 7, 11], "acc": [13, 2, 11, 8, 3, 12, 7, 4, 6, 10, 9, 13, 10, 0, 1], "bvp+eda": [10, 10, 10, 5, 9, 0, 6, 9, 1, 12, 11, 3, 1, 1, 1], "bvp+temp": [2, 10, 8, 11, 6, 10, 1, 8, 5, 10, 14, 0, 6, 3, 4], "bvp+acc": [4, 9, 13, 8, 8, 10, 1, 5, 0, 6, 10, 8, 5, 0, 0], "eda+temp": [12, 6, 3, 13, 6, 5, 5, 9, 9, 14, 14, 0, 6, 4, 5], "eda+acc": [13, 4, 12, 10, 10, 2, 11, 7, 8, 13, 9, 5, 4, 1, 1], "temp+acc": [10, 5, 5, 13, 4, 11, 4, 8, 9, 13, 14, 1, 10, 1, 8], "bvp+eda+temp": [9, 10, 10, 10, 7, 4, 3, 10, 6, 13, 14, 0, 3, 2, 4], "bvp+eda+acc": [10, 9, 13, 7, 8, 2, 6, 7, 2, 12, 10, 4, 2, 1, 1], "bvp+temp+acc": [5, 9, 8, 12, 5, 10, 0, 7, 5, 10, 14, 0, 8, 1, 2], "eda+temp+acc": [13, 5, 8, 13, 6, 6, 4, 7, 9, 14, 14, 0, 7, 1, 4], "bvp+eda+temp+acc": [9, 8, 9, 11, 6, 6, 3, 8, 5, 13, 14, 0, 5, 1, 2]}}