{"1001": {"1001": {"mean": {"dba": 0.8572}, "min": {"dba": 0.8061}}, "1002": {"mean": {"dba": 0.9876}, "min": {"dba": 0.9746}}, "1003": {"mean": {"dba": 0.9852}, "min": {"dba": 0.8584}}, "1004": {"mean": {"dba": 0.9916}, "min": {"dba": 0.9365}}, "1005": {"mean": {"dba": 1.3495}, "min": {"dba": 1.0358}}, "1006": {"mean": {"dba": 1.0091}, "min": {"dba": 0.9513}}, "1007": {"mean": {"dba": 0.9499}, "min": {"dba": 0.8332}}, "1008": {"mean": {"dba": 1.0299}, "min": {"dba": 0.9842}}, "1009": {"mean": {"dba": 0.9415}, "min": {"dba": 0.7512}}, "1010": {"mean": {"dba": 0.847}, "min": {"dba": 0.8341}}, "1011": {"mean": {"dba": 1.0532}, "min": {"dba": 0.9188}}, "1012": {"mean": {"dba": 0.9456}, "min": {"dba": 0.9128}}, "1013": {"mean": {"dba": 0.9507}, "min": {"dba": 0.9007}}, "1014": {"mean": {"dba": 0.986}, "min": {"dba": 0.9356}}, "1015": {"mean": {"dba": 0.8225}, "min": {"dba": 0.8007}}}, "1002": {"1001": {"mean": {"dba": 0.8238}, "min": {"dba": 0.8071}}, "1002": {"mean": {"dba": 0.9502}, "min": {"dba": 0.9428}}, "1003": {"mean": {"dba": 0.9776}, "min": {"dba": 0.9532}}, "1004": {"mean": {"dba": 0.9331}, "min": {"dba": 0.9297}}, "1005": {"mean": {"dba": 1.595}, "min": {"dba": 1.4584}}, "1006": {"mean": {"dba": 0.9275}, "min": {"dba": 0.9102}}, "1007": {"mean": {"dba": 0.937}, "min": {"dba": 0.9224}}, "1008": {"mean": {"dba": 0.9893}, "min": {"dba": 0.971}}, "1009": {"mean": {"dba": 0.964}, "min": {"dba": 0.9385}}, "1010": {"mean": {"dba": 0.7925}, "min": {"dba": 0.7759}}, "1011": {"mean": {"dba": 1.0417}, "min": {"dba": 1.0333}}, "1012": {"mean": {"dba": 0.8846}, "min": {"dba": 0.8682}}, "1013": {"mean": {"dba": 0.9282}, "min": {"dba": 0.9121}}, "1014": {"mean": {"dba": 0.8567}, "min": {"dba": 0.7862}}, "1015": {"mean": {"dba": 0.765}, "min": {"dba": 0.7427}}}, "1003": {"1001": {"mean": {"dba": 0.8352}, "min": {"dba": 0.7852}}, "1002": {"mean": {"dba": 0.9455}, "min": {"dba": 0.9}}, "1003": {"mean": {"dba": 0.8649}, "min": {"dba": 0.8364}}, "1004": {"mean": {"dba": 0.9635}, "min": {"dba": 0.9142}}, "1005": {"mean": {"dba": 1.1665}, "min": {"dba": 1.039}}, "1006": {"mean": {"dba": 0.9472}, "min": {"dba": 0.8798}}, "1007": {"mean": {"dba": 0.8897}, "min": {"dba": 0.8653}}, "1008": {"mean": {"dba": 0.9682}, "min": {"dba": 0.9061}}, "1009": {"mean": {"dba": 0.8261}, "min": {"dba": 0.8106}}, "1010": {"mean": {"dba": 0.823}, "min": {"dba": 0.7797}}, "1011": {"mean": {"dba": 0.943}, "min": {"dba": 0.9346}}, "1012": {"mean": {"dba": 0.9323}, "min": {"dba": 0.9032}}, "1013": {"mean": {"dba": 0.9249}, "min": {"dba": 0.88}}, "1014": {"mean": {"dba": 0.9562}, "min": {"dba": 0.8493}}, "1015": {"mean": {"dba": 0.812}, "min": {"dba": 0.752}}}, "1004": {"1001": {"mean": {"dba": 1.0065}, "min": {"dba": 0.8556}}, "1002": {"mean": {"dba": 0.9847}, "min": {"dba": 0.9111}}, "1003": {"mean": {"dba": 1.2337}, "min": {"dba": 1.0595}}, "1004": {"mean": {"dba": 0.9768}, "min": {"dba": 0.9423}}, "1005": {"mean": {"dba": 1.474}, "min": {"dba": 1.0044}}, "1006": {"mean": {"dba": 0.9565}, "min": {"dba": 0.9319}}, "1007": {"mean": {"dba": 1.1841}, "min": {"dba": 1.0329}}, "1008": {"mean": {"dba": 1.1555}, "min": {"dba": 1.0335}}, "1009": {"mean": {"dba": 1.2469}, "min": {"dba": 1.0245}}, "1010": {"mean": {"dba": 0.864}, "min": {"dba": 0.8078}}, "1011": {"mean": {"dba": 1.2938}, "min": {"dba": 1.1105}}, "1012": {"mean": {"dba": 0.937}, "min": {"dba": 0.9017}}, "1013": {"mean": {"dba": 1.1061}, "min": {"dba": 0.9687}}, "1014": {"mean": {"dba": 0.8043}, "min": {"dba": 0.7837}}, "1015": {"mean": {"dba": 0.8782}, "min": {"dba": 0.8026}}}, "1005": {"1001": {"mean": {"dba": 1.4369}, "min": {"dba": 0.9435}}, "1002": {"mean": {"dba": 1.8433}, "min": {"dba": 1.3213}}, "1003": {"mean": {"dba": 1.2228}, "min": {"dba": 0.9223}}, "1004": {"mean": {"dba": 1.9952}, "min": {"dba": 1.4141}}, "1005": {"mean": {"dba": 1.0653}, "min": {"dba": 1.0069}}, "1006": {"mean": {"dba": 2.015}, "min": {"dba": 1.4329}}, "1007": {"mean": {"dba": 1.2968}, "min": {"dba": 0.942}}, "1008": {"mean": {"dba": 1.5181}, "min": {"dba": 1.103}}, "1009": {"mean": {"dba": 1.1286}, "min": {"dba": 0.8615}}, "1010": {"mean": {"dba": 1.7418}, "min": {"dba": 1.1885}}, "1011": {"mean": {"dba": 1.3208}, "min": {"dba": 0.9791}}, "1012": {"mean": {"dba": 1.9137}, "min": {"dba": 1.3514}}, "1013": {"mean": {"dba": 1.4275}, "min": {"dba": 1.0063}}, "1014": {"mean": {"dba": 2.2771}, "min": {"dba": 1.6458}}, "1015": {"mean": {"dba": 1.6318}, "min": {"dba": 1.0872}}}, "1006": {"1001": {"mean": {"dba": 1.045}, "min": {"dba": 0.9325}}, "1002": {"mean": {"dba": 1.0213}, "min": {"dba": 0.9605}}, "1003": {"mean": {"dba": 1.27}, "min": {"dba": 1.094}}, "1004": {"mean": {"dba": 0.9907}, "min": {"dba": 0.9483}}, "1005": {"mean": {"dba": 1.7924}, "min": {"dba": 1.0535}}, "1006": {"mean": {"dba": 0.9834}, "min": {"dba": 0.9555}}, "1007": {"mean": {"dba": 1.2046}, "min": {"dba": 1.0344}}, "1008": {"mean": {"dba": 1.1988}, "min": {"dba": 1.0908}}, "1009": {"mean": {"dba": 1.2584}, "min": {"dba": 1.0017}}, "1010": {"mean": {"dba": 0.8834}, "min": {"dba": 0.8385}}, "1011": {"mean": {"dba": 1.327}, "min": {"dba": 1.1398}}, "1012": {"mean": {"dba": 0.9447}, "min": {"dba": 0.9211}}, "1013": {"mean": {"dba": 1.1512}, "min": {"dba": 1.0404}}, "1014": {"mean": {"dba": 0.8531}, "min": {"dba": 0.8214}}, "1015": {"mean": {"dba": 0.8967}, "min": {"dba": 0.8343}}}, "1007": {"1001": {"mean": {"dba": 0.9195}, "min": {"dba": 0.8198}}, "1002": {"mean": {"dba": 1.141}, "min": {"dba": 0.9283}}, "1003": {"mean": {"dba": 0.9002}, "min": {"dba": 0.8851}}, "1004": {"mean": {"dba": 1.1396}, "min": {"dba": 0.9205}}, "1005": {"mean": {"dba": 1.1372}, "min": {"dba": 1.0484}}, "1006": {"mean": {"dba": 1.1483}, "min": {"dba": 0.9152}}, "1007": {"mean": {"dba": 0.9453}, "min": {"dba": 0.923}}, "1008": {"mean": {"dba": 1.0562}, "min": {"dba": 0.9442}}, "1009": {"mean": {"dba": 0.8}, "min": {"dba": 0.7789}}, "1010": {"mean": {"dba": 0.993}, "min": {"dba": 0.791}}, "1011": {"mean": {"dba": 0.9431}, "min": {"dba": 0.8666}}, "1012": {"mean": {"dba": 1.1307}, "min": {"dba": 0.9166}}, "1013": {"mean": {"dba": 1.0105}, "min": {"dba": 0.9525}}, "1014": {"mean": {"dba": 1.1883}, "min": {"dba": 0.8424}}, "1015": {"mean": {"dba": 0.9795}, "min": {"dba": 0.776}}}, "1008": {"1001": {"mean": {"dba": 0.8085}, "min": {"dba": 0.7575}}, "1002": {"mean": {"dba": 1.0306}, "min": {"dba": 0.9734}}, "1003": {"mean": {"dba": 0.8778}, "min": {"dba": 0.828}}, "1004": {"mean": {"dba": 1.0399}, "min": {"dba": 0.8831}}, "1005": {"mean": {"dba": 1.3312}, "min": {"dba": 1.0042}}, "1006": {"mean": {"dba": 1.0508}, "min": {"dba": 0.8797}}, "1007": {"mean": {"dba": 0.8645}, "min": {"dba": 0.8211}}, "1008": {"mean": {"dba": 0.9825}, "min": {"dba": 0.956}}, "1009": {"mean": {"dba": 0.8234}, "min": {"dba": 0.7658}}, "1010": {"mean": {"dba": 0.843}, "min": {"dba": 0.744}}, "1011": {"mean": {"dba": 0.9543}, "min": {"dba": 0.8957}}, "1012": {"mean": {"dba": 0.9824}, "min": {"dba": 0.879}}, "1013": {"mean": {"dba": 0.9044}, "min": {"dba": 0.8641}}, "1014": {"mean": {"dba": 1.1435}, "min": {"dba": 0.9133}}, "1015": {"mean": {"dba": 0.8185}, "min": {"dba": 0.7918}}}, "1009": {"1001": {"mean": {"dba": 0.8632}, "min": {"dba": 0.8246}}, "1002": {"mean": {"dba": 1.1691}, "min": {"dba": 1.08}}, "1003": {"mean": {"dba": 0.8584}, "min": {"dba": 0.8378}}, "1004": {"mean": {"dba": 1.261}, "min": {"dba": 1.1354}}, "1005": {"mean": {"dba": 1.1778}, "min": {"dba": 1.0387}}, "1006": {"mean": {"dba": 1.2755}, "min": {"dba": 1.1498}}, "1007": {"mean": {"dba": 0.8733}, "min": {"dba": 0.8485}}, "1008": {"mean": {"dba": 1.0188}, "min": {"dba": 0.9972}}, "1009": {"mean": {"dba": 0.7903}, "min": {"dba": 0.7838}}, "1010": {"mean": {"dba": 1.0077}, "min": {"dba": 0.909}}, "1011": {"mean": {"dba": 0.9426}, "min": {"dba": 0.9245}}, "1012": {"mean": {"dba": 1.1764}, "min": {"dba": 1.0595}}, "1013": {"mean": {"dba": 0.9356}, "min": {"dba": 0.9004}}, "1014": {"mean": {"dba": 1.4541}, "min": {"dba": 1.2918}}, "1015": {"mean": {"dba": 0.9411}, "min": {"dba": 0.8553}}}, "1010": {"1001": {"mean": {"dba": 0.9051}, "min": {"dba": 0.8659}}, "1002": {"mean": {"dba": 0.9561}, "min": {"dba": 0.8797}}, "1003": {"mean": {"dba": 1.044}, "min": {"dba": 0.8201}}, "1004": {"mean": {"dba": 0.9469}, "min": {"dba": 0.9382}}, "1005": {"mean": {"dba": 1.6684}, "min": {"dba": 1.154}}, "1006": {"mean": {"dba": 0.9541}, "min": {"dba": 0.932}}, "1007": {"mean": {"dba": 1.0124}, "min": {"dba": 0.8419}}, "1008": {"mean": {"dba": 1.0497}, "min": {"dba": 0.9845}}, "1009": {"mean": {"dba": 1.0194}, "min": {"dba": 0.7427}}, "1010": {"mean": {"dba": 0.8157}, "min": {"dba": 0.7861}}, "1011": {"mean": {"dba": 1.1396}, "min": {"dba": 0.9978}}, "1012": {"mean": {"dba": 0.893}, "min": {"dba": 0.8597}}, "1013": {"mean": {"dba": 1.0001}, "min": {"dba": 0.9161}}, "1014": {"mean": {"dba": 0.8348}, "min": {"dba": 0.7863}}, "1015": {"mean": {"dba": 0.8039}, "min": {"dba": 0.8027}}}, "1011": {"1001": {"mean": {"dba": 0.8606}, "min": {"dba": 0.7966}}, "1002": {"mean": {"dba": 1.1443}, "min": {"dba": 1.0225}}, "1003": {"mean": {"dba": 0.8353}, "min": {"dba": 0.7979}}, "1004": {"mean": {"dba": 1.2403}, "min": {"dba": 1.0937}}, "1005": {"mean": {"dba": 1.1026}, "min": {"dba": 0.9779}}, "1006": {"mean": {"dba": 1.2235}, "min": {"dba": 1.0152}}, "1007": {"mean": {"dba": 0.8557}, "min": {"dba": 0.8085}}, "1008": {"mean": {"dba": 1.0028}, "min": {"dba": 0.9337}}, "1009": {"mean": {"dba": 0.7761}, "min": {"dba": 0.7389}}, "1010": {"mean": {"dba": 1.0136}, "min": {"dba": 0.9189}}, "1011": {"mean": {"dba": 0.9173}, "min": {"dba": 0.8448}}, "1012": {"mean": {"dba": 1.1812}, "min": {"dba": 1.1019}}, "1013": {"mean": {"dba": 0.9123}, "min": {"dba": 0.8476}}, "1014": {"mean": {"dba": 1.2965}, "min": {"dba": 0.8561}}, "1015": {"mean": {"dba": 0.95}, "min": {"dba": 0.8854}}}, "1012": {"1001": {"mean": {"dba": 0.9448}, "min": {"dba": 0.8367}}, "1002": {"mean": {"dba": 0.947}, "min": {"dba": 0.9014}}, "1003": {"mean": {"dba": 1.1425}, "min": {"dba": 0.9615}}, "1004": {"mean": {"dba": 0.9639}, "min": {"dba": 0.8888}}, "1005": {"mean": {"dba": 1.6554}, "min": {"dba": 1.1491}}, "1006": {"mean": {"dba": 0.9172}, "min": {"dba": 0.8727}}, "1007": {"mean": {"dba": 1.0835}, "min": {"dba": 0.9531}}, "1008": {"mean": {"dba": 1.0947}, "min": {"dba": 1.0143}}, "1009": {"mean": {"dba": 1.1355}, "min": {"dba": 0.9577}}, "1010": {"mean": {"dba": 0.813}, "min": {"dba": 0.7272}}, "1011": {"mean": {"dba": 1.2067}, "min": {"dba": 1.078}}, "1012": {"mean": {"dba": 0.8947}, "min": {"dba": 0.8428}}, "1013": {"mean": {"dba": 1.0384}, "min": {"dba": 0.932}}, "1014": {"mean": {"dba": 0.8188}, "min": {"dba": 0.7752}}, "1015": {"mean": {"dba": 0.828}, "min": {"dba": 0.7435}}}, "1013": {"1001": {"mean": {"dba": 0.8398}, "min": {"dba": 0.8315}}, "1002": {"mean": {"dba": 1.0011}, "min": {"dba": 0.9894}}, "1003": {"mean": {"dba": 0.9064}, "min": {"dba": 0.8872}}, "1004": {"mean": {"dba": 0.9855}, "min": {"dba": 0.9362}}, "1005": {"mean": {"dba": 1.3894}, "min": {"dba": 1.0854}}, "1006": {"mean": {"dba": 0.9906}, "min": {"dba": 0.9252}}, "1007": {"mean": {"dba": 0.8783}, "min": {"dba": 0.8433}}, "1008": {"mean": {"dba": 1.0015}, "min": {"dba": 0.9943}}, "1009": {"mean": {"dba": 0.8393}, "min": {"dba": 0.7716}}, "1010": {"mean": {"dba": 0.8228}, "min": {"dba": 0.8119}}, "1011": {"mean": {"dba": 1.0028}, "min": {"dba": 0.9901}}, "1012": {"mean": {"dba": 0.9274}, "min": {"dba": 0.8934}}, "1013": {"mean": {"dba": 0.9202}, "min": {"dba": 0.9075}}, "1014": {"mean": {"dba": 0.979}, "min": {"dba": 0.7622}}, "1015": {"mean": {"dba": 0.7973}, "min": {"dba": 0.7921}}}, "1014": {"1001": {"mean": {"dba": 1.1763}, "min": {"dba": 0.9418}}, "1002": {"mean": {"dba": 1.0649}, "min": {"dba": 0.9504}}, "1003": {"mean": {"dba": 1.3454}, "min": {"dba": 1.1111}}, "1004": {"mean": {"dba": 1.0106}, "min": {"dba": 0.9836}}, "1005": {"mean": {"dba": 1.7908}, "min": {"dba": 0.9987}}, "1006": {"mean": {"dba": 0.9982}, "min": {"dba": 0.952}}, "1007": {"mean": {"dba": 1.3275}, "min": {"dba": 1.0584}}, "1008": {"mean": {"dba": 1.2992}, "min": {"dba": 1.0624}}, "1009": {"mean": {"dba": 1.3179}, "min": {"dba": 1.1246}}, "1010": {"mean": {"dba": 0.9444}, "min": {"dba": 0.8381}}, "1011": {"mean": {"dba": 1.4475}, "min": {"dba": 1.2195}}, "1012": {"mean": {"dba": 0.9956}, "min": {"dba": 0.9359}}, "1013": {"mean": {"dba": 1.2951}, "min": {"dba": 1.0113}}, "1014": {"mean": {"dba": 0.8161}, "min": {"dba": 0.8012}}, "1015": {"mean": {"dba": 1.0033}, "min": {"dba": 0.8244}}}, "1015": {"1001": {"mean": {"dba": 0.8637}, "min": {"dba": 0.8514}}, "1002": {"mean": {"dba": 0.9605}, "min": {"dba": 0.9058}}, "1003": {"mean": {"dba": 1.0477}, "min": {"dba": 1.0151}}, "1004": {"mean": {"dba": 0.9609}, "min": {"dba": 0.9061}}, "1005": {"mean": {"dba": 1.7251}, "min": {"dba": 1.5853}}, "1006": {"mean": {"dba": 0.9581}, "min": {"dba": 0.8782}}, "1007": {"mean": {"dba": 0.9977}, "min": {"dba": 0.9629}}, "1008": {"mean": {"dba": 1.03}, "min": {"dba": 1.0106}}, "1009": {"mean": {"dba": 1.0296}, "min": {"dba": 0.9843}}, "1010": {"mean": {"dba": 0.8119}, "min": {"dba": 0.7702}}, "1011": {"mean": {"dba": 1.1012}, "min": {"dba": 1.0698}}, "1012": {"mean": {"dba": 0.8942}, "min": {"dba": 0.8368}}, "1013": {"mean": {"dba": 0.9811}, "min": {"dba": 0.9665}}, "1014": {"mean": {"dba": 0.94}, "min": {"dba": 0.7849}}, "1015": {"mean": {"dba": 0.7944}, "min": {"dba": 0.7734}}}}