{"1001": {"1001": {"mean": {"dba": 0.9336}, "min": {"dba": 0.8769}}, "1002": {"mean": {"dba": 0.9755}, "min": {"dba": 0.9213}}, "1003": {"mean": {"dba": 1.0743}, "min": {"dba": 0.9449}}, "1004": {"mean": {"dba": 1.0586}, "min": {"dba": 1.0415}}, "1005": {"mean": {"dba": 1.7071}, "min": {"dba": 1.3714}}, "1006": {"mean": {"dba": 1.0398}, "min": {"dba": 1.0234}}, "1007": {"mean": {"dba": 1.0354}, "min": {"dba": 0.94}}, "1008": {"mean": {"dba": 1.0929}, "min": {"dba": 1.0544}}, "1009": {"mean": {"dba": 1.0016}, "min": {"dba": 0.8075}}, "1010": {"mean": {"dba": 0.8592}, "min": {"dba": 0.836}}, "1011": {"mean": {"dba": 1.1444}, "min": {"dba": 1.0739}}, "1012": {"mean": {"dba": 0.9529}, "min": {"dba": 0.9372}}, "1013": {"mean": {"dba": 1.0552}, "min": {"dba": 1.0122}}, "1014": {"mean": {"dba": 1.0818}, "min": {"dba": 1.0465}}, "1015": {"mean": {"dba": 0.869}, "min": {"dba": 0.8478}}}, "1002": {"1001": {"mean": {"dba": 0.8862}, "min": {"dba": 0.864}}, "1002": {"mean": {"dba": 0.9885}, "min": {"dba": 0.9853}}, "1003": {"mean": {"dba": 1.0898}, "min": {"dba": 1.0701}}, "1004": {"mean": {"dba": 1.0598}, "min": {"dba": 1.0415}}, "1005": {"mean": {"dba": 1.7077}, "min": {"dba": 1.5019}}, "1006": {"mean": {"dba": 1.0473}, "min": {"dba": 1.0213}}, "1007": {"mean": {"dba": 1.0387}, "min": {"dba": 1.0189}}, "1008": {"mean": {"dba": 1.0593}, "min": {"dba": 1.0478}}, "1009": {"mean": {"dba": 1.0487}, "min": {"dba": 1.0056}}, "1010": {"mean": {"dba": 0.8464}, "min": {"dba": 0.8331}}, "1011": {"mean": {"dba": 1.1374}, "min": {"dba": 1.1108}}, "1012": {"mean": {"dba": 0.9523}, "min": {"dba": 0.9378}}, "1013": {"mean": {"dba": 1.0174}, "min": {"dba": 0.9958}}, "1014": {"mean": {"dba": 1.0444}, "min": {"dba": 0.8683}}, "1015": {"mean": {"dba": 0.8289}, "min": {"dba": 0.8119}}}, "1003": {"1001": {"mean": {"dba": 1.0183}, "min": {"dba": 0.8691}}, "1002": {"mean": {"dba": 1.2182}, "min": {"dba": 0.9938}}, "1003": {"mean": {"dba": 1.015}, "min": {"dba": 0.9461}}, "1004": {"mean": {"dba": 1.3158}, "min": {"dba": 0.9817}}, "1005": {"mean": {"dba": 1.1735}, "min": {"dba": 1.1031}}, "1006": {"mean": {"dba": 1.2827}, "min": {"dba": 0.8989}}, "1007": {"mean": {"dba": 0.9961}, "min": {"dba": 0.9299}}, "1008": {"mean": {"dba": 1.1532}, "min": {"dba": 1.0447}}, "1009": {"mean": {"dba": 0.8427}, "min": {"dba": 0.8098}}, "1010": {"mean": {"dba": 1.1169}, "min": {"dba": 0.8551}}, "1011": {"mean": {"dba": 1.0494}, "min": {"dba": 0.9973}}, "1012": {"mean": {"dba": 1.2318}, "min": {"dba": 0.9347}}, "1013": {"mean": {"dba": 1.1079}, "min": {"dba": 0.9982}}, "1014": {"mean": {"dba": 1.413}, "min": {"dba": 0.915}}, "1015": {"mean": {"dba": 1.0735}, "min": {"dba": 0.858}}}, "1004": {"1001": {"mean": {"dba": 1.2953}, "min": {"dba": 1.2885}}, "1002": {"mean": {"dba": 1.1299}, "min": {"dba": 1.1286}}, "1003": {"mean": {"dba": 1.6218}, "min": {"dba": 1.615}}, "1004": {"mean": {"dba": 1.0767}, "min": {"dba": 1.0728}}, "1005": {"mean": {"dba": 2.5098}, "min": {"dba": 2.5024}}, "1006": {"mean": {"dba": 1.048}, "min": {"dba": 1.0449}}, "1007": {"mean": {"dba": 1.5574}, "min": {"dba": 1.5499}}, "1008": {"mean": {"dba": 1.4633}, "min": {"dba": 1.4569}}, "1009": {"mean": {"dba": 1.67}, "min": {"dba": 1.6611}}, "1010": {"mean": {"dba": 0.989}, "min": {"dba": 0.9842}}, "1011": {"mean": {"dba": 1.656}, "min": {"dba": 1.6485}}, "1012": {"mean": {"dba": 1.0009}, "min": {"dba": 0.9989}}, "1013": {"mean": {"dba": 1.4286}, "min": {"dba": 1.4225}}, "1014": {"mean": {"dba": 0.8775}, "min": {"dba": 0.8739}}, "1015": {"mean": {"dba": 1.0781}, "min": {"dba": 1.0714}}}, "1005": {"1001": {"mean": {"dba": 1.7993}, "min": {"dba": 1.7346}}, "1002": {"mean": {"dba": 2.234}, "min": {"dba": 2.1637}}, "1003": {"mean": {"dba": 1.5747}, "min": {"dba": 1.5134}}, "1004": {"mean": {"dba": 2.4653}, "min": {"dba": 2.3868}}, "1005": {"mean": {"dba": 1.1272}, "min": {"dba": 1.1123}}, "1006": {"mean": {"dba": 2.4731}, "min": {"dba": 2.3955}}, "1007": {"mean": {"dba": 1.6071}, "min": {"dba": 1.556}}, "1008": {"mean": {"dba": 1.8286}, "min": {"dba": 1.7642}}, "1009": {"mean": {"dba": 1.3473}, "min": {"dba": 1.2804}}, "1010": {"mean": {"dba": 2.2173}, "min": {"dba": 2.1389}}, "1011": {"mean": {"dba": 1.5829}, "min": {"dba": 1.5191}}, "1012": {"mean": {"dba": 2.374}, "min": {"dba": 2.3065}}, "1013": {"mean": {"dba": 1.815}, "min": {"dba": 1.7541}}, "1014": {"mean": {"dba": 2.7789}, "min": {"dba": 2.7081}}, "1015": {"mean": {"dba": 2.0461}, "min": {"dba": 1.974}}}, "1006": {"1001": {"mean": {"dba": 1.261}, "min": {"dba": 1.0068}}, "1002": {"mean": {"dba": 1.1239}, "min": {"dba": 0.9837}}, "1003": {"mean": {"dba": 1.5495}, "min": {"dba": 1.2178}}, "1004": {"mean": {"dba": 1.095}, "min": {"dba": 1.0398}}, "1005": {"mean": {"dba": 2.0855}, "min": {"dba": 1.0287}}, "1006": {"mean": {"dba": 1.0738}, "min": {"dba": 1.0188}}, "1007": {"mean": {"dba": 1.4665}, "min": {"dba": 1.0984}}, "1008": {"mean": {"dba": 1.4238}, "min": {"dba": 1.1768}}, "1009": {"mean": {"dba": 1.5075}, "min": {"dba": 0.98}}, "1010": {"mean": {"dba": 0.9911}, "min": {"dba": 0.8639}}, "1011": {"mean": {"dba": 1.5701}, "min": {"dba": 1.2037}}, "1012": {"mean": {"dba": 1.0111}, "min": {"dba": 0.9272}}, "1013": {"mean": {"dba": 1.3705}, "min": {"dba": 1.0854}}, "1014": {"mean": {"dba": 0.8736}, "min": {"dba": 0.8362}}, "1015": {"mean": {"dba": 1.0633}, "min": {"dba": 0.8751}}}, "1007": {"1001": {"mean": {"dba": 1.0354}, "min": {"dba": 0.9287}}, "1002": {"mean": {"dba": 1.3301}, "min": {"dba": 1.0389}}, "1003": {"mean": {"dba": 1.0101}, "min": {"dba": 0.9466}}, "1004": {"mean": {"dba": 1.4498}, "min": {"dba": 0.9938}}, "1005": {"mean": {"dba": 1.1115}, "min": {"dba": 1.0786}}, "1006": {"mean": {"dba": 1.4305}, "min": {"dba": 0.9306}}, "1007": {"mean": {"dba": 0.9956}, "min": {"dba": 0.9304}}, "1008": {"mean": {"dba": 1.1544}, "min": {"dba": 1.048}}, "1009": {"mean": {"dba": 0.8306}, "min": {"dba": 0.7715}}, "1010": {"mean": {"dba": 1.2453}, "min": {"dba": 0.8673}}, "1011": {"mean": {"dba": 1.0184}, "min": {"dba": 0.9386}}, "1012": {"mean": {"dba": 1.366}, "min": {"dba": 0.9442}}, "1013": {"mean": {"dba": 1.1137}, "min": {"dba": 1.0117}}, "1014": {"mean": {"dba": 1.5903}, "min": {"dba": 0.9204}}, "1015": {"mean": {"dba": 1.1667}, "min": {"dba": 0.9372}}}, "1008": {"1001": {"mean": {"dba": 0.868}, "min": {"dba": 0.8563}}, "1002": {"mean": {"dba": 1.088}, "min": {"dba": 1.0511}}, "1003": {"mean": {"dba": 0.9942}, "min": {"dba": 0.9772}}, "1004": {"mean": {"dba": 1.2165}, "min": {"dba": 1.1582}}, "1005": {"mean": {"dba": 1.4493}, "min": {"dba": 1.2623}}, "1006": {"mean": {"dba": 1.2084}, "min": {"dba": 1.1443}}, "1007": {"mean": {"dba": 0.9421}, "min": {"dba": 0.9323}}, "1008": {"mean": {"dba": 1.0393}, "min": {"dba": 1.0351}}, "1009": {"mean": {"dba": 0.8551}, "min": {"dba": 0.8275}}, "1010": {"mean": {"dba": 0.9732}, "min": {"dba": 0.9289}}, "1011": {"mean": {"dba": 1.0157}, "min": {"dba": 0.9909}}, "1012": {"mean": {"dba": 1.1084}, "min": {"dba": 1.0587}}, "1013": {"mean": {"dba": 0.9962}, "min": {"dba": 0.9788}}, "1014": {"mean": {"dba": 1.3604}, "min": {"dba": 1.2787}}, "1015": {"mean": {"dba": 0.8958}, "min": {"dba": 0.8705}}}, "1009": {"1001": {"mean": {"dba": 0.9109}, "min": {"dba": 0.8868}}, "1002": {"mean": {"dba": 1.2076}, "min": {"dba": 1.1632}}, "1003": {"mean": {"dba": 0.9797}, "min": {"dba": 0.9742}}, "1004": {"mean": {"dba": 1.3774}, "min": {"dba": 1.3233}}, "1005": {"mean": {"dba": 1.3947}, "min": {"dba": 1.3475}}, "1006": {"mean": {"dba": 1.3739}, "min": {"dba": 1.3182}}, "1007": {"mean": {"dba": 0.948}, "min": {"dba": 0.938}}, "1008": {"mean": {"dba": 1.0627}, "min": {"dba": 1.0481}}, "1009": {"mean": {"dba": 0.8243}, "min": {"dba": 0.8169}}, "1010": {"mean": {"dba": 1.1215}, "min": {"dba": 1.0704}}, "1011": {"mean": {"dba": 1.0077}, "min": {"dba": 1.0}}, "1012": {"mean": {"dba": 1.2658}, "min": {"dba": 1.2117}}, "1013": {"mean": {"dba": 1.023}, "min": {"dba": 1.0044}}, "1014": {"mean": {"dba": 1.5724}, "min": {"dba": 1.5042}}, "1015": {"mean": {"dba": 1.005}, "min": {"dba": 0.963}}}, "1010": {"1001": {"mean": {"dba": 0.9457}, "min": {"dba": 0.9021}}, "1002": {"mean": {"dba": 0.966}, "min": {"dba": 0.9379}}, "1003": {"mean": {"dba": 1.0836}, "min": {"dba": 0.9785}}, "1004": {"mean": {"dba": 1.0157}, "min": {"dba": 0.9996}}, "1005": {"mean": {"dba": 1.5462}, "min": {"dba": 1.2388}}, "1006": {"mean": {"dba": 0.9586}, "min": {"dba": 0.9407}}, "1007": {"mean": {"dba": 1.0675}, "min": {"dba": 0.9796}}, "1008": {"mean": {"dba": 1.1056}, "min": {"dba": 1.0571}}, "1009": {"mean": {"dba": 0.9659}, "min": {"dba": 0.8024}}, "1010": {"mean": {"dba": 0.8286}, "min": {"dba": 0.8213}}, "1011": {"mean": {"dba": 1.1555}, "min": {"dba": 1.0536}}, "1012": {"mean": {"dba": 0.9374}, "min": {"dba": 0.9168}}, "1013": {"mean": {"dba": 1.0935}, "min": {"dba": 1.0506}}, "1014": {"mean": {"dba": 0.9198}, "min": {"dba": 0.887}}, "1015": {"mean": {"dba": 0.8434}, "min": {"dba": 0.8267}}}, "1011": {"1001": {"mean": {"dba": 0.9189}, "min": {"dba": 0.871}}, "1002": {"mean": {"dba": 1.2194}, "min": {"dba": 1.1261}}, "1003": {"mean": {"dba": 0.9714}, "min": {"dba": 0.9517}}, "1004": {"mean": {"dba": 1.3907}, "min": {"dba": 1.2699}}, "1005": {"mean": {"dba": 1.2376}, "min": {"dba": 1.0542}}, "1006": {"mean": {"dba": 1.3859}, "min": {"dba": 1.2607}}, "1007": {"mean": {"dba": 0.9433}, "min": {"dba": 0.9154}}, "1008": {"mean": {"dba": 1.0691}, "min": {"dba": 1.0324}}, "1009": {"mean": {"dba": 0.8044}, "min": {"dba": 0.7922}}, "1010": {"mean": {"dba": 1.1341}, "min": {"dba": 1.0207}}, "1011": {"mean": {"dba": 0.9902}, "min": {"dba": 0.9696}}, "1012": {"mean": {"dba": 1.2798}, "min": {"dba": 1.1661}}, "1013": {"mean": {"dba": 1.0266}, "min": {"dba": 0.9855}}, "1014": {"mean": {"dba": 1.5883}, "min": {"dba": 1.4395}}, "1015": {"mean": {"dba": 1.0173}, "min": {"dba": 0.9281}}}, "1012": {"1001": {"mean": {"dba": 0.986}, "min": {"dba": 0.8647}}, "1002": {"mean": {"dba": 1.022}, "min": {"dba": 0.9999}}, "1003": {"mean": {"dba": 1.2146}, "min": {"dba": 1.0388}}, "1004": {"mean": {"dba": 1.0538}, "min": {"dba": 1.0271}}, "1005": {"mean": {"dba": 1.7222}, "min": {"dba": 1.1849}}, "1006": {"mean": {"dba": 1.0159}, "min": {"dba": 1.0007}}, "1007": {"mean": {"dba": 1.1564}, "min": {"dba": 1.0022}}, "1008": {"mean": {"dba": 1.1622}, "min": {"dba": 1.0658}}, "1009": {"mean": {"dba": 1.1864}, "min": {"dba": 0.975}}, "1010": {"mean": {"dba": 0.8842}, "min": {"dba": 0.8684}}, "1011": {"mean": {"dba": 1.2611}, "min": {"dba": 1.1355}}, "1012": {"mean": {"dba": 0.9667}, "min": {"dba": 0.9475}}, "1013": {"mean": {"dba": 1.0987}, "min": {"dba": 1.0035}}, "1014": {"mean": {"dba": 0.9552}, "min": {"dba": 0.8995}}, "1015": {"mean": {"dba": 0.9272}, "min": {"dba": 0.8839}}}, "1013": {"1001": {"mean": {"dba": 0.8771}, "min": {"dba": 0.8729}}, "1002": {"mean": {"dba": 1.0833}, "min": {"dba": 0.9969}}, "1003": {"mean": {"dba": 1.0024}, "min": {"dba": 0.9973}}, "1004": {"mean": {"dba": 1.2134}, "min": {"dba": 1.0846}}, "1005": {"mean": {"dba": 1.612}, "min": {"dba": 1.587}}, "1006": {"mean": {"dba": 1.2037}, "min": {"dba": 1.0648}}, "1007": {"mean": {"dba": 0.9602}, "min": {"dba": 0.9556}}, "1008": {"mean": {"dba": 1.0421}, "min": {"dba": 1.0348}}, "1009": {"mean": {"dba": 0.9035}, "min": {"dba": 0.8916}}, "1010": {"mean": {"dba": 0.9724}, "min": {"dba": 0.8646}}, "1011": {"mean": {"dba": 1.0455}, "min": {"dba": 1.0379}}, "1012": {"mean": {"dba": 1.102}, "min": {"dba": 0.9798}}, "1013": {"mean": {"dba": 1.0053}, "min": {"dba": 1.0025}}, "1014": {"mean": {"dba": 1.346}, "min": {"dba": 1.1521}}, "1015": {"mean": {"dba": 0.8979}, "min": {"dba": 0.8364}}}, "1014": {"1001": {"mean": {"dba": 1.4056}, "min": {"dba": 1.3856}}, "1002": {"mean": {"dba": 1.2102}, "min": {"dba": 1.1965}}, "1003": {"mean": {"dba": 1.7396}, "min": {"dba": 1.7215}}, "1004": {"mean": {"dba": 1.1249}, "min": {"dba": 1.1137}}, "1005": {"mean": {"dba": 2.6424}, "min": {"dba": 2.622}}, "1006": {"mean": {"dba": 1.1029}, "min": {"dba": 1.0904}}, "1007": {"mean": {"dba": 1.6749}, "min": {"dba": 1.6563}}, "1008": {"mean": {"dba": 1.5677}, "min": {"dba": 1.5516}}, "1009": {"mean": {"dba": 1.7968}, "min": {"dba": 1.7774}}, "1010": {"mean": {"dba": 1.0681}, "min": {"dba": 1.0542}}, "1011": {"mean": {"dba": 1.7726}, "min": {"dba": 1.7522}}, "1012": {"mean": {"dba": 1.0604}, "min": {"dba": 1.0505}}, "1013": {"mean": {"dba": 1.5351}, "min": {"dba": 1.5186}}, "1014": {"mean": {"dba": 0.8922}, "min": {"dba": 0.8853}}, "1015": {"mean": {"dba": 1.1707}, "min": {"dba": 1.1561}}}, "1015": {"1001": {"mean": {"dba": 0.918}, "min": {"dba": 0.8873}}, "1002": {"mean": {"dba": 0.9977}, "min": {"dba": 0.9827}}, "1003": {"mean": {"dba": 1.1479}, "min": {"dba": 1.0808}}, "1004": {"mean": {"dba": 1.044}, "min": {"dba": 1.0109}}, "1005": {"mean": {"dba": 1.903}, "min": {"dba": 1.7919}}, "1006": {"mean": {"dba": 1.0164}, "min": {"dba": 0.9693}}, "1007": {"mean": {"dba": 1.0936}, "min": {"dba": 1.0311}}, "1008": {"mean": {"dba": 1.0972}, "min": {"dba": 1.061}}, "1009": {"mean": {"dba": 1.1134}, "min": {"dba": 1.0246}}, "1010": {"mean": {"dba": 0.8579}, "min": {"dba": 0.8408}}, "1011": {"mean": {"dba": 1.1907}, "min": {"dba": 1.1267}}, "1012": {"mean": {"dba": 0.9453}, "min": {"dba": 0.9278}}, "1013": {"mean": {"dba": 1.0582}, "min": {"dba": 1.0217}}, "1014": {"mean": {"dba": 1.0079}, "min": {"dba": 0.8614}}, "1015": {"mean": {"dba": 0.8449}, "min": {"dba": 0.8398}}}}