{"1001": {"1001": {"mean": {"dba": 0.9871}, "min": {"dba": 0.9818}}, "1002": {"mean": {"dba": 1.0103}, "min": {"dba": 1.0088}}, "1003": {"mean": {"dba": 1.2926}, "min": {"dba": 1.2844}}, "1004": {"mean": {"dba": 1.0803}, "min": {"dba": 1.0768}}, "1005": {"mean": {"dba": 2.0755}, "min": {"dba": 2.064}}, "1006": {"mean": {"dba": 1.0723}, "min": {"dba": 1.0688}}, "1007": {"mean": {"dba": 1.2096}, "min": {"dba": 1.2016}}, "1008": {"mean": {"dba": 1.1596}, "min": {"dba": 1.1539}}, "1009": {"mean": {"dba": 1.2549}, "min": {"dba": 1.245}}, "1010": {"mean": {"dba": 0.8715}, "min": {"dba": 0.8708}}, "1011": {"mean": {"dba": 1.2914}, "min": {"dba": 1.2834}}, "1012": {"mean": {"dba": 0.9881}, "min": {"dba": 0.9856}}, "1013": {"mean": {"dba": 1.1149}, "min": {"dba": 1.1091}}, "1014": {"mean": {"dba": 1.1116}, "min": {"dba": 1.1031}}, "1015": {"mean": {"dba": 0.8649}, "min": {"dba": 0.8637}}}, "1002": {"1001": {"mean": {"dba": 0.9246}, "min": {"dba": 0.8973}}, "1002": {"mean": {"dba": 1.0331}, "min": {"dba": 1.0125}}, "1003": {"mean": {"dba": 1.2185}, "min": {"dba": 1.2046}}, "1004": {"mean": {"dba": 1.1008}, "min": {"dba": 1.0495}}, "1005": {"mean": {"dba": 1.8229}, "min": {"dba": 1.5709}}, "1006": {"mean": {"dba": 1.0937}, "min": {"dba": 1.0449}}, "1007": {"mean": {"dba": 1.1374}, "min": {"dba": 1.1234}}, "1008": {"mean": {"dba": 1.1191}, "min": {"dba": 1.1031}}, "1009": {"mean": {"dba": 1.1552}, "min": {"dba": 1.1455}}, "1010": {"mean": {"dba": 0.8928}, "min": {"dba": 0.8568}}, "1011": {"mean": {"dba": 1.1948}, "min": {"dba": 1.1664}}, "1012": {"mean": {"dba": 1.0294}, "min": {"dba": 0.9732}}, "1013": {"mean": {"dba": 1.0688}, "min": {"dba": 1.0584}}, "1014": {"mean": {"dba": 1.1554}, "min": {"dba": 1.0536}}, "1015": {"mean": {"dba": 0.878}, "min": {"dba": 0.8479}}}, "1003": {"1001": {"mean": {"dba": 1.1796}, "min": {"dba": 1.0315}}, "1002": {"mean": {"dba": 1.39}, "min": {"dba": 1.0192}}, "1003": {"mean": {"dba": 1.2398}, "min": {"dba": 1.0304}}, "1004": {"mean": {"dba": 1.5539}, "min": {"dba": 1.0488}}, "1005": {"mean": {"dba": 1.5889}, "min": {"dba": 1.1091}}, "1006": {"mean": {"dba": 1.5416}, "min": {"dba": 1.0339}}, "1007": {"mean": {"dba": 1.1907}, "min": {"dba": 0.9808}}, "1008": {"mean": {"dba": 1.28}, "min": {"dba": 1.1262}}, "1009": {"mean": {"dba": 1.1}, "min": {"dba": 0.8417}}, "1010": {"mean": {"dba": 1.314}, "min": {"dba": 0.8915}}, "1011": {"mean": {"dba": 1.2419}, "min": {"dba": 1.0289}}, "1012": {"mean": {"dba": 1.4481}, "min": {"dba": 0.9791}}, "1013": {"mean": {"dba": 1.2473}, "min": {"dba": 1.0963}}, "1014": {"mean": {"dba": 1.6909}, "min": {"dba": 0.9583}}, "1015": {"mean": {"dba": 1.2429}, "min": {"dba": 0.9543}}}, "1004": {"1001": {"mean": {"dba": 1.3318}, "min": {"dba": 1.3176}}, "1002": {"mean": {"dba": 1.1498}, "min": {"dba": 1.141}}, "1003": {"mean": {"dba": 1.7085}, "min": {"dba": 1.6937}}, "1004": {"mean": {"dba": 1.0801}, "min": {"dba": 1.0749}}, "1005": {"mean": {"dba": 2.586}, "min": {"dba": 2.5692}}, "1006": {"mean": {"dba": 1.0784}, "min": {"dba": 1.073}}, "1007": {"mean": {"dba": 1.6252}, "min": {"dba": 1.6104}}, "1008": {"mean": {"dba": 1.4992}, "min": {"dba": 1.486}}, "1009": {"mean": {"dba": 1.7281}, "min": {"dba": 1.7119}}, "1010": {"mean": {"dba": 1.001}, "min": {"dba": 0.9919}}, "1011": {"mean": {"dba": 1.7077}, "min": {"dba": 1.6924}}, "1012": {"mean": {"dba": 1.0428}, "min": {"dba": 1.0362}}, "1013": {"mean": {"dba": 1.4578}, "min": {"dba": 1.4445}}, "1014": {"mean": {"dba": 0.886}, "min": {"dba": 0.8835}}, "1015": {"mean": {"dba": 1.0884}, "min": {"dba": 1.0771}}}, "1005": {"1001": {"mean": {"dba": 1.8914}, "min": {"dba": 1.7853}}, "1002": {"mean": {"dba": 2.3206}, "min": {"dba": 2.2062}}, "1003": {"mean": {"dba": 1.6396}, "min": {"dba": 1.5577}}, "1004": {"mean": {"dba": 2.5829}, "min": {"dba": 2.4707}}, "1005": {"mean": {"dba": 1.147}, "min": {"dba": 1.1323}}, "1006": {"mean": {"dba": 2.5708}, "min": {"dba": 2.4565}}, "1007": {"mean": {"dba": 1.6492}, "min": {"dba": 1.5607}}, "1008": {"mean": {"dba": 1.8922}, "min": {"dba": 1.7987}}, "1009": {"mean": {"dba": 1.4154}, "min": {"dba": 1.327}}, "1010": {"mean": {"dba": 2.3125}, "min": {"dba": 2.2042}}, "1011": {"mean": {"dba": 1.6358}, "min": {"dba": 1.5409}}, "1012": {"mean": {"dba": 2.4605}, "min": {"dba": 2.3495}}, "1013": {"mean": {"dba": 1.8877}, "min": {"dba": 1.7976}}, "1014": {"mean": {"dba": 2.8865}, "min": {"dba": 2.768}}, "1015": {"mean": {"dba": 2.1472}, "min": {"dba": 2.0296}}}, "1006": {"1001": {"mean": {"dba": 1.4801}, "min": {"dba": 1.3188}}, "1002": {"mean": {"dba": 1.2573}, "min": {"dba": 1.1394}}, "1003": {"mean": {"dba": 1.8644}, "min": {"dba": 1.6896}}, "1004": {"mean": {"dba": 1.1538}, "min": {"dba": 1.0783}}, "1005": {"mean": {"dba": 2.758}, "min": {"dba": 2.5643}}, "1006": {"mean": {"dba": 1.1537}, "min": {"dba": 1.0765}}, "1007": {"mean": {"dba": 1.782}, "min": {"dba": 1.6056}}, "1008": {"mean": {"dba": 1.6419}, "min": {"dba": 1.4824}}, "1009": {"mean": {"dba": 1.8959}, "min": {"dba": 1.7081}}, "1010": {"mean": {"dba": 1.1147}, "min": {"dba": 0.9891}}, "1011": {"mean": {"dba": 1.8647}, "min": {"dba": 1.6925}}, "1012": {"mean": {"dba": 1.1337}, "min": {"dba": 1.0342}}, "1013": {"mean": {"dba": 1.6018}, "min": {"dba": 1.4408}}, "1014": {"mean": {"dba": 0.9037}, "min": {"dba": 0.8816}}, "1015": {"mean": {"dba": 1.2189}, "min": {"dba": 1.0742}}}, "1007": {"1001": {"mean": {"dba": 1.079}, "min": {"dba": 0.9992}}, "1002": {"mean": {"dba": 1.2802}, "min": {"dba": 1.0635}}, "1003": {"mean": {"dba": 1.0642}, "min": {"dba": 1.031}}, "1004": {"mean": {"dba": 1.412}, "min": {"dba": 1.0229}}, "1005": {"mean": {"dba": 1.1926}, "min": {"dba": 1.0945}}, "1006": {"mean": {"dba": 1.3911}, "min": {"dba": 0.9838}}, "1007": {"mean": {"dba": 1.0186}, "min": {"dba": 0.9788}}, "1008": {"mean": {"dba": 1.1742}, "min": {"dba": 1.1068}}, "1009": {"mean": {"dba": 0.8595}, "min": {"dba": 0.8336}}, "1010": {"mean": {"dba": 1.1878}, "min": {"dba": 0.9137}}, "1011": {"mean": {"dba": 1.0687}, "min": {"dba": 1.0169}}, "1012": {"mean": {"dba": 1.318}, "min": {"dba": 0.9821}}, "1013": {"mean": {"dba": 1.1585}, "min": {"dba": 1.0823}}, "1014": {"mean": {"dba": 1.5324}, "min": {"dba": 0.9206}}, "1015": {"mean": {"dba": 1.1223}, "min": {"dba": 0.9765}}}, "1008": {"1001": {"mean": {"dba": 0.9047}, "min": {"dba": 0.9012}}, "1002": {"mean": {"dba": 1.1203}, "min": {"dba": 1.0902}}, "1003": {"mean": {"dba": 1.0613}, "min": {"dba": 1.0467}}, "1004": {"mean": {"dba": 1.2858}, "min": {"dba": 1.2438}}, "1005": {"mean": {"dba": 1.6605}, "min": {"dba": 1.6177}}, "1006": {"mean": {"dba": 1.2752}, "min": {"dba": 1.2328}}, "1007": {"mean": {"dba": 0.9891}, "min": {"dba": 0.9769}}, "1008": {"mean": {"dba": 1.0485}, "min": {"dba": 1.0473}}, "1009": {"mean": {"dba": 0.9408}, "min": {"dba": 0.9147}}, "1010": {"mean": {"dba": 1.0178}, "min": {"dba": 0.9816}}, "1011": {"mean": {"dba": 1.0622}, "min": {"dba": 1.048}}, "1012": {"mean": {"dba": 1.1692}, "min": {"dba": 1.1294}}, "1013": {"mean": {"dba": 1.0091}, "min": {"dba": 1.0081}}, "1014": {"mean": {"dba": 1.4431}, "min": {"dba": 1.3857}}, "1015": {"mean": {"dba": 0.9334}, "min": {"dba": 0.9068}}}, "1009": {"1001": {"mean": {"dba": 0.9611}, "min": {"dba": 0.9245}}, "1002": {"mean": {"dba": 1.2563}, "min": {"dba": 1.1926}}, "1003": {"mean": {"dba": 1.0324}, "min": {"dba": 1.0287}}, "1004": {"mean": {"dba": 1.4549}, "min": {"dba": 1.3796}}, "1005": {"mean": {"dba": 1.4992}, "min": {"dba": 1.3722}}, "1006": {"mean": {"dba": 1.4442}, "min": {"dba": 1.3688}}, "1007": {"mean": {"dba": 0.9708}, "min": {"dba": 0.9652}}, "1008": {"mean": {"dba": 1.0791}, "min": {"dba": 1.0556}}, "1009": {"mean": {"dba": 0.8739}, "min": {"dba": 0.8418}}, "1010": {"mean": {"dba": 1.1763}, "min": {"dba": 1.1039}}, "1011": {"mean": {"dba": 1.032}, "min": {"dba": 1.0279}}, "1012": {"mean": {"dba": 1.3327}, "min": {"dba": 1.2589}}, "1013": {"mean": {"dba": 1.0432}, "min": {"dba": 1.0159}}, "1014": {"mean": {"dba": 1.6558}, "min": {"dba": 1.5648}}, "1015": {"mean": {"dba": 1.0639}, "min": {"dba": 1.001}}}, "1010": {"1001": {"mean": {"dba": 0.9834}, "min": {"dba": 0.9158}}, "1002": {"mean": {"dba": 1.0233}, "min": {"dba": 1.0113}}, "1003": {"mean": {"dba": 1.1315}, "min": {"dba": 1.0452}}, "1004": {"mean": {"dba": 1.0638}, "min": {"dba": 1.0298}}, "1005": {"mean": {"dba": 1.5285}, "min": {"dba": 1.2409}}, "1006": {"mean": {"dba": 1.0458}, "min": {"dba": 0.996}}, "1007": {"mean": {"dba": 1.054}, "min": {"dba": 0.9774}}, "1008": {"mean": {"dba": 1.1311}, "min": {"dba": 1.0911}}, "1009": {"mean": {"dba": 0.9817}, "min": {"dba": 0.847}}, "1010": {"mean": {"dba": 0.8782}, "min": {"dba": 0.8542}}, "1011": {"mean": {"dba": 1.1313}, "min": {"dba": 1.0452}}, "1012": {"mean": {"dba": 0.9915}, "min": {"dba": 0.9679}}, "1013": {"mean": {"dba": 1.0881}, "min": {"dba": 1.0184}}, "1014": {"mean": {"dba": 1.0642}, "min": {"dba": 0.9836}}, "1015": {"mean": {"dba": 0.8809}, "min": {"dba": 0.8611}}}, "1011": {"1001": {"mean": {"dba": 0.9539}, "min": {"dba": 0.9057}}, "1002": {"mean": {"dba": 1.236}, "min": {"dba": 1.1316}}, "1003": {"mean": {"dba": 1.026}, "min": {"dba": 1.0217}}, "1004": {"mean": {"dba": 1.4262}, "min": {"dba": 1.3012}}, "1005": {"mean": {"dba": 1.3732}, "min": {"dba": 1.3323}}, "1006": {"mean": {"dba": 1.415}, "min": {"dba": 1.2901}}, "1007": {"mean": {"dba": 0.9618}, "min": {"dba": 0.9429}}, "1008": {"mean": {"dba": 1.0775}, "min": {"dba": 1.0439}}, "1009": {"mean": {"dba": 0.8391}, "min": {"dba": 0.8339}}, "1010": {"mean": {"dba": 1.1502}, "min": {"dba": 1.0278}}, "1011": {"mean": {"dba": 1.0215}, "min": {"dba": 1.0059}}, "1012": {"mean": {"dba": 1.3084}, "min": {"dba": 1.1886}}, "1013": {"mean": {"dba": 1.0391}, "min": {"dba": 1.007}}, "1014": {"mean": {"dba": 1.6204}, "min": {"dba": 1.4697}}, "1015": {"mean": {"dba": 1.0451}, "min": {"dba": 0.9416}}}, "1012": {"1001": {"mean": {"dba": 1.293}, "min": {"dba": 0.9021}}, "1002": {"mean": {"dba": 1.2125}, "min": {"dba": 0.9794}}, "1003": {"mean": {"dba": 1.584}, "min": {"dba": 1.0772}}, "1004": {"mean": {"dba": 1.2272}, "min": {"dba": 1.0675}}, "1005": {"mean": {"dba": 2.3705}, "min": {"dba": 1.7085}}, "1006": {"mean": {"dba": 1.2077}, "min": {"dba": 1.0162}}, "1007": {"mean": {"dba": 1.5044}, "min": {"dba": 1.0017}}, "1008": {"mean": {"dba": 1.4415}, "min": {"dba": 1.048}}, "1009": {"mean": {"dba": 1.5594}, "min": {"dba": 0.9659}}, "1010": {"mean": {"dba": 1.0922}, "min": {"dba": 0.869}}, "1011": {"mean": {"dba": 1.5934}, "min": {"dba": 1.0823}}, "1012": {"mean": {"dba": 1.1644}, "min": {"dba": 0.9783}}, "1013": {"mean": {"dba": 1.3992}, "min": {"dba": 1.008}}, "1014": {"mean": {"dba": 1.0965}, "min": {"dba": 0.9224}}, "1015": {"mean": {"dba": 1.1316}, "min": {"dba": 0.8641}}}, "1013": {"1001": {"mean": {"dba": 0.9087}, "min": {"dba": 0.9034}}, "1002": {"mean": {"dba": 1.1415}, "min": {"dba": 1.1215}}, "1003": {"mean": {"dba": 1.0586}, "min": {"dba": 1.0568}}, "1004": {"mean": {"dba": 1.3148}, "min": {"dba": 1.2879}}, "1005": {"mean": {"dba": 1.6543}, "min": {"dba": 1.6486}}, "1006": {"mean": {"dba": 1.3045}, "min": {"dba": 1.2772}}, "1007": {"mean": {"dba": 0.9869}, "min": {"dba": 0.9859}}, "1008": {"mean": {"dba": 1.0498}, "min": {"dba": 1.0477}}, "1009": {"mean": {"dba": 0.9368}, "min": {"dba": 0.9335}}, "1010": {"mean": {"dba": 1.0437}, "min": {"dba": 1.0199}}, "1011": {"mean": {"dba": 1.0589}, "min": {"dba": 1.0567}}, "1012": {"mean": {"dba": 1.1963}, "min": {"dba": 1.1708}}, "1013": {"mean": {"dba": 1.01}, "min": {"dba": 1.0076}}, "1014": {"mean": {"dba": 1.4816}, "min": {"dba": 1.4461}}, "1015": {"mean": {"dba": 0.9526}, "min": {"dba": 0.9345}}}, "1014": {"1001": {"mean": {"dba": 1.4358}, "min": {"dba": 1.4165}}, "1002": {"mean": {"dba": 1.2218}, "min": {"dba": 1.2077}}, "1003": {"mean": {"dba": 1.8217}, "min": {"dba": 1.8004}}, "1004": {"mean": {"dba": 1.1228}, "min": {"dba": 1.114}}, "1005": {"mean": {"dba": 2.7128}, "min": {"dba": 2.6892}}, "1006": {"mean": {"dba": 1.1219}, "min": {"dba": 1.113}}, "1007": {"mean": {"dba": 1.7394}, "min": {"dba": 1.7178}}, "1008": {"mean": {"dba": 1.6015}, "min": {"dba": 1.582}}, "1009": {"mean": {"dba": 1.8507}, "min": {"dba": 1.8278}}, "1010": {"mean": {"dba": 1.0777}, "min": {"dba": 1.0624}}, "1011": {"mean": {"dba": 1.8198}, "min": {"dba": 1.799}}, "1012": {"mean": {"dba": 1.1011}, "min": {"dba": 1.0889}}, "1013": {"mean": {"dba": 1.5611}, "min": {"dba": 1.5415}}, "1014": {"mean": {"dba": 0.8906}, "min": {"dba": 0.8882}}, "1015": {"mean": {"dba": 1.1791}, "min": {"dba": 1.1612}}}, "1015": {"1001": {"mean": {"dba": 0.9615}, "min": {"dba": 0.9508}}, "1002": {"mean": {"dba": 1.0127}, "min": {"dba": 1.0111}}, "1003": {"mean": {"dba": 1.2508}, "min": {"dba": 1.2316}}, "1004": {"mean": {"dba": 1.092}, "min": {"dba": 1.0841}}, "1005": {"mean": {"dba": 2.0155}, "min": {"dba": 1.9876}}, "1006": {"mean": {"dba": 1.0845}, "min": {"dba": 1.0771}}, "1007": {"mean": {"dba": 1.1681}, "min": {"dba": 1.149}}, "1008": {"mean": {"dba": 1.1316}, "min": {"dba": 1.1191}}, "1009": {"mean": {"dba": 1.2031}, "min": {"dba": 1.1791}}, "1010": {"mean": {"dba": 0.8738}, "min": {"dba": 0.8687}}, "1011": {"mean": {"dba": 1.2506}, "min": {"dba": 1.2329}}, "1012": {"mean": {"dba": 0.9975}, "min": {"dba": 0.9927}}, "1013": {"mean": {"dba": 1.0871}, "min": {"dba": 1.0745}}, "1014": {"mean": {"dba": 1.1394}, "min": {"dba": 1.1263}}, "1015": {"mean": {"dba": 0.8577}, "min": {"dba": 0.853}}}}