{"1001": {"1001": {"mean": {"dba": 0.7759}, "min": {"dba": 0.7255}}, "1002": {"mean": {"dba": 0.8977}, "min": {"dba": 0.8508}}, "1003": {"mean": {"dba": 0.8351}, "min": {"dba": 0.8135}}, "1004": {"mean": {"dba": 0.8734}, "min": {"dba": 0.7764}}, "1005": {"mean": {"dba": 1.1258}, "min": {"dba": 0.991}}, "1006": {"mean": {"dba": 0.946}, "min": {"dba": 0.8459}}, "1007": {"mean": {"dba": 0.8166}, "min": {"dba": 0.7746}}, "1008": {"mean": {"dba": 0.922}, "min": {"dba": 0.9116}}, "1009": {"mean": {"dba": 0.8288}, "min": {"dba": 0.754}}, "1010": {"mean": {"dba": 0.7782}, "min": {"dba": 0.7331}}, "1011": {"mean": {"dba": 0.9759}, "min": {"dba": 0.9409}}, "1012": {"mean": {"dba": 0.8737}, "min": {"dba": 0.8306}}, "1013": {"mean": {"dba": 0.8521}, "min": {"dba": 0.8416}}, "1014": {"mean": {"dba": 0.9552}, "min": {"dba": 0.8386}}, "1015": {"mean": {"dba": 0.7784}, "min": {"dba": 0.7023}}}, "1002": {"1001": {"mean": {"dba": 0.7413}, "min": {"dba": 0.7287}}, "1002": {"mean": {"dba": 0.8991}, "min": {"dba": 0.8854}}, "1003": {"mean": {"dba": 0.8508}, "min": {"dba": 0.7833}}, "1004": {"mean": {"dba": 0.8104}, "min": {"dba": 0.7985}}, "1005": {"mean": {"dba": 1.4111}, "min": {"dba": 1.2922}}, "1006": {"mean": {"dba": 0.8462}, "min": {"dba": 0.8283}}, "1007": {"mean": {"dba": 0.8165}, "min": {"dba": 0.7756}}, "1008": {"mean": {"dba": 0.9257}, "min": {"dba": 0.9076}}, "1009": {"mean": {"dba": 0.8535}, "min": {"dba": 0.7373}}, "1010": {"mean": {"dba": 0.7672}, "min": {"dba": 0.7378}}, "1011": {"mean": {"dba": 0.9694}, "min": {"dba": 0.9504}}, "1012": {"mean": {"dba": 0.8311}, "min": {"dba": 0.8215}}, "1013": {"mean": {"dba": 0.8395}, "min": {"dba": 0.8239}}, "1014": {"mean": {"dba": 0.7138}, "min": {"dba": 0.7013}}, "1015": {"mean": {"dba": 0.7231}, "min": {"dba": 0.7074}}}, "1003": {"1001": {"mean": {"dba": 0.7793}, "min": {"dba": 0.7743}}, "1002": {"mean": {"dba": 0.9063}, "min": {"dba": 0.869}}, "1003": {"mean": {"dba": 0.7914}, "min": {"dba": 0.7507}}, "1004": {"mean": {"dba": 0.9075}, "min": {"dba": 0.8582}}, "1005": {"mean": {"dba": 0.9776}, "min": {"dba": 0.9284}}, "1006": {"mean": {"dba": 0.9537}, "min": {"dba": 0.8878}}, "1007": {"mean": {"dba": 0.7861}, "min": {"dba": 0.767}}, "1008": {"mean": {"dba": 0.896}, "min": {"dba": 0.8539}}, "1009": {"mean": {"dba": 0.7514}, "min": {"dba": 0.692}}, "1010": {"mean": {"dba": 0.7959}, "min": {"dba": 0.7769}}, "1011": {"mean": {"dba": 0.862}, "min": {"dba": 0.8154}}, "1012": {"mean": {"dba": 0.8936}, "min": {"dba": 0.8461}}, "1013": {"mean": {"dba": 0.8548}, "min": {"dba": 0.8344}}, "1014": {"mean": {"dba": 0.9243}, "min": {"dba": 0.785}}, "1015": {"mean": {"dba": 0.8}, "min": {"dba": 0.7789}}}, "1004": {"1001": {"mean": {"dba": 0.9103}, "min": {"dba": 0.7729}}, "1002": {"mean": {"dba": 0.9075}, "min": {"dba": 0.8126}}, "1003": {"mean": {"dba": 1.0692}, "min": {"dba": 0.8655}}, "1004": {"mean": {"dba": 0.8176}, "min": {"dba": 0.7592}}, "1005": {"mean": {"dba": 1.4588}, "min": {"dba": 1.0469}}, "1006": {"mean": {"dba": 0.8365}, "min": {"dba": 0.7839}}, "1007": {"mean": {"dba": 1.0268}, "min": {"dba": 0.8148}}, "1008": {"mean": {"dba": 1.0633}, "min": {"dba": 0.9226}}, "1009": {"mean": {"dba": 1.1372}, "min": {"dba": 0.8265}}, "1010": {"mean": {"dba": 0.804}, "min": {"dba": 0.7251}}, "1011": {"mean": {"dba": 1.1822}, "min": {"dba": 0.9753}}, "1012": {"mean": {"dba": 0.8767}, "min": {"dba": 0.8368}}, "1013": {"mean": {"dba": 1.0096}, "min": {"dba": 0.8657}}, "1014": {"mean": {"dba": 0.6903}, "min": {"dba": 0.6499}}, "1015": {"mean": {"dba": 0.8337}, "min": {"dba": 0.742}}}, "1005": {"1001": {"mean": {"dba": 1.3904}, "min": {"dba": 0.9548}}, "1002": {"mean": {"dba": 1.7769}, "min": {"dba": 1.2495}}, "1003": {"mean": {"dba": 1.1673}, "min": {"dba": 0.8606}}, "1004": {"mean": {"dba": 1.9132}, "min": {"dba": 1.3698}}, "1005": {"mean": {"dba": 1.0112}, "min": {"dba": 0.9482}}, "1006": {"mean": {"dba": 1.9883}, "min": {"dba": 1.4396}}, "1007": {"mean": {"dba": 1.248}, "min": {"dba": 0.9171}}, "1008": {"mean": {"dba": 1.4323}, "min": {"dba": 1.0248}}, "1009": {"mean": {"dba": 1.0675}, "min": {"dba": 0.8008}}, "1010": {"mean": {"dba": 1.6459}, "min": {"dba": 1.1201}}, "1011": {"mean": {"dba": 1.2895}, "min": {"dba": 0.9701}}, "1012": {"mean": {"dba": 1.8361}, "min": {"dba": 1.3128}}, "1013": {"mean": {"dba": 1.3778}, "min": {"dba": 0.9721}}, "1014": {"mean": {"dba": 2.2109}, "min": {"dba": 1.6328}}, "1015": {"mean": {"dba": 1.5736}, "min": {"dba": 1.0534}}}, "1006": {"1001": {"mean": {"dba": 0.8455}, "min": {"dba": 0.7646}}, "1002": {"mean": {"dba": 0.8824}, "min": {"dba": 0.8146}}, "1003": {"mean": {"dba": 0.9655}, "min": {"dba": 0.7715}}, "1004": {"mean": {"dba": 0.8332}, "min": {"dba": 0.8132}}, "1005": {"mean": {"dba": 1.3296}, "min": {"dba": 0.9583}}, "1006": {"mean": {"dba": 0.8482}, "min": {"dba": 0.8039}}, "1007": {"mean": {"dba": 0.923}, "min": {"dba": 0.7409}}, "1008": {"mean": {"dba": 1.0232}, "min": {"dba": 0.908}}, "1009": {"mean": {"dba": 0.9256}, "min": {"dba": 0.707}}, "1010": {"mean": {"dba": 0.7924}, "min": {"dba": 0.744}}, "1011": {"mean": {"dba": 1.0821}, "min": {"dba": 0.9114}}, "1012": {"mean": {"dba": 0.8517}, "min": {"dba": 0.8193}}, "1013": {"mean": {"dba": 0.9441}, "min": {"dba": 0.8072}}, "1014": {"mean": {"dba": 0.7037}, "min": {"dba": 0.671}}, "1015": {"mean": {"dba": 0.7835}, "min": {"dba": 0.7671}}}, "1007": {"1001": {"mean": {"dba": 0.8195}, "min": {"dba": 0.7442}}, "1002": {"mean": {"dba": 0.9883}, "min": {"dba": 0.8526}}, "1003": {"mean": {"dba": 0.7662}, "min": {"dba": 0.7349}}, "1004": {"mean": {"dba": 1.0234}, "min": {"dba": 0.9018}}, "1005": {"mean": {"dba": 0.9325}, "min": {"dba": 0.8977}}, "1006": {"mean": {"dba": 1.0334}, "min": {"dba": 0.8743}}, "1007": {"mean": {"dba": 0.7749}, "min": {"dba": 0.7704}}, "1008": {"mean": {"dba": 0.8892}, "min": {"dba": 0.806}}, "1009": {"mean": {"dba": 0.7262}, "min": {"dba": 0.6978}}, "1010": {"mean": {"dba": 0.8734}, "min": {"dba": 0.7913}}, "1011": {"mean": {"dba": 0.8717}, "min": {"dba": 0.8212}}, "1012": {"mean": {"dba": 0.9694}, "min": {"dba": 0.8446}}, "1013": {"mean": {"dba": 0.8691}, "min": {"dba": 0.8638}}, "1014": {"mean": {"dba": 1.0581}, "min": {"dba": 0.8321}}, "1015": {"mean": {"dba": 0.8841}, "min": {"dba": 0.7938}}}, "1008": {"1001": {"mean": {"dba": 0.7631}, "min": {"dba": 0.7283}}, "1002": {"mean": {"dba": 0.9534}, "min": {"dba": 0.811}}, "1003": {"mean": {"dba": 0.7713}, "min": {"dba": 0.6998}}, "1004": {"mean": {"dba": 0.93}, "min": {"dba": 0.7373}}, "1005": {"mean": {"dba": 1.1395}, "min": {"dba": 0.8767}}, "1006": {"mean": {"dba": 1.0172}, "min": {"dba": 0.8316}}, "1007": {"mean": {"dba": 0.7508}, "min": {"dba": 0.6888}}, "1008": {"mean": {"dba": 0.8929}, "min": {"dba": 0.8292}}, "1009": {"mean": {"dba": 0.7305}, "min": {"dba": 0.6423}}, "1010": {"mean": {"dba": 0.7828}, "min": {"dba": 0.6405}}, "1011": {"mean": {"dba": 0.8594}, "min": {"dba": 0.7508}}, "1012": {"mean": {"dba": 0.9249}, "min": {"dba": 0.8005}}, "1013": {"mean": {"dba": 0.8205}, "min": {"dba": 0.7662}}, "1014": {"mean": {"dba": 1.1055}, "min": {"dba": 0.9241}}, "1015": {"mean": {"dba": 0.7884}, "min": {"dba": 0.7348}}}, "1009": {"1001": {"mean": {"dba": 0.8228}, "min": {"dba": 0.685}}, "1002": {"mean": {"dba": 1.108}, "min": {"dba": 0.8608}}, "1003": {"mean": {"dba": 0.7858}, "min": {"dba": 0.6808}}, "1004": {"mean": {"dba": 1.1194}, "min": {"dba": 0.7472}}, "1005": {"mean": {"dba": 1.1086}, "min": {"dba": 0.9619}}, "1006": {"mean": {"dba": 1.1965}, "min": {"dba": 0.8101}}, "1007": {"mean": {"dba": 0.8056}, "min": {"dba": 0.7428}}, "1008": {"mean": {"dba": 0.9708}, "min": {"dba": 0.8983}}, "1009": {"mean": {"dba": 0.7554}, "min": {"dba": 0.686}}, "1010": {"mean": {"dba": 0.9597}, "min": {"dba": 0.7349}}, "1011": {"mean": {"dba": 0.9239}, "min": {"dba": 0.8568}}, "1012": {"mean": {"dba": 1.0961}, "min": {"dba": 0.8222}}, "1013": {"mean": {"dba": 0.8898}, "min": {"dba": 0.8016}}, "1014": {"mean": {"dba": 1.2663}, "min": {"dba": 0.7202}}, "1015": {"mean": {"dba": 0.9208}, "min": {"dba": 0.7221}}}, "1010": {"1001": {"mean": {"dba": 0.8499}, "min": {"dba": 0.7193}}, "1002": {"mean": {"dba": 0.887}, "min": {"dba": 0.7802}}, "1003": {"mean": {"dba": 1.0301}, "min": {"dba": 0.7656}}, "1004": {"mean": {"dba": 0.7917}, "min": {"dba": 0.7282}}, "1005": {"mean": {"dba": 1.6556}, "min": {"dba": 1.1409}}, "1006": {"mean": {"dba": 0.8282}, "min": {"dba": 0.7484}}, "1007": {"mean": {"dba": 0.9895}, "min": {"dba": 0.776}}, "1008": {"mean": {"dba": 1.0401}, "min": {"dba": 0.9209}}, "1009": {"mean": {"dba": 1.0441}, "min": {"dba": 0.7186}}, "1010": {"mean": {"dba": 0.7702}, "min": {"dba": 0.6827}}, "1011": {"mean": {"dba": 1.114}, "min": {"dba": 0.884}}, "1012": {"mean": {"dba": 0.8357}, "min": {"dba": 0.7706}}, "1013": {"mean": {"dba": 0.9689}, "min": {"dba": 0.8477}}, "1014": {"mean": {"dba": 0.712}, "min": {"dba": 0.6617}}, "1015": {"mean": {"dba": 0.7711}, "min": {"dba": 0.7048}}}, "1011": {"1001": {"mean": {"dba": 0.777}, "min": {"dba": 0.7696}}, "1002": {"mean": {"dba": 1.0139}, "min": {"dba": 0.9364}}, "1003": {"mean": {"dba": 0.7626}, "min": {"dba": 0.7412}}, "1004": {"mean": {"dba": 1.0034}, "min": {"dba": 0.8827}}, "1005": {"mean": {"dba": 0.9974}, "min": {"dba": 0.9313}}, "1006": {"mean": {"dba": 1.0578}, "min": {"dba": 0.9395}}, "1007": {"mean": {"dba": 0.7601}, "min": {"dba": 0.7299}}, "1008": {"mean": {"dba": 0.9103}, "min": {"dba": 0.8559}}, "1009": {"mean": {"dba": 0.7233}, "min": {"dba": 0.6974}}, "1010": {"mean": {"dba": 0.8469}, "min": {"dba": 0.7721}}, "1011": {"mean": {"dba": 0.8836}, "min": {"dba": 0.8369}}, "1012": {"mean": {"dba": 1.0048}, "min": {"dba": 0.9052}}, "1013": {"mean": {"dba": 0.836}, "min": {"dba": 0.8107}}, "1014": {"mean": {"dba": 1.0397}, "min": {"dba": 0.822}}, "1015": {"mean": {"dba": 0.8411}, "min": {"dba": 0.7805}}}, "1012": {"1001": {"mean": {"dba": 0.887}, "min": {"dba": 0.7703}}, "1002": {"mean": {"dba": 0.8952}, "min": {"dba": 0.8276}}, "1003": {"mean": {"dba": 1.0285}, "min": {"dba": 0.8057}}, "1004": {"mean": {"dba": 0.8426}, "min": {"dba": 0.8166}}, "1005": {"mean": {"dba": 1.4121}, "min": {"dba": 0.9611}}, "1006": {"mean": {"dba": 0.8582}, "min": {"dba": 0.7953}}, "1007": {"mean": {"dba": 0.9623}, "min": {"dba": 0.7406}}, "1008": {"mean": {"dba": 1.0309}, "min": {"dba": 0.9072}}, "1009": {"mean": {"dba": 1.0272}, "min": {"dba": 0.6867}}, "1010": {"mean": {"dba": 0.799}, "min": {"dba": 0.7297}}, "1011": {"mean": {"dba": 1.1036}, "min": {"dba": 0.8683}}, "1012": {"mean": {"dba": 0.8402}, "min": {"dba": 0.7949}}, "1013": {"mean": {"dba": 0.9627}, "min": {"dba": 0.836}}, "1014": {"mean": {"dba": 0.7331}, "min": {"dba": 0.7281}}, "1015": {"mean": {"dba": 0.8105}, "min": {"dba": 0.7263}}}, "1013": {"1001": {"mean": {"dba": 0.8035}, "min": {"dba": 0.7218}}, "1002": {"mean": {"dba": 0.9118}, "min": {"dba": 0.8086}}, "1003": {"mean": {"dba": 0.8127}, "min": {"dba": 0.7803}}, "1004": {"mean": {"dba": 0.8929}, "min": {"dba": 0.8226}}, "1005": {"mean": {"dba": 1.2301}, "min": {"dba": 0.938}}, "1006": {"mean": {"dba": 0.8983}, "min": {"dba": 0.8011}}, "1007": {"mean": {"dba": 0.7934}, "min": {"dba": 0.7289}}, "1008": {"mean": {"dba": 0.9167}, "min": {"dba": 0.8545}}, "1009": {"mean": {"dba": 0.7835}, "min": {"dba": 0.7436}}, "1010": {"mean": {"dba": 0.7892}, "min": {"dba": 0.6965}}, "1011": {"mean": {"dba": 0.9095}, "min": {"dba": 0.8621}}, "1012": {"mean": {"dba": 0.89}, "min": {"dba": 0.8424}}, "1013": {"mean": {"dba": 0.8689}, "min": {"dba": 0.801}}, "1014": {"mean": {"dba": 0.8613}, "min": {"dba": 0.6931}}, "1015": {"mean": {"dba": 0.8176}, "min": {"dba": 0.7142}}}, "1014": {"1001": {"mean": {"dba": 1.0745}, "min": {"dba": 0.8281}}, "1002": {"mean": {"dba": 0.9796}, "min": {"dba": 0.8494}}, "1003": {"mean": {"dba": 1.2197}, "min": {"dba": 0.922}}, "1004": {"mean": {"dba": 0.8516}, "min": {"dba": 0.7423}}, "1005": {"mean": {"dba": 1.5161}, "min": {"dba": 1.0909}}, "1006": {"mean": {"dba": 0.8845}, "min": {"dba": 0.7968}}, "1007": {"mean": {"dba": 1.1965}, "min": {"dba": 0.9039}}, "1008": {"mean": {"dba": 1.2445}, "min": {"dba": 1.0009}}, "1009": {"mean": {"dba": 1.2057}, "min": {"dba": 0.8899}}, "1010": {"mean": {"dba": 0.9153}, "min": {"dba": 0.769}}, "1011": {"mean": {"dba": 1.3425}, "min": {"dba": 1.0587}}, "1012": {"mean": {"dba": 0.9118}, "min": {"dba": 0.8083}}, "1013": {"mean": {"dba": 1.1902}, "min": {"dba": 0.9256}}, "1014": {"mean": {"dba": 0.6917}, "min": {"dba": 0.6408}}, "1015": {"mean": {"dba": 0.9405}, "min": {"dba": 0.7457}}}, "1015": {"1001": {"mean": {"dba": 0.8138}, "min": {"dba": 0.7702}}, "1002": {"mean": {"dba": 0.8884}, "min": {"dba": 0.7903}}, "1003": {"mean": {"dba": 0.9452}, "min": {"dba": 0.7558}}, "1004": {"mean": {"dba": 0.8189}, "min": {"dba": 0.7463}}, "1005": {"mean": {"dba": 1.5315}, "min": {"dba": 1.0931}}, "1006": {"mean": {"dba": 0.8747}, "min": {"dba": 0.8052}}, "1007": {"mean": {"dba": 0.8957}, "min": {"dba": 0.7552}}, "1008": {"mean": {"dba": 0.976}, "min": {"dba": 0.8708}}, "1009": {"mean": {"dba": 0.9442}, "min": {"dba": 0.6967}}, "1010": {"mean": {"dba": 0.7644}, "min": {"dba": 0.686}}, "1011": {"mean": {"dba": 1.0389}, "min": {"dba": 0.8792}}, "1012": {"mean": {"dba": 0.8541}, "min": {"dba": 0.8159}}, "1013": {"mean": {"dba": 0.8945}, "min": {"dba": 0.7985}}, "1014": {"mean": {"dba": 0.8009}, "min": {"dba": 0.7359}}, "1015": {"mean": {"dba": 0.7715}, "min": {"dba": 0.7486}}}}