{"1001": {"1001": {"mean": {"dba": 0.8653}, "min": {"dba": 0.8132}}, "1002": {"mean": {"dba": 0.9471}, "min": {"dba": 0.892}}, "1003": {"mean": {"dba": 0.8606}, "min": {"dba": 0.8324}}, "1004": {"mean": {"dba": 0.9404}, "min": {"dba": 0.879}}, "1005": {"mean": {"dba": 1.1472}, "min": {"dba": 1.0027}}, "1006": {"mean": {"dba": 0.9935}, "min": {"dba": 0.9393}}, "1007": {"mean": {"dba": 0.8559}, "min": {"dba": 0.8154}}, "1008": {"mean": {"dba": 0.9544}, "min": {"dba": 0.9183}}, "1009": {"mean": {"dba": 0.8405}, "min": {"dba": 0.7776}}, "1010": {"mean": {"dba": 0.8271}, "min": {"dba": 0.8001}}, "1011": {"mean": {"dba": 1.0149}, "min": {"dba": 0.927}}, "1012": {"mean": {"dba": 0.9178}, "min": {"dba": 0.8974}}, "1013": {"mean": {"dba": 0.9048}, "min": {"dba": 0.8613}}, "1014": {"mean": {"dba": 0.9804}, "min": {"dba": 0.958}}, "1015": {"mean": {"dba": 0.7887}, "min": {"dba": 0.7854}}}, "1002": {"1001": {"mean": {"dba": 0.8143}, "min": {"dba": 0.8032}}, "1002": {"mean": {"dba": 0.9245}, "min": {"dba": 0.8939}}, "1003": {"mean": {"dba": 0.9448}, "min": {"dba": 0.9069}}, "1004": {"mean": {"dba": 0.8784}, "min": {"dba": 0.8714}}, "1005": {"mean": {"dba": 1.4709}, "min": {"dba": 1.3491}}, "1006": {"mean": {"dba": 0.9101}, "min": {"dba": 0.8795}}, "1007": {"mean": {"dba": 0.9136}, "min": {"dba": 0.8848}}, "1008": {"mean": {"dba": 0.9814}, "min": {"dba": 0.9477}}, "1009": {"mean": {"dba": 0.958}, "min": {"dba": 0.923}}, "1010": {"mean": {"dba": 0.8062}, "min": {"dba": 0.759}}, "1011": {"mean": {"dba": 1.0362}, "min": {"dba": 1.029}}, "1012": {"mean": {"dba": 0.9012}, "min": {"dba": 0.8524}}, "1013": {"mean": {"dba": 0.9085}, "min": {"dba": 0.8727}}, "1014": {"mean": {"dba": 0.8268}, "min": {"dba": 0.7458}}, "1015": {"mean": {"dba": 0.7949}, "min": {"dba": 0.7326}}}, "1003": {"1001": {"mean": {"dba": 0.7981}, "min": {"dba": 0.7541}}, "1002": {"mean": {"dba": 0.9096}, "min": {"dba": 0.8742}}, "1003": {"mean": {"dba": 0.7835}, "min": {"dba": 0.7541}}, "1004": {"mean": {"dba": 0.8952}, "min": {"dba": 0.8402}}, "1005": {"mean": {"dba": 1.0301}, "min": {"dba": 0.9317}}, "1006": {"mean": {"dba": 0.9277}, "min": {"dba": 0.865}}, "1007": {"mean": {"dba": 0.8205}, "min": {"dba": 0.7956}}, "1008": {"mean": {"dba": 0.9158}, "min": {"dba": 0.8838}}, "1009": {"mean": {"dba": 0.7809}, "min": {"dba": 0.7425}}, "1010": {"mean": {"dba": 0.7975}, "min": {"dba": 0.7471}}, "1011": {"mean": {"dba": 0.9113}, "min": {"dba": 0.9008}}, "1012": {"mean": {"dba": 0.9121}, "min": {"dba": 0.8879}}, "1013": {"mean": {"dba": 0.8792}, "min": {"dba": 0.8367}}, "1014": {"mean": {"dba": 0.9143}, "min": {"dba": 0.7864}}, "1015": {"mean": {"dba": 0.7662}, "min": {"dba": 0.7441}}}, "1004": {"1001": {"mean": {"dba": 1.0024}, "min": {"dba": 0.8672}}, "1002": {"mean": {"dba": 0.9382}, "min": {"dba": 0.8791}}, "1003": {"mean": {"dba": 1.1795}, "min": {"dba": 1.0036}}, "1004": {"mean": {"dba": 0.9099}, "min": {"dba": 0.8623}}, "1005": {"mean": {"dba": 1.4587}, "min": {"dba": 1.0032}}, "1006": {"mean": {"dba": 0.8934}, "min": {"dba": 0.8499}}, "1007": {"mean": {"dba": 1.1366}, "min": {"dba": 0.9826}}, "1008": {"mean": {"dba": 1.1387}, "min": {"dba": 1.0107}}, "1009": {"mean": {"dba": 1.2286}, "min": {"dba": 0.9948}}, "1010": {"mean": {"dba": 0.8467}, "min": {"dba": 0.7756}}, "1011": {"mean": {"dba": 1.2938}, "min": {"dba": 1.1449}}, "1012": {"mean": {"dba": 0.9168}, "min": {"dba": 0.8685}}, "1013": {"mean": {"dba": 1.0778}, "min": {"dba": 0.949}}, "1014": {"mean": {"dba": 0.7537}, "min": {"dba": 0.7298}}, "1015": {"mean": {"dba": 0.8687}, "min": {"dba": 0.7952}}}, "1005": {"1001": {"mean": {"dba": 1.4186}, "min": {"dba": 0.9577}}, "1002": {"mean": {"dba": 1.8185}, "min": {"dba": 1.3105}}, "1003": {"mean": {"dba": 1.2083}, "min": {"dba": 0.9297}}, "1004": {"mean": {"dba": 1.9038}, "min": {"dba": 1.3507}}, "1005": {"mean": {"dba": 1.0737}, "min": {"dba": 1.0424}}, "1006": {"mean": {"dba": 1.9974}, "min": {"dba": 1.4369}}, "1007": {"mean": {"dba": 1.2761}, "min": {"dba": 0.9578}}, "1008": {"mean": {"dba": 1.468}, "min": {"dba": 1.0909}}, "1009": {"mean": {"dba": 1.1205}, "min": {"dba": 0.8633}}, "1010": {"mean": {"dba": 1.69}, "min": {"dba": 1.1706}}, "1011": {"mean": {"dba": 1.3003}, "min": {"dba": 0.9784}}, "1012": {"mean": {"dba": 1.8687}, "min": {"dba": 1.347}}, "1013": {"mean": {"dba": 1.4282}, "min": {"dba": 1.0462}}, "1014": {"mean": {"dba": 2.2311}, "min": {"dba": 1.6312}}, "1015": {"mean": {"dba": 1.5987}, "min": {"dba": 1.0712}}}, "1006": {"1001": {"mean": {"dba": 0.9933}, "min": {"dba": 0.838}}, "1002": {"mean": {"dba": 0.9581}, "min": {"dba": 0.8987}}, "1003": {"mean": {"dba": 1.0575}, "min": {"dba": 0.9323}}, "1004": {"mean": {"dba": 0.9256}, "min": {"dba": 0.9117}}, "1005": {"mean": {"dba": 1.3344}, "min": {"dba": 0.9796}}, "1006": {"mean": {"dba": 0.9082}, "min": {"dba": 0.8604}}, "1007": {"mean": {"dba": 1.0525}, "min": {"dba": 0.8841}}, "1008": {"mean": {"dba": 1.1169}, "min": {"dba": 0.979}}, "1009": {"mean": {"dba": 1.0281}, "min": {"dba": 0.918}}, "1010": {"mean": {"dba": 0.8526}, "min": {"dba": 0.8139}}, "1011": {"mean": {"dba": 1.1833}, "min": {"dba": 1.0286}}, "1012": {"mean": {"dba": 0.9315}, "min": {"dba": 0.9052}}, "1013": {"mean": {"dba": 1.0761}, "min": {"dba": 0.9026}}, "1014": {"mean": {"dba": 0.818}, "min": {"dba": 0.749}}, "1015": {"mean": {"dba": 0.8729}, "min": {"dba": 0.8128}}}, "1007": {"1001": {"mean": {"dba": 0.9297}, "min": {"dba": 0.8655}}, "1002": {"mean": {"dba": 1.1207}, "min": {"dba": 0.9028}}, "1003": {"mean": {"dba": 0.8255}, "min": {"dba": 0.7677}}, "1004": {"mean": {"dba": 1.0849}, "min": {"dba": 0.868}}, "1005": {"mean": {"dba": 1.0351}, "min": {"dba": 0.9513}}, "1006": {"mean": {"dba": 1.1364}, "min": {"dba": 0.9033}}, "1007": {"mean": {"dba": 0.8508}, "min": {"dba": 0.7766}}, "1008": {"mean": {"dba": 0.9833}, "min": {"dba": 0.8618}}, "1009": {"mean": {"dba": 0.7716}, "min": {"dba": 0.7027}}, "1010": {"mean": {"dba": 0.9873}, "min": {"dba": 0.8024}}, "1011": {"mean": {"dba": 0.9293}, "min": {"dba": 0.8628}}, "1012": {"mean": {"dba": 1.0995}, "min": {"dba": 0.8878}}, "1013": {"mean": {"dba": 0.9701}, "min": {"dba": 0.8899}}, "1014": {"mean": {"dba": 1.1789}, "min": {"dba": 0.871}}, "1015": {"mean": {"dba": 0.9549}, "min": {"dba": 0.7649}}}, "1008": {"1001": {"mean": {"dba": 0.8451}, "min": {"dba": 0.8232}}, "1002": {"mean": {"dba": 0.9873}, "min": {"dba": 0.8906}}, "1003": {"mean": {"dba": 0.818}, "min": {"dba": 0.7575}}, "1004": {"mean": {"dba": 0.9953}, "min": {"dba": 0.8909}}, "1005": {"mean": {"dba": 1.2669}, "min": {"dba": 0.9311}}, "1006": {"mean": {"dba": 1.0579}, "min": {"dba": 0.9272}}, "1007": {"mean": {"dba": 0.8302}, "min": {"dba": 0.7828}}, "1008": {"mean": {"dba": 0.9358}, "min": {"dba": 0.899}}, "1009": {"mean": {"dba": 0.7997}, "min": {"dba": 0.7534}}, "1010": {"mean": {"dba": 0.8357}, "min": {"dba": 0.7637}}, "1011": {"mean": {"dba": 0.9597}, "min": {"dba": 0.9523}}, "1012": {"mean": {"dba": 0.9718}, "min": {"dba": 0.8799}}, "1013": {"mean": {"dba": 0.8841}, "min": {"dba": 0.8526}}, "1014": {"mean": {"dba": 1.1537}, "min": {"dba": 1.0056}}, "1015": {"mean": {"dba": 0.8012}, "min": {"dba": 0.7612}}}, "1009": {"1001": {"mean": {"dba": 0.8403}, "min": {"dba": 0.7697}}, "1002": {"mean": {"dba": 1.1085}, "min": {"dba": 0.955}}, "1003": {"mean": {"dba": 0.8097}, "min": {"dba": 0.7636}}, "1004": {"mean": {"dba": 1.117}, "min": {"dba": 0.8673}}, "1005": {"mean": {"dba": 1.1706}, "min": {"dba": 1.0601}}, "1006": {"mean": {"dba": 1.1806}, "min": {"dba": 0.9055}}, "1007": {"mean": {"dba": 0.8361}, "min": {"dba": 0.8012}}, "1008": {"mean": {"dba": 0.9652}, "min": {"dba": 0.9119}}, "1009": {"mean": {"dba": 0.7684}, "min": {"dba": 0.7433}}, "1010": {"mean": {"dba": 0.946}, "min": {"dba": 0.8055}}, "1011": {"mean": {"dba": 0.9245}, "min": {"dba": 0.8728}}, "1012": {"mean": {"dba": 1.0984}, "min": {"dba": 0.8995}}, "1013": {"mean": {"dba": 0.9081}, "min": {"dba": 0.8573}}, "1014": {"mean": {"dba": 1.2878}, "min": {"dba": 0.8892}}, "1015": {"mean": {"dba": 0.899}, "min": {"dba": 0.7688}}}, "1010": {"1001": {"mean": {"dba": 0.8684}, "min": {"dba": 0.7777}}, "1002": {"mean": {"dba": 0.8967}, "min": {"dba": 0.7856}}, "1003": {"mean": {"dba": 0.9959}, "min": {"dba": 0.7736}}, "1004": {"mean": {"dba": 0.854}, "min": {"dba": 0.7799}}, "1005": {"mean": {"dba": 1.6314}, "min": {"dba": 1.1353}}, "1006": {"mean": {"dba": 0.8718}, "min": {"dba": 0.781}}, "1007": {"mean": {"dba": 0.9784}, "min": {"dba": 0.8031}}, "1008": {"mean": {"dba": 1.0252}, "min": {"dba": 0.9342}}, "1009": {"mean": {"dba": 1.0039}, "min": {"dba": 0.7333}}, "1010": {"mean": {"dba": 0.7787}, "min": {"dba": 0.6971}}, "1011": {"mean": {"dba": 1.1121}, "min": {"dba": 0.9215}}, "1012": {"mean": {"dba": 0.8646}, "min": {"dba": 0.8011}}, "1013": {"mean": {"dba": 0.9683}, "min": {"dba": 0.8906}}, "1014": {"mean": {"dba": 0.7787}, "min": {"dba": 0.7114}}, "1015": {"mean": {"dba": 0.7663}, "min": {"dba": 0.7189}}}, "1011": {"1001": {"mean": {"dba": 0.8462}, "min": {"dba": 0.7972}}, "1002": {"mean": {"dba": 1.0191}, "min": {"dba": 0.9599}}, "1003": {"mean": {"dba": 0.7853}, "min": {"dba": 0.7342}}, "1004": {"mean": {"dba": 1.022}, "min": {"dba": 0.9314}}, "1005": {"mean": {"dba": 1.0389}, "min": {"dba": 0.9776}}, "1006": {"mean": {"dba": 1.0609}, "min": {"dba": 0.9661}}, "1007": {"mean": {"dba": 0.8058}, "min": {"dba": 0.7486}}, "1008": {"mean": {"dba": 0.951}, "min": {"dba": 0.8785}}, "1009": {"mean": {"dba": 0.7382}, "min": {"dba": 0.7046}}, "1010": {"mean": {"dba": 0.8712}, "min": {"dba": 0.7947}}, "1011": {"mean": {"dba": 0.9131}, "min": {"dba": 0.8519}}, "1012": {"mean": {"dba": 1.0282}, "min": {"dba": 0.9354}}, "1013": {"mean": {"dba": 0.9016}, "min": {"dba": 0.8302}}, "1014": {"mean": {"dba": 1.0667}, "min": {"dba": 0.8271}}, "1015": {"mean": {"dba": 0.8479}, "min": {"dba": 0.8165}}}, "1012": {"1001": {"mean": {"dba": 0.969}, "min": {"dba": 0.8547}}, "1002": {"mean": {"dba": 0.9156}, "min": {"dba": 0.8463}}, "1003": {"mean": {"dba": 1.097}, "min": {"dba": 0.9032}}, "1004": {"mean": {"dba": 0.8875}, "min": {"dba": 0.849}}, "1005": {"mean": {"dba": 1.6696}, "min": {"dba": 1.1397}}, "1006": {"mean": {"dba": 0.8666}, "min": {"dba": 0.7917}}, "1007": {"mean": {"dba": 1.0624}, "min": {"dba": 0.8821}}, "1008": {"mean": {"dba": 1.1138}, "min": {"dba": 0.9927}}, "1009": {"mean": {"dba": 1.0749}, "min": {"dba": 0.7514}}, "1010": {"mean": {"dba": 0.822}, "min": {"dba": 0.7391}}, "1011": {"mean": {"dba": 1.1904}, "min": {"dba": 0.9898}}, "1012": {"mean": {"dba": 0.9064}, "min": {"dba": 0.8706}}, "1013": {"mean": {"dba": 1.0591}, "min": {"dba": 0.9118}}, "1014": {"mean": {"dba": 0.7775}, "min": {"dba": 0.7604}}, "1015": {"mean": {"dba": 0.8209}, "min": {"dba": 0.7129}}}, "1013": {"1001": {"mean": {"dba": 0.8151}, "min": {"dba": 0.8066}}, "1002": {"mean": {"dba": 0.9534}, "min": {"dba": 0.8864}}, "1003": {"mean": {"dba": 0.8408}, "min": {"dba": 0.8092}}, "1004": {"mean": {"dba": 0.9017}, "min": {"dba": 0.8659}}, "1005": {"mean": {"dba": 1.2959}, "min": {"dba": 1.0043}}, "1006": {"mean": {"dba": 0.9159}, "min": {"dba": 0.8558}}, "1007": {"mean": {"dba": 0.8648}, "min": {"dba": 0.8244}}, "1008": {"mean": {"dba": 0.9517}, "min": {"dba": 0.8993}}, "1009": {"mean": {"dba": 0.8347}, "min": {"dba": 0.7937}}, "1010": {"mean": {"dba": 0.8082}, "min": {"dba": 0.7607}}, "1011": {"mean": {"dba": 0.9702}, "min": {"dba": 0.9074}}, "1012": {"mean": {"dba": 0.9212}, "min": {"dba": 0.9113}}, "1013": {"mean": {"dba": 0.9167}, "min": {"dba": 0.8858}}, "1014": {"mean": {"dba": 0.853}, "min": {"dba": 0.69}}, "1015": {"mean": {"dba": 0.7909}, "min": {"dba": 0.761}}}, "1014": {"1001": {"mean": {"dba": 1.1508}, "min": {"dba": 0.9449}}, "1002": {"mean": {"dba": 1.007}, "min": {"dba": 0.9186}}, "1003": {"mean": {"dba": 1.2621}, "min": {"dba": 0.9772}}, "1004": {"mean": {"dba": 0.9649}, "min": {"dba": 0.9234}}, "1005": {"mean": {"dba": 1.4721}, "min": {"dba": 0.9891}}, "1006": {"mean": {"dba": 0.9512}, "min": {"dba": 0.9064}}, "1007": {"mean": {"dba": 1.2192}, "min": {"dba": 0.9079}}, "1008": {"mean": {"dba": 1.2597}, "min": {"dba": 0.9847}}, "1009": {"mean": {"dba": 1.2369}, "min": {"dba": 0.9342}}, "1010": {"mean": {"dba": 0.9448}, "min": {"dba": 0.8407}}, "1011": {"mean": {"dba": 1.4054}, "min": {"dba": 1.149}}, "1012": {"mean": {"dba": 0.9565}, "min": {"dba": 0.8851}}, "1013": {"mean": {"dba": 1.2231}, "min": {"dba": 0.9461}}, "1014": {"mean": {"dba": 0.7762}, "min": {"dba": 0.7296}}, "1015": {"mean": {"dba": 0.9684}, "min": {"dba": 0.7955}}}, "1015": {"1001": {"mean": {"dba": 0.8781}, "min": {"dba": 0.8311}}, "1002": {"mean": {"dba": 0.9087}, "min": {"dba": 0.8109}}, "1003": {"mean": {"dba": 0.9871}, "min": {"dba": 0.8433}}, "1004": {"mean": {"dba": 0.8966}, "min": {"dba": 0.8189}}, "1005": {"mean": {"dba": 1.597}, "min": {"dba": 1.1659}}, "1006": {"mean": {"dba": 0.9163}, "min": {"dba": 0.815}}, "1007": {"mean": {"dba": 0.9377}, "min": {"dba": 0.7766}}, "1008": {"mean": {"dba": 1.0088}, "min": {"dba": 0.9321}}, "1009": {"mean": {"dba": 0.9683}, "min": {"dba": 0.7375}}, "1010": {"mean": {"dba": 0.794}, "min": {"dba": 0.7402}}, "1011": {"mean": {"dba": 1.0895}, "min": {"dba": 0.9575}}, "1012": {"mean": {"dba": 0.8808}, "min": {"dba": 0.81}}, "1013": {"mean": {"dba": 0.9554}, "min": {"dba": 0.9064}}, "1014": {"mean": {"dba": 0.842}, "min": {"dba": 0.7663}}, "1015": {"mean": {"dba": 0.777}, "min": {"dba": 0.7436}}}}