{"1": {"rank": 0.253, "score": 0.253, "mean": 0.253}, "2": {"rank": 0.444, "score": 0.444, "mean": 0.444}, "3": {"rank": 0.578, "score": 0.578, "mean": 0.578}, "4": {"rank": 0.7, "score": 0.7, "mean": 0.7}, "5": {"rank": 0.786, "score": 0.786, "mean": 0.786}, "6": {"rank": 0.853, "score": 0.853, "mean": 0.853}, "7": {"rank": 0.9, "score": 0.9, "mean": 0.9}, "8": {"rank": 0.928, "score": 0.928, "mean": 0.928}, "9": {"rank": 0.953, "score": 0.953, "mean": 0.953}, "10": {"rank": 0.978, "score": 0.978, "mean": 0.978}, "11": {"rank": 0.986, "score": 0.986, "mean": 0.986}, "12": {"rank": 0.992, "score": 0.992, "mean": 0.992}, "13": {"rank": 0.994, "score": 0.994, "mean": 0.994}, "14": {"rank": 0.994, "score": 0.994, "mean": 0.994}, "15": {"rank": 1.0, "score": 1.0, "mean": 1.0}}