{"rank": {"bvp": [0, 12, 7, 9, 7, 3, 1, 4, 0, 2, 8, 5, 1, 1, 1], "eda": [7, 10, 0, 13, 9, 13, 7, 14, 2, 3, 1, 1, 1, 4, 11], "temp": [9, 6, 5, 6, 3, 14, 2, 4, 10, 8, 13, 2, 11, 5, 11], "acc": [13, 1, 11, 4, 11, 10, 1, 12, 4, 12, 5, 12, 6, 0, 3], "bvp+eda": [2, 12, 3, 11, 9, 9, 2, 10, 1, 1, 4, 1, 1, 1, 7], "bvp+temp": [3, 12, 5, 8, 4, 9, 1, 2, 4, 3, 11, 3, 6, 1, 5], "bvp+acc": [6, 5, 12, 4, 11, 5, 0, 9, 0, 6, 5, 9, 2, 0, 0], "eda+temp": [9, 9, 2, 13, 3, 14, 3, 11, 5, 5, 7, 1, 5, 2, 13], "eda+acc": [13, 6, 6, 9, 13, 14, 2, 14, 0, 9, 2, 7, 3, 0, 7], "temp+acc": [11, 3, 9, 4, 7, 14, 0, 9, 7, 11, 10, 6, 9, 1, 7], "bvp+eda+temp": [3, 12, 2, 11, 4, 13, 1, 7, 1, 2, 8, 0, 3, 1, 8], "bvp+eda+acc": [6, 9, 4, 12, 13, 14, 1, 13, 0, 4, 3, 4, 1, 1, 3], "bvp+temp+acc": [7, 5, 9, 6, 7, 10, 0, 7, 2, 8, 12, 6, 5, 0, 3], "eda+temp+acc": [13, 5, 4, 9, 9, 14, 0, 13, 3, 11, 5, 3, 5, 0, 9], "bvp+eda+temp+acc": [6, 7, 5, 8, 10, 14, 0, 10, 1, 4, 8, 3, 3, 0, 6]}, "score": {"bvp": [0, 12, 7, 9, 7, 3, 1, 4, 0, 2, 8, 5, 1, 1, 1], "eda": [7, 10, 0, 13, 9, 13, 7, 14, 2, 3, 1, 1, 1, 4, 11], "temp": [9, 6, 5, 6, 3, 14, 2, 4, 10, 8, 13, 2, 11, 5, 11], "acc": [13, 1, 11, 4, 11, 10, 1, 12, 4, 12, 5, 12, 6, 0, 3], "bvp+eda": [6, 11, 2, 12, 6, 8, 3, 12, 1, 2, 6, 0, 0, 2, 7], "bvp+temp": [2, 9, 6, 7, 4, 11, 1, 1, 3, 5, 11, 1, 6, 3, 5], "bvp+acc": [4, 6, 11, 6, 7, 6, 0, 6, 0, 8, 9, 8, 2, 0, 1], "eda+temp": [7, 10, 2, 14, 2, 14, 5, 14, 4, 4, 8, 1, 3, 5, 11], "eda+acc": [11, 8, 1, 13, 11, 14, 5, 14, 2, 6, 2, 6, 1, 0, 10], "temp+acc": [11, 5, 8, 6, 5, 14, 1, 8, 7, 11, 13, 4, 10, 2, 8], "bvp+eda+temp": [6, 11, 2, 13, 3, 13, 2, 10, 2, 2, 8, 0, 2, 2, 7], "bvp+eda+acc": [7, 9, 3, 12, 7, 12, 1, 12, 1, 5, 4, 2, 0, 0, 6], "bvp+temp+acc": [5, 7, 9, 7, 4, 11, 0, 3, 2, 10, 12, 3, 5, 0, 6], "eda+temp+acc": [10, 7, 3, 12, 3, 14, 3, 14, 4, 7, 6, 1, 4, 1, 10], "bvp+eda+temp+acc": [6, 10, 2, 13, 3, 13, 1, 12, 3, 5, 9, 1, 2, 0, 6]}}