{"1001": {"1001": {"mean": {"dba": 0.8106}, "min": {"dba": 0.7814}}, "1002": {"mean": {"dba": 0.9383}, "min": {"dba": 0.8164}}, "1003": {"mean": {"dba": 0.9033}, "min": {"dba": 0.867}}, "1004": {"mean": {"dba": 0.8992}, "min": {"dba": 0.7162}}, "1005": {"mean": {"dba": 1.0891}, "min": {"dba": 0.8076}}, "1006": {"mean": {"dba": 1.0137}, "min": {"dba": 0.788}}, "1007": {"mean": {"dba": 0.794}, "min": {"dba": 0.7352}}, "1008": {"mean": {"dba": 0.8274}, "min": {"dba": 0.8155}}, "1009": {"mean": {"dba": 0.8107}, "min": {"dba": 0.7417}}, "1010": {"mean": {"dba": 0.8911}, "min": {"dba": 0.7587}}, "1011": {"mean": {"dba": 0.7785}, "min": {"dba": 0.7006}}, "1012": {"mean": {"dba": 0.9621}, "min": {"dba": 0.7941}}, "1013": {"mean": {"dba": 0.7642}, "min": {"dba": 0.7439}}, "1014": {"mean": {"dba": 0.9871}, "min": {"dba": 0.6721}}, "1015": {"mean": {"dba": 0.6988}, "min": {"dba": 0.6102}}}, "1002": {"1001": {"mean": {"dba": 0.827}, "min": {"dba": 0.7972}}, "1002": {"mean": {"dba": 0.8925}, "min": {"dba": 0.8644}}, "1003": {"mean": {"dba": 0.9995}, "min": {"dba": 0.9293}}, "1004": {"mean": {"dba": 0.7811}, "min": {"dba": 0.7561}}, "1005": {"mean": {"dba": 1.1928}, "min": {"dba": 0.8097}}, "1006": {"mean": {"dba": 0.8835}, "min": {"dba": 0.8791}}, "1007": {"mean": {"dba": 0.8852}, "min": {"dba": 0.8056}}, "1008": {"mean": {"dba": 0.8837}, "min": {"dba": 0.8357}}, "1009": {"mean": {"dba": 0.9335}, "min": {"dba": 0.8486}}, "1010": {"mean": {"dba": 0.8341}, "min": {"dba": 0.8158}}, "1011": {"mean": {"dba": 0.9074}, "min": {"dba": 0.8144}}, "1012": {"mean": {"dba": 0.8811}, "min": {"dba": 0.8603}}, "1013": {"mean": {"dba": 0.8172}, "min": {"dba": 0.7886}}, "1014": {"mean": {"dba": 0.7038}, "min": {"dba": 0.6521}}, "1015": {"mean": {"dba": 0.6646}, "min": {"dba": 0.6178}}}, "1003": {"1001": {"mean": {"dba": 0.7867}, "min": {"dba": 0.7708}}, "1002": {"mean": {"dba": 0.9065}, "min": {"dba": 0.8188}}, "1003": {"mean": {"dba": 0.8439}, "min": {"dba": 0.8107}}, "1004": {"mean": {"dba": 0.8124}, "min": {"dba": 0.7553}}, "1005": {"mean": {"dba": 0.8311}, "min": {"dba": 0.7453}}, "1006": {"mean": {"dba": 0.8905}, "min": {"dba": 0.8605}}, "1007": {"mean": {"dba": 0.7273}, "min": {"dba": 0.6906}}, "1008": {"mean": {"dba": 0.806}, "min": {"dba": 0.7811}}, "1009": {"mean": {"dba": 0.7381}, "min": {"dba": 0.7041}}, "1010": {"mean": {"dba": 0.8292}, "min": {"dba": 0.7895}}, "1011": {"mean": {"dba": 0.6824}, "min": {"dba": 0.6609}}, "1012": {"mean": {"dba": 0.9355}, "min": {"dba": 0.9076}}, "1013": {"mean": {"dba": 0.7504}, "min": {"dba": 0.7075}}, "1014": {"mean": {"dba": 0.6872}, "min": {"dba": 0.6361}}, "1015": {"mean": {"dba": 0.6956}, "min": {"dba": 0.6706}}}, "1004": {"1001": {"mean": {"dba": 0.8706}, "min": {"dba": 0.8299}}, "1002": {"mean": {"dba": 0.8396}, "min": {"dba": 0.7603}}, "1003": {"mean": {"dba": 1.0087}, "min": {"dba": 0.8862}}, "1004": {"mean": {"dba": 0.7695}, "min": {"dba": 0.7503}}, "1005": {"mean": {"dba": 1.052}, "min": {"dba": 0.7817}}, "1006": {"mean": {"dba": 0.8687}, "min": {"dba": 0.77}}, "1007": {"mean": {"dba": 0.8666}, "min": {"dba": 0.7492}}, "1008": {"mean": {"dba": 0.9205}, "min": {"dba": 0.8702}}, "1009": {"mean": {"dba": 0.9352}, "min": {"dba": 0.7971}}, "1010": {"mean": {"dba": 0.8065}, "min": {"dba": 0.7681}}, "1011": {"mean": {"dba": 1.0093}, "min": {"dba": 0.8744}}, "1012": {"mean": {"dba": 0.8612}, "min": {"dba": 0.8257}}, "1013": {"mean": {"dba": 0.8219}, "min": {"dba": 0.8163}}, "1014": {"mean": {"dba": 0.6173}, "min": {"dba": 0.5868}}, "1015": {"mean": {"dba": 0.6843}, "min": {"dba": 0.66}}}, "1005": {"1001": {"mean": {"dba": 0.9355}, "min": {"dba": 0.8407}}, "1002": {"mean": {"dba": 1.0687}, "min": {"dba": 0.8058}}, "1003": {"mean": {"dba": 0.9398}, "min": {"dba": 0.88}}, "1004": {"mean": {"dba": 1.0726}, "min": {"dba": 0.8764}}, "1005": {"mean": {"dba": 0.8143}, "min": {"dba": 0.7435}}, "1006": {"mean": {"dba": 1.1748}, "min": {"dba": 0.9738}}, "1007": {"mean": {"dba": 0.8463}, "min": {"dba": 0.7886}}, "1008": {"mean": {"dba": 0.9028}, "min": {"dba": 0.8424}}, "1009": {"mean": {"dba": 0.8147}, "min": {"dba": 0.7451}}, "1010": {"mean": {"dba": 1.0527}, "min": {"dba": 0.8362}}, "1011": {"mean": {"dba": 0.737}, "min": {"dba": 0.7238}}, "1012": {"mean": {"dba": 1.1982}, "min": {"dba": 1.0114}}, "1013": {"mean": {"dba": 0.8672}, "min": {"dba": 0.7601}}, "1014": {"mean": {"dba": 1.2171}, "min": {"dba": 0.9019}}, "1015": {"mean": {"dba": 0.8776}, "min": {"dba": 0.7069}}}, "1006": {"1001": {"mean": {"dba": 0.8922}, "min": {"dba": 0.7747}}, "1002": {"mean": {"dba": 0.8647}, "min": {"dba": 0.7845}}, "1003": {"mean": {"dba": 1.068}, "min": {"dba": 0.855}}, "1004": {"mean": {"dba": 0.7902}, "min": {"dba": 0.7636}}, "1005": {"mean": {"dba": 1.2254}, "min": {"dba": 0.8654}}, "1006": {"mean": {"dba": 0.8729}, "min": {"dba": 0.7924}}, "1007": {"mean": {"dba": 0.9749}, "min": {"dba": 0.7732}}, "1008": {"mean": {"dba": 0.9436}, "min": {"dba": 0.7819}}, "1009": {"mean": {"dba": 1.0036}, "min": {"dba": 0.73}}, "1010": {"mean": {"dba": 0.8165}, "min": {"dba": 0.7406}}, "1011": {"mean": {"dba": 1.042}, "min": {"dba": 0.7823}}, "1012": {"mean": {"dba": 0.8617}, "min": {"dba": 0.8088}}, "1013": {"mean": {"dba": 0.8638}, "min": {"dba": 0.7885}}, "1014": {"mean": {"dba": 0.6569}, "min": {"dba": 0.6077}}, "1015": {"mean": {"dba": 0.6918}, "min": {"dba": 0.6412}}}, "1007": {"1001": {"mean": {"dba": 0.7899}, "min": {"dba": 0.7654}}, "1002": {"mean": {"dba": 0.8767}, "min": {"dba": 0.7836}}, "1003": {"mean": {"dba": 0.8448}, "min": {"dba": 0.8093}}, "1004": {"mean": {"dba": 0.8859}, "min": {"dba": 0.7323}}, "1005": {"mean": {"dba": 0.8456}, "min": {"dba": 0.8091}}, "1006": {"mean": {"dba": 0.9601}, "min": {"dba": 0.8054}}, "1007": {"mean": {"dba": 0.7021}, "min": {"dba": 0.6623}}, "1008": {"mean": {"dba": 0.7968}, "min": {"dba": 0.7553}}, "1009": {"mean": {"dba": 0.7239}, "min": {"dba": 0.6975}}, "1010": {"mean": {"dba": 0.8668}, "min": {"dba": 0.7864}}, "1011": {"mean": {"dba": 0.666}, "min": {"dba": 0.6403}}, "1012": {"mean": {"dba": 0.9663}, "min": {"dba": 0.7975}}, "1013": {"mean": {"dba": 0.7638}, "min": {"dba": 0.7113}}, "1014": {"mean": {"dba": 0.8772}, "min": {"dba": 0.6719}}, "1015": {"mean": {"dba": 0.7195}, "min": {"dba": 0.6349}}}, "1008": {"1001": {"mean": {"dba": 0.8055}, "min": {"dba": 0.7914}}, "1002": {"mean": {"dba": 0.9066}, "min": {"dba": 0.8588}}, "1003": {"mean": {"dba": 0.9012}, "min": {"dba": 0.8741}}, "1004": {"mean": {"dba": 0.814}, "min": {"dba": 0.7555}}, "1005": {"mean": {"dba": 0.8753}, "min": {"dba": 0.8084}}, "1006": {"mean": {"dba": 0.9456}, "min": {"dba": 0.8737}}, "1007": {"mean": {"dba": 0.7722}, "min": {"dba": 0.7284}}, "1008": {"mean": {"dba": 0.8177}, "min": {"dba": 0.7827}}, "1009": {"mean": {"dba": 0.803}, "min": {"dba": 0.7813}}, "1010": {"mean": {"dba": 0.8167}, "min": {"dba": 0.7791}}, "1011": {"mean": {"dba": 0.7933}, "min": {"dba": 0.751}}, "1012": {"mean": {"dba": 0.9308}, "min": {"dba": 0.8912}}, "1013": {"mean": {"dba": 0.7939}, "min": {"dba": 0.7587}}, "1014": {"mean": {"dba": 0.8406}, "min": {"dba": 0.6543}}, "1015": {"mean": {"dba": 0.6609}, "min": {"dba": 0.6331}}}, "1009": {"1001": {"mean": {"dba": 0.8628}, "min": {"dba": 0.8049}}, "1002": {"mean": {"dba": 0.973}, "min": {"dba": 0.9218}}, "1003": {"mean": {"dba": 0.8411}, "min": {"dba": 0.8191}}, "1004": {"mean": {"dba": 0.7887}, "min": {"dba": 0.7805}}, "1005": {"mean": {"dba": 0.9729}, "min": {"dba": 0.8799}}, "1006": {"mean": {"dba": 0.8899}, "min": {"dba": 0.8653}}, "1007": {"mean": {"dba": 0.7308}, "min": {"dba": 0.6994}}, "1008": {"mean": {"dba": 0.828}, "min": {"dba": 0.7994}}, "1009": {"mean": {"dba": 0.7101}, "min": {"dba": 0.7074}}, "1010": {"mean": {"dba": 0.8741}, "min": {"dba": 0.8257}}, "1011": {"mean": {"dba": 0.6818}, "min": {"dba": 0.6615}}, "1012": {"mean": {"dba": 0.9522}, "min": {"dba": 0.91}}, "1013": {"mean": {"dba": 0.7978}, "min": {"dba": 0.7609}}, "1014": {"mean": {"dba": 0.8302}, "min": {"dba": 0.7081}}, "1015": {"mean": {"dba": 0.7304}, "min": {"dba": 0.6678}}}, "1010": {"1001": {"mean": {"dba": 0.8131}, "min": {"dba": 0.8044}}, "1002": {"mean": {"dba": 0.8694}, "min": {"dba": 0.8659}}, "1003": {"mean": {"dba": 0.9146}, "min": {"dba": 0.9009}}, "1004": {"mean": {"dba": 0.768}, "min": {"dba": 0.7531}}, "1005": {"mean": {"dba": 1.3941}, "min": {"dba": 1.3809}}, "1006": {"mean": {"dba": 0.8862}, "min": {"dba": 0.8696}}, "1007": {"mean": {"dba": 0.7853}, "min": {"dba": 0.7682}}, "1008": {"mean": {"dba": 0.8163}, "min": {"dba": 0.8002}}, "1009": {"mean": {"dba": 0.819}, "min": {"dba": 0.8027}}, "1010": {"mean": {"dba": 0.7934}, "min": {"dba": 0.7862}}, "1011": {"mean": {"dba": 0.8173}, "min": {"dba": 0.8073}}, "1012": {"mean": {"dba": 0.8539}, "min": {"dba": 0.8439}}, "1013": {"mean": {"dba": 0.7993}, "min": {"dba": 0.7938}}, "1014": {"mean": {"dba": 0.6756}, "min": {"dba": 0.6216}}, "1015": {"mean": {"dba": 0.6346}, "min": {"dba": 0.6301}}}, "1011": {"1001": {"mean": {"dba": 0.821}, "min": {"dba": 0.7671}}, "1002": {"mean": {"dba": 0.9194}, "min": {"dba": 0.7948}}, "1003": {"mean": {"dba": 0.8466}, "min": {"dba": 0.8331}}, "1004": {"mean": {"dba": 0.8195}, "min": {"dba": 0.7452}}, "1005": {"mean": {"dba": 0.8529}, "min": {"dba": 0.8333}}, "1006": {"mean": {"dba": 0.8795}, "min": {"dba": 0.8256}}, "1007": {"mean": {"dba": 0.7074}, "min": {"dba": 0.645}}, "1008": {"mean": {"dba": 0.7938}, "min": {"dba": 0.7748}}, "1009": {"mean": {"dba": 0.7593}, "min": {"dba": 0.7396}}, "1010": {"mean": {"dba": 0.8478}, "min": {"dba": 0.7663}}, "1011": {"mean": {"dba": 0.7529}, "min": {"dba": 0.6826}}, "1012": {"mean": {"dba": 0.9274}, "min": {"dba": 0.8451}}, "1013": {"mean": {"dba": 0.7554}, "min": {"dba": 0.7196}}, "1014": {"mean": {"dba": 0.7378}, "min": {"dba": 0.6959}}, "1015": {"mean": {"dba": 0.726}, "min": {"dba": 0.6369}}}, "1012": {"1001": {"mean": {"dba": 0.9443}, "min": {"dba": 0.8234}}, "1002": {"mean": {"dba": 0.918}, "min": {"dba": 0.854}}, "1003": {"mean": {"dba": 1.0514}, "min": {"dba": 0.8946}}, "1004": {"mean": {"dba": 0.7681}, "min": {"dba": 0.7438}}, "1005": {"mean": {"dba": 1.3556}, "min": {"dba": 0.9541}}, "1006": {"mean": {"dba": 0.8935}, "min": {"dba": 0.8646}}, "1007": {"mean": {"dba": 0.9468}, "min": {"dba": 0.7559}}, "1008": {"mean": {"dba": 0.9611}, "min": {"dba": 0.8228}}, "1009": {"mean": {"dba": 0.9655}, "min": {"dba": 0.7665}}, "1010": {"mean": {"dba": 0.8345}, "min": {"dba": 0.772}}, "1011": {"mean": {"dba": 1.011}, "min": {"dba": 0.8459}}, "1012": {"mean": {"dba": 0.8801}, "min": {"dba": 0.8504}}, "1013": {"mean": {"dba": 0.9412}, "min": {"dba": 0.8131}}, "1014": {"mean": {"dba": 0.6583}, "min": {"dba": 0.6069}}, "1015": {"mean": {"dba": 0.7105}, "min": {"dba": 0.642}}}, "1013": {"1001": {"mean": {"dba": 0.7836}, "min": {"dba": 0.73}}, "1002": {"mean": {"dba": 0.8966}, "min": {"dba": 0.877}}, "1003": {"mean": {"dba": 0.861}, "min": {"dba": 0.7956}}, "1004": {"mean": {"dba": 0.8236}, "min": {"dba": 0.7967}}, "1005": {"mean": {"dba": 0.9391}, "min": {"dba": 0.869}}, "1006": {"mean": {"dba": 0.9451}, "min": {"dba": 0.9082}}, "1007": {"mean": {"dba": 0.7603}, "min": {"dba": 0.6811}}, "1008": {"mean": {"dba": 0.8074}, "min": {"dba": 0.7698}}, "1009": {"mean": {"dba": 0.7628}, "min": {"dba": 0.7261}}, "1010": {"mean": {"dba": 0.8187}, "min": {"dba": 0.7903}}, "1011": {"mean": {"dba": 0.7211}, "min": {"dba": 0.6696}}, "1012": {"mean": {"dba": 0.9043}, "min": {"dba": 0.8589}}, "1013": {"mean": {"dba": 0.7588}, "min": {"dba": 0.7159}}, "1014": {"mean": {"dba": 0.8177}, "min": {"dba": 0.6404}}, "1015": {"mean": {"dba": 0.6537}, "min": {"dba": 0.6306}}}, "1014": {"1001": {"mean": {"dba": 0.9737}, "min": {"dba": 0.9}}, "1002": {"mean": {"dba": 0.878}, "min": {"dba": 0.8581}}, "1003": {"mean": {"dba": 1.1958}, "min": {"dba": 1.0341}}, "1004": {"mean": {"dba": 0.7935}, "min": {"dba": 0.7563}}, "1005": {"mean": {"dba": 1.2639}, "min": {"dba": 0.8655}}, "1006": {"mean": {"dba": 0.8619}, "min": {"dba": 0.8345}}, "1007": {"mean": {"dba": 1.1361}, "min": {"dba": 0.9816}}, "1008": {"mean": {"dba": 1.0864}, "min": {"dba": 0.9606}}, "1009": {"mean": {"dba": 1.1706}, "min": {"dba": 0.9417}}, "1010": {"mean": {"dba": 0.8582}, "min": {"dba": 0.8408}}, "1011": {"mean": {"dba": 1.161}, "min": {"dba": 0.9224}}, "1012": {"mean": {"dba": 0.9063}, "min": {"dba": 0.8603}}, "1013": {"mean": {"dba": 0.9686}, "min": {"dba": 0.8874}}, "1014": {"mean": {"dba": 0.6346}, "min": {"dba": 0.5877}}, "1015": {"mean": {"dba": 0.7301}, "min": {"dba": 0.7107}}}, "1015": {"1001": {"mean": {"dba": 0.7681}, "min": {"dba": 0.7463}}, "1002": {"mean": {"dba": 0.801}, "min": {"dba": 0.7723}}, "1003": {"mean": {"dba": 0.8288}, "min": {"dba": 0.7893}}, "1004": {"mean": {"dba": 0.7198}, "min": {"dba": 0.6892}}, "1005": {"mean": {"dba": 0.8379}, "min": {"dba": 0.8097}}, "1006": {"mean": {"dba": 0.7977}, "min": {"dba": 0.7822}}, "1007": {"mean": {"dba": 0.6867}, "min": {"dba": 0.6511}}, "1008": {"mean": {"dba": 0.7562}, "min": {"dba": 0.7279}}, "1009": {"mean": {"dba": 0.7129}, "min": {"dba": 0.6654}}, "1010": {"mean": {"dba": 0.7642}, "min": {"dba": 0.7368}}, "1011": {"mean": {"dba": 0.7213}, "min": {"dba": 0.6759}}, "1012": {"mean": {"dba": 0.8349}, "min": {"dba": 0.8027}}, "1013": {"mean": {"dba": 0.7097}, "min": {"dba": 0.6595}}, "1014": {"mean": {"dba": 0.6042}, "min": {"dba": 0.5435}}, "1015": {"mean": {"dba": 0.6198}, "min": {"dba": 0.5968}}}}