{"1001": {"1001": {"mean": {"dba": 0.8155}, "min": {"dba": 0.7872}}, "1002": {"mean": {"dba": 0.9824}, "min": {"dba": 0.8467}}, "1003": {"mean": {"dba": 0.9476}, "min": {"dba": 0.9239}}, "1004": {"mean": {"dba": 0.9458}, "min": {"dba": 0.754}}, "1005": {"mean": {"dba": 1.1395}, "min": {"dba": 0.8581}}, "1006": {"mean": {"dba": 1.0343}, "min": {"dba": 0.7959}}, "1007": {"mean": {"dba": 0.8292}, "min": {"dba": 0.8109}}, "1008": {"mean": {"dba": 0.8855}, "min": {"dba": 0.8247}}, "1009": {"mean": {"dba": 0.8615}, "min": {"dba": 0.8376}}, "1010": {"mean": {"dba": 0.8914}, "min": {"dba": 0.7598}}, "1011": {"mean": {"dba": 0.8398}, "min": {"dba": 0.8238}}, "1012": {"mean": {"dba": 0.9924}, "min": {"dba": 0.8233}}, "1013": {"mean": {"dba": 0.8085}, "min": {"dba": 0.7875}}, "1014": {"mean": {"dba": 1.0079}, "min": {"dba": 0.71}}, "1015": {"mean": {"dba": 0.7216}, "min": {"dba": 0.6258}}}, "1002": {"1001": {"mean": {"dba": 0.8293}, "min": {"dba": 0.8077}}, "1002": {"mean": {"dba": 0.9241}, "min": {"dba": 0.9114}}, "1003": {"mean": {"dba": 0.9745}, "min": {"dba": 0.9454}}, "1004": {"mean": {"dba": 0.8048}, "min": {"dba": 0.7764}}, "1005": {"mean": {"dba": 1.5047}, "min": {"dba": 1.3032}}, "1006": {"mean": {"dba": 0.8927}, "min": {"dba": 0.8853}}, "1007": {"mean": {"dba": 0.8476}, "min": {"dba": 0.8087}}, "1008": {"mean": {"dba": 0.9072}, "min": {"dba": 0.8956}}, "1009": {"mean": {"dba": 0.8897}, "min": {"dba": 0.8605}}, "1010": {"mean": {"dba": 0.828}, "min": {"dba": 0.7922}}, "1011": {"mean": {"dba": 0.895}, "min": {"dba": 0.8536}}, "1012": {"mean": {"dba": 0.9005}, "min": {"dba": 0.8885}}, "1013": {"mean": {"dba": 0.8349}, "min": {"dba": 0.8079}}, "1014": {"mean": {"dba": 0.751}, "min": {"dba": 0.7079}}, "1015": {"mean": {"dba": 0.6585}, "min": {"dba": 0.6489}}}, "1003": {"1001": {"mean": {"dba": 0.8158}, "min": {"dba": 0.7769}}, "1002": {"mean": {"dba": 0.947}, "min": {"dba": 0.9057}}, "1003": {"mean": {"dba": 0.8697}, "min": {"dba": 0.861}}, "1004": {"mean": {"dba": 0.8713}, "min": {"dba": 0.8688}}, "1005": {"mean": {"dba": 0.8622}, "min": {"dba": 0.7836}}, "1006": {"mean": {"dba": 0.9509}, "min": {"dba": 0.9362}}, "1007": {"mean": {"dba": 0.7395}, "min": {"dba": 0.728}}, "1008": {"mean": {"dba": 0.8714}, "min": {"dba": 0.8249}}, "1009": {"mean": {"dba": 0.7655}, "min": {"dba": 0.7178}}, "1010": {"mean": {"dba": 0.8481}, "min": {"dba": 0.821}}, "1011": {"mean": {"dba": 0.7709}, "min": {"dba": 0.7488}}, "1012": {"mean": {"dba": 0.956}, "min": {"dba": 0.9419}}, "1013": {"mean": {"dba": 0.7757}, "min": {"dba": 0.7497}}, "1014": {"mean": {"dba": 0.8545}, "min": {"dba": 0.7309}}, "1015": {"mean": {"dba": 0.7075}, "min": {"dba": 0.67}}}, "1004": {"1001": {"mean": {"dba": 0.8786}, "min": {"dba": 0.841}}, "1002": {"mean": {"dba": 0.911}, "min": {"dba": 0.8584}}, "1003": {"mean": {"dba": 1.0306}, "min": {"dba": 0.9146}}, "1004": {"mean": {"dba": 0.801}, "min": {"dba": 0.774}}, "1005": {"mean": {"dba": 1.087}, "min": {"dba": 0.7937}}, "1006": {"mean": {"dba": 0.9115}, "min": {"dba": 0.8501}}, "1007": {"mean": {"dba": 0.8947}, "min": {"dba": 0.7638}}, "1008": {"mean": {"dba": 0.9646}, "min": {"dba": 0.917}}, "1009": {"mean": {"dba": 0.9609}, "min": {"dba": 0.7924}}, "1010": {"mean": {"dba": 0.8148}, "min": {"dba": 0.7753}}, "1011": {"mean": {"dba": 1.0342}, "min": {"dba": 0.9002}}, "1012": {"mean": {"dba": 0.8857}, "min": {"dba": 0.8806}}, "1013": {"mean": {"dba": 0.8456}, "min": {"dba": 0.7961}}, "1014": {"mean": {"dba": 0.7371}, "min": {"dba": 0.6837}}, "1015": {"mean": {"dba": 0.679}, "min": {"dba": 0.6392}}}, "1005": {"1001": {"mean": {"dba": 0.9401}, "min": {"dba": 0.7997}}, "1002": {"mean": {"dba": 1.1394}, "min": {"dba": 0.8595}}, "1003": {"mean": {"dba": 0.9656}, "min": {"dba": 0.9073}}, "1004": {"mean": {"dba": 1.1834}, "min": {"dba": 0.9125}}, "1005": {"mean": {"dba": 0.8933}, "min": {"dba": 0.8112}}, "1006": {"mean": {"dba": 1.2619}, "min": {"dba": 0.9744}}, "1007": {"mean": {"dba": 0.8647}, "min": {"dba": 0.7732}}, "1008": {"mean": {"dba": 0.9839}, "min": {"dba": 0.9135}}, "1009": {"mean": {"dba": 0.8296}, "min": {"dba": 0.7811}}, "1010": {"mean": {"dba": 1.1002}, "min": {"dba": 0.842}}, "1011": {"mean": {"dba": 0.777}, "min": {"dba": 0.7768}}, "1012": {"mean": {"dba": 1.2584}, "min": {"dba": 1.0}}, "1013": {"mean": {"dba": 0.9333}, "min": {"dba": 0.8208}}, "1014": {"mean": {"dba": 1.3304}, "min": {"dba": 0.9437}}, "1015": {"mean": {"dba": 0.9342}, "min": {"dba": 0.7376}}}, "1006": {"1001": {"mean": {"dba": 0.8722}, "min": {"dba": 0.7943}}, "1002": {"mean": {"dba": 0.9329}, "min": {"dba": 0.8357}}, "1003": {"mean": {"dba": 1.1007}, "min": {"dba": 0.8753}}, "1004": {"mean": {"dba": 0.7921}, "min": {"dba": 0.7767}}, "1005": {"mean": {"dba": 1.2813}, "min": {"dba": 0.8585}}, "1006": {"mean": {"dba": 0.8815}, "min": {"dba": 0.8036}}, "1007": {"mean": {"dba": 1.0028}, "min": {"dba": 0.7768}}, "1008": {"mean": {"dba": 1.0042}, "min": {"dba": 0.8415}}, "1009": {"mean": {"dba": 1.0374}, "min": {"dba": 0.7607}}, "1010": {"mean": {"dba": 0.838}, "min": {"dba": 0.8155}}, "1011": {"mean": {"dba": 1.0518}, "min": {"dba": 0.8417}}, "1012": {"mean": {"dba": 0.905}, "min": {"dba": 0.8452}}, "1013": {"mean": {"dba": 0.9046}, "min": {"dba": 0.8164}}, "1014": {"mean": {"dba": 0.6901}, "min": {"dba": 0.6088}}, "1015": {"mean": {"dba": 0.7297}, "min": {"dba": 0.7148}}}, "1007": {"1001": {"mean": {"dba": 0.8096}, "min": {"dba": 0.7789}}, "1002": {"mean": {"dba": 0.9493}, "min": {"dba": 0.8834}}, "1003": {"mean": {"dba": 0.8945}, "min": {"dba": 0.8561}}, "1004": {"mean": {"dba": 0.9386}, "min": {"dba": 0.74}}, "1005": {"mean": {"dba": 0.8988}, "min": {"dba": 0.7247}}, "1006": {"mean": {"dba": 0.992}, "min": {"dba": 0.8103}}, "1007": {"mean": {"dba": 0.7292}, "min": {"dba": 0.6978}}, "1008": {"mean": {"dba": 0.9115}, "min": {"dba": 0.8832}}, "1009": {"mean": {"dba": 0.7553}, "min": {"dba": 0.7323}}, "1010": {"mean": {"dba": 0.8994}, "min": {"dba": 0.7878}}, "1011": {"mean": {"dba": 0.7267}, "min": {"dba": 0.6844}}, "1012": {"mean": {"dba": 1.0137}, "min": {"dba": 0.906}}, "1013": {"mean": {"dba": 0.8211}, "min": {"dba": 0.7773}}, "1014": {"mean": {"dba": 0.9396}, "min": {"dba": 0.7046}}, "1015": {"mean": {"dba": 0.7693}, "min": {"dba": 0.7054}}}, "1008": {"1001": {"mean": {"dba": 0.837}, "min": {"dba": 0.8039}}, "1002": {"mean": {"dba": 0.9715}, "min": {"dba": 0.9057}}, "1003": {"mean": {"dba": 0.8999}, "min": {"dba": 0.8961}}, "1004": {"mean": {"dba": 0.9196}, "min": {"dba": 0.7725}}, "1005": {"mean": {"dba": 0.8552}, "min": {"dba": 0.8213}}, "1006": {"mean": {"dba": 1.0387}, "min": {"dba": 0.8956}}, "1007": {"mean": {"dba": 0.7435}, "min": {"dba": 0.7347}}, "1008": {"mean": {"dba": 0.8805}, "min": {"dba": 0.8733}}, "1009": {"mean": {"dba": 0.7912}, "min": {"dba": 0.7645}}, "1010": {"mean": {"dba": 0.8513}, "min": {"dba": 0.7537}}, "1011": {"mean": {"dba": 0.8362}, "min": {"dba": 0.7718}}, "1012": {"mean": {"dba": 0.9592}, "min": {"dba": 0.8586}}, "1013": {"mean": {"dba": 0.81}, "min": {"dba": 0.7837}}, "1014": {"mean": {"dba": 0.9615}, "min": {"dba": 0.6931}}, "1015": {"mean": {"dba": 0.6849}, "min": {"dba": 0.6391}}}, "1009": {"1001": {"mean": {"dba": 0.8702}, "min": {"dba": 0.8403}}, "1002": {"mean": {"dba": 1.0342}, "min": {"dba": 0.9533}}, "1003": {"mean": {"dba": 0.887}, "min": {"dba": 0.8679}}, "1004": {"mean": {"dba": 0.8249}, "min": {"dba": 0.8142}}, "1005": {"mean": {"dba": 0.9771}, "min": {"dba": 0.8481}}, "1006": {"mean": {"dba": 0.9349}, "min": {"dba": 0.9146}}, "1007": {"mean": {"dba": 0.748}, "min": {"dba": 0.7099}}, "1008": {"mean": {"dba": 0.9116}, "min": {"dba": 0.8808}}, "1009": {"mean": {"dba": 0.7177}, "min": {"dba": 0.7104}}, "1010": {"mean": {"dba": 0.8805}, "min": {"dba": 0.8319}}, "1011": {"mean": {"dba": 0.7413}, "min": {"dba": 0.7222}}, "1012": {"mean": {"dba": 0.974}, "min": {"dba": 0.9361}}, "1013": {"mean": {"dba": 0.8408}, "min": {"dba": 0.8316}}, "1014": {"mean": {"dba": 0.8602}, "min": {"dba": 0.7824}}, "1015": {"mean": {"dba": 0.748}, "min": {"dba": 0.6772}}}, "1010": {"1001": {"mean": {"dba": 0.8245}, "min": {"dba": 0.82}}, "1002": {"mean": {"dba": 0.9138}, "min": {"dba": 0.898}}, "1003": {"mean": {"dba": 0.9334}, "min": {"dba": 0.9283}}, "1004": {"mean": {"dba": 0.8014}, "min": {"dba": 0.785}}, "1005": {"mean": {"dba": 1.4362}, "min": {"dba": 1.4175}}, "1006": {"mean": {"dba": 0.8984}, "min": {"dba": 0.8825}}, "1007": {"mean": {"dba": 0.7921}, "min": {"dba": 0.7773}}, "1008": {"mean": {"dba": 0.8867}, "min": {"dba": 0.8801}}, "1009": {"mean": {"dba": 0.8249}, "min": {"dba": 0.8073}}, "1010": {"mean": {"dba": 0.7989}, "min": {"dba": 0.7937}}, "1011": {"mean": {"dba": 0.844}, "min": {"dba": 0.8397}}, "1012": {"mean": {"dba": 0.88}, "min": {"dba": 0.8684}}, "1013": {"mean": {"dba": 0.8429}, "min": {"dba": 0.832}}, "1014": {"mean": {"dba": 0.7518}, "min": {"dba": 0.6882}}, "1015": {"mean": {"dba": 0.6493}, "min": {"dba": 0.6437}}}, "1011": {"1001": {"mean": {"dba": 0.8562}, "min": {"dba": 0.7807}}, "1002": {"mean": {"dba": 0.9652}, "min": {"dba": 0.9047}}, "1003": {"mean": {"dba": 0.8939}, "min": {"dba": 0.8283}}, "1004": {"mean": {"dba": 0.9012}, "min": {"dba": 0.6816}}, "1005": {"mean": {"dba": 0.8986}, "min": {"dba": 0.8826}}, "1006": {"mean": {"dba": 0.9768}, "min": {"dba": 0.7342}}, "1007": {"mean": {"dba": 0.7208}, "min": {"dba": 0.6638}}, "1008": {"mean": {"dba": 0.9064}, "min": {"dba": 0.8811}}, "1009": {"mean": {"dba": 0.7964}, "min": {"dba": 0.7354}}, "1010": {"mean": {"dba": 0.8596}, "min": {"dba": 0.7471}}, "1011": {"mean": {"dba": 0.8381}, "min": {"dba": 0.7599}}, "1012": {"mean": {"dba": 0.9741}, "min": {"dba": 0.9058}}, "1013": {"mean": {"dba": 0.7908}, "min": {"dba": 0.7811}}, "1014": {"mean": {"dba": 0.9431}, "min": {"dba": 0.6554}}, "1015": {"mean": {"dba": 0.736}, "min": {"dba": 0.6983}}}, "1012": {"1001": {"mean": {"dba": 0.9823}, "min": {"dba": 0.833}}, "1002": {"mean": {"dba": 0.9684}, "min": {"dba": 0.8765}}, "1003": {"mean": {"dba": 1.0702}, "min": {"dba": 0.9153}}, "1004": {"mean": {"dba": 0.8429}, "min": {"dba": 0.8145}}, "1005": {"mean": {"dba": 1.3943}, "min": {"dba": 0.9544}}, "1006": {"mean": {"dba": 0.9373}, "min": {"dba": 0.8911}}, "1007": {"mean": {"dba": 0.9534}, "min": {"dba": 0.7578}}, "1008": {"mean": {"dba": 1.0317}, "min": {"dba": 0.8921}}, "1009": {"mean": {"dba": 0.9845}, "min": {"dba": 0.7836}}, "1010": {"mean": {"dba": 0.8682}, "min": {"dba": 0.7946}}, "1011": {"mean": {"dba": 1.0587}, "min": {"dba": 0.8761}}, "1012": {"mean": {"dba": 0.9102}, "min": {"dba": 0.8817}}, "1013": {"mean": {"dba": 0.968}, "min": {"dba": 0.8301}}, "1014": {"mean": {"dba": 0.7791}, "min": {"dba": 0.7401}}, "1015": {"mean": {"dba": 0.7264}, "min": {"dba": 0.6673}}}, "1013": {"1001": {"mean": {"dba": 0.8266}, "min": {"dba": 0.8098}}, "1002": {"mean": {"dba": 0.9424}, "min": {"dba": 0.9129}}, "1003": {"mean": {"dba": 0.91}, "min": {"dba": 0.8518}}, "1004": {"mean": {"dba": 0.8773}, "min": {"dba": 0.8339}}, "1005": {"mean": {"dba": 1.0092}, "min": {"dba": 0.8819}}, "1006": {"mean": {"dba": 0.964}, "min": {"dba": 0.9258}}, "1007": {"mean": {"dba": 0.7877}, "min": {"dba": 0.7372}}, "1008": {"mean": {"dba": 0.8871}, "min": {"dba": 0.8294}}, "1009": {"mean": {"dba": 0.7652}, "min": {"dba": 0.7259}}, "1010": {"mean": {"dba": 0.836}, "min": {"dba": 0.7965}}, "1011": {"mean": {"dba": 0.7652}, "min": {"dba": 0.7061}}, "1012": {"mean": {"dba": 0.9493}, "min": {"dba": 0.9077}}, "1013": {"mean": {"dba": 0.8336}, "min": {"dba": 0.7761}}, "1014": {"mean": {"dba": 0.8822}, "min": {"dba": 0.7741}}, "1015": {"mean": {"dba": 0.667}, "min": {"dba": 0.6549}}}, "1014": {"1001": {"mean": {"dba": 1.0671}, "min": {"dba": 0.9335}}, "1002": {"mean": {"dba": 0.9967}, "min": {"dba": 0.9339}}, "1003": {"mean": {"dba": 1.3155}, "min": {"dba": 1.0446}}, "1004": {"mean": {"dba": 0.8496}, "min": {"dba": 0.8362}}, "1005": {"mean": {"dba": 1.6622}, "min": {"dba": 1.0759}}, "1006": {"mean": {"dba": 0.9384}, "min": {"dba": 0.8667}}, "1007": {"mean": {"dba": 1.2462}, "min": {"dba": 0.9573}}, "1008": {"mean": {"dba": 1.2032}, "min": {"dba": 0.988}}, "1009": {"mean": {"dba": 1.3122}, "min": {"dba": 1.0265}}, "1010": {"mean": {"dba": 0.9025}, "min": {"dba": 0.8889}}, "1011": {"mean": {"dba": 1.3314}, "min": {"dba": 1.0686}}, "1012": {"mean": {"dba": 0.9413}, "min": {"dba": 0.9136}}, "1013": {"mean": {"dba": 1.0707}, "min": {"dba": 0.8598}}, "1014": {"mean": {"dba": 0.7209}, "min": {"dba": 0.6858}}, "1015": {"mean": {"dba": 0.8237}, "min": {"dba": 0.7729}}}, "1015": {"1001": {"mean": {"dba": 0.7812}, "min": {"dba": 0.7353}}, "1002": {"mean": {"dba": 0.8835}, "min": {"dba": 0.8646}}, "1003": {"mean": {"dba": 0.8698}, "min": {"dba": 0.8331}}, "1004": {"mean": {"dba": 0.7689}, "min": {"dba": 0.7522}}, "1005": {"mean": {"dba": 0.925}, "min": {"dba": 0.8415}}, "1006": {"mean": {"dba": 0.8721}, "min": {"dba": 0.8293}}, "1007": {"mean": {"dba": 0.7303}, "min": {"dba": 0.7055}}, "1008": {"mean": {"dba": 0.8634}, "min": {"dba": 0.8211}}, "1009": {"mean": {"dba": 0.7377}, "min": {"dba": 0.7119}}, "1010": {"mean": {"dba": 0.7939}, "min": {"dba": 0.7864}}, "1011": {"mean": {"dba": 0.7528}, "min": {"dba": 0.716}}, "1012": {"mean": {"dba": 0.9016}, "min": {"dba": 0.8747}}, "1013": {"mean": {"dba": 0.7836}, "min": {"dba": 0.7505}}, "1014": {"mean": {"dba": 0.6916}, "min": {"dba": 0.6716}}, "1015": {"mean": {"dba": 0.6788}, "min": {"dba": 0.6238}}}}