{"1001": {"1001": {"mean": {"dba": 0.912}, "min": {"dba": 0.8981}}, "1002": {"mean": {"dba": 1.0755}, "min": {"dba": 1.0426}}, "1003": {"mean": {"dba": 0.9983}, "min": {"dba": 0.9954}}, "1004": {"mean": {"dba": 1.2136}, "min": {"dba": 1.1852}}, "1005": {"mean": {"dba": 1.6298}, "min": {"dba": 1.6254}}, "1006": {"mean": {"dba": 1.2283}, "min": {"dba": 1.2083}}, "1007": {"mean": {"dba": 0.9713}, "min": {"dba": 0.9645}}, "1008": {"mean": {"dba": 0.9725}, "min": {"dba": 0.9659}}, "1009": {"mean": {"dba": 0.9432}, "min": {"dba": 0.9345}}, "1010": {"mean": {"dba": 1.0106}, "min": {"dba": 0.9892}}, "1011": {"mean": {"dba": 0.9335}, "min": {"dba": 0.916}}, "1012": {"mean": {"dba": 1.1347}, "min": {"dba": 1.1117}}, "1013": {"mean": {"dba": 0.8595}, "min": {"dba": 0.8524}}, "1014": {"mean": {"dba": 1.2832}, "min": {"dba": 1.1731}}, "1015": {"mean": {"dba": 0.8817}, "min": {"dba": 0.8491}}}, "1002": {"1001": {"mean": {"dba": 0.9218}, "min": {"dba": 0.9005}}, "1002": {"mean": {"dba": 1.0168}, "min": {"dba": 0.9825}}, "1003": {"mean": {"dba": 1.0817}, "min": {"dba": 1.0076}}, "1004": {"mean": {"dba": 1.0275}, "min": {"dba": 0.9734}}, "1005": {"mean": {"dba": 1.7039}, "min": {"dba": 1.5283}}, "1006": {"mean": {"dba": 1.0429}, "min": {"dba": 0.97}}, "1007": {"mean": {"dba": 1.0555}, "min": {"dba": 0.9773}}, "1008": {"mean": {"dba": 1.0165}, "min": {"dba": 0.9719}}, "1009": {"mean": {"dba": 1.0361}, "min": {"dba": 0.9542}}, "1010": {"mean": {"dba": 0.8962}, "min": {"dba": 0.8587}}, "1011": {"mean": {"dba": 1.0246}, "min": {"dba": 0.9578}}, "1012": {"mean": {"dba": 0.996}, "min": {"dba": 0.9371}}, "1013": {"mean": {"dba": 0.9158}, "min": {"dba": 0.8623}}, "1014": {"mean": {"dba": 1.0198}, "min": {"dba": 0.8629}}, "1015": {"mean": {"dba": 0.7904}, "min": {"dba": 0.7789}}}, "1003": {"1001": {"mean": {"dba": 0.9426}, "min": {"dba": 0.849}}, "1002": {"mean": {"dba": 1.1448}, "min": {"dba": 1.0104}}, "1003": {"mean": {"dba": 1.0025}, "min": {"dba": 0.9292}}, "1004": {"mean": {"dba": 1.232}, "min": {"dba": 1.0419}}, "1005": {"mean": {"dba": 1.0427}, "min": {"dba": 0.9631}}, "1006": {"mean": {"dba": 1.2341}, "min": {"dba": 1.0424}}, "1007": {"mean": {"dba": 0.9412}, "min": {"dba": 0.8759}}, "1008": {"mean": {"dba": 1.0282}, "min": {"dba": 0.9058}}, "1009": {"mean": {"dba": 0.8706}, "min": {"dba": 0.8473}}, "1010": {"mean": {"dba": 1.0618}, "min": {"dba": 0.9039}}, "1011": {"mean": {"dba": 0.8408}, "min": {"dba": 0.8116}}, "1012": {"mean": {"dba": 1.1696}, "min": {"dba": 0.9949}}, "1013": {"mean": {"dba": 0.9177}, "min": {"dba": 0.8146}}, "1014": {"mean": {"dba": 1.2261}, "min": {"dba": 0.8369}}, "1015": {"mean": {"dba": 0.9398}, "min": {"dba": 0.7965}}}, "1004": {"1001": {"mean": {"dba": 0.9589}, "min": {"dba": 0.9222}}, "1002": {"mean": {"dba": 0.9516}, "min": {"dba": 0.9269}}, "1003": {"mean": {"dba": 1.122}, "min": {"dba": 0.9953}}, "1004": {"mean": {"dba": 0.981}, "min": {"dba": 0.9439}}, "1005": {"mean": {"dba": 1.7076}, "min": {"dba": 1.1901}}, "1006": {"mean": {"dba": 0.9488}, "min": {"dba": 0.8748}}, "1007": {"mean": {"dba": 1.0946}, "min": {"dba": 0.9377}}, "1008": {"mean": {"dba": 1.041}, "min": {"dba": 0.9673}}, "1009": {"mean": {"dba": 1.0761}, "min": {"dba": 0.8342}}, "1010": {"mean": {"dba": 0.8717}, "min": {"dba": 0.8645}}, "1011": {"mean": {"dba": 1.0892}, "min": {"dba": 0.8908}}, "1012": {"mean": {"dba": 0.9582}, "min": {"dba": 0.9527}}, "1013": {"mean": {"dba": 0.9435}, "min": {"dba": 0.9067}}, "1014": {"mean": {"dba": 0.8333}, "min": {"dba": 0.7724}}, "1015": {"mean": {"dba": 0.7959}, "min": {"dba": 0.7819}}}, "1005": {"1001": {"mean": {"dba": 1.6191}, "min": {"dba": 0.9106}}, "1002": {"mean": {"dba": 1.9234}, "min": {"dba": 1.0178}}, "1003": {"mean": {"dba": 1.4629}, "min": {"dba": 1.0053}}, "1004": {"mean": {"dba": 2.1112}, "min": {"dba": 1.1315}}, "1005": {"mean": {"dba": 1.0532}, "min": {"dba": 0.9614}}, "1006": {"mean": {"dba": 2.1527}, "min": {"dba": 1.1585}}, "1007": {"mean": {"dba": 1.4054}, "min": {"dba": 0.9246}}, "1008": {"mean": {"dba": 1.6138}, "min": {"dba": 1.0207}}, "1009": {"mean": {"dba": 1.2819}, "min": {"dba": 0.8558}}, "1010": {"mean": {"dba": 1.9131}, "min": {"dba": 0.9602}}, "1011": {"mean": {"dba": 1.2816}, "min": {"dba": 0.8565}}, "1012": {"mean": {"dba": 2.032}, "min": {"dba": 1.0912}}, "1013": {"mean": {"dba": 1.537}, "min": {"dba": 0.8497}}, "1014": {"mean": {"dba": 2.3423}, "min": {"dba": 1.214}}, "1015": {"mean": {"dba": 1.7766}, "min": {"dba": 0.8994}}}, "1006": {"1001": {"mean": {"dba": 1.0708}, "min": {"dba": 0.9643}}, "1002": {"mean": {"dba": 1.011}, "min": {"dba": 0.98}}, "1003": {"mean": {"dba": 1.3251}, "min": {"dba": 1.1798}}, "1004": {"mean": {"dba": 0.9731}, "min": {"dba": 0.932}}, "1005": {"mean": {"dba": 1.7704}, "min": {"dba": 1.0973}}, "1006": {"mean": {"dba": 0.9866}, "min": {"dba": 0.967}}, "1007": {"mean": {"dba": 1.3005}, "min": {"dba": 1.1653}}, "1008": {"mean": {"dba": 1.1908}, "min": {"dba": 1.0688}}, "1009": {"mean": {"dba": 1.3703}, "min": {"dba": 1.1861}}, "1010": {"mean": {"dba": 0.8937}, "min": {"dba": 0.8809}}, "1011": {"mean": {"dba": 1.3413}, "min": {"dba": 1.1713}}, "1012": {"mean": {"dba": 0.9576}, "min": {"dba": 0.9411}}, "1013": {"mean": {"dba": 1.0627}, "min": {"dba": 0.9588}}, "1014": {"mean": {"dba": 0.8391}, "min": {"dba": 0.7372}}, "1015": {"mean": {"dba": 0.8412}, "min": {"dba": 0.7971}}}, "1007": {"1001": {"mean": {"dba": 0.9097}, "min": {"dba": 0.9013}}, "1002": {"mean": {"dba": 1.0587}, "min": {"dba": 0.9907}}, "1003": {"mean": {"dba": 0.9497}, "min": {"dba": 0.9415}}, "1004": {"mean": {"dba": 1.1501}, "min": {"dba": 1.0117}}, "1005": {"mean": {"dba": 1.0852}, "min": {"dba": 0.9744}}, "1006": {"mean": {"dba": 1.1797}, "min": {"dba": 1.0372}}, "1007": {"mean": {"dba": 0.884}, "min": {"dba": 0.8722}}, "1008": {"mean": {"dba": 0.9709}, "min": {"dba": 0.9484}}, "1009": {"mean": {"dba": 0.8128}, "min": {"dba": 0.809}}, "1010": {"mean": {"dba": 0.9616}, "min": {"dba": 0.8373}}, "1011": {"mean": {"dba": 0.8324}, "min": {"dba": 0.7943}}, "1012": {"mean": {"dba": 1.1003}, "min": {"dba": 1.0026}}, "1013": {"mean": {"dba": 0.8551}, "min": {"dba": 0.82}}, "1014": {"mean": {"dba": 1.2609}, "min": {"dba": 1.0863}}, "1015": {"mean": {"dba": 0.8624}, "min": {"dba": 0.7964}}}, "1008": {"1001": {"mean": {"dba": 0.8821}, "min": {"dba": 0.8712}}, "1002": {"mean": {"dba": 1.0614}, "min": {"dba": 0.9663}}, "1003": {"mean": {"dba": 1.0151}, "min": {"dba": 0.9488}}, "1004": {"mean": {"dba": 1.1416}, "min": {"dba": 0.9756}}, "1005": {"mean": {"dba": 0.9915}, "min": {"dba": 0.986}}, "1006": {"mean": {"dba": 1.1718}, "min": {"dba": 1.0083}}, "1007": {"mean": {"dba": 0.9707}, "min": {"dba": 0.8965}}, "1008": {"mean": {"dba": 0.9836}, "min": {"dba": 0.9443}}, "1009": {"mean": {"dba": 0.9478}, "min": {"dba": 0.8376}}, "1010": {"mean": {"dba": 0.9714}, "min": {"dba": 0.8499}}, "1011": {"mean": {"dba": 0.9147}, "min": {"dba": 0.8309}}, "1012": {"mean": {"dba": 1.1026}, "min": {"dba": 0.9956}}, "1013": {"mean": {"dba": 0.8479}, "min": {"dba": 0.8301}}, "1014": {"mean": {"dba": 1.2378}, "min": {"dba": 0.9779}}, "1015": {"mean": {"dba": 0.8558}, "min": {"dba": 0.803}}}, "1009": {"1001": {"mean": {"dba": 0.9529}, "min": {"dba": 0.9478}}, "1002": {"mean": {"dba": 1.168}, "min": {"dba": 1.0074}}, "1003": {"mean": {"dba": 0.963}, "min": {"dba": 0.9477}}, "1004": {"mean": {"dba": 1.261}, "min": {"dba": 0.9953}}, "1005": {"mean": {"dba": 1.1948}, "min": {"dba": 1.0031}}, "1006": {"mean": {"dba": 1.2852}, "min": {"dba": 0.9884}}, "1007": {"mean": {"dba": 0.9216}, "min": {"dba": 0.9044}}, "1008": {"mean": {"dba": 1.0021}, "min": {"dba": 0.9906}}, "1009": {"mean": {"dba": 0.8343}, "min": {"dba": 0.8217}}, "1010": {"mean": {"dba": 1.0818}, "min": {"dba": 0.8838}}, "1011": {"mean": {"dba": 0.8164}, "min": {"dba": 0.7994}}, "1012": {"mean": {"dba": 1.2011}, "min": {"dba": 0.9649}}, "1013": {"mean": {"dba": 0.897}, "min": {"dba": 0.8868}}, "1014": {"mean": {"dba": 1.385}, "min": {"dba": 0.9745}}, "1015": {"mean": {"dba": 0.9539}, "min": {"dba": 0.8041}}}, "1010": {"1001": {"mean": {"dba": 0.9048}, "min": {"dba": 0.8912}}, "1002": {"mean": {"dba": 0.9689}, "min": {"dba": 0.9473}}, "1003": {"mean": {"dba": 1.023}, "min": {"dba": 0.9626}}, "1004": {"mean": {"dba": 1.0052}, "min": {"dba": 0.9783}}, "1005": {"mean": {"dba": 1.6623}, "min": {"dba": 1.5218}}, "1006": {"mean": {"dba": 0.9962}, "min": {"dba": 0.9641}}, "1007": {"mean": {"dba": 0.9898}, "min": {"dba": 0.9247}}, "1008": {"mean": {"dba": 0.9855}, "min": {"dba": 0.9684}}, "1009": {"mean": {"dba": 0.96}, "min": {"dba": 0.8739}}, "1010": {"mean": {"dba": 0.8609}, "min": {"dba": 0.8501}}, "1011": {"mean": {"dba": 0.96}, "min": {"dba": 0.89}}, "1012": {"mean": {"dba": 0.9557}, "min": {"dba": 0.938}}, "1013": {"mean": {"dba": 0.8877}, "min": {"dba": 0.8721}}, "1014": {"mean": {"dba": 0.9101}, "min": {"dba": 0.7632}}, "1015": {"mean": {"dba": 0.7738}, "min": {"dba": 0.7684}}}, "1011": {"1001": {"mean": {"dba": 0.9322}, "min": {"dba": 0.8894}}, "1002": {"mean": {"dba": 1.0196}, "min": {"dba": 0.9335}}, "1003": {"mean": {"dba": 1.0324}, "min": {"dba": 1.0195}}, "1004": {"mean": {"dba": 1.1025}, "min": {"dba": 1.0069}}, "1005": {"mean": {"dba": 1.0908}, "min": {"dba": 1.0579}}, "1006": {"mean": {"dba": 1.105}, "min": {"dba": 1.0164}}, "1007": {"mean": {"dba": 0.9717}, "min": {"dba": 0.9189}}, "1008": {"mean": {"dba": 1.0144}, "min": {"dba": 1.0005}}, "1009": {"mean": {"dba": 0.9129}, "min": {"dba": 0.8852}}, "1010": {"mean": {"dba": 0.9378}, "min": {"dba": 0.8775}}, "1011": {"mean": {"dba": 0.922}, "min": {"dba": 0.8718}}, "1012": {"mean": {"dba": 1.0507}, "min": {"dba": 0.9574}}, "1013": {"mean": {"dba": 0.8798}, "min": {"dba": 0.8419}}, "1014": {"mean": {"dba": 1.0702}, "min": {"dba": 0.8878}}, "1015": {"mean": {"dba": 0.8748}, "min": {"dba": 0.8142}}}, "1012": {"1001": {"mean": {"dba": 1.0873}, "min": {"dba": 1.0137}}, "1002": {"mean": {"dba": 1.0127}, "min": {"dba": 0.9575}}, "1003": {"mean": {"dba": 1.2713}, "min": {"dba": 0.9946}}, "1004": {"mean": {"dba": 0.9798}, "min": {"dba": 0.9519}}, "1005": {"mean": {"dba": 1.9269}, "min": {"dba": 1.241}}, "1006": {"mean": {"dba": 0.9692}, "min": {"dba": 0.9108}}, "1007": {"mean": {"dba": 1.2467}, "min": {"dba": 0.931}}, "1008": {"mean": {"dba": 1.1929}, "min": {"dba": 1.078}}, "1009": {"mean": {"dba": 1.2398}, "min": {"dba": 0.8149}}, "1010": {"mean": {"dba": 0.8869}, "min": {"dba": 0.8529}}, "1011": {"mean": {"dba": 1.2493}, "min": {"dba": 0.8843}}, "1012": {"mean": {"dba": 0.9698}, "min": {"dba": 0.9636}}, "1013": {"mean": {"dba": 1.1077}, "min": {"dba": 1.0268}}, "1014": {"mean": {"dba": 0.8333}, "min": {"dba": 0.7922}}, "1015": {"mean": {"dba": 0.8588}, "min": {"dba": 0.8277}}}, "1013": {"1001": {"mean": {"dba": 0.9574}, "min": {"dba": 0.9126}}, "1002": {"mean": {"dba": 1.0984}, "min": {"dba": 1.0396}}, "1003": {"mean": {"dba": 0.9988}, "min": {"dba": 0.9505}}, "1004": {"mean": {"dba": 1.1451}, "min": {"dba": 0.9877}}, "1005": {"mean": {"dba": 1.1775}, "min": {"dba": 0.9702}}, "1006": {"mean": {"dba": 1.1593}, "min": {"dba": 0.9705}}, "1007": {"mean": {"dba": 0.9544}, "min": {"dba": 0.8902}}, "1008": {"mean": {"dba": 1.0178}, "min": {"dba": 0.9528}}, "1009": {"mean": {"dba": 0.9195}, "min": {"dba": 0.8668}}, "1010": {"mean": {"dba": 0.9924}, "min": {"dba": 0.8922}}, "1011": {"mean": {"dba": 0.8868}, "min": {"dba": 0.8282}}, "1012": {"mean": {"dba": 1.0999}, "min": {"dba": 0.9897}}, "1013": {"mean": {"dba": 0.8997}, "min": {"dba": 0.8494}}, "1014": {"mean": {"dba": 1.2152}, "min": {"dba": 0.9472}}, "1015": {"mean": {"dba": 0.8825}, "min": {"dba": 0.8063}}}, "1014": {"1001": {"mean": {"dba": 1.1635}, "min": {"dba": 0.9595}}, "1002": {"mean": {"dba": 1.0614}, "min": {"dba": 0.9908}}, "1003": {"mean": {"dba": 1.3908}, "min": {"dba": 1.055}}, "1004": {"mean": {"dba": 1.0231}, "min": {"dba": 1.0005}}, "1005": {"mean": {"dba": 1.7944}, "min": {"dba": 1.2234}}, "1006": {"mean": {"dba": 1.0098}, "min": {"dba": 0.991}}, "1007": {"mean": {"dba": 1.3691}, "min": {"dba": 1.0309}}, "1008": {"mean": {"dba": 1.2503}, "min": {"dba": 0.9942}}, "1009": {"mean": {"dba": 1.4257}, "min": {"dba": 1.0355}}, "1010": {"mean": {"dba": 0.9551}, "min": {"dba": 0.8957}}, "1011": {"mean": {"dba": 1.4365}, "min": {"dba": 1.0804}}, "1012": {"mean": {"dba": 1.0033}, "min": {"dba": 0.9754}}, "1013": {"mean": {"dba": 1.1179}, "min": {"dba": 0.8712}}, "1014": {"mean": {"dba": 0.8114}, "min": {"dba": 0.8031}}, "1015": {"mean": {"dba": 0.939}, "min": {"dba": 0.8436}}}, "1015": {"1001": {"mean": {"dba": 0.9036}, "min": {"dba": 0.8765}}, "1002": {"mean": {"dba": 0.9774}, "min": {"dba": 0.9694}}, "1003": {"mean": {"dba": 0.9844}, "min": {"dba": 0.8963}}, "1004": {"mean": {"dba": 0.9819}, "min": {"dba": 0.9291}}, "1005": {"mean": {"dba": 1.2695}, "min": {"dba": 0.9642}}, "1006": {"mean": {"dba": 0.9891}, "min": {"dba": 0.9545}}, "1007": {"mean": {"dba": 0.934}, "min": {"dba": 0.8265}}, "1008": {"mean": {"dba": 0.9537}, "min": {"dba": 0.9046}}, "1009": {"mean": {"dba": 0.8968}, "min": {"dba": 0.7746}}, "1010": {"mean": {"dba": 0.862}, "min": {"dba": 0.824}}, "1011": {"mean": {"dba": 0.9098}, "min": {"dba": 0.7764}}, "1012": {"mean": {"dba": 0.9551}, "min": {"dba": 0.9263}}, "1013": {"mean": {"dba": 0.8726}, "min": {"dba": 0.837}}, "1014": {"mean": {"dba": 0.9215}, "min": {"dba": 0.8229}}, "1015": {"mean": {"dba": 0.7709}, "min": {"dba": 0.7506}}}}