{"1001": {"1001": {"mean": {"dba": 0.8854}, "min": {"dba": 0.8766}}, "1002": {"mean": {"dba": 1.051}, "min": {"dba": 0.9739}}, "1003": {"mean": {"dba": 0.9931}, "min": {"dba": 0.9836}}, "1004": {"mean": {"dba": 1.1268}, "min": {"dba": 0.9821}}, "1005": {"mean": {"dba": 1.5835}, "min": {"dba": 1.5592}}, "1006": {"mean": {"dba": 1.1241}, "min": {"dba": 0.9325}}, "1007": {"mean": {"dba": 0.96}, "min": {"dba": 0.9472}}, "1008": {"mean": {"dba": 0.9705}, "min": {"dba": 0.9653}}, "1009": {"mean": {"dba": 0.9304}, "min": {"dba": 0.9109}}, "1010": {"mean": {"dba": 0.9733}, "min": {"dba": 0.9131}}, "1011": {"mean": {"dba": 0.9098}, "min": {"dba": 0.8884}}, "1012": {"mean": {"dba": 1.0471}, "min": {"dba": 0.9206}}, "1013": {"mean": {"dba": 0.859}, "min": {"dba": 0.8563}}, "1014": {"mean": {"dba": 1.1745}, "min": {"dba": 0.8662}}, "1015": {"mean": {"dba": 0.8568}, "min": {"dba": 0.8457}}}, "1002": {"1001": {"mean": {"dba": 0.8933}, "min": {"dba": 0.8658}}, "1002": {"mean": {"dba": 0.9947}, "min": {"dba": 0.9634}}, "1003": {"mean": {"dba": 1.0821}, "min": {"dba": 1.0125}}, "1004": {"mean": {"dba": 1.0175}, "min": {"dba": 0.9634}}, "1005": {"mean": {"dba": 1.6853}, "min": {"dba": 1.5294}}, "1006": {"mean": {"dba": 1.0029}, "min": {"dba": 0.9366}}, "1007": {"mean": {"dba": 1.0519}, "min": {"dba": 0.9788}}, "1008": {"mean": {"dba": 1.0133}, "min": {"dba": 0.9628}}, "1009": {"mean": {"dba": 1.0287}, "min": {"dba": 0.9496}}, "1010": {"mean": {"dba": 0.8856}, "min": {"dba": 0.8317}}, "1011": {"mean": {"dba": 1.008}, "min": {"dba": 0.9406}}, "1012": {"mean": {"dba": 0.9597}, "min": {"dba": 0.9017}}, "1013": {"mean": {"dba": 0.9185}, "min": {"dba": 0.8699}}, "1014": {"mean": {"dba": 0.9494}, "min": {"dba": 0.7616}}, "1015": {"mean": {"dba": 0.7811}, "min": {"dba": 0.7616}}}, "1003": {"1001": {"mean": {"dba": 0.8864}, "min": {"dba": 0.8403}}, "1002": {"mean": {"dba": 1.0569}, "min": {"dba": 0.9459}}, "1003": {"mean": {"dba": 0.96}, "min": {"dba": 0.9254}}, "1004": {"mean": {"dba": 1.1568}, "min": {"dba": 1.0295}}, "1005": {"mean": {"dba": 1.0132}, "min": {"dba": 1.0005}}, "1006": {"mean": {"dba": 1.1122}, "min": {"dba": 0.9371}}, "1007": {"mean": {"dba": 0.9127}, "min": {"dba": 0.8737}}, "1008": {"mean": {"dba": 0.9721}, "min": {"dba": 0.9052}}, "1009": {"mean": {"dba": 0.833}, "min": {"dba": 0.8185}}, "1010": {"mean": {"dba": 0.9654}, "min": {"dba": 0.8393}}, "1011": {"mean": {"dba": 0.8435}, "min": {"dba": 0.8248}}, "1012": {"mean": {"dba": 1.0876}, "min": {"dba": 0.9851}}, "1013": {"mean": {"dba": 0.8808}, "min": {"dba": 0.8007}}, "1014": {"mean": {"dba": 1.1492}, "min": {"dba": 0.7934}}, "1015": {"mean": {"dba": 0.8676}, "min": {"dba": 0.8083}}}, "1004": {"1001": {"mean": {"dba": 0.93}, "min": {"dba": 0.8997}}, "1002": {"mean": {"dba": 0.9464}, "min": {"dba": 0.9204}}, "1003": {"mean": {"dba": 1.1179}, "min": {"dba": 0.9896}}, "1004": {"mean": {"dba": 0.9689}, "min": {"dba": 0.9414}}, "1005": {"mean": {"dba": 1.6816}, "min": {"dba": 1.178}}, "1006": {"mean": {"dba": 0.9091}, "min": {"dba": 0.8508}}, "1007": {"mean": {"dba": 1.0865}, "min": {"dba": 0.9301}}, "1008": {"mean": {"dba": 1.0362}, "min": {"dba": 0.9598}}, "1009": {"mean": {"dba": 1.0684}, "min": {"dba": 0.8329}}, "1010": {"mean": {"dba": 0.8474}, "min": {"dba": 0.8155}}, "1011": {"mean": {"dba": 1.0768}, "min": {"dba": 0.8985}}, "1012": {"mean": {"dba": 0.9205}, "min": {"dba": 0.9009}}, "1013": {"mean": {"dba": 0.941}, "min": {"dba": 0.9033}}, "1014": {"mean": {"dba": 0.8051}, "min": {"dba": 0.7705}}, "1015": {"mean": {"dba": 0.7794}, "min": {"dba": 0.7642}}}, "1005": {"1001": {"mean": {"dba": 1.6373}, "min": {"dba": 0.8731}}, "1002": {"mean": {"dba": 1.9297}, "min": {"dba": 0.9698}}, "1003": {"mean": {"dba": 1.4864}, "min": {"dba": 1.0046}}, "1004": {"mean": {"dba": 2.1272}, "min": {"dba": 1.1117}}, "1005": {"mean": {"dba": 1.0489}, "min": {"dba": 0.9034}}, "1006": {"mean": {"dba": 2.1354}, "min": {"dba": 1.0423}}, "1007": {"mean": {"dba": 1.4343}, "min": {"dba": 0.9317}}, "1008": {"mean": {"dba": 1.6349}, "min": {"dba": 1.0195}}, "1009": {"mean": {"dba": 1.2908}, "min": {"dba": 0.7977}}, "1010": {"mean": {"dba": 1.9383}, "min": {"dba": 0.956}}, "1011": {"mean": {"dba": 1.2763}, "min": {"dba": 0.7386}}, "1012": {"mean": {"dba": 2.0468}, "min": {"dba": 1.051}}, "1013": {"mean": {"dba": 1.5725}, "min": {"dba": 0.8874}}, "1014": {"mean": {"dba": 2.354}, "min": {"dba": 1.1928}}, "1015": {"mean": {"dba": 1.7831}, "min": {"dba": 0.8418}}}, "1006": {"1001": {"mean": {"dba": 0.9955}, "min": {"dba": 0.9413}}, "1002": {"mean": {"dba": 0.9762}, "min": {"dba": 0.9201}}, "1003": {"mean": {"dba": 1.2744}, "min": {"dba": 1.1732}}, "1004": {"mean": {"dba": 0.9658}, "min": {"dba": 0.9378}}, "1005": {"mean": {"dba": 1.6768}, "min": {"dba": 0.904}}, "1006": {"mean": {"dba": 0.938}, "min": {"dba": 0.8817}}, "1007": {"mean": {"dba": 1.2309}, "min": {"dba": 1.1526}}, "1008": {"mean": {"dba": 1.1498}, "min": {"dba": 1.0655}}, "1009": {"mean": {"dba": 1.2383}, "min": {"dba": 1.1348}}, "1010": {"mean": {"dba": 0.8589}, "min": {"dba": 0.8254}}, "1011": {"mean": {"dba": 1.2441}, "min": {"dba": 1.1606}}, "1012": {"mean": {"dba": 0.9387}, "min": {"dba": 0.9275}}, "1013": {"mean": {"dba": 1.0264}, "min": {"dba": 0.9549}}, "1014": {"mean": {"dba": 0.8139}, "min": {"dba": 0.7104}}, "1015": {"mean": {"dba": 0.8347}, "min": {"dba": 0.7883}}}, "1007": {"1001": {"mean": {"dba": 0.8595}, "min": {"dba": 0.8168}}, "1002": {"mean": {"dba": 1.0252}, "min": {"dba": 0.9403}}, "1003": {"mean": {"dba": 0.9264}, "min": {"dba": 0.9117}}, "1004": {"mean": {"dba": 1.1344}, "min": {"dba": 0.9941}}, "1005": {"mean": {"dba": 1.0614}, "min": {"dba": 0.922}}, "1006": {"mean": {"dba": 1.1204}, "min": {"dba": 0.9896}}, "1007": {"mean": {"dba": 0.8658}, "min": {"dba": 0.8452}}, "1008": {"mean": {"dba": 0.9271}, "min": {"dba": 0.8956}}, "1009": {"mean": {"dba": 0.793}, "min": {"dba": 0.7705}}, "1010": {"mean": {"dba": 0.9567}, "min": {"dba": 0.8294}}, "1011": {"mean": {"dba": 0.7834}, "min": {"dba": 0.7369}}, "1012": {"mean": {"dba": 1.0612}, "min": {"dba": 0.9506}}, "1013": {"mean": {"dba": 0.8487}, "min": {"dba": 0.8401}}, "1014": {"mean": {"dba": 1.2456}, "min": {"dba": 1.0767}}, "1015": {"mean": {"dba": 0.8331}, "min": {"dba": 0.7822}}}, "1008": {"1001": {"mean": {"dba": 0.879}, "min": {"dba": 0.8506}}, "1002": {"mean": {"dba": 1.0213}, "min": {"dba": 0.9642}}, "1003": {"mean": {"dba": 0.9485}, "min": {"dba": 0.9447}}, "1004": {"mean": {"dba": 1.1157}, "min": {"dba": 1.076}}, "1005": {"mean": {"dba": 0.9675}, "min": {"dba": 0.9406}}, "1006": {"mean": {"dba": 1.1271}, "min": {"dba": 1.0898}}, "1007": {"mean": {"dba": 0.8954}, "min": {"dba": 0.8854}}, "1008": {"mean": {"dba": 0.9544}, "min": {"dba": 0.9416}}, "1009": {"mean": {"dba": 0.8485}, "min": {"dba": 0.8348}}, "1010": {"mean": {"dba": 0.924}, "min": {"dba": 0.888}}, "1011": {"mean": {"dba": 0.8685}, "min": {"dba": 0.8203}}, "1012": {"mean": {"dba": 1.0301}, "min": {"dba": 0.9795}}, "1013": {"mean": {"dba": 0.8384}, "min": {"dba": 0.8189}}, "1014": {"mean": {"dba": 1.1921}, "min": {"dba": 1.0831}}, "1015": {"mean": {"dba": 0.8207}, "min": {"dba": 0.7915}}}, "1009": {"1001": {"mean": {"dba": 0.9389}, "min": {"dba": 0.9287}}, "1002": {"mean": {"dba": 1.1599}, "min": {"dba": 1.0082}}, "1003": {"mean": {"dba": 0.9517}, "min": {"dba": 0.945}}, "1004": {"mean": {"dba": 1.2583}, "min": {"dba": 0.9924}}, "1005": {"mean": {"dba": 1.1273}, "min": {"dba": 0.978}}, "1006": {"mean": {"dba": 1.2647}, "min": {"dba": 0.9639}}, "1007": {"mean": {"dba": 0.9032}, "min": {"dba": 0.8901}}, "1008": {"mean": {"dba": 0.9938}, "min": {"dba": 0.9903}}, "1009": {"mean": {"dba": 0.8123}, "min": {"dba": 0.8017}}, "1010": {"mean": {"dba": 1.0804}, "min": {"dba": 0.8813}}, "1011": {"mean": {"dba": 0.8039}, "min": {"dba": 0.7839}}, "1012": {"mean": {"dba": 1.1796}, "min": {"dba": 0.9409}}, "1013": {"mean": {"dba": 0.8876}, "min": {"dba": 0.8786}}, "1014": {"mean": {"dba": 1.3785}, "min": {"dba": 0.9736}}, "1015": {"mean": {"dba": 0.9431}, "min": {"dba": 0.7986}}}, "1010": {"1001": {"mean": {"dba": 0.8859}, "min": {"dba": 0.8707}}, "1002": {"mean": {"dba": 0.9648}, "min": {"dba": 0.951}}, "1003": {"mean": {"dba": 1.0217}, "min": {"dba": 0.9649}}, "1004": {"mean": {"dba": 1.0155}, "min": {"dba": 0.9773}}, "1005": {"mean": {"dba": 1.6319}, "min": {"dba": 1.4979}}, "1006": {"mean": {"dba": 0.9816}, "min": {"dba": 0.9409}}, "1007": {"mean": {"dba": 0.9885}, "min": {"dba": 0.923}}, "1008": {"mean": {"dba": 0.9874}, "min": {"dba": 0.9651}}, "1009": {"mean": {"dba": 0.9579}, "min": {"dba": 0.87}}, "1010": {"mean": {"dba": 0.8675}, "min": {"dba": 0.8577}}, "1011": {"mean": {"dba": 0.9568}, "min": {"dba": 0.8815}}, "1012": {"mean": {"dba": 0.9443}, "min": {"dba": 0.9162}}, "1013": {"mean": {"dba": 0.8861}, "min": {"dba": 0.8713}}, "1014": {"mean": {"dba": 0.918}, "min": {"dba": 0.8013}}, "1015": {"mean": {"dba": 0.7774}, "min": {"dba": 0.7631}}}, "1011": {"1001": {"mean": {"dba": 0.9161}, "min": {"dba": 0.868}}, "1002": {"mean": {"dba": 0.9726}, "min": {"dba": 0.8787}}, "1003": {"mean": {"dba": 1.014}, "min": {"dba": 0.9653}}, "1004": {"mean": {"dba": 1.064}, "min": {"dba": 0.9756}}, "1005": {"mean": {"dba": 1.0109}, "min": {"dba": 0.9758}}, "1006": {"mean": {"dba": 1.0228}, "min": {"dba": 0.9339}}, "1007": {"mean": {"dba": 0.9317}, "min": {"dba": 0.8825}}, "1008": {"mean": {"dba": 0.9997}, "min": {"dba": 0.9498}}, "1009": {"mean": {"dba": 0.9001}, "min": {"dba": 0.8845}}, "1010": {"mean": {"dba": 0.9057}, "min": {"dba": 0.8219}}, "1011": {"mean": {"dba": 0.9422}, "min": {"dba": 0.8823}}, "1012": {"mean": {"dba": 1.0001}, "min": {"dba": 0.9358}}, "1013": {"mean": {"dba": 0.8562}, "min": {"dba": 0.8078}}, "1014": {"mean": {"dba": 0.9533}, "min": {"dba": 0.7759}}, "1015": {"mean": {"dba": 0.842}, "min": {"dba": 0.7705}}}, "1012": {"1001": {"mean": {"dba": 1.0616}, "min": {"dba": 1.0395}}, "1002": {"mean": {"dba": 1.0268}, "min": {"dba": 1.0079}}, "1003": {"mean": {"dba": 1.2517}, "min": {"dba": 0.9859}}, "1004": {"mean": {"dba": 0.9913}, "min": {"dba": 0.9673}}, "1005": {"mean": {"dba": 1.5165}, "min": {"dba": 1.1073}}, "1006": {"mean": {"dba": 0.9418}, "min": {"dba": 0.9103}}, "1007": {"mean": {"dba": 1.2257}, "min": {"dba": 0.9328}}, "1008": {"mean": {"dba": 1.1881}, "min": {"dba": 1.0842}}, "1009": {"mean": {"dba": 1.2286}, "min": {"dba": 0.8406}}, "1010": {"mean": {"dba": 0.9033}, "min": {"dba": 0.893}}, "1011": {"mean": {"dba": 1.2126}, "min": {"dba": 0.8733}}, "1012": {"mean": {"dba": 0.9519}, "min": {"dba": 0.9306}}, "1013": {"mean": {"dba": 1.0692}, "min": {"dba": 1.0182}}, "1014": {"mean": {"dba": 0.814}, "min": {"dba": 0.7633}}, "1015": {"mean": {"dba": 0.8774}, "min": {"dba": 0.8512}}}, "1013": {"1001": {"mean": {"dba": 0.9174}, "min": {"dba": 0.8908}}, "1002": {"mean": {"dba": 0.9958}, "min": {"dba": 0.9679}}, "1003": {"mean": {"dba": 0.9596}, "min": {"dba": 0.9328}}, "1004": {"mean": {"dba": 1.0777}, "min": {"dba": 0.9836}}, "1005": {"mean": {"dba": 1.1195}, "min": {"dba": 0.9585}}, "1006": {"mean": {"dba": 1.0472}, "min": {"dba": 0.9733}}, "1007": {"mean": {"dba": 0.8939}, "min": {"dba": 0.8721}}, "1008": {"mean": {"dba": 0.9571}, "min": {"dba": 0.944}}, "1009": {"mean": {"dba": 0.8696}, "min": {"dba": 0.8293}}, "1010": {"mean": {"dba": 0.8838}, "min": {"dba": 0.8172}}, "1011": {"mean": {"dba": 0.9166}, "min": {"dba": 0.8704}}, "1012": {"mean": {"dba": 0.9985}, "min": {"dba": 0.9524}}, "1013": {"mean": {"dba": 0.8354}, "min": {"dba": 0.8262}}, "1014": {"mean": {"dba": 1.014}, "min": {"dba": 0.9219}}, "1015": {"mean": {"dba": 0.8322}, "min": {"dba": 0.8061}}}, "1014": {"1001": {"mean": {"dba": 1.1266}, "min": {"dba": 0.9469}}, "1002": {"mean": {"dba": 1.0605}, "min": {"dba": 0.9889}}, "1003": {"mean": {"dba": 1.3761}, "min": {"dba": 1.0532}}, "1004": {"mean": {"dba": 1.0131}, "min": {"dba": 1.0011}}, "1005": {"mean": {"dba": 1.769}, "min": {"dba": 1.2209}}, "1006": {"mean": {"dba": 0.9849}, "min": {"dba": 0.9567}}, "1007": {"mean": {"dba": 1.3497}, "min": {"dba": 1.0265}}, "1008": {"mean": {"dba": 1.2463}, "min": {"dba": 0.9947}}, "1009": {"mean": {"dba": 1.409}, "min": {"dba": 1.0299}}, "1010": {"mean": {"dba": 0.946}, "min": {"dba": 0.8892}}, "1011": {"mean": {"dba": 1.4124}, "min": {"dba": 1.0801}}, "1012": {"mean": {"dba": 0.9711}, "min": {"dba": 0.9407}}, "1013": {"mean": {"dba": 1.114}, "min": {"dba": 0.8727}}, "1014": {"mean": {"dba": 0.7982}, "min": {"dba": 0.7681}}, "1015": {"mean": {"dba": 0.9198}, "min": {"dba": 0.8372}}}, "1015": {"1001": {"mean": {"dba": 0.8593}, "min": {"dba": 0.8336}}, "1002": {"mean": {"dba": 0.9721}, "min": {"dba": 0.9653}}, "1003": {"mean": {"dba": 0.9304}, "min": {"dba": 0.8872}}, "1004": {"mean": {"dba": 0.9328}, "min": {"dba": 0.9126}}, "1005": {"mean": {"dba": 1.0599}, "min": {"dba": 0.9594}}, "1006": {"mean": {"dba": 0.9126}, "min": {"dba": 0.8447}}, "1007": {"mean": {"dba": 0.8482}, "min": {"dba": 0.8093}}, "1008": {"mean": {"dba": 0.9248}, "min": {"dba": 0.8914}}, "1009": {"mean": {"dba": 0.7901}, "min": {"dba": 0.7548}}, "1010": {"mean": {"dba": 0.8291}, "min": {"dba": 0.8202}}, "1011": {"mean": {"dba": 0.8186}, "min": {"dba": 0.7935}}, "1012": {"mean": {"dba": 0.9005}, "min": {"dba": 0.8964}}, "1013": {"mean": {"dba": 0.8296}, "min": {"dba": 0.8022}}, "1014": {"mean": {"dba": 0.8264}, "min": {"dba": 0.7485}}, "1015": {"mean": {"dba": 0.7623}, "min": {"dba": 0.7402}}}}