{"1001": {"1001": {"mean": {"dba": 0.9275}, "min": {"dba": 0.9265}}, "1002": {"mean": {"dba": 1.1029}, "min": {"dba": 1.0923}}, "1003": {"mean": {"dba": 1.0699}, "min": {"dba": 1.0578}}, "1004": {"mean": {"dba": 1.2412}, "min": {"dba": 1.2255}}, "1005": {"mean": {"dba": 1.7872}, "min": {"dba": 1.7583}}, "1006": {"mean": {"dba": 1.2814}, "min": {"dba": 1.2658}}, "1007": {"mean": {"dba": 1.072}, "min": {"dba": 1.0597}}, "1008": {"mean": {"dba": 1.0472}, "min": {"dba": 1.0446}}, "1009": {"mean": {"dba": 1.0006}, "min": {"dba": 0.9808}}, "1010": {"mean": {"dba": 1.0143}, "min": {"dba": 1.0013}}, "1011": {"mean": {"dba": 1.078}, "min": {"dba": 1.0652}}, "1012": {"mean": {"dba": 1.1853}, "min": {"dba": 1.1709}}, "1013": {"mean": {"dba": 0.9465}, "min": {"dba": 0.9456}}, "1014": {"mean": {"dba": 1.3925}, "min": {"dba": 1.3708}}, "1015": {"mean": {"dba": 0.903}, "min": {"dba": 0.8926}}}, "1002": {"1001": {"mean": {"dba": 0.9326}, "min": {"dba": 0.9266}}, "1002": {"mean": {"dba": 1.0596}, "min": {"dba": 1.0476}}, "1003": {"mean": {"dba": 1.1209}, "min": {"dba": 1.0895}}, "1004": {"mean": {"dba": 1.1715}, "min": {"dba": 1.151}}, "1005": {"mean": {"dba": 1.8913}, "min": {"dba": 1.8312}}, "1006": {"mean": {"dba": 1.2118}, "min": {"dba": 1.1913}}, "1007": {"mean": {"dba": 1.1237}, "min": {"dba": 1.0919}}, "1008": {"mean": {"dba": 1.0661}, "min": {"dba": 1.0526}}, "1009": {"mean": {"dba": 1.0772}, "min": {"dba": 1.0316}}, "1010": {"mean": {"dba": 0.9597}, "min": {"dba": 0.9443}}, "1011": {"mean": {"dba": 1.1314}, "min": {"dba": 1.0987}}, "1012": {"mean": {"dba": 1.1227}, "min": {"dba": 1.1046}}, "1013": {"mean": {"dba": 0.9606}, "min": {"dba": 0.9496}}, "1014": {"mean": {"dba": 1.291}, "min": {"dba": 1.2602}}, "1015": {"mean": {"dba": 0.8629}, "min": {"dba": 0.8523}}}, "1003": {"1001": {"mean": {"dba": 1.2147}, "min": {"dba": 1.0868}}, "1002": {"mean": {"dba": 1.5489}, "min": {"dba": 1.3995}}, "1003": {"mean": {"dba": 1.0965}, "min": {"dba": 1.0226}}, "1004": {"mean": {"dba": 1.7697}, "min": {"dba": 1.6079}}, "1005": {"mean": {"dba": 1.3144}, "min": {"dba": 1.1543}}, "1006": {"mean": {"dba": 1.8069}, "min": {"dba": 1.6461}}, "1007": {"mean": {"dba": 1.094}, "min": {"dba": 1.0211}}, "1008": {"mean": {"dba": 1.2439}, "min": {"dba": 1.1366}}, "1009": {"mean": {"dba": 0.8918}, "min": {"dba": 0.8405}}, "1010": {"mean": {"dba": 1.5116}, "min": {"dba": 1.3521}}, "1011": {"mean": {"dba": 1.0887}, "min": {"dba": 1.0185}}, "1012": {"mean": {"dba": 1.6926}, "min": {"dba": 1.5339}}, "1013": {"mean": {"dba": 1.1899}, "min": {"dba": 1.07}}, "1014": {"mean": {"dba": 2.025}, "min": {"dba": 1.8459}}, "1015": {"mean": {"dba": 1.3661}, "min": {"dba": 1.2098}}}, "1004": {"1001": {"mean": {"dba": 2.0216}, "min": {"dba": 1.1988}}, "1002": {"mean": {"dba": 1.7873}, "min": {"dba": 1.0777}}, "1003": {"mean": {"dba": 2.3919}, "min": {"dba": 1.5335}}, "1004": {"mean": {"dba": 1.6222}, "min": {"dba": 1.0155}}, "1005": {"mean": {"dba": 3.3745}, "min": {"dba": 2.4637}}, "1006": {"mean": {"dba": 1.6376}, "min": {"dba": 1.0484}}, "1007": {"mean": {"dba": 2.3978}, "min": {"dba": 1.5386}}, "1008": {"mean": {"dba": 2.1809}, "min": {"dba": 1.3645}}, "1009": {"mean": {"dba": 2.4821}, "min": {"dba": 1.5819}}, "1010": {"mean": {"dba": 1.6688}, "min": {"dba": 0.9425}}, "1011": {"mean": {"dba": 2.4126}, "min": {"dba": 1.5517}}, "1012": {"mean": {"dba": 1.6654}, "min": {"dba": 1.0202}}, "1013": {"mean": {"dba": 2.0865}, "min": {"dba": 1.2572}}, "1014": {"mean": {"dba": 1.3304}, "min": {"dba": 0.8537}}, "1015": {"mean": {"dba": 1.7318}, "min": {"dba": 0.9492}}}, "1005": {"1001": {"mean": {"dba": 2.0653}, "min": {"dba": 2.058}}, "1002": {"mean": {"dba": 2.4607}, "min": {"dba": 2.4533}}, "1003": {"mean": {"dba": 1.7665}, "min": {"dba": 1.7598}}, "1004": {"mean": {"dba": 2.7221}, "min": {"dba": 2.7145}}, "1005": {"mean": {"dba": 1.1776}, "min": {"dba": 1.1748}}, "1006": {"mean": {"dba": 2.7547}, "min": {"dba": 2.7471}}, "1007": {"mean": {"dba": 1.7606}, "min": {"dba": 1.7539}}, "1008": {"mean": {"dba": 2.0184}, "min": {"dba": 2.0114}}, "1009": {"mean": {"dba": 1.52}, "min": {"dba": 1.5132}}, "1010": {"mean": {"dba": 2.4621}, "min": {"dba": 2.4545}}, "1011": {"mean": {"dba": 1.7465}, "min": {"dba": 1.7398}}, "1012": {"mean": {"dba": 2.6352}, "min": {"dba": 2.6277}}, "1013": {"mean": {"dba": 2.0141}, "min": {"dba": 2.0069}}, "1014": {"mean": {"dba": 3.0412}, "min": {"dba": 3.0333}}, "1015": {"mean": {"dba": 2.3097}, "min": {"dba": 2.3021}}}, "1006": {"1001": {"mean": {"dba": 1.0572}, "min": {"dba": 1.0136}}, "1002": {"mean": {"dba": 1.0246}, "min": {"dba": 1.0142}}, "1003": {"mean": {"dba": 1.351}, "min": {"dba": 1.2906}}, "1004": {"mean": {"dba": 1.0332}, "min": {"dba": 1.013}}, "1005": {"mean": {"dba": 2.2355}, "min": {"dba": 2.1569}}, "1006": {"mean": {"dba": 1.0706}, "min": {"dba": 1.0483}}, "1007": {"mean": {"dba": 1.3554}, "min": {"dba": 1.2948}}, "1008": {"mean": {"dba": 1.2169}, "min": {"dba": 1.1702}}, "1009": {"mean": {"dba": 1.3705}, "min": {"dba": 1.2989}}, "1010": {"mean": {"dba": 0.897}, "min": {"dba": 0.8897}}, "1011": {"mean": {"dba": 1.3669}, "min": {"dba": 1.3057}}, "1012": {"mean": {"dba": 1.0149}, "min": {"dba": 1.0073}}, "1013": {"mean": {"dba": 1.1071}, "min": {"dba": 1.0599}}, "1014": {"mean": {"dba": 1.0173}, "min": {"dba": 0.9392}}, "1015": {"mean": {"dba": 0.8621}, "min": {"dba": 0.8406}}}, "1007": {"1001": {"mean": {"dba": 1.0031}, "min": {"dba": 0.9529}}, "1002": {"mean": {"dba": 1.2687}, "min": {"dba": 1.1881}}, "1003": {"mean": {"dba": 1.0211}, "min": {"dba": 1.0163}}, "1004": {"mean": {"dba": 1.4532}, "min": {"dba": 1.3571}}, "1005": {"mean": {"dba": 1.5535}, "min": {"dba": 1.401}}, "1006": {"mean": {"dba": 1.4923}, "min": {"dba": 1.3969}}, "1007": {"mean": {"dba": 1.0211}, "min": {"dba": 1.0169}}, "1008": {"mean": {"dba": 1.0814}, "min": {"dba": 1.0489}}, "1009": {"mean": {"dba": 0.8836}, "min": {"dba": 0.8404}}, "1010": {"mean": {"dba": 1.2058}, "min": {"dba": 1.1154}}, "1011": {"mean": {"dba": 1.0221}, "min": {"dba": 1.0194}}, "1012": {"mean": {"dba": 1.3853}, "min": {"dba": 1.2932}}, "1013": {"mean": {"dba": 0.9999}, "min": {"dba": 0.9583}}, "1014": {"mean": {"dba": 1.661}, "min": {"dba": 1.5456}}, "1015": {"mean": {"dba": 1.073}, "min": {"dba": 0.9888}}}, "1008": {"1001": {"mean": {"dba": 0.9592}, "min": {"dba": 0.9548}}, "1002": {"mean": {"dba": 1.2015}, "min": {"dba": 1.1924}}, "1003": {"mean": {"dba": 1.0186}, "min": {"dba": 1.0168}}, "1004": {"mean": {"dba": 1.3742}, "min": {"dba": 1.3626}}, "1005": {"mean": {"dba": 1.6263}, "min": {"dba": 1.6172}}, "1006": {"mean": {"dba": 1.4139}, "min": {"dba": 1.4024}}, "1007": {"mean": {"dba": 1.0193}, "min": {"dba": 1.0174}}, "1008": {"mean": {"dba": 1.0518}, "min": {"dba": 1.0498}}, "1009": {"mean": {"dba": 0.9034}, "min": {"dba": 0.8988}}, "1010": {"mean": {"dba": 1.1308}, "min": {"dba": 1.1203}}, "1011": {"mean": {"dba": 1.0221}, "min": {"dba": 1.02}}, "1012": {"mean": {"dba": 1.3092}, "min": {"dba": 1.2983}}, "1013": {"mean": {"dba": 0.9628}, "min": {"dba": 0.9596}}, "1014": {"mean": {"dba": 1.567}, "min": {"dba": 1.5525}}, "1015": {"mean": {"dba": 1.0027}, "min": {"dba": 0.9932}}}, "1009": {"1001": {"mean": {"dba": 1.014}, "min": {"dba": 0.9968}}, "1002": {"mean": {"dba": 1.2965}, "min": {"dba": 1.2697}}, "1003": {"mean": {"dba": 1.0086}, "min": {"dba": 1.0079}}, "1004": {"mean": {"dba": 1.4893}, "min": {"dba": 1.4577}}, "1005": {"mean": {"dba": 1.5112}, "min": {"dba": 1.4802}}, "1006": {"mean": {"dba": 1.5283}, "min": {"dba": 1.4969}}, "1007": {"mean": {"dba": 1.0082}, "min": {"dba": 1.0075}}, "1008": {"mean": {"dba": 1.0845}, "min": {"dba": 1.0731}}, "1009": {"mean": {"dba": 0.8578}, "min": {"dba": 0.8493}}, "1010": {"mean": {"dba": 1.2382}, "min": {"dba": 1.2083}}, "1011": {"mean": {"dba": 1.0082}, "min": {"dba": 1.0076}}, "1012": {"mean": {"dba": 1.4192}, "min": {"dba": 1.3888}}, "1013": {"mean": {"dba": 1.0066}, "min": {"dba": 0.9921}}, "1014": {"mean": {"dba": 1.7072}, "min": {"dba": 1.6695}}, "1015": {"mean": {"dba": 1.1016}, "min": {"dba": 1.0736}}}, "1010": {"1001": {"mean": {"dba": 1.0135}, "min": {"dba": 0.9556}}, "1002": {"mean": {"dba": 1.0905}, "min": {"dba": 1.0269}}, "1003": {"mean": {"dba": 1.217}, "min": {"dba": 1.0184}}, "1004": {"mean": {"dba": 1.1647}, "min": {"dba": 1.0132}}, "1005": {"mean": {"dba": 1.9963}, "min": {"dba": 1.6259}}, "1006": {"mean": {"dba": 1.2031}, "min": {"dba": 1.0486}}, "1007": {"mean": {"dba": 1.22}, "min": {"dba": 1.0191}}, "1008": {"mean": {"dba": 1.1477}, "min": {"dba": 1.0518}}, "1009": {"mean": {"dba": 1.1844}, "min": {"dba": 0.9031}}, "1010": {"mean": {"dba": 0.9854}, "min": {"dba": 0.9097}}, "1011": {"mean": {"dba": 1.2282}, "min": {"dba": 1.0219}}, "1012": {"mean": {"dba": 1.1278}, "min": {"dba": 1.007}}, "1013": {"mean": {"dba": 1.0454}, "min": {"dba": 0.9628}}, "1014": {"mean": {"dba": 1.2319}, "min": {"dba": 0.9419}}, "1015": {"mean": {"dba": 0.9127}, "min": {"dba": 0.8375}}}, "1011": {"1001": {"mean": {"dba": 1.1197}, "min": {"dba": 0.9319}}, "1002": {"mean": {"dba": 1.3809}, "min": {"dba": 1.1292}}, "1003": {"mean": {"dba": 1.1187}, "min": {"dba": 1.0375}}, "1004": {"mean": {"dba": 1.5646}, "min": {"dba": 1.2789}}, "1005": {"mean": {"dba": 1.5258}, "min": {"dba": 1.1395}}, "1006": {"mean": {"dba": 1.603}, "min": {"dba": 1.3191}}, "1007": {"mean": {"dba": 1.1182}, "min": {"dba": 1.0389}}, "1008": {"mean": {"dba": 1.1888}, "min": {"dba": 1.0438}}, "1009": {"mean": {"dba": 0.9787}, "min": {"dba": 0.9443}}, "1010": {"mean": {"dba": 1.3208}, "min": {"dba": 1.0461}}, "1011": {"mean": {"dba": 1.1179}, "min": {"dba": 1.0432}}, "1012": {"mean": {"dba": 1.497}, "min": {"dba": 1.22}}, "1013": {"mean": {"dba": 1.1148}, "min": {"dba": 0.9462}}, "1014": {"mean": {"dba": 1.774}, "min": {"dba": 1.444}}, "1015": {"mean": {"dba": 1.1911}, "min": {"dba": 0.9289}}}, "1012": {"1001": {"mean": {"dba": 1.1976}, "min": {"dba": 1.1447}}, "1002": {"mean": {"dba": 1.0782}, "min": {"dba": 1.051}}, "1003": {"mean": {"dba": 1.5314}, "min": {"dba": 1.4679}}, "1004": {"mean": {"dba": 1.0172}, "min": {"dba": 1.0124}}, "1005": {"mean": {"dba": 2.4607}, "min": {"dba": 2.3848}}, "1006": {"mean": {"dba": 1.0501}, "min": {"dba": 1.0472}}, "1007": {"mean": {"dba": 1.5365}, "min": {"dba": 1.4728}}, "1008": {"mean": {"dba": 1.3631}, "min": {"dba": 1.3092}}, "1009": {"mean": {"dba": 1.5792}, "min": {"dba": 1.5076}}, "1010": {"mean": {"dba": 0.9432}, "min": {"dba": 0.917}}, "1011": {"mean": {"dba": 1.5496}, "min": {"dba": 1.4855}}, "1012": {"mean": {"dba": 1.0216}, "min": {"dba": 1.0092}}, "1013": {"mean": {"dba": 1.2557}, "min": {"dba": 1.2006}}, "1014": {"mean": {"dba": 0.895}, "min": {"dba": 0.8706}}, "1015": {"mean": {"dba": 0.9492}, "min": {"dba": 0.9103}}}, "1013": {"1001": {"mean": {"dba": 1.338}, "min": {"dba": 0.942}}, "1002": {"mean": {"dba": 1.6622}, "min": {"dba": 1.1618}}, "1003": {"mean": {"dba": 1.2147}, "min": {"dba": 1.0325}}, "1004": {"mean": {"dba": 1.8799}, "min": {"dba": 1.323}}, "1005": {"mean": {"dba": 1.3124}, "min": {"dba": 1.125}}, "1006": {"mean": {"dba": 1.9166}, "min": {"dba": 1.363}}, "1007": {"mean": {"dba": 1.2119}, "min": {"dba": 1.0337}}, "1008": {"mean": {"dba": 1.3626}, "min": {"dba": 1.045}}, "1009": {"mean": {"dba": 1.0181}, "min": {"dba": 0.9345}}, "1010": {"mean": {"dba": 1.626}, "min": {"dba": 1.0847}}, "1011": {"mean": {"dba": 1.206}, "min": {"dba": 1.0377}}, "1012": {"mean": {"dba": 1.8038}, "min": {"dba": 1.261}}, "1013": {"mean": {"dba": 1.3136}, "min": {"dba": 0.9512}}, "1014": {"mean": {"dba": 2.1341}, "min": {"dba": 1.5019}}, "1015": {"mean": {"dba": 1.4842}, "min": {"dba": 0.9618}}}, "1014": {"1001": {"mean": {"dba": 2.0645}, "min": {"dba": 1.6632}}, "1002": {"mean": {"dba": 2.0197}, "min": {"dba": 1.4138}}, "1003": {"mean": {"dba": 2.2112}, "min": {"dba": 2.0423}}, "1004": {"mean": {"dba": 1.9757}, "min": {"dba": 1.2309}}, "1005": {"mean": {"dba": 2.6165}, "min": {"dba": 1.4605}}, "1006": {"mean": {"dba": 1.9946}, "min": {"dba": 1.2477}}, "1007": {"mean": {"dba": 2.2132}, "min": {"dba": 2.0482}}, "1008": {"mean": {"dba": 2.1513}, "min": {"dba": 1.8269}}, "1009": {"mean": {"dba": 2.1971}, "min": {"dba": 2.0006}}, "1010": {"mean": {"dba": 1.9425}, "min": {"dba": 1.288}}, "1011": {"mean": {"dba": 2.2183}, "min": {"dba": 2.0633}}, "1012": {"mean": {"dba": 1.9833}, "min": {"dba": 1.2798}}, "1013": {"mean": {"dba": 2.0911}, "min": {"dba": 1.7301}}, "1014": {"mean": {"dba": 1.8386}, "min": {"dba": 0.8862}}, "1015": {"mean": {"dba": 1.9456}, "min": {"dba": 1.3594}}}, "1015": {"1001": {"mean": {"dba": 1.3649}, "min": {"dba": 0.9697}}, "1002": {"mean": {"dba": 1.6224}, "min": {"dba": 1.02}}, "1003": {"mean": {"dba": 1.3169}, "min": {"dba": 1.0452}}, "1004": {"mean": {"dba": 1.8034}, "min": {"dba": 1.0865}}, "1005": {"mean": {"dba": 1.5152}, "min": {"dba": 1.1483}}, "1006": {"mean": {"dba": 1.8402}, "min": {"dba": 1.1263}}, "1007": {"mean": {"dba": 1.3155}, "min": {"dba": 1.0431}}, "1008": {"mean": {"dba": 1.4127}, "min": {"dba": 1.1193}}, "1009": {"mean": {"dba": 1.1645}, "min": {"dba": 0.8455}}, "1010": {"mean": {"dba": 1.5699}, "min": {"dba": 0.9046}}, "1011": {"mean": {"dba": 1.3128}, "min": {"dba": 1.0388}}, "1012": {"mean": {"dba": 1.7372}, "min": {"dba": 1.0506}}, "1013": {"mean": {"dba": 1.3541}, "min": {"dba": 1.0097}}, "1014": {"mean": {"dba": 2.0129}, "min": {"dba": 1.1499}}, "1015": {"mean": {"dba": 1.4475}, "min": {"dba": 0.8345}}}}