{"rank": {"bvp": [0, 13, 11, 7, 14, 6, 2, 6, 1, 5, 12, 4, 1, 1, 0], "eda": [13, 6, 2, 9, 10, 2, 11, 5, 10, 13, 4, 1, 4, 1, 0], "temp": [4, 3, 7, 13, 1, 6, 4, 1, 12, 12, 14, 1, 12, 7, 13], "acc": [12, 2, 7, 10, 5, 13, 3, 8, 6, 12, 7, 13, 3, 0, 0], "bvp+eda": [6, 12, 5, 8, 14, 3, 6, 6, 5, 9, 9, 2, 0, 1, 0], "bvp+temp": [0, 11, 10, 12, 9, 6, 0, 1, 5, 10, 14, 0, 6, 3, 5], "bvp+acc": [6, 8, 10, 9, 12, 14, 0, 6, 1, 9, 11, 8, 1, 0, 0], "eda+temp": [9, 3, 2, 13, 6, 3, 8, 2, 12, 14, 11, 0, 8, 4, 4], "eda+acc": [14, 2, 3, 12, 9, 9, 6, 5, 9, 14, 5, 7, 4, 0, 0], "temp+acc": [9, 1, 7, 14, 3, 10, 3, 4, 10, 14, 11, 7, 9, 3, 5], "bvp+eda+temp": [7, 9, 8, 12, 10, 3, 6, 1, 11, 11, 13, 1, 6, 2, 2], "bvp+eda+acc": [9, 7, 7, 11, 14, 6, 3, 5, 6, 13, 10, 4, 2, 0, 0], "bvp+temp+acc": [4, 5, 9, 13, 7, 9, 0, 3, 7, 13, 14, 5, 3, 0, 2], "eda+temp+acc": [11, 2, 3, 13, 4, 8, 5, 3, 10, 14, 10, 4, 5, 1, 2], "bvp+eda+temp+acc": [8, 5, 7, 13, 9, 7, 2, 3, 8, 14, 11, 3, 3, 1, 1]}, "score": {"bvp": [0, 13, 11, 7, 14, 6, 2, 6, 1, 5, 12, 4, 1, 1, 0], "eda": [13, 6, 2, 9, 10, 2, 11, 5, 10, 13, 4, 1, 4, 1, 0], "temp": [4, 3, 7, 13, 1, 6, 4, 1, 12, 12, 14, 1, 12, 7, 13], "acc": [12, 2, 7, 10, 5, 13, 3, 8, 6, 12, 7, 13, 3, 0, 0], "bvp+eda": [10, 9, 5, 7, 14, 2, 8, 2, 2, 12, 6, 2, 1, 1, 0], "bvp+temp": [0, 8, 10, 11, 6, 4, 2, 1, 6, 10, 14, 0, 8, 1, 6], "bvp+acc": [6, 7, 10, 7, 12, 11, 0, 5, 0, 6, 10, 9, 2, 0, 0], "eda+temp": [10, 4, 1, 14, 6, 2, 8, 2, 11, 14, 10, 0, 7, 4, 3], "eda+acc": [14, 4, 2, 11, 9, 5, 9, 4, 9, 14, 3, 3, 5, 0, 0], "temp+acc": [7, 2, 6, 13, 2, 8, 5, 4, 11, 14, 12, 3, 10, 0, 6], "bvp+eda+temp": [8, 8, 4, 11, 12, 2, 5, 1, 9, 11, 12, 0, 5, 1, 3], "bvp+eda+acc": [12, 7, 4, 8, 14, 4, 4, 3, 3, 13, 6, 3, 2, 0, 0], "bvp+temp+acc": [2, 5, 10, 11, 6, 7, 1, 2, 5, 11, 14, 0, 9, 0, 2], "eda+temp+acc": [10, 2, 3, 14, 6, 7, 7, 3, 11, 14, 9, 1, 7, 0, 2], "bvp+eda+temp+acc": [9, 5, 5, 11, 10, 5, 4, 2, 9, 13, 11, 0, 5, 0, 1]}}