{"rank": {"bvp": [1, 13, 12, 10, 13, 6, 0, 5, 1, 3, 8, 8, 1, 1, 0], "eda": [13, 6, 1, 9, 10, 3, 11, 4, 10, 14, 6, 4, 3, 1, 0], "temp": [7, 3, 4, 10, 1, 6, 6, 2, 11, 13, 14, 0, 12, 7, 12], "acc": [10, 2, 8, 10, 4, 14, 3, 11, 9, 12, 9, 12, 4, 0, 0], "bvp+eda": [8, 12, 5, 12, 14, 3, 6, 2, 5, 8, 8, 5, 0, 1, 0], "bvp+temp": [3, 10, 10, 13, 8, 4, 0, 2, 6, 9, 14, 1, 5, 3, 5], "bvp+acc": [5, 9, 11, 12, 11, 12, 0, 7, 3, 8, 8, 13, 1, 0, 0], "eda+temp": [12, 3, 0, 11, 6, 2, 8, 2, 12, 14, 12, 1, 8, 4, 5], "eda+acc": [13, 2, 2, 11, 8, 8, 7, 9, 11, 14, 9, 8, 3, 0, 0], "temp+acc": [8, 0, 6, 12, 0, 12, 3, 7, 12, 14, 13, 6, 9, 3, 5], "bvp+eda+temp": [8, 8, 7, 12, 10, 3, 6, 1, 7, 12, 11, 2, 4, 2, 1], "bvp+eda+acc": [9, 6, 7, 12, 11, 8, 3, 6, 8, 13, 9, 8, 1, 1, 0], "bvp+temp+acc": [5, 5, 10, 13, 5, 13, 0, 6, 8, 12, 13, 7, 6, 1, 0], "eda+temp+acc": [12, 2, 3, 12, 3, 11, 8, 4, 13, 14, 12, 5, 6, 1, 2], "bvp+eda+temp+acc": [9, 5, 4, 13, 6, 7, 3, 4, 9, 13, 12, 5, 3, 1, 0]}, "score": {"bvp": [1, 13, 12, 10, 13, 6, 0, 5, 1, 3, 8, 8, 1, 1, 0], "eda": [13, 6, 1, 9, 10, 3, 11, 4, 10, 14, 6, 4, 3, 1, 0], "temp": [7, 3, 4, 10, 1, 6, 6, 2, 11, 13, 14, 0, 12, 7, 12], "acc": [10, 2, 8, 10, 4, 14, 3, 11, 9, 12, 9, 12, 4, 0, 0], "bvp+eda": [10, 10, 3, 10, 13, 2, 8, 4, 3, 8, 6, 3, 1, 1, 0], "bvp+temp": [4, 7, 7, 10, 1, 4, 3, 2, 3, 11, 14, 0, 5, 3, 7], "bvp+acc": [4, 9, 11, 12, 11, 12, 0, 6, 1, 5, 8, 8, 1, 0, 0], "eda+temp": [12, 5, 1, 10, 4, 2, 9, 3, 10, 14, 12, 1, 6, 4, 3], "eda+acc": [13, 5, 2, 9, 10, 8, 10, 5, 10, 14, 6, 5, 5, 0, 0], "temp+acc": [9, 0, 5, 10, 1, 11, 6, 5, 11, 14, 14, 3, 12, 4, 6], "bvp+eda+temp": [8, 7, 1, 10, 6, 2, 6, 2, 7, 12, 13, 0, 5, 2, 1], "bvp+eda+acc": [11, 8, 3, 11, 13, 5, 7, 4, 5, 12, 5, 3, 2, 0, 0], "bvp+temp+acc": [5, 4, 5, 11, 2, 11, 2, 3, 5, 12, 14, 0, 6, 1, 3], "eda+temp+acc": [13, 4, 2, 10, 4, 8, 8, 3, 11, 14, 12, 1, 7, 1, 1], "bvp+eda+temp+acc": [9, 7, 3, 9, 6, 7, 7, 3, 7, 13, 12, 2, 5, 1, 0]}}