{"0.0": {"non-stress": {"recall": 1.0, "precision": 1.0, "f1": 1.0}, "stress": {"recall": 1.0, "precision": 1.0, "f1": 1.0}, "mean": {"recall": 1.0, "precision": 1.0, "f1": 1.0}}, "0.01": {"non-stress": {"recall": 1.0, "precision": 0.25, "f1": 0.4}, "stress": {"recall": 1.0, "precision": 0.25, "f1": 0.4}, "mean": {"recall": 1.0, "precision": 0.25, "f1": 0.39999999999999997}}, "0.02": {"non-stress": {"recall": 1.0, "precision": 0.125, "f1": 0.2222222222222222}, "stress": {"recall": 1.0, "precision": 0.125, "f1": 0.2222222222222222}, "mean": {"recall": 1.0, "precision": 0.125, "f1": 0.2222222222222222}}, "0.03": {"non-stress": {"recall": 1.0, "precision": 0.125, "f1": 0.2222222222222222}, "stress": {"recall": 1.0, "precision": 0.125, "f1": 0.2222222222222222}, "mean": {"recall": 1.0, "precision": 0.125, "f1": 0.2222222222222222}}, "0.04": {"non-stress": {"recall": 1.0, "precision": 0.125, "f1": 0.2222222222222222}, "stress": {"recall": 1.0, "precision": 0.125, "f1": 0.2222222222222222}, "mean": {"recall": 1.0, "precision": 0.125, "f1": 0.2222222222222222}}, "0.05": {"non-stress": {"recall": 1.0, "precision": 0.125, "f1": 0.2222222222222222}, "stress": {"recall": 1.0, "precision": 0.125, "f1": 0.2222222222222222}, "mean": {"recall": 1.0, "precision": 0.125, "f1": 0.2222222222222222}}, "0.06": {"non-stress": {"recall": 1.0, "precision": 0.125, "f1": 0.2222222222222222}, "stress": {"recall": 1.0, "precision": 0.125, "f1": 0.2222222222222222}, "mean": {"recall": 1.0, "precision": 0.125, "f1": 0.2222222222222222}}, "0.07": {"non-stress": {"recall": 1.0, "precision": 0.125, "f1": 0.2222222222222222}, "stress": {"recall": 1.0, "precision": 0.125, "f1": 0.2222222222222222}, "mean": {"recall": 1.0, "precision": 0.125, "f1": 0.2222222222222222}}, "0.08": {"non-stress": {"recall": 1.0, "precision": 0.125, "f1": 0.2222222222222222}, "stress": {"recall": 1.0, "precision": 0.125, "f1": 0.2222222222222222}, "mean": {"recall": 1.0, "precision": 0.125, "f1": 0.2222222222222222}}, "0.09": {"non-stress": {"recall": 1.0, "precision": 0.125, "f1": 0.2222222222222222}, "stress": {"recall": 1.0, "precision": 0.125, "f1": 0.2222222222222222}, "mean": {"recall": 1.0, "precision": 0.125, "f1": 0.2222222222222222}}, "0.1": {"non-stress": {"recall": 1.0, "precision": 0.125, "f1": 0.2222222222222222}, "stress": {"recall": 1.0, "precision": 0.125, "f1": 0.2222222222222222}, "mean": {"recall": 1.0, "precision": 0.125, "f1": 0.2222222222222222}}, "0.11": {"non-stress": {"recall": 1.0, "precision": 0.125, "f1": 0.2222222222222222}, "stress": {"recall": 1.0, "precision": 0.125, "f1": 0.2222222222222222}, "mean": {"recall": 1.0, "precision": 0.125, "f1": 0.2222222222222222}}, "0.12": {"non-stress": {"recall": 1.0, "precision": 0.125, "f1": 0.2222222222222222}, "stress": {"recall": 1.0, "precision": 0.125, "f1": 0.2222222222222222}, "mean": {"recall": 1.0, "precision": 0.125, "f1": 0.2222222222222222}}, "0.13": {"non-stress": {"recall": 1.0, "precision": 0.125, "f1": 0.2222222222222222}, "stress": {"recall": 1.0, "precision": 0.125, "f1": 0.2222222222222222}, "mean": {"recall": 1.0, "precision": 0.125, "f1": 0.2222222222222222}}, "0.14": {"non-stress": {"recall": 1.0, "precision": 0.125, "f1": 0.2222222222222222}, "stress": {"recall": 1.0, "precision": 0.125, "f1": 0.2222222222222222}, "mean": {"recall": 1.0, "precision": 0.125, "f1": 0.2222222222222222}}, "0.15": {"non-stress": {"recall": 1.0, "precision": 0.125, "f1": 0.2222222222222222}, "stress": {"recall": 1.0, "precision": 0.125, "f1": 0.2222222222222222}, "mean": {"recall": 1.0, "precision": 0.125, "f1": 0.2222222222222222}}, "0.16": {"non-stress": {"recall": 1.0, "precision": 0.125, "f1": 0.2222222222222222}, "stress": {"recall": 1.0, "precision": 0.125, "f1": 0.2222222222222222}, "mean": {"recall": 1.0, "precision": 0.125, "f1": 0.2222222222222222}}, "0.17": {"non-stress": {"recall": 1.0, "precision": 0.125, "f1": 0.2222222222222222}, "stress": {"recall": 1.0, "precision": 0.125, "f1": 0.2222222222222222}, "mean": {"recall": 1.0, "precision": 0.125, "f1": 0.2222222222222222}}, "0.18": {"non-stress": {"recall": 1.0, "precision": 0.125, "f1": 0.2222222222222222}, "stress": {"recall": 1.0, "precision": 0.125, "f1": 0.2222222222222222}, "mean": {"recall": 1.0, "precision": 0.125, "f1": 0.2222222222222222}}, "0.19": {"non-stress": {"recall": 1.0, "precision": 0.125, "f1": 0.2222222222222222}, "stress": {"recall": 1.0, "precision": 0.125, "f1": 0.2222222222222222}, "mean": {"recall": 1.0, "precision": 0.125, "f1": 0.2222222222222222}}, "0.2": {"non-stress": {"recall": 1.0, "precision": 0.125, "f1": 0.2222222222222222}, "stress": {"recall": 1.0, "precision": 0.125, "f1": 0.2222222222222222}, "mean": {"recall": 1.0, "precision": 0.125, "f1": 0.2222222222222222}}, "0.21": {"non-stress": {"recall": 1.0, "precision": 0.125, "f1": 0.2222222222222222}, "stress": {"recall": 1.0, "precision": 0.125, "f1": 0.2222222222222222}, "mean": {"recall": 1.0, "precision": 0.125, "f1": 0.2222222222222222}}, "0.22": {"non-stress": {"recall": 1.0, "precision": 0.125, "f1": 0.2222222222222222}, "stress": {"recall": 1.0, "precision": 0.125, "f1": 0.2222222222222222}, "mean": {"recall": 1.0, "precision": 0.125, "f1": 0.2222222222222222}}, "0.23": {"non-stress": {"recall": 1.0, "precision": 0.125, "f1": 0.2222222222222222}, "stress": {"recall": 1.0, "precision": 0.125, "f1": 0.2222222222222222}, "mean": {"recall": 1.0, "precision": 0.125, "f1": 0.2222222222222222}}, "0.24": {"non-stress": {"recall": 1.0, "precision": 0.125, "f1": 0.2222222222222222}, "stress": {"recall": 1.0, "precision": 0.125, "f1": 0.2222222222222222}, "mean": {"recall": 1.0, "precision": 0.125, "f1": 0.2222222222222222}}, "0.25": {"non-stress": {"recall": 1.0, "precision": 0.125, "f1": 0.2222222222222222}, "stress": {"recall": 1.0, "precision": 0.125, "f1": 0.2222222222222222}, "mean": {"recall": 1.0, "precision": 0.125, "f1": 0.2222222222222222}}, "0.26": {"non-stress": {"recall": 1.0, "precision": 0.125, "f1": 0.2222222222222222}, "stress": {"recall": 1.0, "precision": 0.125, "f1": 0.2222222222222222}, "mean": {"recall": 1.0, "precision": 0.125, "f1": 0.2222222222222222}}, "0.27": {"non-stress": {"recall": 1.0, "precision": 0.125, "f1": 0.2222222222222222}, "stress": {"recall": 1.0, "precision": 0.125, "f1": 0.2222222222222222}, "mean": {"recall": 1.0, "precision": 0.125, "f1": 0.2222222222222222}}, "0.28": {"non-stress": {"recall": 1.0, "precision": 0.125, "f1": 0.2222222222222222}, "stress": {"recall": 1.0, "precision": 0.125, "f1": 0.2222222222222222}, "mean": {"recall": 1.0, "precision": 0.125, "f1": 0.2222222222222222}}, "0.29": {"non-stress": {"recall": 1.0, "precision": 0.125, "f1": 0.2222222222222222}, "stress": {"recall": 1.0, "precision": 0.125, "f1": 0.2222222222222222}, "mean": {"recall": 1.0, "precision": 0.125, "f1": 0.2222222222222222}}, "0.3": {"non-stress": {"recall": 1.0, "precision": 0.125, "f1": 0.2222222222222222}, "stress": {"recall": 1.0, "precision": 0.125, "f1": 0.2222222222222222}, "mean": {"recall": 1.0, "precision": 0.125, "f1": 0.2222222222222222}}, "0.31": {"non-stress": {"recall": 1.0, "precision": 0.125, "f1": 0.2222222222222222}, "stress": {"recall": 1.0, "precision": 0.125, "f1": 0.2222222222222222}, "mean": {"recall": 1.0, "precision": 0.125, "f1": 0.2222222222222222}}, "0.32": {"non-stress": {"recall": 1.0, "precision": 0.125, "f1": 0.2222222222222222}, "stress": {"recall": 1.0, "precision": 0.125, "f1": 0.2222222222222222}, "mean": {"recall": 1.0, "precision": 0.125, "f1": 0.2222222222222222}}, "0.33": {"non-stress": {"recall": 1.0, "precision": 0.125, "f1": 0.2222222222222222}, "stress": {"recall": 1.0, "precision": 0.125, "f1": 0.2222222222222222}, "mean": {"recall": 1.0, "precision": 0.125, "f1": 0.2222222222222222}}, "0.34": {"non-stress": {"recall": 1.0, "precision": 0.125, "f1": 0.2222222222222222}, "stress": {"recall": 1.0, "precision": 0.125, "f1": 0.2222222222222222}, "mean": {"recall": 1.0, "precision": 0.125, "f1": 0.2222222222222222}}, "0.35": {"non-stress": {"recall": 1.0, "precision": 0.125, "f1": 0.2222222222222222}, "stress": {"recall": 1.0, "precision": 0.125, "f1": 0.2222222222222222}, "mean": {"recall": 1.0, "precision": 0.125, "f1": 0.2222222222222222}}, "0.36": {"non-stress": {"recall": 1.0, "precision": 0.125, "f1": 0.2222222222222222}, "stress": {"recall": 1.0, "precision": 0.125, "f1": 0.2222222222222222}, "mean": {"recall": 1.0, "precision": 0.125, "f1": 0.2222222222222222}}, "0.37": {"non-stress": {"recall": 1.0, "precision": 0.125, "f1": 0.2222222222222222}, "stress": {"recall": 1.0, "precision": 0.125, "f1": 0.2222222222222222}, "mean": {"recall": 1.0, "precision": 0.125, "f1": 0.2222222222222222}}, "0.38": {"non-stress": {"recall": 1.0, "precision": 0.125, "f1": 0.2222222222222222}, "stress": {"recall": 1.0, "precision": 0.125, "f1": 0.2222222222222222}, "mean": {"recall": 1.0, "precision": 0.125, "f1": 0.2222222222222222}}, "0.39": {"non-stress": {"recall": 1.0, "precision": 0.125, "f1": 0.2222222222222222}, "stress": {"recall": 1.0, "precision": 0.125, "f1": 0.2222222222222222}, "mean": {"recall": 1.0, "precision": 0.125, "f1": 0.2222222222222222}}, "0.4": {"non-stress": {"recall": 1.0, "precision": 0.125, "f1": 0.2222222222222222}, "stress": {"recall": 1.0, "precision": 0.125, "f1": 0.2222222222222222}, "mean": {"recall": 1.0, "precision": 0.125, "f1": 0.2222222222222222}}, "0.41": {"non-stress": {"recall": 1.0, "precision": 0.125, "f1": 0.2222222222222222}, "stress": {"recall": 1.0, "precision": 0.125, "f1": 0.2222222222222222}, "mean": {"recall": 1.0, "precision": 0.125, "f1": 0.2222222222222222}}, "0.42": {"non-stress": {"recall": 1.0, "precision": 0.125, "f1": 0.2222222222222222}, "stress": {"recall": 1.0, "precision": 0.125, "f1": 0.2222222222222222}, "mean": {"recall": 1.0, "precision": 0.125, "f1": 0.2222222222222222}}, "0.43": {"non-stress": {"recall": 1.0, "precision": 0.125, "f1": 0.2222222222222222}, "stress": {"recall": 1.0, "precision": 0.125, "f1": 0.2222222222222222}, "mean": {"recall": 1.0, "precision": 0.125, "f1": 0.2222222222222222}}, "0.44": {"non-stress": {"recall": 1.0, "precision": 0.125, "f1": 0.2222222222222222}, "stress": {"recall": 1.0, "precision": 0.125, "f1": 0.2222222222222222}, "mean": {"recall": 1.0, "precision": 0.125, "f1": 0.2222222222222222}}, "0.45": {"non-stress": {"recall": 1.0, "precision": 0.125, "f1": 0.2222222222222222}, "stress": {"recall": 1.0, "precision": 0.125, "f1": 0.2222222222222222}, "mean": {"recall": 1.0, "precision": 0.125, "f1": 0.2222222222222222}}, "0.46": {"non-stress": {"recall": 1.0, "precision": 0.125, "f1": 0.2222222222222222}, "stress": {"recall": 1.0, "precision": 0.125, "f1": 0.2222222222222222}, "mean": {"recall": 1.0, "precision": 0.125, "f1": 0.2222222222222222}}, "0.47": {"non-stress": {"recall": 1.0, "precision": 0.125, "f1": 0.2222222222222222}, "stress": {"recall": 1.0, "precision": 0.125, "f1": 0.2222222222222222}, "mean": {"recall": 1.0, "precision": 0.125, "f1": 0.2222222222222222}}, "0.48": {"non-stress": {"recall": 1.0, "precision": 0.125, "f1": 0.2222222222222222}, "stress": {"recall": 1.0, "precision": 0.125, "f1": 0.2222222222222222}, "mean": {"recall": 1.0, "precision": 0.125, "f1": 0.2222222222222222}}, "0.49": {"non-stress": {"recall": 1.0, "precision": 0.125, "f1": 0.2222222222222222}, "stress": {"recall": 1.0, "precision": 0.125, "f1": 0.2222222222222222}, "mean": {"recall": 1.0, "precision": 0.125, "f1": 0.2222222222222222}}, "0.5": {"non-stress": {"recall": 1.0, "precision": 0.125, "f1": 0.2222222222222222}, "stress": {"recall": 1.0, "precision": 0.125, "f1": 0.2222222222222222}, "mean": {"recall": 1.0, "precision": 0.125, "f1": 0.2222222222222222}}, "0.51": {"non-stress": {"recall": 1.0, "precision": 0.125, "f1": 0.2222222222222222}, "stress": {"recall": 1.0, "precision": 0.125, "f1": 0.2222222222222222}, "mean": {"recall": 1.0, "precision": 0.125, "f1": 0.2222222222222222}}, "0.52": {"non-stress": {"recall": 1.0, "precision": 0.125, "f1": 0.2222222222222222}, "stress": {"recall": 1.0, "precision": 0.125, "f1": 0.2222222222222222}, "mean": {"recall": 1.0, "precision": 0.125, "f1": 0.2222222222222222}}, "0.53": {"non-stress": {"recall": 1.0, "precision": 0.125, "f1": 0.2222222222222222}, "stress": {"recall": 1.0, "precision": 0.125, "f1": 0.2222222222222222}, "mean": {"recall": 1.0, "precision": 0.125, "f1": 0.2222222222222222}}, "0.54": {"non-stress": {"recall": 1.0, "precision": 0.125, "f1": 0.2222222222222222}, "stress": {"recall": 1.0, "precision": 0.125, "f1": 0.2222222222222222}, "mean": {"recall": 1.0, "precision": 0.125, "f1": 0.2222222222222222}}, "0.55": {"non-stress": {"recall": 1.0, "precision": 0.125, "f1": 0.2222222222222222}, "stress": {"recall": 1.0, "precision": 0.125, "f1": 0.2222222222222222}, "mean": {"recall": 1.0, "precision": 0.125, "f1": 0.2222222222222222}}, "0.56": {"non-stress": {"recall": 1.0, "precision": 0.125, "f1": 0.2222222222222222}, "stress": {"recall": 1.0, "precision": 0.125, "f1": 0.2222222222222222}, "mean": {"recall": 1.0, "precision": 0.125, "f1": 0.2222222222222222}}, "0.57": {"non-stress": {"recall": 1.0, "precision": 0.125, "f1": 0.2222222222222222}, "stress": {"recall": 1.0, "precision": 0.125, "f1": 0.2222222222222222}, "mean": {"recall": 1.0, "precision": 0.125, "f1": 0.2222222222222222}}, "0.58": {"non-stress": {"recall": 1.0, "precision": 0.125, "f1": 0.2222222222222222}, "stress": {"recall": 1.0, "precision": 0.125, "f1": 0.2222222222222222}, "mean": {"recall": 1.0, "precision": 0.125, "f1": 0.2222222222222222}}, "0.59": {"non-stress": {"recall": 1.0, "precision": 0.125, "f1": 0.2222222222222222}, "stress": {"recall": 1.0, "precision": 0.125, "f1": 0.2222222222222222}, "mean": {"recall": 1.0, "precision": 0.125, "f1": 0.2222222222222222}}, "0.6": {"non-stress": {"recall": 1.0, "precision": 0.125, "f1": 0.2222222222222222}, "stress": {"recall": 1.0, "precision": 0.125, "f1": 0.2222222222222222}, "mean": {"recall": 1.0, "precision": 0.125, "f1": 0.2222222222222222}}, "0.61": {"non-stress": {"recall": 1.0, "precision": 0.125, "f1": 0.2222222222222222}, "stress": {"recall": 1.0, "precision": 0.125, "f1": 0.2222222222222222}, "mean": {"recall": 1.0, "precision": 0.125, "f1": 0.2222222222222222}}, "0.62": {"non-stress": {"recall": 1.0, "precision": 0.125, "f1": 0.2222222222222222}, "stress": {"recall": 1.0, "precision": 0.125, "f1": 0.2222222222222222}, "mean": {"recall": 1.0, "precision": 0.125, "f1": 0.2222222222222222}}, "0.63": {"non-stress": {"recall": 1.0, "precision": 0.125, "f1": 0.2222222222222222}, "stress": {"recall": 1.0, "precision": 0.125, "f1": 0.2222222222222222}, "mean": {"recall": 1.0, "precision": 0.125, "f1": 0.2222222222222222}}, "0.64": {"non-stress": {"recall": 1.0, "precision": 0.125, "f1": 0.2222222222222222}, "stress": {"recall": 1.0, "precision": 0.125, "f1": 0.2222222222222222}, "mean": {"recall": 1.0, "precision": 0.125, "f1": 0.2222222222222222}}, "0.65": {"non-stress": {"recall": 1.0, "precision": 0.125, "f1": 0.2222222222222222}, "stress": {"recall": 1.0, "precision": 0.125, "f1": 0.2222222222222222}, "mean": {"recall": 1.0, "precision": 0.125, "f1": 0.2222222222222222}}, "0.66": {"non-stress": {"recall": 1.0, "precision": 0.125, "f1": 0.2222222222222222}, "stress": {"recall": 1.0, "precision": 0.125, "f1": 0.2222222222222222}, "mean": {"recall": 1.0, "precision": 0.125, "f1": 0.2222222222222222}}, "0.67": {"non-stress": {"recall": 1.0, "precision": 0.125, "f1": 0.2222222222222222}, "stress": {"recall": 1.0, "precision": 0.125, "f1": 0.2222222222222222}, "mean": {"recall": 1.0, "precision": 0.125, "f1": 0.2222222222222222}}, "0.68": {"non-stress": {"recall": 1.0, "precision": 0.125, "f1": 0.2222222222222222}, "stress": {"recall": 1.0, "precision": 0.125, "f1": 0.2222222222222222}, "mean": {"recall": 1.0, "precision": 0.125, "f1": 0.2222222222222222}}, "0.69": {"non-stress": {"recall": 1.0, "precision": 0.125, "f1": 0.2222222222222222}, "stress": {"recall": 1.0, "precision": 0.125, "f1": 0.2222222222222222}, "mean": {"recall": 1.0, "precision": 0.125, "f1": 0.2222222222222222}}, "0.7": {"non-stress": {"recall": 1.0, "precision": 0.125, "f1": 0.2222222222222222}, "stress": {"recall": 1.0, "precision": 0.125, "f1": 0.2222222222222222}, "mean": {"recall": 1.0, "precision": 0.125, "f1": 0.2222222222222222}}, "0.71": {"non-stress": {"recall": 1.0, "precision": 0.125, "f1": 0.2222222222222222}, "stress": {"recall": 1.0, "precision": 0.125, "f1": 0.2222222222222222}, "mean": {"recall": 1.0, "precision": 0.125, "f1": 0.2222222222222222}}, "0.72": {"non-stress": {"recall": 1.0, "precision": 0.125, "f1": 0.2222222222222222}, "stress": {"recall": 1.0, "precision": 0.125, "f1": 0.2222222222222222}, "mean": {"recall": 1.0, "precision": 0.125, "f1": 0.2222222222222222}}, "0.73": {"non-stress": {"recall": 1.0, "precision": 0.125, "f1": 0.2222222222222222}, "stress": {"recall": 1.0, "precision": 0.125, "f1": 0.2222222222222222}, "mean": {"recall": 1.0, "precision": 0.125, "f1": 0.2222222222222222}}, "0.74": {"non-stress": {"recall": 1.0, "precision": 0.125, "f1": 0.2222222222222222}, "stress": {"recall": 1.0, "precision": 0.125, "f1": 0.2222222222222222}, "mean": {"recall": 1.0, "precision": 0.125, "f1": 0.2222222222222222}}, "0.75": {"non-stress": {"recall": 1.0, "precision": 0.125, "f1": 0.2222222222222222}, "stress": {"recall": 1.0, "precision": 0.125, "f1": 0.2222222222222222}, "mean": {"recall": 1.0, "precision": 0.125, "f1": 0.2222222222222222}}, "0.76": {"non-stress": {"recall": 1.0, "precision": 0.125, "f1": 0.2222222222222222}, "stress": {"recall": 1.0, "precision": 0.125, "f1": 0.2222222222222222}, "mean": {"recall": 1.0, "precision": 0.125, "f1": 0.2222222222222222}}, "0.77": {"non-stress": {"recall": 1.0, "precision": 0.125, "f1": 0.2222222222222222}, "stress": {"recall": 1.0, "precision": 0.125, "f1": 0.2222222222222222}, "mean": {"recall": 1.0, "precision": 0.125, "f1": 0.2222222222222222}}, "0.78": {"non-stress": {"recall": 1.0, "precision": 0.125, "f1": 0.2222222222222222}, "stress": {"recall": 1.0, "precision": 0.125, "f1": 0.2222222222222222}, "mean": {"recall": 1.0, "precision": 0.125, "f1": 0.2222222222222222}}, "0.79": {"non-stress": {"recall": 1.0, "precision": 0.125, "f1": 0.2222222222222222}, "stress": {"recall": 1.0, "precision": 0.125, "f1": 0.2222222222222222}, "mean": {"recall": 1.0, "precision": 0.125, "f1": 0.2222222222222222}}, "0.8": {"non-stress": {"recall": 1.0, "precision": 0.125, "f1": 0.2222222222222222}, "stress": {"recall": 1.0, "precision": 0.125, "f1": 0.2222222222222222}, "mean": {"recall": 1.0, "precision": 0.125, "f1": 0.2222222222222222}}, "0.81": {"non-stress": {"recall": 1.0, "precision": 0.125, "f1": 0.2222222222222222}, "stress": {"recall": 1.0, "precision": 0.125, "f1": 0.2222222222222222}, "mean": {"recall": 1.0, "precision": 0.125, "f1": 0.2222222222222222}}, "0.82": {"non-stress": {"recall": 1.0, "precision": 0.125, "f1": 0.2222222222222222}, "stress": {"recall": 1.0, "precision": 0.125, "f1": 0.2222222222222222}, "mean": {"recall": 1.0, "precision": 0.125, "f1": 0.2222222222222222}}, "0.83": {"non-stress": {"recall": 1.0, "precision": 0.125, "f1": 0.2222222222222222}, "stress": {"recall": 1.0, "precision": 0.125, "f1": 0.2222222222222222}, "mean": {"recall": 1.0, "precision": 0.125, "f1": 0.2222222222222222}}, "0.84": {"non-stress": {"recall": 1.0, "precision": 0.125, "f1": 0.2222222222222222}, "stress": {"recall": 1.0, "precision": 0.125, "f1": 0.2222222222222222}, "mean": {"recall": 1.0, "precision": 0.125, "f1": 0.2222222222222222}}, "0.85": {"non-stress": {"recall": 1.0, "precision": 0.125, "f1": 0.2222222222222222}, "stress": {"recall": 1.0, "precision": 0.125, "f1": 0.2222222222222222}, "mean": {"recall": 1.0, "precision": 0.125, "f1": 0.2222222222222222}}, "0.86": {"non-stress": {"recall": 1.0, "precision": 0.125, "f1": 0.2222222222222222}, "stress": {"recall": 1.0, "precision": 0.125, "f1": 0.2222222222222222}, "mean": {"recall": 1.0, "precision": 0.125, "f1": 0.2222222222222222}}, "0.87": {"non-stress": {"recall": 1.0, "precision": 0.125, "f1": 0.2222222222222222}, "stress": {"recall": 1.0, "precision": 0.125, "f1": 0.2222222222222222}, "mean": {"recall": 1.0, "precision": 0.125, "f1": 0.2222222222222222}}, "0.88": {"non-stress": {"recall": 1.0, "precision": 0.125, "f1": 0.2222222222222222}, "stress": {"recall": 1.0, "precision": 0.125, "f1": 0.2222222222222222}, "mean": {"recall": 1.0, "precision": 0.125, "f1": 0.2222222222222222}}, "0.89": {"non-stress": {"recall": 1.0, "precision": 0.125, "f1": 0.2222222222222222}, "stress": {"recall": 1.0, "precision": 0.125, "f1": 0.2222222222222222}, "mean": {"recall": 1.0, "precision": 0.125, "f1": 0.2222222222222222}}, "0.9": {"non-stress": {"recall": 1.0, "precision": 0.125, "f1": 0.2222222222222222}, "stress": {"recall": 1.0, "precision": 0.125, "f1": 0.2222222222222222}, "mean": {"recall": 1.0, "precision": 0.125, "f1": 0.2222222222222222}}, "0.91": {"non-stress": {"recall": 1.0, "precision": 0.125, "f1": 0.2222222222222222}, "stress": {"recall": 1.0, "precision": 0.125, "f1": 0.2222222222222222}, "mean": {"recall": 1.0, "precision": 0.125, "f1": 0.2222222222222222}}, "0.92": {"non-stress": {"recall": 1.0, "precision": 0.125, "f1": 0.2222222222222222}, "stress": {"recall": 1.0, "precision": 0.125, "f1": 0.2222222222222222}, "mean": {"recall": 1.0, "precision": 0.125, "f1": 0.2222222222222222}}, "0.93": {"non-stress": {"recall": 1.0, "precision": 0.125, "f1": 0.2222222222222222}, "stress": {"recall": 1.0, "precision": 0.125, "f1": 0.2222222222222222}, "mean": {"recall": 1.0, "precision": 0.125, "f1": 0.2222222222222222}}, "0.94": {"non-stress": {"recall": 1.0, "precision": 0.125, "f1": 0.2222222222222222}, "stress": {"recall": 1.0, "precision": 0.125, "f1": 0.2222222222222222}, "mean": {"recall": 1.0, "precision": 0.125, "f1": 0.2222222222222222}}, "0.95": {"non-stress": {"recall": 1.0, "precision": 0.125, "f1": 0.2222222222222222}, "stress": {"recall": 1.0, "precision": 0.125, "f1": 0.2222222222222222}, "mean": {"recall": 1.0, "precision": 0.125, "f1": 0.2222222222222222}}, "0.96": {"non-stress": {"recall": 1.0, "precision": 0.125, "f1": 0.2222222222222222}, "stress": {"recall": 1.0, "precision": 0.125, "f1": 0.2222222222222222}, "mean": {"recall": 1.0, "precision": 0.125, "f1": 0.2222222222222222}}, "0.97": {"non-stress": {"recall": 1.0, "precision": 0.125, "f1": 0.2222222222222222}, "stress": {"recall": 1.0, "precision": 0.125, "f1": 0.2222222222222222}, "mean": {"recall": 1.0, "precision": 0.125, "f1": 0.2222222222222222}}, "0.98": {"non-stress": {"recall": 1.0, "precision": 0.125, "f1": 0.2222222222222222}, "stress": {"recall": 1.0, "precision": 0.125, "f1": 0.2222222222222222}, "mean": {"recall": 1.0, "precision": 0.125, "f1": 0.2222222222222222}}, "0.99": {"non-stress": {"recall": 1.0, "precision": 0.125, "f1": 0.2222222222222222}, "stress": {"recall": 1.0, "precision": 0.125, "f1": 0.2222222222222222}, "mean": {"recall": 1.0, "precision": 0.125, "f1": 0.2222222222222222}}, "1.0": {"non-stress": {"recall": 1.0, "precision": 0.125, "f1": 0.2222222222222222}, "stress": {"recall": 1.0, "precision": 0.125, "f1": 0.2222222222222222}, "mean": {"recall": 1.0, "precision": 0.125, "f1": 0.2222222222222222}}, "1.01": {"non-stress": {"recall": 1.0, "precision": 0.125, "f1": 0.2222222222222222}, "stress": {"recall": 1.0, "precision": 0.125, "f1": 0.2222222222222222}, "mean": {"recall": 1.0, "precision": 0.125, "f1": 0.2222222222222222}}, "1.02": {"non-stress": {"recall": 1.0, "precision": 0.125, "f1": 0.2222222222222222}, "stress": {"recall": 1.0, "precision": 0.125, "f1": 0.2222222222222222}, "mean": {"recall": 1.0, "precision": 0.125, "f1": 0.2222222222222222}}, "1.03": {"non-stress": {"recall": 1.0, "precision": 0.125, "f1": 0.2222222222222222}, "stress": {"recall": 1.0, "precision": 0.125, "f1": 0.2222222222222222}, "mean": {"recall": 1.0, "precision": 0.125, "f1": 0.2222222222222222}}, "1.04": {"non-stress": {"recall": 1.0, "precision": 0.125, "f1": 0.2222222222222222}, "stress": {"recall": 1.0, "precision": 0.125, "f1": 0.2222222222222222}, "mean": {"recall": 1.0, "precision": 0.125, "f1": 0.2222222222222222}}, "1.05": {"non-stress": {"recall": 1.0, "precision": 0.125, "f1": 0.2222222222222222}, "stress": {"recall": 1.0, "precision": 0.125, "f1": 0.2222222222222222}, "mean": {"recall": 1.0, "precision": 0.125, "f1": 0.2222222222222222}}, "1.06": {"non-stress": {"recall": 1.0, "precision": 0.125, "f1": 0.2222222222222222}, "stress": {"recall": 1.0, "precision": 0.125, "f1": 0.2222222222222222}, "mean": {"recall": 1.0, "precision": 0.125, "f1": 0.2222222222222222}}, "1.07": {"non-stress": {"recall": 1.0, "precision": 0.125, "f1": 0.2222222222222222}, "stress": {"recall": 1.0, "precision": 0.125, "f1": 0.2222222222222222}, "mean": {"recall": 1.0, "precision": 0.125, "f1": 0.2222222222222222}}, "1.08": {"non-stress": {"recall": 1.0, "precision": 0.125, "f1": 0.2222222222222222}, "stress": {"recall": 1.0, "precision": 0.125, "f1": 0.2222222222222222}, "mean": {"recall": 1.0, "precision": 0.125, "f1": 0.2222222222222222}}, "1.09": {"non-stress": {"recall": 1.0, "precision": 0.125, "f1": 0.2222222222222222}, "stress": {"recall": 1.0, "precision": 0.125, "f1": 0.2222222222222222}, "mean": {"recall": 1.0, "precision": 0.125, "f1": 0.2222222222222222}}, "1.1": {"non-stress": {"recall": 1.0, "precision": 0.125, "f1": 0.2222222222222222}, "stress": {"recall": 1.0, "precision": 0.125, "f1": 0.2222222222222222}, "mean": {"recall": 1.0, "precision": 0.125, "f1": 0.2222222222222222}}, "1.11": {"non-stress": {"recall": 1.0, "precision": 0.125, "f1": 0.2222222222222222}, "stress": {"recall": 1.0, "precision": 0.125, "f1": 0.2222222222222222}, "mean": {"recall": 1.0, "precision": 0.125, "f1": 0.2222222222222222}}, "1.12": {"non-stress": {"recall": 1.0, "precision": 0.125, "f1": 0.2222222222222222}, "stress": {"recall": 1.0, "precision": 0.125, "f1": 0.2222222222222222}, "mean": {"recall": 1.0, "precision": 0.125, "f1": 0.2222222222222222}}, "1.13": {"non-stress": {"recall": 1.0, "precision": 0.125, "f1": 0.2222222222222222}, "stress": {"recall": 1.0, "precision": 0.125, "f1": 0.2222222222222222}, "mean": {"recall": 1.0, "precision": 0.125, "f1": 0.2222222222222222}}, "1.14": {"non-stress": {"recall": 1.0, "precision": 0.125, "f1": 0.2222222222222222}, "stress": {"recall": 1.0, "precision": 0.125, "f1": 0.2222222222222222}, "mean": {"recall": 1.0, "precision": 0.125, "f1": 0.2222222222222222}}, "1.15": {"non-stress": {"recall": 1.0, "precision": 0.125, "f1": 0.2222222222222222}, "stress": {"recall": 1.0, "precision": 0.125, "f1": 0.2222222222222222}, "mean": {"recall": 1.0, "precision": 0.125, "f1": 0.2222222222222222}}, "1.16": {"non-stress": {"recall": 1.0, "precision": 0.125, "f1": 0.2222222222222222}, "stress": {"recall": 1.0, "precision": 0.125, "f1": 0.2222222222222222}, "mean": {"recall": 1.0, "precision": 0.125, "f1": 0.2222222222222222}}, "1.17": {"non-stress": {"recall": 1.0, "precision": 0.125, "f1": 0.2222222222222222}, "stress": {"recall": 1.0, "precision": 0.125, "f1": 0.2222222222222222}, "mean": {"recall": 1.0, "precision": 0.125, "f1": 0.2222222222222222}}, "1.18": {"non-stress": {"recall": 1.0, "precision": 0.125, "f1": 0.2222222222222222}, "stress": {"recall": 1.0, "precision": 0.125, "f1": 0.2222222222222222}, "mean": {"recall": 1.0, "precision": 0.125, "f1": 0.2222222222222222}}, "1.19": {"non-stress": {"recall": 1.0, "precision": 0.125, "f1": 0.2222222222222222}, "stress": {"recall": 1.0, "precision": 0.125, "f1": 0.2222222222222222}, "mean": {"recall": 1.0, "precision": 0.125, "f1": 0.2222222222222222}}, "1.2": {"non-stress": {"recall": 1.0, "precision": 0.125, "f1": 0.2222222222222222}, "stress": {"recall": 1.0, "precision": 0.125, "f1": 0.2222222222222222}, "mean": {"recall": 1.0, "precision": 0.125, "f1": 0.2222222222222222}}, "1.21": {"non-stress": {"recall": 1.0, "precision": 0.125, "f1": 0.2222222222222222}, "stress": {"recall": 1.0, "precision": 0.125, "f1": 0.2222222222222222}, "mean": {"recall": 1.0, "precision": 0.125, "f1": 0.2222222222222222}}, "1.22": {"non-stress": {"recall": 1.0, "precision": 0.125, "f1": 0.2222222222222222}, "stress": {"recall": 1.0, "precision": 0.125, "f1": 0.2222222222222222}, "mean": {"recall": 1.0, "precision": 0.125, "f1": 0.2222222222222222}}, "1.23": {"non-stress": {"recall": 1.0, "precision": 0.125, "f1": 0.2222222222222222}, "stress": {"recall": 1.0, "precision": 0.125, "f1": 0.2222222222222222}, "mean": {"recall": 1.0, "precision": 0.125, "f1": 0.2222222222222222}}, "1.24": {"non-stress": {"recall": 1.0, "precision": 0.125, "f1": 0.2222222222222222}, "stress": {"recall": 1.0, "precision": 0.125, "f1": 0.2222222222222222}, "mean": {"recall": 1.0, "precision": 0.125, "f1": 0.2222222222222222}}, "1.25": {"non-stress": {"recall": 1.0, "precision": 0.125, "f1": 0.2222222222222222}, "stress": {"recall": 1.0, "precision": 0.125, "f1": 0.2222222222222222}, "mean": {"recall": 1.0, "precision": 0.125, "f1": 0.2222222222222222}}, "1.26": {"non-stress": {"recall": 1.0, "precision": 0.125, "f1": 0.2222222222222222}, "stress": {"recall": 1.0, "precision": 0.125, "f1": 0.2222222222222222}, "mean": {"recall": 1.0, "precision": 0.125, "f1": 0.2222222222222222}}, "1.27": {"non-stress": {"recall": 1.0, "precision": 0.125, "f1": 0.2222222222222222}, "stress": {"recall": 1.0, "precision": 0.125, "f1": 0.2222222222222222}, "mean": {"recall": 1.0, "precision": 0.125, "f1": 0.2222222222222222}}, "1.28": {"non-stress": {"recall": 1.0, "precision": 0.125, "f1": 0.2222222222222222}, "stress": {"recall": 1.0, "precision": 0.125, "f1": 0.2222222222222222}, "mean": {"recall": 1.0, "precision": 0.125, "f1": 0.2222222222222222}}, "1.29": {"non-stress": {"recall": 1.0, "precision": 0.125, "f1": 0.2222222222222222}, "stress": {"recall": 1.0, "precision": 0.125, "f1": 0.2222222222222222}, "mean": {"recall": 1.0, "precision": 0.125, "f1": 0.2222222222222222}}, "1.3": {"non-stress": {"recall": 1.0, "precision": 0.125, "f1": 0.2222222222222222}, "stress": {"recall": 1.0, "precision": 0.125, "f1": 0.2222222222222222}, "mean": {"recall": 1.0, "precision": 0.125, "f1": 0.2222222222222222}}, "1.31": {"non-stress": {"recall": 1.0, "precision": 0.125, "f1": 0.2222222222222222}, "stress": {"recall": 1.0, "precision": 0.125, "f1": 0.2222222222222222}, "mean": {"recall": 1.0, "precision": 0.125, "f1": 0.2222222222222222}}, "1.32": {"non-stress": {"recall": 1.0, "precision": 0.125, "f1": 0.2222222222222222}, "stress": {"recall": 1.0, "precision": 0.125, "f1": 0.2222222222222222}, "mean": {"recall": 1.0, "precision": 0.125, "f1": 0.2222222222222222}}, "1.33": {"non-stress": {"recall": 1.0, "precision": 0.125, "f1": 0.2222222222222222}, "stress": {"recall": 1.0, "precision": 0.125, "f1": 0.2222222222222222}, "mean": {"recall": 1.0, "precision": 0.125, "f1": 0.2222222222222222}}, "1.34": {"non-stress": {"recall": 1.0, "precision": 0.125, "f1": 0.2222222222222222}, "stress": {"recall": 1.0, "precision": 0.125, "f1": 0.2222222222222222}, "mean": {"recall": 1.0, "precision": 0.125, "f1": 0.2222222222222222}}, "1.35": {"non-stress": {"recall": 1.0, "precision": 0.125, "f1": 0.2222222222222222}, "stress": {"recall": 1.0, "precision": 0.125, "f1": 0.2222222222222222}, "mean": {"recall": 1.0, "precision": 0.125, "f1": 0.2222222222222222}}, "1.36": {"non-stress": {"recall": 1.0, "precision": 0.125, "f1": 0.2222222222222222}, "stress": {"recall": 1.0, "precision": 0.125, "f1": 0.2222222222222222}, "mean": {"recall": 1.0, "precision": 0.125, "f1": 0.2222222222222222}}, "1.37": {"non-stress": {"recall": 1.0, "precision": 0.125, "f1": 0.2222222222222222}, "stress": {"recall": 1.0, "precision": 0.125, "f1": 0.2222222222222222}, "mean": {"recall": 1.0, "precision": 0.125, "f1": 0.2222222222222222}}, "1.38": {"non-stress": {"recall": 1.0, "precision": 0.125, "f1": 0.2222222222222222}, "stress": {"recall": 1.0, "precision": 0.125, "f1": 0.2222222222222222}, "mean": {"recall": 1.0, "precision": 0.125, "f1": 0.2222222222222222}}, "1.39": {"non-stress": {"recall": 1.0, "precision": 0.125, "f1": 0.2222222222222222}, "stress": {"recall": 1.0, "precision": 0.125, "f1": 0.2222222222222222}, "mean": {"recall": 1.0, "precision": 0.125, "f1": 0.2222222222222222}}, "1.4": {"non-stress": {"recall": 1.0, "precision": 0.125, "f1": 0.2222222222222222}, "stress": {"recall": 1.0, "precision": 0.125, "f1": 0.2222222222222222}, "mean": {"recall": 1.0, "precision": 0.125, "f1": 0.2222222222222222}}, "1.41": {"non-stress": {"recall": 1.0, "precision": 0.125, "f1": 0.2222222222222222}, "stress": {"recall": 1.0, "precision": 0.125, "f1": 0.2222222222222222}, "mean": {"recall": 1.0, "precision": 0.125, "f1": 0.2222222222222222}}, "1.42": {"non-stress": {"recall": 1.0, "precision": 0.125, "f1": 0.2222222222222222}, "stress": {"recall": 1.0, "precision": 0.125, "f1": 0.2222222222222222}, "mean": {"recall": 1.0, "precision": 0.125, "f1": 0.2222222222222222}}, "1.43": {"non-stress": {"recall": 1.0, "precision": 0.125, "f1": 0.2222222222222222}, "stress": {"recall": 1.0, "precision": 0.125, "f1": 0.2222222222222222}, "mean": {"recall": 1.0, "precision": 0.125, "f1": 0.2222222222222222}}, "1.44": {"non-stress": {"recall": 1.0, "precision": 0.125, "f1": 0.2222222222222222}, "stress": {"recall": 1.0, "precision": 0.125, "f1": 0.2222222222222222}, "mean": {"recall": 1.0, "precision": 0.125, "f1": 0.2222222222222222}}, "1.45": {"non-stress": {"recall": 1.0, "precision": 0.125, "f1": 0.2222222222222222}, "stress": {"recall": 1.0, "precision": 0.125, "f1": 0.2222222222222222}, "mean": {"recall": 1.0, "precision": 0.125, "f1": 0.2222222222222222}}, "1.46": {"non-stress": {"recall": 1.0, "precision": 0.125, "f1": 0.2222222222222222}, "stress": {"recall": 1.0, "precision": 0.125, "f1": 0.2222222222222222}, "mean": {"recall": 1.0, "precision": 0.125, "f1": 0.2222222222222222}}, "1.47": {"non-stress": {"recall": 1.0, "precision": 0.125, "f1": 0.2222222222222222}, "stress": {"recall": 1.0, "precision": 0.125, "f1": 0.2222222222222222}, "mean": {"recall": 1.0, "precision": 0.125, "f1": 0.2222222222222222}}, "1.48": {"non-stress": {"recall": 1.0, "precision": 0.125, "f1": 0.2222222222222222}, "stress": {"recall": 1.0, "precision": 0.125, "f1": 0.2222222222222222}, "mean": {"recall": 1.0, "precision": 0.125, "f1": 0.2222222222222222}}, "1.49": {"non-stress": {"recall": 1.0, "precision": 0.125, "f1": 0.2222222222222222}, "stress": {"recall": 1.0, "precision": 0.125, "f1": 0.2222222222222222}, "mean": {"recall": 1.0, "precision": 0.125, "f1": 0.2222222222222222}}, "1.5": {"non-stress": {"recall": 1.0, "precision": 0.125, "f1": 0.2222222222222222}, "stress": {"recall": 1.0, "precision": 0.125, "f1": 0.2222222222222222}, "mean": {"recall": 1.0, "precision": 0.125, "f1": 0.2222222222222222}}, "1.51": {"non-stress": {"recall": 1.0, "precision": 0.125, "f1": 0.2222222222222222}, "stress": {"recall": 1.0, "precision": 0.125, "f1": 0.2222222222222222}, "mean": {"recall": 1.0, "precision": 0.125, "f1": 0.2222222222222222}}, "1.52": {"non-stress": {"recall": 1.0, "precision": 0.125, "f1": 0.2222222222222222}, "stress": {"recall": 1.0, "precision": 0.125, "f1": 0.2222222222222222}, "mean": {"recall": 1.0, "precision": 0.125, "f1": 0.2222222222222222}}, "1.53": {"non-stress": {"recall": 1.0, "precision": 0.125, "f1": 0.2222222222222222}, "stress": {"recall": 1.0, "precision": 0.125, "f1": 0.2222222222222222}, "mean": {"recall": 1.0, "precision": 0.125, "f1": 0.2222222222222222}}, "1.54": {"non-stress": {"recall": 1.0, "precision": 0.125, "f1": 0.2222222222222222}, "stress": {"recall": 1.0, "precision": 0.125, "f1": 0.2222222222222222}, "mean": {"recall": 1.0, "precision": 0.125, "f1": 0.2222222222222222}}, "1.55": {"non-stress": {"recall": 1.0, "precision": 0.125, "f1": 0.2222222222222222}, "stress": {"recall": 1.0, "precision": 0.125, "f1": 0.2222222222222222}, "mean": {"recall": 1.0, "precision": 0.125, "f1": 0.2222222222222222}}, "1.56": {"non-stress": {"recall": 1.0, "precision": 0.125, "f1": 0.2222222222222222}, "stress": {"recall": 1.0, "precision": 0.125, "f1": 0.2222222222222222}, "mean": {"recall": 1.0, "precision": 0.125, "f1": 0.2222222222222222}}, "1.57": {"non-stress": {"recall": 1.0, "precision": 0.125, "f1": 0.2222222222222222}, "stress": {"recall": 1.0, "precision": 0.125, "f1": 0.2222222222222222}, "mean": {"recall": 1.0, "precision": 0.125, "f1": 0.2222222222222222}}, "1.58": {"non-stress": {"recall": 1.0, "precision": 0.125, "f1": 0.2222222222222222}, "stress": {"recall": 1.0, "precision": 0.125, "f1": 0.2222222222222222}, "mean": {"recall": 1.0, "precision": 0.125, "f1": 0.2222222222222222}}, "1.59": {"non-stress": {"recall": 1.0, "precision": 0.125, "f1": 0.2222222222222222}, "stress": {"recall": 1.0, "precision": 0.125, "f1": 0.2222222222222222}, "mean": {"recall": 1.0, "precision": 0.125, "f1": 0.2222222222222222}}, "1.6": {"non-stress": {"recall": 1.0, "precision": 0.125, "f1": 0.2222222222222222}, "stress": {"recall": 1.0, "precision": 0.125, "f1": 0.2222222222222222}, "mean": {"recall": 1.0, "precision": 0.125, "f1": 0.2222222222222222}}, "1.61": {"non-stress": {"recall": 1.0, "precision": 0.125, "f1": 0.2222222222222222}, "stress": {"recall": 1.0, "precision": 0.125, "f1": 0.2222222222222222}, "mean": {"recall": 1.0, "precision": 0.125, "f1": 0.2222222222222222}}, "1.62": {"non-stress": {"recall": 1.0, "precision": 0.125, "f1": 0.2222222222222222}, "stress": {"recall": 1.0, "precision": 0.125, "f1": 0.2222222222222222}, "mean": {"recall": 1.0, "precision": 0.125, "f1": 0.2222222222222222}}, "1.63": {"non-stress": {"recall": 1.0, "precision": 0.125, "f1": 0.2222222222222222}, "stress": {"recall": 1.0, "precision": 0.125, "f1": 0.2222222222222222}, "mean": {"recall": 1.0, "precision": 0.125, "f1": 0.2222222222222222}}, "1.64": {"non-stress": {"recall": 1.0, "precision": 0.125, "f1": 0.2222222222222222}, "stress": {"recall": 1.0, "precision": 0.125, "f1": 0.2222222222222222}, "mean": {"recall": 1.0, "precision": 0.125, "f1": 0.2222222222222222}}, "1.65": {"non-stress": {"recall": 1.0, "precision": 0.125, "f1": 0.2222222222222222}, "stress": {"recall": 1.0, "precision": 0.125, "f1": 0.2222222222222222}, "mean": {"recall": 1.0, "precision": 0.125, "f1": 0.2222222222222222}}, "1.66": {"non-stress": {"recall": 1.0, "precision": 0.125, "f1": 0.2222222222222222}, "stress": {"recall": 1.0, "precision": 0.125, "f1": 0.2222222222222222}, "mean": {"recall": 1.0, "precision": 0.125, "f1": 0.2222222222222222}}, "1.67": {"non-stress": {"recall": 1.0, "precision": 0.125, "f1": 0.2222222222222222}, "stress": {"recall": 1.0, "precision": 0.125, "f1": 0.2222222222222222}, "mean": {"recall": 1.0, "precision": 0.125, "f1": 0.2222222222222222}}, "1.68": {"non-stress": {"recall": 1.0, "precision": 0.125, "f1": 0.2222222222222222}, "stress": {"recall": 1.0, "precision": 0.125, "f1": 0.2222222222222222}, "mean": {"recall": 1.0, "precision": 0.125, "f1": 0.2222222222222222}}, "1.69": {"non-stress": {"recall": 1.0, "precision": 0.125, "f1": 0.2222222222222222}, "stress": {"recall": 1.0, "precision": 0.125, "f1": 0.2222222222222222}, "mean": {"recall": 1.0, "precision": 0.125, "f1": 0.2222222222222222}}, "1.7": {"non-stress": {"recall": 1.0, "precision": 0.125, "f1": 0.2222222222222222}, "stress": {"recall": 1.0, "precision": 0.125, "f1": 0.2222222222222222}, "mean": {"recall": 1.0, "precision": 0.125, "f1": 0.2222222222222222}}, "1.71": {"non-stress": {"recall": 1.0, "precision": 0.125, "f1": 0.2222222222222222}, "stress": {"recall": 1.0, "precision": 0.125, "f1": 0.2222222222222222}, "mean": {"recall": 1.0, "precision": 0.125, "f1": 0.2222222222222222}}, "1.72": {"non-stress": {"recall": 1.0, "precision": 0.125, "f1": 0.2222222222222222}, "stress": {"recall": 1.0, "precision": 0.125, "f1": 0.2222222222222222}, "mean": {"recall": 1.0, "precision": 0.125, "f1": 0.2222222222222222}}, "1.73": {"non-stress": {"recall": 1.0, "precision": 0.125, "f1": 0.2222222222222222}, "stress": {"recall": 1.0, "precision": 0.125, "f1": 0.2222222222222222}, "mean": {"recall": 1.0, "precision": 0.125, "f1": 0.2222222222222222}}, "1.74": {"non-stress": {"recall": 1.0, "precision": 0.125, "f1": 0.2222222222222222}, "stress": {"recall": 1.0, "precision": 0.125, "f1": 0.2222222222222222}, "mean": {"recall": 1.0, "precision": 0.125, "f1": 0.2222222222222222}}, "1.75": {"non-stress": {"recall": 1.0, "precision": 0.125, "f1": 0.2222222222222222}, "stress": {"recall": 1.0, "precision": 0.125, "f1": 0.2222222222222222}, "mean": {"recall": 1.0, "precision": 0.125, "f1": 0.2222222222222222}}, "1.76": {"non-stress": {"recall": 1.0, "precision": 0.125, "f1": 0.2222222222222222}, "stress": {"recall": 1.0, "precision": 0.125, "f1": 0.2222222222222222}, "mean": {"recall": 1.0, "precision": 0.125, "f1": 0.2222222222222222}}, "1.77": {"non-stress": {"recall": 1.0, "precision": 0.125, "f1": 0.2222222222222222}, "stress": {"recall": 1.0, "precision": 0.125, "f1": 0.2222222222222222}, "mean": {"recall": 1.0, "precision": 0.125, "f1": 0.2222222222222222}}, "1.78": {"non-stress": {"recall": 1.0, "precision": 0.125, "f1": 0.2222222222222222}, "stress": {"recall": 1.0, "precision": 0.125, "f1": 0.2222222222222222}, "mean": {"recall": 1.0, "precision": 0.125, "f1": 0.2222222222222222}}, "1.79": {"non-stress": {"recall": 1.0, "precision": 0.125, "f1": 0.2222222222222222}, "stress": {"recall": 1.0, "precision": 0.125, "f1": 0.2222222222222222}, "mean": {"recall": 1.0, "precision": 0.125, "f1": 0.2222222222222222}}, "1.8": {"non-stress": {"recall": 1.0, "precision": 0.125, "f1": 0.2222222222222222}, "stress": {"recall": 1.0, "precision": 0.125, "f1": 0.2222222222222222}, "mean": {"recall": 1.0, "precision": 0.125, "f1": 0.2222222222222222}}, "1.81": {"non-stress": {"recall": 1.0, "precision": 0.125, "f1": 0.2222222222222222}, "stress": {"recall": 1.0, "precision": 0.125, "f1": 0.2222222222222222}, "mean": {"recall": 1.0, "precision": 0.125, "f1": 0.2222222222222222}}, "1.82": {"non-stress": {"recall": 1.0, "precision": 0.125, "f1": 0.2222222222222222}, "stress": {"recall": 1.0, "precision": 0.125, "f1": 0.2222222222222222}, "mean": {"recall": 1.0, "precision": 0.125, "f1": 0.2222222222222222}}, "1.83": {"non-stress": {"recall": 1.0, "precision": 0.125, "f1": 0.2222222222222222}, "stress": {"recall": 1.0, "precision": 0.125, "f1": 0.2222222222222222}, "mean": {"recall": 1.0, "precision": 0.125, "f1": 0.2222222222222222}}, "1.84": {"non-stress": {"recall": 1.0, "precision": 0.125, "f1": 0.2222222222222222}, "stress": {"recall": 1.0, "precision": 0.125, "f1": 0.2222222222222222}, "mean": {"recall": 1.0, "precision": 0.125, "f1": 0.2222222222222222}}, "1.85": {"non-stress": {"recall": 1.0, "precision": 0.125, "f1": 0.2222222222222222}, "stress": {"recall": 1.0, "precision": 0.125, "f1": 0.2222222222222222}, "mean": {"recall": 1.0, "precision": 0.125, "f1": 0.2222222222222222}}, "1.86": {"non-stress": {"recall": 1.0, "precision": 0.125, "f1": 0.2222222222222222}, "stress": {"recall": 1.0, "precision": 0.125, "f1": 0.2222222222222222}, "mean": {"recall": 1.0, "precision": 0.125, "f1": 0.2222222222222222}}, "1.87": {"non-stress": {"recall": 1.0, "precision": 0.125, "f1": 0.2222222222222222}, "stress": {"recall": 1.0, "precision": 0.125, "f1": 0.2222222222222222}, "mean": {"recall": 1.0, "precision": 0.125, "f1": 0.2222222222222222}}, "1.88": {"non-stress": {"recall": 1.0, "precision": 0.125, "f1": 0.2222222222222222}, "stress": {"recall": 1.0, "precision": 0.125, "f1": 0.2222222222222222}, "mean": {"recall": 1.0, "precision": 0.125, "f1": 0.2222222222222222}}, "1.89": {"non-stress": {"recall": 1.0, "precision": 0.125, "f1": 0.2222222222222222}, "stress": {"recall": 1.0, "precision": 0.125, "f1": 0.2222222222222222}, "mean": {"recall": 1.0, "precision": 0.125, "f1": 0.2222222222222222}}, "1.9": {"non-stress": {"recall": 1.0, "precision": 0.125, "f1": 0.2222222222222222}, "stress": {"recall": 1.0, "precision": 0.125, "f1": 0.2222222222222222}, "mean": {"recall": 1.0, "precision": 0.125, "f1": 0.2222222222222222}}, "1.91": {"non-stress": {"recall": 1.0, "precision": 0.125, "f1": 0.2222222222222222}, "stress": {"recall": 1.0, "precision": 0.125, "f1": 0.2222222222222222}, "mean": {"recall": 1.0, "precision": 0.125, "f1": 0.2222222222222222}}, "1.92": {"non-stress": {"recall": 1.0, "precision": 0.125, "f1": 0.2222222222222222}, "stress": {"recall": 1.0, "precision": 0.125, "f1": 0.2222222222222222}, "mean": {"recall": 1.0, "precision": 0.125, "f1": 0.2222222222222222}}, "1.93": {"non-stress": {"recall": 1.0, "precision": 0.125, "f1": 0.2222222222222222}, "stress": {"recall": 1.0, "precision": 0.125, "f1": 0.2222222222222222}, "mean": {"recall": 1.0, "precision": 0.125, "f1": 0.2222222222222222}}, "1.94": {"non-stress": {"recall": 1.0, "precision": 0.125, "f1": 0.2222222222222222}, "stress": {"recall": 1.0, "precision": 0.125, "f1": 0.2222222222222222}, "mean": {"recall": 1.0, "precision": 0.125, "f1": 0.2222222222222222}}, "1.95": {"non-stress": {"recall": 1.0, "precision": 0.125, "f1": 0.2222222222222222}, "stress": {"recall": 1.0, "precision": 0.125, "f1": 0.2222222222222222}, "mean": {"recall": 1.0, "precision": 0.125, "f1": 0.2222222222222222}}, "1.96": {"non-stress": {"recall": 1.0, "precision": 0.125, "f1": 0.2222222222222222}, "stress": {"recall": 1.0, "precision": 0.125, "f1": 0.2222222222222222}, "mean": {"recall": 1.0, "precision": 0.125, "f1": 0.2222222222222222}}, "1.97": {"non-stress": {"recall": 1.0, "precision": 0.125, "f1": 0.2222222222222222}, "stress": {"recall": 1.0, "precision": 0.125, "f1": 0.2222222222222222}, "mean": {"recall": 1.0, "precision": 0.125, "f1": 0.2222222222222222}}, "1.98": {"non-stress": {"recall": 1.0, "precision": 0.125, "f1": 0.2222222222222222}, "stress": {"recall": 1.0, "precision": 0.125, "f1": 0.2222222222222222}, "mean": {"recall": 1.0, "precision": 0.125, "f1": 0.2222222222222222}}, "1.99": {"non-stress": {"recall": 1.0, "precision": 0.125, "f1": 0.2222222222222222}, "stress": {"recall": 1.0, "precision": 0.125, "f1": 0.2222222222222222}, "mean": {"recall": 1.0, "precision": 0.125, "f1": 0.2222222222222222}}, "2.0": {"non-stress": {"recall": 1.0, "precision": 0.125, "f1": 0.2222222222222222}, "stress": {"recall": 1.0, "precision": 0.125, "f1": 0.2222222222222222}, "mean": {"recall": 1.0, "precision": 0.125, "f1": 0.2222222222222222}}}