{"0.0": {"non-stress": {"recall": 1.0, "precision": 1.0, "f1": 1.0}, "stress": {"recall": 1.0, "precision": 1.0, "f1": 1.0}, "mean": {"recall": 1.0, "precision": 1.0, "f1": 1.0}}, "0.01": {"non-stress": {"recall": 1.0, "precision": 1.0, "f1": 1.0}, "stress": {"recall": 1.0, "precision": 1.0, "f1": 1.0}, "mean": {"recall": 1.0, "precision": 1.0, "f1": 1.0}}, "0.02": {"non-stress": {"recall": 1.0, "precision": 1.0, "f1": 1.0}, "stress": {"recall": 1.0, "precision": 1.0, "f1": 1.0}, "mean": {"recall": 1.0, "precision": 1.0, "f1": 1.0}}, "0.03": {"non-stress": {"recall": 1.0, "precision": 1.0, "f1": 1.0}, "stress": {"recall": 1.0, "precision": 1.0, "f1": 1.0}, "mean": {"recall": 1.0, "precision": 1.0, "f1": 1.0}}, "0.04": {"non-stress": {"recall": 1.0, "precision": 1.0, "f1": 1.0}, "stress": {"recall": 1.0, "precision": 1.0, "f1": 1.0}, "mean": {"recall": 1.0, "precision": 1.0, "f1": 1.0}}, "0.05": {"non-stress": {"recall": 1.0, "precision": 1.0, "f1": 1.0}, "stress": {"recall": 1.0, "precision": 1.0, "f1": 1.0}, "mean": {"recall": 1.0, "precision": 1.0, "f1": 1.0}}, "0.06": {"non-stress": {"recall": 1.0, "precision": 1.0, "f1": 1.0}, "stress": {"recall": 1.0, "precision": 1.0, "f1": 1.0}, "mean": {"recall": 1.0, "precision": 1.0, "f1": 1.0}}, "0.07": {"non-stress": {"recall": 1.0, "precision": 1.0, "f1": 1.0}, "stress": {"recall": 1.0, "precision": 1.0, "f1": 1.0}, "mean": {"recall": 1.0, "precision": 1.0, "f1": 1.0}}, "0.08": {"non-stress": {"recall": 1.0, "precision": 1.0, "f1": 1.0}, "stress": {"recall": 1.0, "precision": 1.0, "f1": 1.0}, "mean": {"recall": 1.0, "precision": 1.0, "f1": 1.0}}, "0.09": {"non-stress": {"recall": 1.0, "precision": 1.0, "f1": 1.0}, "stress": {"recall": 1.0, "precision": 1.0, "f1": 1.0}, "mean": {"recall": 1.0, "precision": 1.0, "f1": 1.0}}, "0.1": {"non-stress": {"recall": 1.0, "precision": 1.0, "f1": 1.0}, "stress": {"recall": 1.0, "precision": 1.0, "f1": 1.0}, "mean": {"recall": 1.0, "precision": 1.0, "f1": 1.0}}, "0.11": {"non-stress": {"recall": 1.0, "precision": 1.0, "f1": 1.0}, "stress": {"recall": 1.0, "precision": 1.0, "f1": 1.0}, "mean": {"recall": 1.0, "precision": 1.0, "f1": 1.0}}, "0.12": {"non-stress": {"recall": 1.0, "precision": 1.0, "f1": 1.0}, "stress": {"recall": 1.0, "precision": 1.0, "f1": 1.0}, "mean": {"recall": 1.0, "precision": 1.0, "f1": 1.0}}, "0.13": {"non-stress": {"recall": 1.0, "precision": 1.0, "f1": 1.0}, "stress": {"recall": 1.0, "precision": 1.0, "f1": 1.0}, "mean": {"recall": 1.0, "precision": 1.0, "f1": 1.0}}, "0.14": {"non-stress": {"recall": 1.0, "precision": 1.0, "f1": 1.0}, "stress": {"recall": 1.0, "precision": 1.0, "f1": 1.0}, "mean": {"recall": 1.0, "precision": 1.0, "f1": 1.0}}, "0.15": {"non-stress": {"recall": 1.0, "precision": 1.0, "f1": 1.0}, "stress": {"recall": 1.0, "precision": 1.0, "f1": 1.0}, "mean": {"recall": 1.0, "precision": 1.0, "f1": 1.0}}, "0.16": {"non-stress": {"recall": 1.0, "precision": 1.0, "f1": 1.0}, "stress": {"recall": 1.0, "precision": 1.0, "f1": 1.0}, "mean": {"recall": 1.0, "precision": 1.0, "f1": 1.0}}, "0.17": {"non-stress": {"recall": 1.0, "precision": 1.0, "f1": 1.0}, "stress": {"recall": 1.0, "precision": 1.0, "f1": 1.0}, "mean": {"recall": 1.0, "precision": 1.0, "f1": 1.0}}, "0.18": {"non-stress": {"recall": 1.0, "precision": 1.0, "f1": 1.0}, "stress": {"recall": 1.0, "precision": 1.0, "f1": 1.0}, "mean": {"recall": 1.0, "precision": 1.0, "f1": 1.0}}, "0.19": {"non-stress": {"recall": 1.0, "precision": 1.0, "f1": 1.0}, "stress": {"recall": 1.0, "precision": 1.0, "f1": 1.0}, "mean": {"recall": 1.0, "precision": 1.0, "f1": 1.0}}, "0.2": {"non-stress": {"recall": 1.0, "precision": 1.0, "f1": 1.0}, "stress": {"recall": 1.0, "precision": 1.0, "f1": 1.0}, "mean": {"recall": 1.0, "precision": 1.0, "f1": 1.0}}, "0.21": {"non-stress": {"recall": 1.0, "precision": 1.0, "f1": 1.0}, "stress": {"recall": 1.0, "precision": 1.0, "f1": 1.0}, "mean": {"recall": 1.0, "precision": 1.0, "f1": 1.0}}, "0.22": {"non-stress": {"recall": 1.0, "precision": 1.0, "f1": 1.0}, "stress": {"recall": 1.0, "precision": 1.0, "f1": 1.0}, "mean": {"recall": 1.0, "precision": 1.0, "f1": 1.0}}, "0.23": {"non-stress": {"recall": 1.0, "precision": 1.0, "f1": 1.0}, "stress": {"recall": 1.0, "precision": 1.0, "f1": 1.0}, "mean": {"recall": 1.0, "precision": 1.0, "f1": 1.0}}, "0.24": {"non-stress": {"recall": 1.0, "precision": 1.0, "f1": 1.0}, "stress": {"recall": 1.0, "precision": 1.0, "f1": 1.0}, "mean": {"recall": 1.0, "precision": 1.0, "f1": 1.0}}, "0.25": {"non-stress": {"recall": 1.0, "precision": 1.0, "f1": 1.0}, "stress": {"recall": 1.0, "precision": 1.0, "f1": 1.0}, "mean": {"recall": 1.0, "precision": 1.0, "f1": 1.0}}, "0.26": {"non-stress": {"recall": 1.0, "precision": 1.0, "f1": 1.0}, "stress": {"recall": 1.0, "precision": 1.0, "f1": 1.0}, "mean": {"recall": 1.0, "precision": 1.0, "f1": 1.0}}, "0.27": {"non-stress": {"recall": 1.0, "precision": 1.0, "f1": 1.0}, "stress": {"recall": 1.0, "precision": 1.0, "f1": 1.0}, "mean": {"recall": 1.0, "precision": 1.0, "f1": 1.0}}, "0.28": {"non-stress": {"recall": 1.0, "precision": 1.0, "f1": 1.0}, "stress": {"recall": 1.0, "precision": 1.0, "f1": 1.0}, "mean": {"recall": 1.0, "precision": 1.0, "f1": 1.0}}, "0.29": {"non-stress": {"recall": 1.0, "precision": 1.0, "f1": 1.0}, "stress": {"recall": 1.0, "precision": 1.0, "f1": 1.0}, "mean": {"recall": 1.0, "precision": 1.0, "f1": 1.0}}, "0.3": {"non-stress": {"recall": 1.0, "precision": 1.0, "f1": 1.0}, "stress": {"recall": 1.0, "precision": 1.0, "f1": 1.0}, "mean": {"recall": 1.0, "precision": 1.0, "f1": 1.0}}, "0.31": {"non-stress": {"recall": 1.0, "precision": 1.0, "f1": 1.0}, "stress": {"recall": 1.0, "precision": 1.0, "f1": 1.0}, "mean": {"recall": 1.0, "precision": 1.0, "f1": 1.0}}, "0.32": {"non-stress": {"recall": 1.0, "precision": 1.0, "f1": 1.0}, "stress": {"recall": 1.0, "precision": 1.0, "f1": 1.0}, "mean": {"recall": 1.0, "precision": 1.0, "f1": 1.0}}, "0.33": {"non-stress": {"recall": 1.0, "precision": 1.0, "f1": 1.0}, "stress": {"recall": 1.0, "precision": 0.9375, "f1": 0.967741935483871}, "mean": {"recall": 1.0, "precision": 0.980625, "f1": 0.99}}, "0.34": {"non-stress": {"recall": 1.0, "precision": 1.0, "f1": 1.0}, "stress": {"recall": 1.0, "precision": 0.8823529411764706, "f1": 0.9375}, "mean": {"recall": 1.0, "precision": 0.9635294117647057, "f1": 0.980625}}, "0.35": {"non-stress": {"recall": 1.0, "precision": 1.0, "f1": 1.0}, "stress": {"recall": 1.0, "precision": 0.8333333333333334, "f1": 0.9090909090909091}, "mean": {"recall": 1.0, "precision": 0.9483333333333333, "f1": 0.9718181818181817}}, "0.36": {"non-stress": {"recall": 1.0, "precision": 1.0, "f1": 1.0}, "stress": {"recall": 1.0, "precision": 0.75, "f1": 0.8571428571428571}, "mean": {"recall": 1.0, "precision": 0.9224999999999999, "f1": 0.9557142857142856}}, "0.37": {"non-stress": {"recall": 1.0, "precision": 1.0, "f1": 1.0}, "stress": {"recall": 1.0, "precision": 0.6818181818181818, "f1": 0.8108108108108109}, "mean": {"recall": 1.0, "precision": 0.9013636363636363, "f1": 0.9413513513513513}}, "0.38": {"non-stress": {"recall": 1.0, "precision": 1.0, "f1": 1.0}, "stress": {"recall": 1.0, "precision": 0.5555555555555556, "f1": 0.7142857142857143}, "mean": {"recall": 1.0, "precision": 0.8622222222222222, "f1": 0.9114285714285714}}, "0.39": {"non-stress": {"recall": 1.0, "precision": 1.0, "f1": 1.0}, "stress": {"recall": 1.0, "precision": 0.45454545454545453, "f1": 0.625}, "mean": {"recall": 1.0, "precision": 0.8309090909090908, "f1": 0.8837499999999999}}, "0.4": {"non-stress": {"recall": 1.0, "precision": 1.0, "f1": 1.0}, "stress": {"recall": 1.0, "precision": 0.35714285714285715, "f1": 0.5263157894736842}, "mean": {"recall": 1.0, "precision": 0.8007142857142857, "f1": 0.853157894736842}}, "0.41": {"non-stress": {"recall": 1.0, "precision": 1.0, "f1": 1.0}, "stress": {"recall": 1.0, "precision": 0.29411764705882354, "f1": 0.45454545454545453}, "mean": {"recall": 1.0, "precision": 0.7811764705882352, "f1": 0.8309090909090908}}, "0.42": {"non-stress": {"recall": 1.0, "precision": 1.0, "f1": 1.0}, "stress": {"recall": 1.0, "precision": 0.2542372881355932, "f1": 0.4054054054054054}, "mean": {"recall": 1.0, "precision": 0.7688135593220339, "f1": 0.8156756756756756}}, "0.43": {"non-stress": {"recall": 1.0, "precision": 1.0, "f1": 1.0}, "stress": {"recall": 1.0, "precision": 0.22727272727272727, "f1": 0.37037037037037035}, "mean": {"recall": 1.0, "precision": 0.7604545454545454, "f1": 0.8048148148148148}}, "0.44": {"non-stress": {"recall": 1.0, "precision": 1.0, "f1": 1.0}, "stress": {"recall": 1.0, "precision": 0.2, "f1": 0.33333333333333337}, "mean": {"recall": 1.0, "precision": 0.752, "f1": 0.7933333333333333}}, "0.45": {"non-stress": {"recall": 1.0, "precision": 1.0, "f1": 1.0}, "stress": {"recall": 1.0, "precision": 0.1724137931034483, "f1": 0.29411764705882354}, "mean": {"recall": 1.0, "precision": 0.743448275862069, "f1": 0.7811764705882352}}, "0.46": {"non-stress": {"recall": 1.0, "precision": 1.0, "f1": 1.0}, "stress": {"recall": 1.0, "precision": 0.16304347826086957, "f1": 0.2803738317757009}, "mean": {"recall": 1.0, "precision": 0.7405434782608695, "f1": 0.7769158878504672}}, "0.47": {"non-stress": {"recall": 1.0, "precision": 1.0, "f1": 1.0}, "stress": {"recall": 1.0, "precision": 0.15625, "f1": 0.2702702702702703}, "mean": {"recall": 1.0, "precision": 0.7384375, "f1": 0.7737837837837838}}, "0.48": {"non-stress": {"recall": 1.0, "precision": 1.0, "f1": 1.0}, "stress": {"recall": 1.0, "precision": 0.15, "f1": 0.2608695652173913}, "mean": {"recall": 1.0, "precision": 0.7364999999999999, "f1": 0.7708695652173913}}, "0.49": {"non-stress": {"recall": 1.0, "precision": 0.9375, "f1": 0.967741935483871}, "stress": {"recall": 1.0, "precision": 0.14150943396226415, "f1": 0.24793388429752064}, "mean": {"recall": 1.0, "precision": 0.6907429245283019, "f1": 0.7446014396161024}}, "0.5": {"non-stress": {"recall": 1.0, "precision": 0.8823529411764706, "f1": 0.9375}, "stress": {"recall": 1.0, "precision": 0.13636363636363635, "f1": 0.24000000000000002}, "mean": {"recall": 1.0, "precision": 0.6510962566844919, "f1": 0.721275}}, "0.51": {"non-stress": {"recall": 1.0, "precision": 0.8333333333333334, "f1": 0.9090909090909091}, "stress": {"recall": 1.0, "precision": 0.13513513513513514, "f1": 0.2380952380952381}, "mean": {"recall": 1.0, "precision": 0.6168918918918919, "f1": 0.701082251082251}}, "0.52": {"non-stress": {"recall": 1.0, "precision": 0.8333333333333334, "f1": 0.9090909090909091}, "stress": {"recall": 1.0, "precision": 0.12931034482758622, "f1": 0.22900763358778625}, "mean": {"recall": 1.0, "precision": 0.6150862068965517, "f1": 0.6982650936849409}}, "0.53": {"non-stress": {"recall": 1.0, "precision": 0.7142857142857143, "f1": 0.8333333333333333}, "stress": {"recall": 1.0, "precision": 0.1282051282051282, "f1": 0.22727272727272727}, "mean": {"recall": 1.0, "precision": 0.5326007326007326, "f1": 0.6454545454545454}}, "0.54": {"non-stress": {"recall": 1.0, "precision": 0.5769230769230769, "f1": 0.7317073170731707}, "stress": {"recall": 1.0, "precision": 0.12605042016806722, "f1": 0.22388059701492538}, "mean": {"recall": 1.0, "precision": 0.4371525533290238, "f1": 0.5742810338551146}}, "0.55": {"non-stress": {"recall": 1.0, "precision": 0.5172413793103449, "f1": 0.6818181818181819}, "stress": {"recall": 1.0, "precision": 0.125, "f1": 0.2222222222222222}, "mean": {"recall": 1.0, "precision": 0.39564655172413793, "f1": 0.5393434343434343}}, "0.56": {"non-stress": {"recall": 1.0, "precision": 0.4411764705882353, "f1": 0.6122448979591837}, "stress": {"recall": 1.0, "precision": 0.125, "f1": 0.2222222222222222}, "mean": {"recall": 1.0, "precision": 0.34316176470588233, "f1": 0.4913378684807256}}, "0.57": {"non-stress": {"recall": 1.0, "precision": 0.38461538461538464, "f1": 0.5555555555555556}, "stress": {"recall": 1.0, "precision": 0.125, "f1": 0.2222222222222222}, "mean": {"recall": 1.0, "precision": 0.3041346153846154, "f1": 0.4522222222222222}}, "0.58": {"non-stress": {"recall": 1.0, "precision": 0.3191489361702128, "f1": 0.48387096774193555}, "stress": {"recall": 1.0, "precision": 0.125, "f1": 0.2222222222222222}, "mean": {"recall": 1.0, "precision": 0.25896276595744677, "f1": 0.4027598566308244}}, "0.59": {"non-stress": {"recall": 1.0, "precision": 0.25862068965517243, "f1": 0.4109589041095891}, "stress": {"recall": 1.0, "precision": 0.125, "f1": 0.2222222222222222}, "mean": {"recall": 1.0, "precision": 0.21719827586206897, "f1": 0.3524505327245053}}, "0.6": {"non-stress": {"recall": 1.0, "precision": 0.24193548387096775, "f1": 0.38961038961038963}, "stress": {"recall": 1.0, "precision": 0.125, "f1": 0.2222222222222222}, "mean": {"recall": 1.0, "precision": 0.20568548387096774, "f1": 0.3377200577200577}}, "0.61": {"non-stress": {"recall": 1.0, "precision": 0.20833333333333334, "f1": 0.3448275862068966}, "stress": {"recall": 1.0, "precision": 0.125, "f1": 0.2222222222222222}, "mean": {"recall": 1.0, "precision": 0.1825, "f1": 0.30681992337164754}}, "0.62": {"non-stress": {"recall": 1.0, "precision": 0.189873417721519, "f1": 0.3191489361702127}, "stress": {"recall": 1.0, "precision": 0.125, "f1": 0.2222222222222222}, "mean": {"recall": 1.0, "precision": 0.1697626582278481, "f1": 0.28910165484633565}}, "0.63": {"non-stress": {"recall": 1.0, "precision": 0.1744186046511628, "f1": 0.297029702970297}, "stress": {"recall": 1.0, "precision": 0.125, "f1": 0.2222222222222222}, "mean": {"recall": 1.0, "precision": 0.15909883720930232, "f1": 0.2738393839383938}}, "0.64": {"non-stress": {"recall": 1.0, "precision": 0.16483516483516483, "f1": 0.2830188679245283}, "stress": {"recall": 1.0, "precision": 0.125, "f1": 0.2222222222222222}, "mean": {"recall": 1.0, "precision": 0.15248626373626373, "f1": 0.26417190775681343}}, "0.65": {"non-stress": {"recall": 1.0, "precision": 0.1595744680851064, "f1": 0.27522935779816515}, "stress": {"recall": 1.0, "precision": 0.125, "f1": 0.2222222222222222}, "mean": {"recall": 1.0, "precision": 0.1488563829787234, "f1": 0.2587971457696228}}, "0.66": {"non-stress": {"recall": 1.0, "precision": 0.14563106796116504, "f1": 0.2542372881355932}, "stress": {"recall": 1.0, "precision": 0.125, "f1": 0.2222222222222222}, "mean": {"recall": 1.0, "precision": 0.13923543689320386, "f1": 0.2443126177024482}}, "0.67": {"non-stress": {"recall": 1.0, "precision": 0.14150943396226415, "f1": 0.24793388429752064}, "stress": {"recall": 1.0, "precision": 0.125, "f1": 0.2222222222222222}, "mean": {"recall": 1.0, "precision": 0.13639150943396225, "f1": 0.2399632690541781}}, "0.68": {"non-stress": {"recall": 1.0, "precision": 0.1388888888888889, "f1": 0.24390243902439027}, "stress": {"recall": 1.0, "precision": 0.125, "f1": 0.2222222222222222}, "mean": {"recall": 1.0, "precision": 0.13458333333333333, "f1": 0.23718157181571817}}, "0.69": {"non-stress": {"recall": 1.0, "precision": 0.13636363636363635, "f1": 0.24000000000000002}, "stress": {"recall": 1.0, "precision": 0.125, "f1": 0.2222222222222222}, "mean": {"recall": 1.0, "precision": 0.13284090909090907, "f1": 0.23448888888888889}}, "0.7": {"non-stress": {"recall": 1.0, "precision": 0.13513513513513514, "f1": 0.2380952380952381}, "stress": {"recall": 1.0, "precision": 0.125, "f1": 0.2222222222222222}, "mean": {"recall": 1.0, "precision": 0.13199324324324324, "f1": 0.23317460317460317}}, "0.71": {"non-stress": {"recall": 1.0, "precision": 0.13274336283185842, "f1": 0.23437500000000003}, "stress": {"recall": 1.0, "precision": 0.125, "f1": 0.2222222222222222}, "mean": {"recall": 1.0, "precision": 0.1303429203539823, "f1": 0.23060763888888888}}, "0.72": {"non-stress": {"recall": 1.0, "precision": 0.13157894736842105, "f1": 0.23255813953488372}, "stress": {"recall": 1.0, "precision": 0.125, "f1": 0.2222222222222222}, "mean": {"recall": 1.0, "precision": 0.1295394736842105, "f1": 0.22935400516795865}}, "0.73": {"non-stress": {"recall": 1.0, "precision": 0.13157894736842105, "f1": 0.23255813953488372}, "stress": {"recall": 1.0, "precision": 0.125, "f1": 0.2222222222222222}, "mean": {"recall": 1.0, "precision": 0.1295394736842105, "f1": 0.22935400516795865}}, "0.74": {"non-stress": {"recall": 1.0, "precision": 0.13043478260869565, "f1": 0.23076923076923078}, "stress": {"recall": 1.0, "precision": 0.125, "f1": 0.2222222222222222}, "mean": {"recall": 1.0, "precision": 0.12875, "f1": 0.22811965811965812}}, "0.75": {"non-stress": {"recall": 1.0, "precision": 0.12931034482758622, "f1": 0.22900763358778625}, "stress": {"recall": 1.0, "precision": 0.125, "f1": 0.2222222222222222}, "mean": {"recall": 1.0, "precision": 0.1279741379310345, "f1": 0.2269041560644614}}, "0.76": {"non-stress": {"recall": 1.0, "precision": 0.1282051282051282, "f1": 0.22727272727272727}, "stress": {"recall": 1.0, "precision": 0.125, "f1": 0.2222222222222222}, "mean": {"recall": 1.0, "precision": 0.12721153846153846, "f1": 0.2257070707070707}}, "0.77": {"non-stress": {"recall": 1.0, "precision": 0.1282051282051282, "f1": 0.22727272727272727}, "stress": {"recall": 1.0, "precision": 0.125, "f1": 0.2222222222222222}, "mean": {"recall": 1.0, "precision": 0.12721153846153846, "f1": 0.2257070707070707}}, "0.78": {"non-stress": {"recall": 1.0, "precision": 0.1271186440677966, "f1": 0.22556390977443605}, "stress": {"recall": 1.0, "precision": 0.125, "f1": 0.2222222222222222}, "mean": {"recall": 1.0, "precision": 0.12646186440677964, "f1": 0.22452798663324974}}, "0.79": {"non-stress": {"recall": 1.0, "precision": 0.1271186440677966, "f1": 0.22556390977443605}, "stress": {"recall": 1.0, "precision": 0.125, "f1": 0.2222222222222222}, "mean": {"recall": 1.0, "precision": 0.12646186440677964, "f1": 0.22452798663324974}}, "0.8": {"non-stress": {"recall": 1.0, "precision": 0.1271186440677966, "f1": 0.22556390977443605}, "stress": {"recall": 1.0, "precision": 0.125, "f1": 0.2222222222222222}, "mean": {"recall": 1.0, "precision": 0.12646186440677964, "f1": 0.22452798663324974}}, "0.81": {"non-stress": {"recall": 1.0, "precision": 0.1271186440677966, "f1": 0.22556390977443605}, "stress": {"recall": 1.0, "precision": 0.125, "f1": 0.2222222222222222}, "mean": {"recall": 1.0, "precision": 0.12646186440677964, "f1": 0.22452798663324974}}, "0.82": {"non-stress": {"recall": 1.0, "precision": 0.12605042016806722, "f1": 0.22388059701492538}, "stress": {"recall": 1.0, "precision": 0.125, "f1": 0.2222222222222222}, "mean": {"recall": 1.0, "precision": 0.1257247899159664, "f1": 0.22336650082918738}}, "0.83": {"non-stress": {"recall": 1.0, "precision": 0.12605042016806722, "f1": 0.22388059701492538}, "stress": {"recall": 1.0, "precision": 0.125, "f1": 0.2222222222222222}, "mean": {"recall": 1.0, "precision": 0.1257247899159664, "f1": 0.22336650082918738}}, "0.84": {"non-stress": {"recall": 1.0, "precision": 0.12605042016806722, "f1": 0.22388059701492538}, "stress": {"recall": 1.0, "precision": 0.125, "f1": 0.2222222222222222}, "mean": {"recall": 1.0, "precision": 0.1257247899159664, "f1": 0.22336650082918738}}, "0.85": {"non-stress": {"recall": 1.0, "precision": 0.12605042016806722, "f1": 0.22388059701492538}, "stress": {"recall": 1.0, "precision": 0.125, "f1": 0.2222222222222222}, "mean": {"recall": 1.0, "precision": 0.1257247899159664, "f1": 0.22336650082918738}}, "0.86": {"non-stress": {"recall": 1.0, "precision": 0.12605042016806722, "f1": 0.22388059701492538}, "stress": {"recall": 1.0, "precision": 0.125, "f1": 0.2222222222222222}, "mean": {"recall": 1.0, "precision": 0.1257247899159664, "f1": 0.22336650082918738}}, "0.87": {"non-stress": {"recall": 1.0, "precision": 0.12605042016806722, "f1": 0.22388059701492538}, "stress": {"recall": 1.0, "precision": 0.125, "f1": 0.2222222222222222}, "mean": {"recall": 1.0, "precision": 0.1257247899159664, "f1": 0.22336650082918738}}, "0.88": {"non-stress": {"recall": 1.0, "precision": 0.12605042016806722, "f1": 0.22388059701492538}, "stress": {"recall": 1.0, "precision": 0.125, "f1": 0.2222222222222222}, "mean": {"recall": 1.0, "precision": 0.1257247899159664, "f1": 0.22336650082918738}}, "0.89": {"non-stress": {"recall": 1.0, "precision": 0.12605042016806722, "f1": 0.22388059701492538}, "stress": {"recall": 1.0, "precision": 0.125, "f1": 0.2222222222222222}, "mean": {"recall": 1.0, "precision": 0.1257247899159664, "f1": 0.22336650082918738}}, "0.9": {"non-stress": {"recall": 1.0, "precision": 0.12605042016806722, "f1": 0.22388059701492538}, "stress": {"recall": 1.0, "precision": 0.125, "f1": 0.2222222222222222}, "mean": {"recall": 1.0, "precision": 0.1257247899159664, "f1": 0.22336650082918738}}, "0.91": {"non-stress": {"recall": 1.0, "precision": 0.12605042016806722, "f1": 0.22388059701492538}, "stress": {"recall": 1.0, "precision": 0.125, "f1": 0.2222222222222222}, "mean": {"recall": 1.0, "precision": 0.1257247899159664, "f1": 0.22336650082918738}}, "0.92": {"non-stress": {"recall": 1.0, "precision": 0.125, "f1": 0.2222222222222222}, "stress": {"recall": 1.0, "precision": 0.125, "f1": 0.2222222222222222}, "mean": {"recall": 1.0, "precision": 0.125, "f1": 0.2222222222222222}}, "0.93": {"non-stress": {"recall": 1.0, "precision": 0.125, "f1": 0.2222222222222222}, "stress": {"recall": 1.0, "precision": 0.125, "f1": 0.2222222222222222}, "mean": {"recall": 1.0, "precision": 0.125, "f1": 0.2222222222222222}}, "0.94": {"non-stress": {"recall": 1.0, "precision": 0.125, "f1": 0.2222222222222222}, "stress": {"recall": 1.0, "precision": 0.125, "f1": 0.2222222222222222}, "mean": {"recall": 1.0, "precision": 0.125, "f1": 0.2222222222222222}}, "0.95": {"non-stress": {"recall": 1.0, "precision": 0.125, "f1": 0.2222222222222222}, "stress": {"recall": 1.0, "precision": 0.125, "f1": 0.2222222222222222}, "mean": {"recall": 1.0, "precision": 0.125, "f1": 0.2222222222222222}}, "0.96": {"non-stress": {"recall": 1.0, "precision": 0.125, "f1": 0.2222222222222222}, "stress": {"recall": 1.0, "precision": 0.125, "f1": 0.2222222222222222}, "mean": {"recall": 1.0, "precision": 0.125, "f1": 0.2222222222222222}}, "0.97": {"non-stress": {"recall": 1.0, "precision": 0.125, "f1": 0.2222222222222222}, "stress": {"recall": 1.0, "precision": 0.125, "f1": 0.2222222222222222}, "mean": {"recall": 1.0, "precision": 0.125, "f1": 0.2222222222222222}}, "0.98": {"non-stress": {"recall": 1.0, "precision": 0.125, "f1": 0.2222222222222222}, "stress": {"recall": 1.0, "precision": 0.125, "f1": 0.2222222222222222}, "mean": {"recall": 1.0, "precision": 0.125, "f1": 0.2222222222222222}}, "0.99": {"non-stress": {"recall": 1.0, "precision": 0.125, "f1": 0.2222222222222222}, "stress": {"recall": 1.0, "precision": 0.125, "f1": 0.2222222222222222}, "mean": {"recall": 1.0, "precision": 0.125, "f1": 0.2222222222222222}}, "1.0": {"non-stress": {"recall": 1.0, "precision": 0.125, "f1": 0.2222222222222222}, "stress": {"recall": 1.0, "precision": 0.125, "f1": 0.2222222222222222}, "mean": {"recall": 1.0, "precision": 0.125, "f1": 0.2222222222222222}}, "1.01": {"non-stress": {"recall": 1.0, "precision": 0.125, "f1": 0.2222222222222222}, "stress": {"recall": 1.0, "precision": 0.125, "f1": 0.2222222222222222}, "mean": {"recall": 1.0, "precision": 0.125, "f1": 0.2222222222222222}}, "1.02": {"non-stress": {"recall": 1.0, "precision": 0.125, "f1": 0.2222222222222222}, "stress": {"recall": 1.0, "precision": 0.125, "f1": 0.2222222222222222}, "mean": {"recall": 1.0, "precision": 0.125, "f1": 0.2222222222222222}}, "1.03": {"non-stress": {"recall": 1.0, "precision": 0.125, "f1": 0.2222222222222222}, "stress": {"recall": 1.0, "precision": 0.125, "f1": 0.2222222222222222}, "mean": {"recall": 1.0, "precision": 0.125, "f1": 0.2222222222222222}}, "1.04": {"non-stress": {"recall": 1.0, "precision": 0.125, "f1": 0.2222222222222222}, "stress": {"recall": 1.0, "precision": 0.125, "f1": 0.2222222222222222}, "mean": {"recall": 1.0, "precision": 0.125, "f1": 0.2222222222222222}}, "1.05": {"non-stress": {"recall": 1.0, "precision": 0.125, "f1": 0.2222222222222222}, "stress": {"recall": 1.0, "precision": 0.125, "f1": 0.2222222222222222}, "mean": {"recall": 1.0, "precision": 0.125, "f1": 0.2222222222222222}}, "1.06": {"non-stress": {"recall": 1.0, "precision": 0.125, "f1": 0.2222222222222222}, "stress": {"recall": 1.0, "precision": 0.125, "f1": 0.2222222222222222}, "mean": {"recall": 1.0, "precision": 0.125, "f1": 0.2222222222222222}}, "1.07": {"non-stress": {"recall": 1.0, "precision": 0.125, "f1": 0.2222222222222222}, "stress": {"recall": 1.0, "precision": 0.125, "f1": 0.2222222222222222}, "mean": {"recall": 1.0, "precision": 0.125, "f1": 0.2222222222222222}}, "1.08": {"non-stress": {"recall": 1.0, "precision": 0.125, "f1": 0.2222222222222222}, "stress": {"recall": 1.0, "precision": 0.125, "f1": 0.2222222222222222}, "mean": {"recall": 1.0, "precision": 0.125, "f1": 0.2222222222222222}}, "1.09": {"non-stress": {"recall": 1.0, "precision": 0.125, "f1": 0.2222222222222222}, "stress": {"recall": 1.0, "precision": 0.125, "f1": 0.2222222222222222}, "mean": {"recall": 1.0, "precision": 0.125, "f1": 0.2222222222222222}}, "1.1": {"non-stress": {"recall": 1.0, "precision": 0.125, "f1": 0.2222222222222222}, "stress": {"recall": 1.0, "precision": 0.125, "f1": 0.2222222222222222}, "mean": {"recall": 1.0, "precision": 0.125, "f1": 0.2222222222222222}}, "1.11": {"non-stress": {"recall": 1.0, "precision": 0.125, "f1": 0.2222222222222222}, "stress": {"recall": 1.0, "precision": 0.125, "f1": 0.2222222222222222}, "mean": {"recall": 1.0, "precision": 0.125, "f1": 0.2222222222222222}}, "1.12": {"non-stress": {"recall": 1.0, "precision": 0.125, "f1": 0.2222222222222222}, "stress": {"recall": 1.0, "precision": 0.125, "f1": 0.2222222222222222}, "mean": {"recall": 1.0, "precision": 0.125, "f1": 0.2222222222222222}}, "1.13": {"non-stress": {"recall": 1.0, "precision": 0.125, "f1": 0.2222222222222222}, "stress": {"recall": 1.0, "precision": 0.125, "f1": 0.2222222222222222}, "mean": {"recall": 1.0, "precision": 0.125, "f1": 0.2222222222222222}}, "1.14": {"non-stress": {"recall": 1.0, "precision": 0.125, "f1": 0.2222222222222222}, "stress": {"recall": 1.0, "precision": 0.125, "f1": 0.2222222222222222}, "mean": {"recall": 1.0, "precision": 0.125, "f1": 0.2222222222222222}}, "1.15": {"non-stress": {"recall": 1.0, "precision": 0.125, "f1": 0.2222222222222222}, "stress": {"recall": 1.0, "precision": 0.125, "f1": 0.2222222222222222}, "mean": {"recall": 1.0, "precision": 0.125, "f1": 0.2222222222222222}}, "1.16": {"non-stress": {"recall": 1.0, "precision": 0.125, "f1": 0.2222222222222222}, "stress": {"recall": 1.0, "precision": 0.125, "f1": 0.2222222222222222}, "mean": {"recall": 1.0, "precision": 0.125, "f1": 0.2222222222222222}}, "1.17": {"non-stress": {"recall": 1.0, "precision": 0.125, "f1": 0.2222222222222222}, "stress": {"recall": 1.0, "precision": 0.125, "f1": 0.2222222222222222}, "mean": {"recall": 1.0, "precision": 0.125, "f1": 0.2222222222222222}}, "1.18": {"non-stress": {"recall": 1.0, "precision": 0.125, "f1": 0.2222222222222222}, "stress": {"recall": 1.0, "precision": 0.125, "f1": 0.2222222222222222}, "mean": {"recall": 1.0, "precision": 0.125, "f1": 0.2222222222222222}}, "1.19": {"non-stress": {"recall": 1.0, "precision": 0.125, "f1": 0.2222222222222222}, "stress": {"recall": 1.0, "precision": 0.125, "f1": 0.2222222222222222}, "mean": {"recall": 1.0, "precision": 0.125, "f1": 0.2222222222222222}}, "1.2": {"non-stress": {"recall": 1.0, "precision": 0.125, "f1": 0.2222222222222222}, "stress": {"recall": 1.0, "precision": 0.125, "f1": 0.2222222222222222}, "mean": {"recall": 1.0, "precision": 0.125, "f1": 0.2222222222222222}}, "1.21": {"non-stress": {"recall": 1.0, "precision": 0.125, "f1": 0.2222222222222222}, "stress": {"recall": 1.0, "precision": 0.125, "f1": 0.2222222222222222}, "mean": {"recall": 1.0, "precision": 0.125, "f1": 0.2222222222222222}}, "1.22": {"non-stress": {"recall": 1.0, "precision": 0.125, "f1": 0.2222222222222222}, "stress": {"recall": 1.0, "precision": 0.125, "f1": 0.2222222222222222}, "mean": {"recall": 1.0, "precision": 0.125, "f1": 0.2222222222222222}}, "1.23": {"non-stress": {"recall": 1.0, "precision": 0.125, "f1": 0.2222222222222222}, "stress": {"recall": 1.0, "precision": 0.125, "f1": 0.2222222222222222}, "mean": {"recall": 1.0, "precision": 0.125, "f1": 0.2222222222222222}}, "1.24": {"non-stress": {"recall": 1.0, "precision": 0.125, "f1": 0.2222222222222222}, "stress": {"recall": 1.0, "precision": 0.125, "f1": 0.2222222222222222}, "mean": {"recall": 1.0, "precision": 0.125, "f1": 0.2222222222222222}}, "1.25": {"non-stress": {"recall": 1.0, "precision": 0.125, "f1": 0.2222222222222222}, "stress": {"recall": 1.0, "precision": 0.125, "f1": 0.2222222222222222}, "mean": {"recall": 1.0, "precision": 0.125, "f1": 0.2222222222222222}}, "1.26": {"non-stress": {"recall": 1.0, "precision": 0.125, "f1": 0.2222222222222222}, "stress": {"recall": 1.0, "precision": 0.125, "f1": 0.2222222222222222}, "mean": {"recall": 1.0, "precision": 0.125, "f1": 0.2222222222222222}}, "1.27": {"non-stress": {"recall": 1.0, "precision": 0.125, "f1": 0.2222222222222222}, "stress": {"recall": 1.0, "precision": 0.125, "f1": 0.2222222222222222}, "mean": {"recall": 1.0, "precision": 0.125, "f1": 0.2222222222222222}}, "1.28": {"non-stress": {"recall": 1.0, "precision": 0.125, "f1": 0.2222222222222222}, "stress": {"recall": 1.0, "precision": 0.125, "f1": 0.2222222222222222}, "mean": {"recall": 1.0, "precision": 0.125, "f1": 0.2222222222222222}}, "1.29": {"non-stress": {"recall": 1.0, "precision": 0.125, "f1": 0.2222222222222222}, "stress": {"recall": 1.0, "precision": 0.125, "f1": 0.2222222222222222}, "mean": {"recall": 1.0, "precision": 0.125, "f1": 0.2222222222222222}}, "1.3": {"non-stress": {"recall": 1.0, "precision": 0.125, "f1": 0.2222222222222222}, "stress": {"recall": 1.0, "precision": 0.125, "f1": 0.2222222222222222}, "mean": {"recall": 1.0, "precision": 0.125, "f1": 0.2222222222222222}}, "1.31": {"non-stress": {"recall": 1.0, "precision": 0.125, "f1": 0.2222222222222222}, "stress": {"recall": 1.0, "precision": 0.125, "f1": 0.2222222222222222}, "mean": {"recall": 1.0, "precision": 0.125, "f1": 0.2222222222222222}}, "1.32": {"non-stress": {"recall": 1.0, "precision": 0.125, "f1": 0.2222222222222222}, "stress": {"recall": 1.0, "precision": 0.125, "f1": 0.2222222222222222}, "mean": {"recall": 1.0, "precision": 0.125, "f1": 0.2222222222222222}}, "1.33": {"non-stress": {"recall": 1.0, "precision": 0.125, "f1": 0.2222222222222222}, "stress": {"recall": 1.0, "precision": 0.125, "f1": 0.2222222222222222}, "mean": {"recall": 1.0, "precision": 0.125, "f1": 0.2222222222222222}}, "1.34": {"non-stress": {"recall": 1.0, "precision": 0.125, "f1": 0.2222222222222222}, "stress": {"recall": 1.0, "precision": 0.125, "f1": 0.2222222222222222}, "mean": {"recall": 1.0, "precision": 0.125, "f1": 0.2222222222222222}}, "1.35": {"non-stress": {"recall": 1.0, "precision": 0.125, "f1": 0.2222222222222222}, "stress": {"recall": 1.0, "precision": 0.125, "f1": 0.2222222222222222}, "mean": {"recall": 1.0, "precision": 0.125, "f1": 0.2222222222222222}}, "1.36": {"non-stress": {"recall": 1.0, "precision": 0.125, "f1": 0.2222222222222222}, "stress": {"recall": 1.0, "precision": 0.125, "f1": 0.2222222222222222}, "mean": {"recall": 1.0, "precision": 0.125, "f1": 0.2222222222222222}}, "1.37": {"non-stress": {"recall": 1.0, "precision": 0.125, "f1": 0.2222222222222222}, "stress": {"recall": 1.0, "precision": 0.125, "f1": 0.2222222222222222}, "mean": {"recall": 1.0, "precision": 0.125, "f1": 0.2222222222222222}}, "1.38": {"non-stress": {"recall": 1.0, "precision": 0.125, "f1": 0.2222222222222222}, "stress": {"recall": 1.0, "precision": 0.125, "f1": 0.2222222222222222}, "mean": {"recall": 1.0, "precision": 0.125, "f1": 0.2222222222222222}}, "1.39": {"non-stress": {"recall": 1.0, "precision": 0.125, "f1": 0.2222222222222222}, "stress": {"recall": 1.0, "precision": 0.125, "f1": 0.2222222222222222}, "mean": {"recall": 1.0, "precision": 0.125, "f1": 0.2222222222222222}}, "1.4": {"non-stress": {"recall": 1.0, "precision": 0.125, "f1": 0.2222222222222222}, "stress": {"recall": 1.0, "precision": 0.125, "f1": 0.2222222222222222}, "mean": {"recall": 1.0, "precision": 0.125, "f1": 0.2222222222222222}}, "1.41": {"non-stress": {"recall": 1.0, "precision": 0.125, "f1": 0.2222222222222222}, "stress": {"recall": 1.0, "precision": 0.125, "f1": 0.2222222222222222}, "mean": {"recall": 1.0, "precision": 0.125, "f1": 0.2222222222222222}}, "1.42": {"non-stress": {"recall": 1.0, "precision": 0.125, "f1": 0.2222222222222222}, "stress": {"recall": 1.0, "precision": 0.125, "f1": 0.2222222222222222}, "mean": {"recall": 1.0, "precision": 0.125, "f1": 0.2222222222222222}}, "1.43": {"non-stress": {"recall": 1.0, "precision": 0.125, "f1": 0.2222222222222222}, "stress": {"recall": 1.0, "precision": 0.125, "f1": 0.2222222222222222}, "mean": {"recall": 1.0, "precision": 0.125, "f1": 0.2222222222222222}}, "1.44": {"non-stress": {"recall": 1.0, "precision": 0.125, "f1": 0.2222222222222222}, "stress": {"recall": 1.0, "precision": 0.125, "f1": 0.2222222222222222}, "mean": {"recall": 1.0, "precision": 0.125, "f1": 0.2222222222222222}}, "1.45": {"non-stress": {"recall": 1.0, "precision": 0.125, "f1": 0.2222222222222222}, "stress": {"recall": 1.0, "precision": 0.125, "f1": 0.2222222222222222}, "mean": {"recall": 1.0, "precision": 0.125, "f1": 0.2222222222222222}}, "1.46": {"non-stress": {"recall": 1.0, "precision": 0.125, "f1": 0.2222222222222222}, "stress": {"recall": 1.0, "precision": 0.125, "f1": 0.2222222222222222}, "mean": {"recall": 1.0, "precision": 0.125, "f1": 0.2222222222222222}}, "1.47": {"non-stress": {"recall": 1.0, "precision": 0.125, "f1": 0.2222222222222222}, "stress": {"recall": 1.0, "precision": 0.125, "f1": 0.2222222222222222}, "mean": {"recall": 1.0, "precision": 0.125, "f1": 0.2222222222222222}}, "1.48": {"non-stress": {"recall": 1.0, "precision": 0.125, "f1": 0.2222222222222222}, "stress": {"recall": 1.0, "precision": 0.125, "f1": 0.2222222222222222}, "mean": {"recall": 1.0, "precision": 0.125, "f1": 0.2222222222222222}}, "1.49": {"non-stress": {"recall": 1.0, "precision": 0.125, "f1": 0.2222222222222222}, "stress": {"recall": 1.0, "precision": 0.125, "f1": 0.2222222222222222}, "mean": {"recall": 1.0, "precision": 0.125, "f1": 0.2222222222222222}}, "1.5": {"non-stress": {"recall": 1.0, "precision": 0.125, "f1": 0.2222222222222222}, "stress": {"recall": 1.0, "precision": 0.125, "f1": 0.2222222222222222}, "mean": {"recall": 1.0, "precision": 0.125, "f1": 0.2222222222222222}}, "1.51": {"non-stress": {"recall": 1.0, "precision": 0.125, "f1": 0.2222222222222222}, "stress": {"recall": 1.0, "precision": 0.125, "f1": 0.2222222222222222}, "mean": {"recall": 1.0, "precision": 0.125, "f1": 0.2222222222222222}}, "1.52": {"non-stress": {"recall": 1.0, "precision": 0.125, "f1": 0.2222222222222222}, "stress": {"recall": 1.0, "precision": 0.125, "f1": 0.2222222222222222}, "mean": {"recall": 1.0, "precision": 0.125, "f1": 0.2222222222222222}}, "1.53": {"non-stress": {"recall": 1.0, "precision": 0.125, "f1": 0.2222222222222222}, "stress": {"recall": 1.0, "precision": 0.125, "f1": 0.2222222222222222}, "mean": {"recall": 1.0, "precision": 0.125, "f1": 0.2222222222222222}}, "1.54": {"non-stress": {"recall": 1.0, "precision": 0.125, "f1": 0.2222222222222222}, "stress": {"recall": 1.0, "precision": 0.125, "f1": 0.2222222222222222}, "mean": {"recall": 1.0, "precision": 0.125, "f1": 0.2222222222222222}}, "1.55": {"non-stress": {"recall": 1.0, "precision": 0.125, "f1": 0.2222222222222222}, "stress": {"recall": 1.0, "precision": 0.125, "f1": 0.2222222222222222}, "mean": {"recall": 1.0, "precision": 0.125, "f1": 0.2222222222222222}}, "1.56": {"non-stress": {"recall": 1.0, "precision": 0.125, "f1": 0.2222222222222222}, "stress": {"recall": 1.0, "precision": 0.125, "f1": 0.2222222222222222}, "mean": {"recall": 1.0, "precision": 0.125, "f1": 0.2222222222222222}}, "1.57": {"non-stress": {"recall": 1.0, "precision": 0.125, "f1": 0.2222222222222222}, "stress": {"recall": 1.0, "precision": 0.125, "f1": 0.2222222222222222}, "mean": {"recall": 1.0, "precision": 0.125, "f1": 0.2222222222222222}}, "1.58": {"non-stress": {"recall": 1.0, "precision": 0.125, "f1": 0.2222222222222222}, "stress": {"recall": 1.0, "precision": 0.125, "f1": 0.2222222222222222}, "mean": {"recall": 1.0, "precision": 0.125, "f1": 0.2222222222222222}}, "1.59": {"non-stress": {"recall": 1.0, "precision": 0.125, "f1": 0.2222222222222222}, "stress": {"recall": 1.0, "precision": 0.125, "f1": 0.2222222222222222}, "mean": {"recall": 1.0, "precision": 0.125, "f1": 0.2222222222222222}}, "1.6": {"non-stress": {"recall": 1.0, "precision": 0.125, "f1": 0.2222222222222222}, "stress": {"recall": 1.0, "precision": 0.125, "f1": 0.2222222222222222}, "mean": {"recall": 1.0, "precision": 0.125, "f1": 0.2222222222222222}}, "1.61": {"non-stress": {"recall": 1.0, "precision": 0.125, "f1": 0.2222222222222222}, "stress": {"recall": 1.0, "precision": 0.125, "f1": 0.2222222222222222}, "mean": {"recall": 1.0, "precision": 0.125, "f1": 0.2222222222222222}}, "1.62": {"non-stress": {"recall": 1.0, "precision": 0.125, "f1": 0.2222222222222222}, "stress": {"recall": 1.0, "precision": 0.125, "f1": 0.2222222222222222}, "mean": {"recall": 1.0, "precision": 0.125, "f1": 0.2222222222222222}}, "1.63": {"non-stress": {"recall": 1.0, "precision": 0.125, "f1": 0.2222222222222222}, "stress": {"recall": 1.0, "precision": 0.125, "f1": 0.2222222222222222}, "mean": {"recall": 1.0, "precision": 0.125, "f1": 0.2222222222222222}}, "1.64": {"non-stress": {"recall": 1.0, "precision": 0.125, "f1": 0.2222222222222222}, "stress": {"recall": 1.0, "precision": 0.125, "f1": 0.2222222222222222}, "mean": {"recall": 1.0, "precision": 0.125, "f1": 0.2222222222222222}}, "1.65": {"non-stress": {"recall": 1.0, "precision": 0.125, "f1": 0.2222222222222222}, "stress": {"recall": 1.0, "precision": 0.125, "f1": 0.2222222222222222}, "mean": {"recall": 1.0, "precision": 0.125, "f1": 0.2222222222222222}}, "1.66": {"non-stress": {"recall": 1.0, "precision": 0.125, "f1": 0.2222222222222222}, "stress": {"recall": 1.0, "precision": 0.125, "f1": 0.2222222222222222}, "mean": {"recall": 1.0, "precision": 0.125, "f1": 0.2222222222222222}}, "1.67": {"non-stress": {"recall": 1.0, "precision": 0.125, "f1": 0.2222222222222222}, "stress": {"recall": 1.0, "precision": 0.125, "f1": 0.2222222222222222}, "mean": {"recall": 1.0, "precision": 0.125, "f1": 0.2222222222222222}}, "1.68": {"non-stress": {"recall": 1.0, "precision": 0.125, "f1": 0.2222222222222222}, "stress": {"recall": 1.0, "precision": 0.125, "f1": 0.2222222222222222}, "mean": {"recall": 1.0, "precision": 0.125, "f1": 0.2222222222222222}}, "1.69": {"non-stress": {"recall": 1.0, "precision": 0.125, "f1": 0.2222222222222222}, "stress": {"recall": 1.0, "precision": 0.125, "f1": 0.2222222222222222}, "mean": {"recall": 1.0, "precision": 0.125, "f1": 0.2222222222222222}}, "1.7": {"non-stress": {"recall": 1.0, "precision": 0.125, "f1": 0.2222222222222222}, "stress": {"recall": 1.0, "precision": 0.125, "f1": 0.2222222222222222}, "mean": {"recall": 1.0, "precision": 0.125, "f1": 0.2222222222222222}}, "1.71": {"non-stress": {"recall": 1.0, "precision": 0.125, "f1": 0.2222222222222222}, "stress": {"recall": 1.0, "precision": 0.125, "f1": 0.2222222222222222}, "mean": {"recall": 1.0, "precision": 0.125, "f1": 0.2222222222222222}}, "1.72": {"non-stress": {"recall": 1.0, "precision": 0.125, "f1": 0.2222222222222222}, "stress": {"recall": 1.0, "precision": 0.125, "f1": 0.2222222222222222}, "mean": {"recall": 1.0, "precision": 0.125, "f1": 0.2222222222222222}}, "1.73": {"non-stress": {"recall": 1.0, "precision": 0.125, "f1": 0.2222222222222222}, "stress": {"recall": 1.0, "precision": 0.125, "f1": 0.2222222222222222}, "mean": {"recall": 1.0, "precision": 0.125, "f1": 0.2222222222222222}}, "1.74": {"non-stress": {"recall": 1.0, "precision": 0.125, "f1": 0.2222222222222222}, "stress": {"recall": 1.0, "precision": 0.125, "f1": 0.2222222222222222}, "mean": {"recall": 1.0, "precision": 0.125, "f1": 0.2222222222222222}}, "1.75": {"non-stress": {"recall": 1.0, "precision": 0.125, "f1": 0.2222222222222222}, "stress": {"recall": 1.0, "precision": 0.125, "f1": 0.2222222222222222}, "mean": {"recall": 1.0, "precision": 0.125, "f1": 0.2222222222222222}}, "1.76": {"non-stress": {"recall": 1.0, "precision": 0.125, "f1": 0.2222222222222222}, "stress": {"recall": 1.0, "precision": 0.125, "f1": 0.2222222222222222}, "mean": {"recall": 1.0, "precision": 0.125, "f1": 0.2222222222222222}}, "1.77": {"non-stress": {"recall": 1.0, "precision": 0.125, "f1": 0.2222222222222222}, "stress": {"recall": 1.0, "precision": 0.125, "f1": 0.2222222222222222}, "mean": {"recall": 1.0, "precision": 0.125, "f1": 0.2222222222222222}}, "1.78": {"non-stress": {"recall": 1.0, "precision": 0.125, "f1": 0.2222222222222222}, "stress": {"recall": 1.0, "precision": 0.125, "f1": 0.2222222222222222}, "mean": {"recall": 1.0, "precision": 0.125, "f1": 0.2222222222222222}}, "1.79": {"non-stress": {"recall": 1.0, "precision": 0.125, "f1": 0.2222222222222222}, "stress": {"recall": 1.0, "precision": 0.125, "f1": 0.2222222222222222}, "mean": {"recall": 1.0, "precision": 0.125, "f1": 0.2222222222222222}}, "1.8": {"non-stress": {"recall": 1.0, "precision": 0.125, "f1": 0.2222222222222222}, "stress": {"recall": 1.0, "precision": 0.125, "f1": 0.2222222222222222}, "mean": {"recall": 1.0, "precision": 0.125, "f1": 0.2222222222222222}}, "1.81": {"non-stress": {"recall": 1.0, "precision": 0.125, "f1": 0.2222222222222222}, "stress": {"recall": 1.0, "precision": 0.125, "f1": 0.2222222222222222}, "mean": {"recall": 1.0, "precision": 0.125, "f1": 0.2222222222222222}}, "1.82": {"non-stress": {"recall": 1.0, "precision": 0.125, "f1": 0.2222222222222222}, "stress": {"recall": 1.0, "precision": 0.125, "f1": 0.2222222222222222}, "mean": {"recall": 1.0, "precision": 0.125, "f1": 0.2222222222222222}}, "1.83": {"non-stress": {"recall": 1.0, "precision": 0.125, "f1": 0.2222222222222222}, "stress": {"recall": 1.0, "precision": 0.125, "f1": 0.2222222222222222}, "mean": {"recall": 1.0, "precision": 0.125, "f1": 0.2222222222222222}}, "1.84": {"non-stress": {"recall": 1.0, "precision": 0.125, "f1": 0.2222222222222222}, "stress": {"recall": 1.0, "precision": 0.125, "f1": 0.2222222222222222}, "mean": {"recall": 1.0, "precision": 0.125, "f1": 0.2222222222222222}}, "1.85": {"non-stress": {"recall": 1.0, "precision": 0.125, "f1": 0.2222222222222222}, "stress": {"recall": 1.0, "precision": 0.125, "f1": 0.2222222222222222}, "mean": {"recall": 1.0, "precision": 0.125, "f1": 0.2222222222222222}}, "1.86": {"non-stress": {"recall": 1.0, "precision": 0.125, "f1": 0.2222222222222222}, "stress": {"recall": 1.0, "precision": 0.125, "f1": 0.2222222222222222}, "mean": {"recall": 1.0, "precision": 0.125, "f1": 0.2222222222222222}}, "1.87": {"non-stress": {"recall": 1.0, "precision": 0.125, "f1": 0.2222222222222222}, "stress": {"recall": 1.0, "precision": 0.125, "f1": 0.2222222222222222}, "mean": {"recall": 1.0, "precision": 0.125, "f1": 0.2222222222222222}}, "1.88": {"non-stress": {"recall": 1.0, "precision": 0.125, "f1": 0.2222222222222222}, "stress": {"recall": 1.0, "precision": 0.125, "f1": 0.2222222222222222}, "mean": {"recall": 1.0, "precision": 0.125, "f1": 0.2222222222222222}}, "1.89": {"non-stress": {"recall": 1.0, "precision": 0.125, "f1": 0.2222222222222222}, "stress": {"recall": 1.0, "precision": 0.125, "f1": 0.2222222222222222}, "mean": {"recall": 1.0, "precision": 0.125, "f1": 0.2222222222222222}}, "1.9": {"non-stress": {"recall": 1.0, "precision": 0.125, "f1": 0.2222222222222222}, "stress": {"recall": 1.0, "precision": 0.125, "f1": 0.2222222222222222}, "mean": {"recall": 1.0, "precision": 0.125, "f1": 0.2222222222222222}}, "1.91": {"non-stress": {"recall": 1.0, "precision": 0.125, "f1": 0.2222222222222222}, "stress": {"recall": 1.0, "precision": 0.125, "f1": 0.2222222222222222}, "mean": {"recall": 1.0, "precision": 0.125, "f1": 0.2222222222222222}}, "1.92": {"non-stress": {"recall": 1.0, "precision": 0.125, "f1": 0.2222222222222222}, "stress": {"recall": 1.0, "precision": 0.125, "f1": 0.2222222222222222}, "mean": {"recall": 1.0, "precision": 0.125, "f1": 0.2222222222222222}}, "1.93": {"non-stress": {"recall": 1.0, "precision": 0.125, "f1": 0.2222222222222222}, "stress": {"recall": 1.0, "precision": 0.125, "f1": 0.2222222222222222}, "mean": {"recall": 1.0, "precision": 0.125, "f1": 0.2222222222222222}}, "1.94": {"non-stress": {"recall": 1.0, "precision": 0.125, "f1": 0.2222222222222222}, "stress": {"recall": 1.0, "precision": 0.125, "f1": 0.2222222222222222}, "mean": {"recall": 1.0, "precision": 0.125, "f1": 0.2222222222222222}}, "1.95": {"non-stress": {"recall": 1.0, "precision": 0.125, "f1": 0.2222222222222222}, "stress": {"recall": 1.0, "precision": 0.125, "f1": 0.2222222222222222}, "mean": {"recall": 1.0, "precision": 0.125, "f1": 0.2222222222222222}}, "1.96": {"non-stress": {"recall": 1.0, "precision": 0.125, "f1": 0.2222222222222222}, "stress": {"recall": 1.0, "precision": 0.125, "f1": 0.2222222222222222}, "mean": {"recall": 1.0, "precision": 0.125, "f1": 0.2222222222222222}}, "1.97": {"non-stress": {"recall": 1.0, "precision": 0.125, "f1": 0.2222222222222222}, "stress": {"recall": 1.0, "precision": 0.125, "f1": 0.2222222222222222}, "mean": {"recall": 1.0, "precision": 0.125, "f1": 0.2222222222222222}}, "1.98": {"non-stress": {"recall": 1.0, "precision": 0.125, "f1": 0.2222222222222222}, "stress": {"recall": 1.0, "precision": 0.125, "f1": 0.2222222222222222}, "mean": {"recall": 1.0, "precision": 0.125, "f1": 0.2222222222222222}}, "1.99": {"non-stress": {"recall": 1.0, "precision": 0.125, "f1": 0.2222222222222222}, "stress": {"recall": 1.0, "precision": 0.125, "f1": 0.2222222222222222}, "mean": {"recall": 1.0, "precision": 0.125, "f1": 0.2222222222222222}}, "2.0": {"non-stress": {"recall": 1.0, "precision": 0.125, "f1": 0.2222222222222222}, "stress": {"recall": 1.0, "precision": 0.125, "f1": 0.2222222222222222}, "mean": {"recall": 1.0, "precision": 0.125, "f1": 0.2222222222222222}}}