{"rank": {"bvp": [0, 12, 8, 6, 2, 2, 1, 5, 0, 3, 6, 3, 3, 0, 1], "eda": [6, 13, 10, 4, 6, 3, 7, 8, 7, 0, 13, 2, 1, 9, 7], "temp": [5, 3, 2, 10, 7, 14, 5, 10, 9, 12, 4, 0, 0, 4, 1], "acc": [11, 4, 6, 1, 10, 13, 3, 10, 7, 13, 3, 11, 11, 1, 1], "bvp+eda": [1, 13, 11, 3, 3, 1, 3, 6, 1, 0, 12, 2, 0, 4, 3], "bvp+temp": [1, 10, 3, 9, 2, 8, 2, 9, 2, 9, 4, 1, 2, 1, 0], "bvp+acc": [4, 9, 8, 2, 6, 9, 1, 11, 1, 9, 3, 8, 8, 1, 0], "eda+temp": [6, 10, 6, 7, 6, 9, 7, 11, 8, 6, 11, 1, 0, 5, 3], "eda+acc": [9, 11, 9, 0, 9, 10, 3, 11, 7, 5, 10, 4, 4, 4, 2], "temp+acc": [10, 4, 3, 6, 10, 14, 3, 12, 8, 13, 3, 6, 4, 1, 0], "bvp+eda+temp": [3, 13, 7, 7, 3, 4, 3, 9, 3, 3, 10, 1, 0, 2, 1], "bvp+eda+acc": [6, 13, 9, 2, 4, 6, 2, 10, 1, 3, 6, 2, 3, 1, 0], "bvp+temp+acc": [3, 5, 3, 5, 4, 14, 1, 9, 3, 11, 3, 3, 3, 0, 0], "eda+temp+acc": [7, 8, 7, 3, 9, 14, 3, 12, 9, 9, 5, 1, 1, 2, 1], "bvp+eda+temp+acc": [5, 10, 5, 4, 4, 10, 2, 10, 4, 7, 4, 1, 2, 1, 0]}, "score": {"bvp": [0, 12, 8, 6, 2, 2, 1, 5, 0, 3, 6, 3, 3, 0, 1], "eda": [6, 13, 10, 4, 6, 3, 7, 8, 7, 0, 13, 2, 1, 9, 7], "temp": [5, 3, 2, 10, 7, 14, 5, 10, 9, 12, 4, 0, 0, 4, 1], "acc": [11, 4, 6, 1, 10, 13, 3, 10, 7, 13, 3, 11, 11, 1, 1], "bvp+eda": [1, 12, 9, 5, 2, 2, 2, 4, 0, 0, 7, 2, 0, 2, 3], "bvp+temp": [2, 8, 4, 6, 3, 9, 1, 6, 1, 5, 6, 0, 0, 1, 1], "bvp+acc": [2, 11, 9, 2, 2, 5, 0, 5, 0, 7, 6, 5, 3, 0, 0], "eda+temp": [6, 4, 4, 7, 6, 13, 6, 10, 9, 1, 9, 1, 0, 4, 5], "eda+acc": [10, 12, 9, 1, 9, 10, 4, 12, 5, 2, 12, 2, 4, 1, 3], "temp+acc": [8, 4, 4, 4, 9, 14, 2, 12, 7, 13, 5, 1, 2, 2, 1], "bvp+eda+temp": [2, 11, 7, 6, 2, 7, 2, 6, 1, 1, 6, 1, 0, 1, 2], "bvp+eda+acc": [3, 12, 10, 2, 2, 5, 1, 7, 0, 1, 8, 3, 1, 1, 0], "bvp+temp+acc": [3, 6, 5, 3, 3, 11, 0, 7, 1, 8, 6, 1, 1, 1, 0], "eda+temp+acc": [8, 5, 3, 2, 8, 14, 4, 11, 8, 6, 9, 1, 1, 2, 0], "bvp+eda+temp+acc": [3, 9, 6, 4, 2, 10, 1, 8, 1, 3, 6, 1, 0, 1, 0]}}