{"1001": {"1001": {"min-min": {"pca-1": 0.0676}, "min-mean": {"pca-1": 0.365}, "mean-mean": {"pca-1": 0.6954}, "mean-min": {"pca-1": 0.6264}}, "1002": {"min-min": {"pca-1": 0.0446}, "min-mean": {"pca-1": 0.3967}, "mean-mean": {"pca-1": 0.7348}, "mean-min": {"pca-1": 0.6178}}, "1003": {"min-min": {"pca-1": 0.0448}, "min-mean": {"pca-1": 0.3527}, "mean-mean": {"pca-1": 0.6071}, "mean-min": {"pca-1": 0.5688}}, "1004": {"min-min": {"pca-1": 0.1593}, "min-mean": {"pca-1": 0.3778}, "mean-mean": {"pca-1": 0.7029}, "mean-min": {"pca-1": 0.6312}}, "1005": {"min-min": {"pca-1": 0.0608}, "min-mean": {"pca-1": 0.3086}, "mean-mean": {"pca-1": 0.6042}, "mean-min": {"pca-1": 0.5701}}, "1006": {"min-min": {"pca-1": 0.1431}, "min-mean": {"pca-1": 0.3873}, "mean-mean": {"pca-1": 0.6569}, "mean-min": {"pca-1": 0.6331}}, "1007": {"min-min": {"pca-1": 0.0601}, "min-mean": {"pca-1": 0.331}, "mean-mean": {"pca-1": 0.661}, "mean-min": {"pca-1": 0.6567}}, "1008": {"min-min": {"pca-1": 0.0679}, "min-mean": {"pca-1": 0.2861}, "mean-mean": {"pca-1": 0.6213}, "mean-min": {"pca-1": 0.5717}}, "1009": {"min-min": {"pca-1": 0.054}, "min-mean": {"pca-1": 0.2864}, "mean-mean": {"pca-1": 0.6432}, "mean-min": {"pca-1": 0.5718}}, "1010": {"min-min": {"pca-1": 0.1355}, "min-mean": {"pca-1": 0.2756}, "mean-mean": {"pca-1": 0.6129}, "mean-min": {"pca-1": 0.5533}}, "1011": {"min-min": {"pca-1": 0.0966}, "min-mean": {"pca-1": 0.324}, "mean-mean": {"pca-1": 0.5922}, "mean-min": {"pca-1": 0.5369}}, "1012": {"min-min": {"pca-1": 0.1455}, "min-mean": {"pca-1": 0.3352}, "mean-mean": {"pca-1": 0.5977}, "mean-min": {"pca-1": 0.5532}}, "1013": {"min-min": {"pca-1": 0.1278}, "min-mean": {"pca-1": 0.3724}, "mean-mean": {"pca-1": 0.6744}, "mean-min": {"pca-1": 0.6177}}, "1014": {"min-min": {"pca-1": 0.186}, "min-mean": {"pca-1": 0.2863}, "mean-mean": {"pca-1": 0.5547}, "mean-min": {"pca-1": 0.4411}}, "1015": {"min-min": {"pca-1": 0.085}, "min-mean": {"pca-1": 0.2943}, "mean-mean": {"pca-1": 0.5884}, "mean-min": {"pca-1": 0.5271}}}, "1002": {"1001": {"min-min": {"pca-1": 0.1727}, "min-mean": {"pca-1": 0.3246}, "mean-mean": {"pca-1": 0.6668}, "mean-min": {"pca-1": 0.6285}}, "1002": {"min-min": {"pca-1": 0.1363}, "min-mean": {"pca-1": 0.4366}, "mean-mean": {"pca-1": 0.8167}, "mean-min": {"pca-1": 0.6664}}, "1003": {"min-min": {"pca-1": 0.1856}, "min-mean": {"pca-1": 0.303}, "mean-mean": {"pca-1": 0.5905}, "mean-min": {"pca-1": 0.5325}}, "1004": {"min-min": {"pca-1": 0.1239}, "min-mean": {"pca-1": 0.2534}, "mean-mean": {"pca-1": 0.6207}, "mean-min": {"pca-1": 0.4741}}, "1005": {"min-min": {"pca-1": 0.0129}, "min-mean": {"pca-1": 0.1621}, "mean-mean": {"pca-1": 0.5456}, "mean-min": {"pca-1": 0.398}}, "1006": {"min-min": {"pca-1": 0.1294}, "min-mean": {"pca-1": 0.4078}, "mean-mean": {"pca-1": 0.7997}, "mean-min": {"pca-1": 0.7074}}, "1007": {"min-min": {"pca-1": 0.1659}, "min-mean": {"pca-1": 0.4076}, "mean-mean": {"pca-1": 0.8013}, "mean-min": {"pca-1": 0.7279}}, "1008": {"min-min": {"pca-1": 0.0694}, "min-mean": {"pca-1": 0.1569}, "mean-mean": {"pca-1": 0.4756}, "mean-min": {"pca-1": 0.2588}}, "1009": {"min-min": {"pca-1": 0.0966}, "min-mean": {"pca-1": 0.1541}, "mean-mean": {"pca-1": 0.502}, "mean-min": {"pca-1": 0.2692}}, "1010": {"min-min": {"pca-1": 0.128}, "min-mean": {"pca-1": 0.377}, "mean-mean": {"pca-1": 0.7663}, "mean-min": {"pca-1": 0.6801}}, "1011": {"min-min": {"pca-1": 0.087}, "min-mean": {"pca-1": 0.2126}, "mean-mean": {"pca-1": 0.544}, "mean-min": {"pca-1": 0.4631}}, "1012": {"min-min": {"pca-1": 0.0831}, "min-mean": {"pca-1": 0.1229}, "mean-mean": {"pca-1": 0.5071}, "mean-min": {"pca-1": 0.2026}}, "1013": {"min-min": {"pca-1": 0.0997}, "min-mean": {"pca-1": 0.424}, "mean-mean": {"pca-1": 0.8045}, "mean-min": {"pca-1": 0.652}}, "1014": {"min-min": {"pca-1": 0.1996}, "min-mean": {"pca-1": 0.2572}, "mean-mean": {"pca-1": 0.5882}, "mean-min": {"pca-1": 0.3723}}, "1015": {"min-min": {"pca-1": 0.0759}, "min-mean": {"pca-1": 0.1551}, "mean-mean": {"pca-1": 0.489}, "mean-min": {"pca-1": 0.3036}}}, "1003": {"1001": {"min-min": {"pca-1": 0.1228}, "min-mean": {"pca-1": 0.3708}, "mean-mean": {"pca-1": 0.6653}, "mean-min": {"pca-1": 0.5885}}, "1002": {"min-min": {"pca-1": 0.1582}, "min-mean": {"pca-1": 0.4157}, "mean-mean": {"pca-1": 0.6948}, "mean-min": {"pca-1": 0.5714}}, "1003": {"min-min": {"pca-1": 0.0612}, "min-mean": {"pca-1": 0.3307}, "mean-mean": {"pca-1": 0.5738}, "mean-min": {"pca-1": 0.5259}}, "1004": {"min-min": {"pca-1": 0.1109}, "min-mean": {"pca-1": 0.3892}, "mean-mean": {"pca-1": 0.6728}, "mean-min": {"pca-1": 0.5873}}, "1005": {"min-min": {"pca-1": 0.1156}, "min-mean": {"pca-1": 0.3211}, "mean-mean": {"pca-1": 0.5726}, "mean-min": {"pca-1": 0.5362}}, "1006": {"min-min": {"pca-1": 0.1022}, "min-mean": {"pca-1": 0.3515}, "mean-mean": {"pca-1": 0.6156}, "mean-min": {"pca-1": 0.585}}, "1007": {"min-min": {"pca-1": 0.0983}, "min-mean": {"pca-1": 0.3332}, "mean-mean": {"pca-1": 0.6211}, "mean-min": {"pca-1": 0.6102}}, "1008": {"min-min": {"pca-1": 0.1085}, "min-mean": {"pca-1": 0.291}, "mean-mean": {"pca-1": 0.6027}, "mean-min": {"pca-1": 0.5428}}, "1009": {"min-min": {"pca-1": 0.1003}, "min-mean": {"pca-1": 0.3032}, "mean-mean": {"pca-1": 0.6181}, "mean-min": {"pca-1": 0.5362}}, "1010": {"min-min": {"pca-1": 0.1187}, "min-mean": {"pca-1": 0.2491}, "mean-mean": {"pca-1": 0.5725}, "mean-min": {"pca-1": 0.5099}}, "1011": {"min-min": {"pca-1": 0.11}, "min-mean": {"pca-1": 0.301}, "mean-mean": {"pca-1": 0.5622}, "mean-min": {"pca-1": 0.5062}}, "1012": {"min-min": {"pca-1": 0.1364}, "min-mean": {"pca-1": 0.324}, "mean-mean": {"pca-1": 0.5784}, "mean-min": {"pca-1": 0.5565}}, "1013": {"min-min": {"pca-1": 0.1103}, "min-mean": {"pca-1": 0.3359}, "mean-mean": {"pca-1": 0.6362}, "mean-min": {"pca-1": 0.5755}}, "1014": {"min-min": {"pca-1": 0.0961}, "min-mean": {"pca-1": 0.2374}, "mean-mean": {"pca-1": 0.5218}, "mean-min": {"pca-1": 0.4199}}, "1015": {"min-min": {"pca-1": 0.0789}, "min-mean": {"pca-1": 0.269}, "mean-mean": {"pca-1": 0.5648}, "mean-min": {"pca-1": 0.5101}}}, "1004": {"1001": {"min-min": {"pca-1": 0.1224}, "min-mean": {"pca-1": 0.2315}, "mean-mean": {"pca-1": 0.5479}, "mean-min": {"pca-1": 0.4118}}, "1002": {"min-min": {"pca-1": 0.1052}, "min-mean": {"pca-1": 0.1937}, "mean-mean": {"pca-1": 0.5038}, "mean-min": {"pca-1": 0.3508}}, "1003": {"min-min": {"pca-1": 0.181}, "min-mean": {"pca-1": 0.2984}, "mean-mean": {"pca-1": 0.5595}, "mean-min": {"pca-1": 0.5291}}, "1004": {"min-min": {"pca-1": 0.0854}, "min-mean": {"pca-1": 0.2345}, "mean-mean": {"pca-1": 0.5801}, "mean-min": {"pca-1": 0.5247}}, "1005": {"min-min": {"pca-1": 0.1315}, "min-mean": {"pca-1": 0.3617}, "mean-mean": {"pca-1": 0.5854}, "mean-min": {"pca-1": 0.545}}, "1006": {"min-min": {"pca-1": 0.1118}, "min-mean": {"pca-1": 0.3095}, "mean-mean": {"pca-1": 0.5492}, "mean-min": {"pca-1": 0.5115}}, "1007": {"min-min": {"pca-1": 0.1222}, "min-mean": {"pca-1": 0.3287}, "mean-mean": {"pca-1": 0.5846}, "mean-min": {"pca-1": 0.5483}}, "1008": {"min-min": {"pca-1": 0.1747}, "min-mean": {"pca-1": 0.369}, "mean-mean": {"pca-1": 0.6573}, "mean-min": {"pca-1": 0.5849}}, "1009": {"min-min": {"pca-1": 0.1464}, "min-mean": {"pca-1": 0.3345}, "mean-mean": {"pca-1": 0.6317}, "mean-min": {"pca-1": 0.5574}}, "1010": {"min-min": {"pca-1": 0.0935}, "min-mean": {"pca-1": 0.3544}, "mean-mean": {"pca-1": 0.622}, "mean-min": {"pca-1": 0.5461}}, "1011": {"min-min": {"pca-1": 0.1847}, "min-mean": {"pca-1": 0.3535}, "mean-mean": {"pca-1": 0.6149}, "mean-min": {"pca-1": 0.5822}}, "1012": {"min-min": {"pca-1": 0.0697}, "min-mean": {"pca-1": 0.4544}, "mean-mean": {"pca-1": 0.7245}, "mean-min": {"pca-1": 0.541}}, "1013": {"min-min": {"pca-1": 0.1176}, "min-mean": {"pca-1": 0.319}, "mean-mean": {"pca-1": 0.6053}, "mean-min": {"pca-1": 0.5618}}, "1014": {"min-min": {"pca-1": 0.0628}, "min-mean": {"pca-1": 0.3682}, "mean-mean": {"pca-1": 0.6046}, "mean-min": {"pca-1": 0.515}}, "1015": {"min-min": {"pca-1": 0.1062}, "min-mean": {"pca-1": 0.3718}, "mean-mean": {"pca-1": 0.6476}, "mean-min": {"pca-1": 0.5871}}}, "1005": {"1001": {"min-min": {"pca-1": 0.1139}, "min-mean": {"pca-1": 0.2406}, "mean-mean": {"pca-1": 0.5198}, "mean-min": {"pca-1": 0.4941}}, "1002": {"min-min": {"pca-1": 0.0974}, "min-mean": {"pca-1": 0.1144}, "mean-mean": {"pca-1": 0.3729}, "mean-min": {"pca-1": 0.1485}}, "1003": {"min-min": {"pca-1": 0.1291}, "min-mean": {"pca-1": 0.242}, "mean-mean": {"pca-1": 0.5048}, "mean-min": {"pca-1": 0.4678}}, "1004": {"min-min": {"pca-1": 0.0652}, "min-mean": {"pca-1": 0.2797}, "mean-mean": {"pca-1": 0.5714}, "mean-min": {"pca-1": 0.5008}}, "1005": {"min-min": {"pca-1": 0.1074}, "min-mean": {"pca-1": 0.2817}, "mean-mean": {"pca-1": 0.5688}, "mean-min": {"pca-1": 0.5069}}, "1006": {"min-min": {"pca-1": 0.0591}, "min-mean": {"pca-1": 0.1015}, "mean-mean": {"pca-1": 0.3491}, "mean-min": {"pca-1": 0.1862}}, "1007": {"min-min": {"pca-1": 0.0803}, "min-mean": {"pca-1": 0.1183}, "mean-mean": {"pca-1": 0.3654}, "mean-min": {"pca-1": 0.1942}}, "1008": {"min-min": {"pca-1": 0.1318}, "min-mean": {"pca-1": 0.402}, "mean-mean": {"pca-1": 0.7079}, "mean-min": {"pca-1": 0.5853}}, "1009": {"min-min": {"pca-1": 0.0922}, "min-mean": {"pca-1": 0.3424}, "mean-mean": {"pca-1": 0.6516}, "mean-min": {"pca-1": 0.5364}}, "1010": {"min-min": {"pca-1": 0.1147}, "min-mean": {"pca-1": 0.1723}, "mean-mean": {"pca-1": 0.4149}, "mean-min": {"pca-1": 0.2875}}, "1011": {"min-min": {"pca-1": 0.0887}, "min-mean": {"pca-1": 0.2393}, "mean-mean": {"pca-1": 0.5772}, "mean-min": {"pca-1": 0.5405}}, "1012": {"min-min": {"pca-1": 0.1138}, "min-mean": {"pca-1": 0.3977}, "mean-mean": {"pca-1": 0.6714}, "mean-min": {"pca-1": 0.4984}}, "1013": {"min-min": {"pca-1": 0.0739}, "min-mean": {"pca-1": 0.1136}, "mean-mean": {"pca-1": 0.3987}, "mean-min": {"pca-1": 0.1623}}, "1014": {"min-min": {"pca-1": 0.0862}, "min-mean": {"pca-1": 0.3046}, "mean-mean": {"pca-1": 0.5522}, "mean-min": {"pca-1": 0.4364}}, "1015": {"min-min": {"pca-1": 0.1079}, "min-mean": {"pca-1": 0.2918}, "mean-mean": {"pca-1": 0.627}, "mean-min": {"pca-1": 0.5803}}}, "1006": {"1001": {"min-min": {"pca-1": 0.1036}, "min-mean": {"pca-1": 0.2162}, "mean-mean": {"pca-1": 0.3998}, "mean-min": {"pca-1": 0.3895}}, "1002": {"min-min": {"pca-1": 0.0772}, "min-mean": {"pca-1": 0.1877}, "mean-mean": {"pca-1": 0.3536}, "mean-min": {"pca-1": 0.3515}}, "1003": {"min-min": {"pca-1": 0.1047}, "min-mean": {"pca-1": 0.1675}, "mean-mean": {"pca-1": 0.3208}, "mean-min": {"pca-1": 0.2904}}, "1004": {"min-min": {"pca-1": 0.0719}, "min-mean": {"pca-1": 0.2415}, "mean-mean": {"pca-1": 0.4268}, "mean-min": {"pca-1": 0.3825}}, "1005": {"min-min": {"pca-1": 0.0675}, "min-mean": {"pca-1": 0.1695}, "mean-mean": {"pca-1": 0.3591}, "mean-min": {"pca-1": 0.3504}}, "1006": {"min-min": {"pca-1": 0.0293}, "min-mean": {"pca-1": 0.0813}, "mean-mean": {"pca-1": 0.262}, "mean-min": {"pca-1": 0.1852}}, "1007": {"min-min": {"pca-1": 0.0937}, "min-mean": {"pca-1": 0.1277}, "mean-mean": {"pca-1": 0.3012}, "mean-min": {"pca-1": 0.1653}}, "1008": {"min-min": {"pca-1": 0.1122}, "min-mean": {"pca-1": 0.2813}, "mean-mean": {"pca-1": 0.4856}, "mean-min": {"pca-1": 0.4151}}, "1009": {"min-min": {"pca-1": 0.1075}, "min-mean": {"pca-1": 0.2679}, "mean-mean": {"pca-1": 0.4521}, "mean-min": {"pca-1": 0.3813}}, "1010": {"min-min": {"pca-1": 0.0798}, "min-mean": {"pca-1": 0.1377}, "mean-mean": {"pca-1": 0.3012}, "mean-min": {"pca-1": 0.2099}}, "1011": {"min-min": {"pca-1": 0.0883}, "min-mean": {"pca-1": 0.1496}, "mean-mean": {"pca-1": 0.3606}, "mean-min": {"pca-1": 0.2636}}, "1012": {"min-min": {"pca-1": 0.0996}, "min-mean": {"pca-1": 0.3183}, "mean-mean": {"pca-1": 0.4805}, "mean-min": {"pca-1": 0.3607}}, "1013": {"min-min": {"pca-1": 0.0935}, "min-mean": {"pca-1": 0.1748}, "mean-mean": {"pca-1": 0.3716}, "mean-min": {"pca-1": 0.3374}}, "1014": {"min-min": {"pca-1": 0.0905}, "min-mean": {"pca-1": 0.2073}, "mean-mean": {"pca-1": 0.3526}, "mean-min": {"pca-1": 0.3136}}, "1015": {"min-min": {"pca-1": 0.0808}, "min-mean": {"pca-1": 0.2046}, "mean-mean": {"pca-1": 0.4149}, "mean-min": {"pca-1": 0.4018}}}, "1007": {"1001": {"min-min": {"pca-1": 0.0575}, "min-mean": {"pca-1": 0.1382}, "mean-mean": {"pca-1": 0.4374}, "mean-min": {"pca-1": 0.2996}}, "1002": {"min-min": {"pca-1": 0.0696}, "min-mean": {"pca-1": 0.2964}, "mean-mean": {"pca-1": 0.5908}, "mean-min": {"pca-1": 0.5089}}, "1003": {"min-min": {"pca-1": 0.0616}, "min-mean": {"pca-1": 0.1525}, "mean-mean": {"pca-1": 0.3839}, "mean-min": {"pca-1": 0.3126}}, "1004": {"min-min": {"pca-1": 0.097}, "min-mean": {"pca-1": 0.1003}, "mean-mean": {"pca-1": 0.3797}, "mean-min": {"pca-1": 0.1069}}, "1005": {"min-min": {"pca-1": 0.022}, "min-mean": {"pca-1": 0.0945}, "mean-mean": {"pca-1": 0.3651}, "mean-min": {"pca-1": 0.2394}}, "1006": {"min-min": {"pca-1": 0.1416}, "min-mean": {"pca-1": 0.3245}, "mean-mean": {"pca-1": 0.5966}, "mean-min": {"pca-1": 0.5453}}, "1007": {"min-min": {"pca-1": 0.0487}, "min-mean": {"pca-1": 0.2542}, "mean-mean": {"pca-1": 0.6002}, "mean-min": {"pca-1": 0.5663}}, "1008": {"min-min": {"pca-1": 0.0358}, "min-mean": {"pca-1": 0.0982}, "mean-mean": {"pca-1": 0.3527}, "mean-min": {"pca-1": 0.223}}, "1009": {"min-min": {"pca-1": 0.0517}, "min-mean": {"pca-1": 0.0703}, "mean-mean": {"pca-1": 0.3208}, "mean-min": {"pca-1": 0.1075}}, "1010": {"min-min": {"pca-1": 0.0975}, "min-mean": {"pca-1": 0.3072}, "mean-mean": {"pca-1": 0.5967}, "mean-min": {"pca-1": 0.528}}, "1011": {"min-min": {"pca-1": 0.0607}, "min-mean": {"pca-1": 0.1513}, "mean-mean": {"pca-1": 0.3799}, "mean-min": {"pca-1": 0.3325}}, "1012": {"min-min": {"pca-1": 0.1016}, "min-mean": {"pca-1": 0.2102}, "mean-mean": {"pca-1": 0.4623}, "mean-min": {"pca-1": 0.4275}}, "1013": {"min-min": {"pca-1": 0.0727}, "min-mean": {"pca-1": 0.3311}, "mean-mean": {"pca-1": 0.6172}, "mean-min": {"pca-1": 0.5013}}, "1014": {"min-min": {"pca-1": 0.1119}, "min-mean": {"pca-1": 0.1927}, "mean-mean": {"pca-1": 0.4465}, "mean-min": {"pca-1": 0.3544}}, "1015": {"min-min": {"pca-1": 0.1025}, "min-mean": {"pca-1": 0.155}, "mean-mean": {"pca-1": 0.3659}, "mean-min": {"pca-1": 0.2599}}}, "1008": {"1001": {"min-min": {"pca-1": 0.0526}, "min-mean": {"pca-1": 0.292}, "mean-mean": {"pca-1": 0.7019}, "mean-min": {"pca-1": 0.6673}}, "1002": {"min-min": {"pca-1": 0.116}, "min-mean": {"pca-1": 0.2083}, "mean-mean": {"pca-1": 0.5403}, "mean-min": {"pca-1": 0.3646}}, "1003": {"min-min": {"pca-1": 0.148}, "min-mean": {"pca-1": 0.3293}, "mean-mean": {"pca-1": 0.6935}, "mean-min": {"pca-1": 0.6804}}, "1004": {"min-min": {"pca-1": 0.0666}, "min-mean": {"pca-1": 0.3539}, "mean-mean": {"pca-1": 0.7514}, "mean-min": {"pca-1": 0.6521}}, "1005": {"min-min": {"pca-1": 0.1486}, "min-mean": {"pca-1": 0.3865}, "mean-mean": {"pca-1": 0.7622}, "mean-min": {"pca-1": 0.6982}}, "1006": {"min-min": {"pca-1": 0.0573}, "min-mean": {"pca-1": 0.1667}, "mean-mean": {"pca-1": 0.4925}, "mean-min": {"pca-1": 0.3301}}, "1007": {"min-min": {"pca-1": 0.0337}, "min-mean": {"pca-1": 0.1379}, "mean-mean": {"pca-1": 0.4933}, "mean-min": {"pca-1": 0.3463}}, "1008": {"min-min": {"pca-1": 0.0499}, "min-mean": {"pca-1": 0.424}, "mean-mean": {"pca-1": 0.8965}, "mean-min": {"pca-1": 0.7745}}, "1009": {"min-min": {"pca-1": 0.0621}, "min-mean": {"pca-1": 0.3981}, "mean-mean": {"pca-1": 0.8418}, "mean-min": {"pca-1": 0.7189}}, "1010": {"min-min": {"pca-1": 0.0591}, "min-mean": {"pca-1": 0.1607}, "mean-mean": {"pca-1": 0.528}, "mean-min": {"pca-1": 0.3428}}, "1011": {"min-min": {"pca-1": 0.0744}, "min-mean": {"pca-1": 0.298}, "mean-mean": {"pca-1": 0.7574}, "mean-min": {"pca-1": 0.7452}}, "1012": {"min-min": {"pca-1": 0.1742}, "min-mean": {"pca-1": 0.5021}, "mean-mean": {"pca-1": 0.8415}, "mean-min": {"pca-1": 0.6804}}, "1013": {"min-min": {"pca-1": 0.0551}, "min-mean": {"pca-1": 0.1062}, "mean-mean": {"pca-1": 0.4909}, "mean-min": {"pca-1": 0.1673}}, "1014": {"min-min": {"pca-1": 0.0369}, "min-mean": {"pca-1": 0.3346}, "mean-mean": {"pca-1": 0.7222}, "mean-min": {"pca-1": 0.6055}}, "1015": {"min-min": {"pca-1": 0.0734}, "min-mean": {"pca-1": 0.336}, "mean-mean": {"pca-1": 0.8119}, "mean-min": {"pca-1": 0.7732}}}, "1009": {"1001": {"min-min": {"pca-1": 0.0341}, "min-mean": {"pca-1": 0.1429}, "mean-mean": {"pca-1": 0.4362}, "mean-min": {"pca-1": 0.221}}, "1002": {"min-min": {"pca-1": 0.0486}, "min-mean": {"pca-1": 0.2877}, "mean-mean": {"pca-1": 0.5988}, "mean-min": {"pca-1": 0.5097}}, "1003": {"min-min": {"pca-1": 0.0436}, "min-mean": {"pca-1": 0.1955}, "mean-mean": {"pca-1": 0.4374}, "mean-min": {"pca-1": 0.3813}}, "1004": {"min-min": {"pca-1": 0.0724}, "min-mean": {"pca-1": 0.1124}, "mean-mean": {"pca-1": 0.4118}, "mean-min": {"pca-1": 0.1324}}, "1005": {"min-min": {"pca-1": 0.068}, "min-mean": {"pca-1": 0.1799}, "mean-mean": {"pca-1": 0.4239}, "mean-min": {"pca-1": 0.3343}}, "1006": {"min-min": {"pca-1": 0.0588}, "min-mean": {"pca-1": 0.2842}, "mean-mean": {"pca-1": 0.6341}, "mean-min": {"pca-1": 0.5462}}, "1007": {"min-min": {"pca-1": 0.0849}, "min-mean": {"pca-1": 0.309}, "mean-mean": {"pca-1": 0.647}, "mean-min": {"pca-1": 0.5711}}, "1008": {"min-min": {"pca-1": 0.0808}, "min-mean": {"pca-1": 0.185}, "mean-mean": {"pca-1": 0.4092}, "mean-min": {"pca-1": 0.3133}}, "1009": {"min-min": {"pca-1": 0.0436}, "min-mean": {"pca-1": 0.126}, "mean-mean": {"pca-1": 0.3966}, "mean-min": {"pca-1": 0.2503}}, "1010": {"min-min": {"pca-1": 0.1409}, "min-mean": {"pca-1": 0.3677}, "mean-mean": {"pca-1": 0.6502}, "mean-min": {"pca-1": 0.5319}}, "1011": {"min-min": {"pca-1": 0.0394}, "min-mean": {"pca-1": 0.2069}, "mean-mean": {"pca-1": 0.4447}, "mean-min": {"pca-1": 0.4167}}, "1012": {"min-min": {"pca-1": 0.022}, "min-mean": {"pca-1": 0.2273}, "mean-mean": {"pca-1": 0.5369}, "mean-min": {"pca-1": 0.4801}}, "1013": {"min-min": {"pca-1": 0.054}, "min-mean": {"pca-1": 0.3616}, "mean-mean": {"pca-1": 0.6641}, "mean-min": {"pca-1": 0.5025}}, "1014": {"min-min": {"pca-1": 0.069}, "min-mean": {"pca-1": 0.2325}, "mean-mean": {"pca-1": 0.5097}, "mean-min": {"pca-1": 0.4741}}, "1015": {"min-min": {"pca-1": 0.0646}, "min-mean": {"pca-1": 0.1806}, "mean-mean": {"pca-1": 0.439}, "mean-min": {"pca-1": 0.4127}}}, "1010": {"1001": {"min-min": {"pca-1": 0.0631}, "min-mean": {"pca-1": 0.2058}, "mean-mean": {"pca-1": 0.4815}, "mean-min": {"pca-1": 0.3485}}, "1002": {"min-min": {"pca-1": 0.0684}, "min-mean": {"pca-1": 0.178}, "mean-mean": {"pca-1": 0.4276}, "mean-min": {"pca-1": 0.2601}}, "1003": {"min-min": {"pca-1": 0.1647}, "min-mean": {"pca-1": 0.2341}, "mean-mean": {"pca-1": 0.4657}, "mean-min": {"pca-1": 0.373}}, "1004": {"min-min": {"pca-1": 0.1251}, "min-mean": {"pca-1": 0.2273}, "mean-mean": {"pca-1": 0.4931}, "mean-min": {"pca-1": 0.3879}}, "1005": {"min-min": {"pca-1": 0.1619}, "min-mean": {"pca-1": 0.2277}, "mean-mean": {"pca-1": 0.4652}, "mean-min": {"pca-1": 0.3507}}, "1006": {"min-min": {"pca-1": 0.1037}, "min-mean": {"pca-1": 0.223}, "mean-mean": {"pca-1": 0.4529}, "mean-min": {"pca-1": 0.3685}}, "1007": {"min-min": {"pca-1": 0.0767}, "min-mean": {"pca-1": 0.2008}, "mean-mean": {"pca-1": 0.4795}, "mean-min": {"pca-1": 0.3951}}, "1008": {"min-min": {"pca-1": 0.0566}, "min-mean": {"pca-1": 0.2577}, "mean-mean": {"pca-1": 0.559}, "mean-min": {"pca-1": 0.4987}}, "1009": {"min-min": {"pca-1": 0.1431}, "min-mean": {"pca-1": 0.2796}, "mean-mean": {"pca-1": 0.5287}, "mean-min": {"pca-1": 0.4773}}, "1010": {"min-min": {"pca-1": 0.0985}, "min-mean": {"pca-1": 0.284}, "mean-mean": {"pca-1": 0.5373}, "mean-min": {"pca-1": 0.4812}}, "1011": {"min-min": {"pca-1": 0.0459}, "min-mean": {"pca-1": 0.213}, "mean-mean": {"pca-1": 0.493}, "mean-min": {"pca-1": 0.3743}}, "1012": {"min-min": {"pca-1": 0.1069}, "min-mean": {"pca-1": 0.3633}, "mean-mean": {"pca-1": 0.6212}, "mean-min": {"pca-1": 0.478}}, "1013": {"min-min": {"pca-1": 0.101}, "min-mean": {"pca-1": 0.2741}, "mean-mean": {"pca-1": 0.5363}, "mean-min": {"pca-1": 0.4839}}, "1014": {"min-min": {"pca-1": 0.0991}, "min-mean": {"pca-1": 0.2439}, "mean-mean": {"pca-1": 0.4764}, "mean-min": {"pca-1": 0.447}}, "1015": {"min-min": {"pca-1": 0.1329}, "min-mean": {"pca-1": 0.2602}, "mean-mean": {"pca-1": 0.5364}, "mean-min": {"pca-1": 0.4719}}}, "1011": {"1001": {"min-min": {"pca-1": 0.052}, "min-mean": {"pca-1": 0.2943}, "mean-mean": {"pca-1": 0.6549}, "mean-min": {"pca-1": 0.5378}}, "1002": {"min-min": {"pca-1": 0.0428}, "min-mean": {"pca-1": 0.2012}, "mean-mean": {"pca-1": 0.5346}, "mean-min": {"pca-1": 0.4882}}, "1003": {"min-min": {"pca-1": 0.0796}, "min-mean": {"pca-1": 0.3038}, "mean-mean": {"pca-1": 0.6211}, "mean-min": {"pca-1": 0.5192}}, "1004": {"min-min": {"pca-1": 0.0814}, "min-mean": {"pca-1": 0.3754}, "mean-mean": {"pca-1": 0.6981}, "mean-min": {"pca-1": 0.5178}}, "1005": {"min-min": {"pca-1": 0.097}, "min-mean": {"pca-1": 0.3563}, "mean-mean": {"pca-1": 0.6887}, "mean-min": {"pca-1": 0.5398}}, "1006": {"min-min": {"pca-1": 0.0335}, "min-mean": {"pca-1": 0.1574}, "mean-mean": {"pca-1": 0.4453}, "mean-min": {"pca-1": 0.3561}}, "1007": {"min-min": {"pca-1": 0.0835}, "min-mean": {"pca-1": 0.1751}, "mean-mean": {"pca-1": 0.4527}, "mean-min": {"pca-1": 0.3582}}, "1008": {"min-min": {"pca-1": 0.0592}, "min-mean": {"pca-1": 0.4041}, "mean-mean": {"pca-1": 0.8188}, "mean-min": {"pca-1": 0.6102}}, "1009": {"min-min": {"pca-1": 0.0948}, "min-mean": {"pca-1": 0.4228}, "mean-mean": {"pca-1": 0.7703}, "mean-min": {"pca-1": 0.5628}}, "1010": {"min-min": {"pca-1": 0.0493}, "min-mean": {"pca-1": 0.1246}, "mean-mean": {"pca-1": 0.4462}, "mean-min": {"pca-1": 0.2684}}, "1011": {"min-min": {"pca-1": 0.0743}, "min-mean": {"pca-1": 0.2881}, "mean-mean": {"pca-1": 0.6803}, "mean-min": {"pca-1": 0.5959}}, "1012": {"min-min": {"pca-1": 0.0754}, "min-mean": {"pca-1": 0.4091}, "mean-mean": {"pca-1": 0.7486}, "mean-min": {"pca-1": 0.5248}}, "1013": {"min-min": {"pca-1": 0.0713}, "min-mean": {"pca-1": 0.1155}, "mean-mean": {"pca-1": 0.4513}, "mean-min": {"pca-1": 0.2039}}, "1014": {"min-min": {"pca-1": 0.0672}, "min-mean": {"pca-1": 0.3423}, "mean-mean": {"pca-1": 0.6515}, "mean-min": {"pca-1": 0.4736}}, "1015": {"min-min": {"pca-1": 0.0871}, "min-mean": {"pca-1": 0.3312}, "mean-mean": {"pca-1": 0.7278}, "mean-min": {"pca-1": 0.6109}}}, "1012": {"1001": {"min-min": {"pca-1": 0.0422}, "min-mean": {"pca-1": 0.094}, "mean-mean": {"pca-1": 0.3632}, "mean-min": {"pca-1": 0.1262}}, "1002": {"min-min": {"pca-1": 0.0485}, "min-mean": {"pca-1": 0.2571}, "mean-mean": {"pca-1": 0.5255}, "mean-min": {"pca-1": 0.4319}}, "1003": {"min-min": {"pca-1": 0.0433}, "min-mean": {"pca-1": 0.131}, "mean-mean": {"pca-1": 0.3711}, "mean-min": {"pca-1": 0.3065}}, "1004": {"min-min": {"pca-1": 0.0972}, "min-mean": {"pca-1": 0.1053}, "mean-mean": {"pca-1": 0.3657}, "mean-min": {"pca-1": 0.1094}}, "1005": {"min-min": {"pca-1": 0.0575}, "min-mean": {"pca-1": 0.1216}, "mean-mean": {"pca-1": 0.3534}, "mean-min": {"pca-1": 0.2374}}, "1006": {"min-min": {"pca-1": 0.038}, "min-mean": {"pca-1": 0.2646}, "mean-mean": {"pca-1": 0.5582}, "mean-min": {"pca-1": 0.461}}, "1007": {"min-min": {"pca-1": 0.0679}, "min-mean": {"pca-1": 0.267}, "mean-mean": {"pca-1": 0.5751}, "mean-min": {"pca-1": 0.4955}}, "1008": {"min-min": {"pca-1": 0.0254}, "min-mean": {"pca-1": 0.148}, "mean-mean": {"pca-1": 0.3737}, "mean-min": {"pca-1": 0.2879}}, "1009": {"min-min": {"pca-1": 0.0175}, "min-mean": {"pca-1": 0.1004}, "mean-mean": {"pca-1": 0.3467}, "mean-min": {"pca-1": 0.2079}}, "1010": {"min-min": {"pca-1": 0.0423}, "min-mean": {"pca-1": 0.2788}, "mean-mean": {"pca-1": 0.5816}, "mean-min": {"pca-1": 0.4542}}, "1011": {"min-min": {"pca-1": 0.0429}, "min-mean": {"pca-1": 0.1708}, "mean-mean": {"pca-1": 0.3831}, "mean-min": {"pca-1": 0.3601}}, "1012": {"min-min": {"pca-1": 0.0162}, "min-mean": {"pca-1": 0.2014}, "mean-mean": {"pca-1": 0.4933}, "mean-min": {"pca-1": 0.42}}, "1013": {"min-min": {"pca-1": 0.0546}, "min-mean": {"pca-1": 0.3422}, "mean-mean": {"pca-1": 0.603}, "mean-min": {"pca-1": 0.4377}}, "1014": {"min-min": {"pca-1": 0.0627}, "min-mean": {"pca-1": 0.1803}, "mean-mean": {"pca-1": 0.4236}, "mean-min": {"pca-1": 0.3716}}, "1015": {"min-min": {"pca-1": 0.0337}, "min-mean": {"pca-1": 0.1387}, "mean-mean": {"pca-1": 0.3928}, "mean-min": {"pca-1": 0.3487}}}, "1013": {"1001": {"min-min": {"pca-1": 0.09}, "min-mean": {"pca-1": 0.1969}, "mean-mean": {"pca-1": 0.4193}, "mean-min": {"pca-1": 0.4108}}, "1002": {"min-min": {"pca-1": 0.0362}, "min-mean": {"pca-1": 0.1216}, "mean-mean": {"pca-1": 0.333}, "mean-min": {"pca-1": 0.2219}}, "1003": {"min-min": {"pca-1": 0.0255}, "min-mean": {"pca-1": 0.1363}, "mean-mean": {"pca-1": 0.3759}, "mean-min": {"pca-1": 0.3579}}, "1004": {"min-min": {"pca-1": 0.0127}, "min-mean": {"pca-1": 0.2214}, "mean-mean": {"pca-1": 0.469}, "mean-min": {"pca-1": 0.4035}}, "1005": {"min-min": {"pca-1": 0.0417}, "min-mean": {"pca-1": 0.2114}, "mean-mean": {"pca-1": 0.4415}, "mean-min": {"pca-1": 0.3875}}, "1006": {"min-min": {"pca-1": 0.0418}, "min-mean": {"pca-1": 0.0566}, "mean-mean": {"pca-1": 0.2503}, "mean-min": {"pca-1": 0.0861}}, "1007": {"min-min": {"pca-1": 0.0639}, "min-mean": {"pca-1": 0.0759}, "mean-mean": {"pca-1": 0.2902}, "mean-min": {"pca-1": 0.1}}, "1008": {"min-min": {"pca-1": 0.0854}, "min-mean": {"pca-1": 0.318}, "mean-mean": {"pca-1": 0.5737}, "mean-min": {"pca-1": 0.4497}}, "1009": {"min-min": {"pca-1": 0.0249}, "min-mean": {"pca-1": 0.2571}, "mean-mean": {"pca-1": 0.5254}, "mean-min": {"pca-1": 0.4112}}, "1010": {"min-min": {"pca-1": 0.0483}, "min-mean": {"pca-1": 0.1062}, "mean-mean": {"pca-1": 0.3226}, "mean-min": {"pca-1": 0.2219}}, "1011": {"min-min": {"pca-1": 0.0556}, "min-mean": {"pca-1": 0.1787}, "mean-mean": {"pca-1": 0.4479}, "mean-min": {"pca-1": 0.4248}}, "1012": {"min-min": {"pca-1": 0.0551}, "min-mean": {"pca-1": 0.3199}, "mean-mean": {"pca-1": 0.5483}, "mean-min": {"pca-1": 0.3866}}, "1013": {"min-min": {"pca-1": 0.0628}, "min-mean": {"pca-1": 0.1012}, "mean-mean": {"pca-1": 0.3347}, "mean-min": {"pca-1": 0.1654}}, "1014": {"min-min": {"pca-1": 0.0726}, "min-mean": {"pca-1": 0.2559}, "mean-mean": {"pca-1": 0.4403}, "mean-min": {"pca-1": 0.3437}}, "1015": {"min-min": {"pca-1": 0.0191}, "min-mean": {"pca-1": 0.2217}, "mean-mean": {"pca-1": 0.4937}, "mean-min": {"pca-1": 0.4527}}}, "1014": {"1001": {"min-min": {"pca-1": 0.0526}, "min-mean": {"pca-1": 0.1817}, "mean-mean": {"pca-1": 0.3847}, "mean-min": {"pca-1": 0.3773}}, "1002": {"min-min": {"pca-1": 0.0953}, "min-mean": {"pca-1": 0.2075}, "mean-mean": {"pca-1": 0.3728}, "mean-min": {"pca-1": 0.3329}}, "1003": {"min-min": {"pca-1": 0.0895}, "min-mean": {"pca-1": 0.1461}, "mean-mean": {"pca-1": 0.295}, "mean-min": {"pca-1": 0.2319}}, "1004": {"min-min": {"pca-1": 0.0328}, "min-mean": {"pca-1": 0.1884}, "mean-mean": {"pca-1": 0.4033}, "mean-min": {"pca-1": 0.3729}}, "1005": {"min-min": {"pca-1": 0.0484}, "min-mean": {"pca-1": 0.1295}, "mean-mean": {"pca-1": 0.3261}, "mean-min": {"pca-1": 0.2916}}, "1006": {"min-min": {"pca-1": 0.0223}, "min-mean": {"pca-1": 0.1306}, "mean-mean": {"pca-1": 0.2939}, "mean-min": {"pca-1": 0.2881}}, "1007": {"min-min": {"pca-1": 0.0376}, "min-mean": {"pca-1": 0.1124}, "mean-mean": {"pca-1": 0.3311}, "mean-min": {"pca-1": 0.2621}}, "1008": {"min-min": {"pca-1": 0.0443}, "min-mean": {"pca-1": 0.2078}, "mean-mean": {"pca-1": 0.4506}, "mean-min": {"pca-1": 0.3898}}, "1009": {"min-min": {"pca-1": 0.0188}, "min-mean": {"pca-1": 0.2097}, "mean-mean": {"pca-1": 0.4177}, "mean-min": {"pca-1": 0.3584}}, "1010": {"min-min": {"pca-1": 0.019}, "min-mean": {"pca-1": 0.1326}, "mean-mean": {"pca-1": 0.3146}, "mean-min": {"pca-1": 0.2678}}, "1011": {"min-min": {"pca-1": 0.0873}, "min-mean": {"pca-1": 0.1198}, "mean-mean": {"pca-1": 0.3229}, "mean-min": {"pca-1": 0.1735}}, "1012": {"min-min": {"pca-1": 0.0657}, "min-mean": {"pca-1": 0.2675}, "mean-mean": {"pca-1": 0.4469}, "mean-min": {"pca-1": 0.3475}}, "1013": {"min-min": {"pca-1": 0.0848}, "min-mean": {"pca-1": 0.2167}, "mean-mean": {"pca-1": 0.4016}, "mean-min": {"pca-1": 0.365}}, "1014": {"min-min": {"pca-1": 0.0734}, "min-mean": {"pca-1": 0.1631}, "mean-mean": {"pca-1": 0.3208}, "mean-min": {"pca-1": 0.2992}}, "1015": {"min-min": {"pca-1": 0.0658}, "min-mean": {"pca-1": 0.1598}, "mean-mean": {"pca-1": 0.3783}, "mean-min": {"pca-1": 0.3119}}}, "1015": {"1001": {"min-min": {"pca-1": 0.0439}, "min-mean": {"pca-1": 0.2663}, "mean-mean": {"pca-1": 0.6481}, "mean-min": {"pca-1": 0.609}}, "1002": {"min-min": {"pca-1": 0.0642}, "min-mean": {"pca-1": 0.1681}, "mean-mean": {"pca-1": 0.4863}, "mean-min": {"pca-1": 0.311}}, "1003": {"min-min": {"pca-1": 0.0391}, "min-mean": {"pca-1": 0.2822}, "mean-mean": {"pca-1": 0.6393}, "mean-min": {"pca-1": 0.6175}}, "1004": {"min-min": {"pca-1": 0.063}, "min-mean": {"pca-1": 0.337}, "mean-mean": {"pca-1": 0.7}, "mean-min": {"pca-1": 0.5929}}, "1005": {"min-min": {"pca-1": 0.0867}, "min-mean": {"pca-1": 0.3483}, "mean-mean": {"pca-1": 0.7085}, "mean-min": {"pca-1": 0.6353}}, "1006": {"min-min": {"pca-1": 0.0995}, "min-mean": {"pca-1": 0.1791}, "mean-mean": {"pca-1": 0.444}, "mean-min": {"pca-1": 0.2954}}, "1007": {"min-min": {"pca-1": 0.0362}, "min-mean": {"pca-1": 0.1286}, "mean-mean": {"pca-1": 0.4484}, "mean-min": {"pca-1": 0.3135}}, "1008": {"min-min": {"pca-1": 0.1191}, "min-mean": {"pca-1": 0.4547}, "mean-mean": {"pca-1": 0.846}, "mean-min": {"pca-1": 0.7137}}, "1009": {"min-min": {"pca-1": 0.0907}, "min-mean": {"pca-1": 0.4026}, "mean-mean": {"pca-1": 0.7898}, "mean-min": {"pca-1": 0.6576}}, "1010": {"min-min": {"pca-1": 0.0381}, "min-mean": {"pca-1": 0.1613}, "mean-mean": {"pca-1": 0.4872}, "mean-min": {"pca-1": 0.3327}}, "1011": {"min-min": {"pca-1": 0.0872}, "min-mean": {"pca-1": 0.2964}, "mean-mean": {"pca-1": 0.7079}, "mean-min": {"pca-1": 0.693}}, "1012": {"min-min": {"pca-1": 0.104}, "min-mean": {"pca-1": 0.4645}, "mean-mean": {"pca-1": 0.7932}, "mean-min": {"pca-1": 0.6172}}, "1013": {"min-min": {"pca-1": 0.0353}, "min-mean": {"pca-1": 0.0928}, "mean-mean": {"pca-1": 0.4482}, "mean-min": {"pca-1": 0.1488}}, "1014": {"min-min": {"pca-1": 0.0313}, "min-mean": {"pca-1": 0.3218}, "mean-mean": {"pca-1": 0.6745}, "mean-min": {"pca-1": 0.5481}}, "1015": {"min-min": {"pca-1": 0.0385}, "min-mean": {"pca-1": 0.3029}, "mean-mean": {"pca-1": 0.7602}, "mean-min": {"pca-1": 0.7123}}}}