{"1001": {"1001": {"min-min": {"pca-1": 0.3839}, "min-mean": {"pca-1": 0.4944}, "mean-mean": {"pca-1": 0.8774}, "mean-min": {"pca-1": 0.7153}}, "1002": {"min-min": {"pca-1": 0.5143}, "min-mean": {"pca-1": 0.5714}, "mean-mean": {"pca-1": 0.8881}, "mean-min": {"pca-1": 0.6855}}, "1003": {"min-min": {"pca-1": 0.2572}, "min-mean": {"pca-1": 0.4539}, "mean-mean": {"pca-1": 0.8797}, "mean-min": {"pca-1": 0.812}}, "1004": {"min-min": {"pca-1": 0.4831}, "min-mean": {"pca-1": 0.4831}, "mean-mean": {"pca-1": 0.7924}, "mean-min": {"pca-1": 0.4831}}, "1005": {"min-min": {"pca-1": 0.4388}, "min-mean": {"pca-1": 0.5771}, "mean-mean": {"pca-1": 0.8329}, "mean-min": {"pca-1": 0.7464}}, "1006": {"min-min": {"pca-1": 0.558}, "min-mean": {"pca-1": 0.6903}, "mean-mean": {"pca-1": 1.0019}, "mean-min": {"pca-1": 0.955}}, "1007": {"min-min": {"pca-1": 0.4683}, "min-mean": {"pca-1": 0.6799}, "mean-mean": {"pca-1": 1.0811}, "mean-min": {"pca-1": 1.0146}}, "1008": {"min-min": {"pca-1": 0.3671}, "min-mean": {"pca-1": 0.4548}, "mean-mean": {"pca-1": 0.7621}, "mean-min": {"pca-1": 0.6303}}, "1009": {"min-min": {"pca-1": 0.4773}, "min-mean": {"pca-1": 0.5277}, "mean-mean": {"pca-1": 0.778}, "mean-min": {"pca-1": 0.5591}}, "1010": {"min-min": {"pca-1": 0.5115}, "min-mean": {"pca-1": 0.6951}, "mean-mean": {"pca-1": 0.959}, "mean-min": {"pca-1": 0.8406}}, "1011": {"min-min": {"pca-1": 0.5132}, "min-mean": {"pca-1": 0.5629}, "mean-mean": {"pca-1": 0.7387}, "mean-min": {"pca-1": 0.6622}}, "1012": {"min-min": {"pca-1": 0.361}, "min-mean": {"pca-1": 0.4585}, "mean-mean": {"pca-1": 0.8115}, "mean-min": {"pca-1": 0.6535}}, "1013": {"min-min": {"pca-1": 0.3667}, "min-mean": {"pca-1": 0.6224}, "mean-mean": {"pca-1": 0.961}, "mean-min": {"pca-1": 0.7862}}, "1014": {"min-min": {"pca-1": 0.3925}, "min-mean": {"pca-1": 0.502}, "mean-mean": {"pca-1": 0.8308}, "mean-min": {"pca-1": 0.721}}, "1015": {"min-min": {"pca-1": 0.4104}, "min-mean": {"pca-1": 0.5529}, "mean-mean": {"pca-1": 0.8091}, "mean-min": {"pca-1": 0.7445}}}, "1002": {"1001": {"min-min": {"pca-1": 0.5165}, "min-mean": {"pca-1": 0.6142}, "mean-mean": {"pca-1": 0.9458}, "mean-min": {"pca-1": 0.7393}}, "1002": {"min-min": {"pca-1": 0.3612}, "min-mean": {"pca-1": 0.7772}, "mean-mean": {"pca-1": 1.1771}, "mean-min": {"pca-1": 1.0244}}, "1003": {"min-min": {"pca-1": 0.4569}, "min-mean": {"pca-1": 0.6595}, "mean-mean": {"pca-1": 0.9538}, "mean-min": {"pca-1": 0.9141}}, "1004": {"min-min": {"pca-1": 0.4202}, "min-mean": {"pca-1": 0.4558}, "mean-mean": {"pca-1": 0.8647}, "mean-min": {"pca-1": 0.527}}, "1005": {"min-min": {"pca-1": 0.2858}, "min-mean": {"pca-1": 0.3973}, "mean-mean": {"pca-1": 0.6788}, "mean-min": {"pca-1": 0.6171}}, "1006": {"min-min": {"pca-1": 0.3833}, "min-mean": {"pca-1": 0.7191}, "mean-mean": {"pca-1": 1.089}, "mean-min": {"pca-1": 1.024}}, "1007": {"min-min": {"pca-1": 0.5824}, "min-mean": {"pca-1": 0.9528}, "mean-mean": {"pca-1": 1.3182}, "mean-min": {"pca-1": 1.229}}, "1008": {"min-min": {"pca-1": 0.2955}, "min-mean": {"pca-1": 0.3812}, "mean-mean": {"pca-1": 0.6191}, "mean-min": {"pca-1": 0.5061}}, "1009": {"min-min": {"pca-1": 0.4143}, "min-mean": {"pca-1": 0.5051}, "mean-mean": {"pca-1": 0.8232}, "mean-min": {"pca-1": 0.6267}}, "1010": {"min-min": {"pca-1": 0.5557}, "min-mean": {"pca-1": 0.8171}, "mean-mean": {"pca-1": 0.9974}, "mean-min": {"pca-1": 0.8598}}, "1011": {"min-min": {"pca-1": 0.3087}, "min-mean": {"pca-1": 0.4986}, "mean-mean": {"pca-1": 0.7233}, "mean-min": {"pca-1": 0.6449}}, "1012": {"min-min": {"pca-1": 0.4254}, "min-mean": {"pca-1": 0.5667}, "mean-mean": {"pca-1": 0.843}, "mean-min": {"pca-1": 0.815}}, "1013": {"min-min": {"pca-1": 0.2854}, "min-mean": {"pca-1": 0.6656}, "mean-mean": {"pca-1": 0.993}, "mean-min": {"pca-1": 0.8298}}, "1014": {"min-min": {"pca-1": 0.537}, "min-mean": {"pca-1": 0.6078}, "mean-mean": {"pca-1": 0.8546}, "mean-min": {"pca-1": 0.7493}}, "1015": {"min-min": {"pca-1": 0.4387}, "min-mean": {"pca-1": 0.547}, "mean-mean": {"pca-1": 0.7438}, "mean-min": {"pca-1": 0.7137}}}, "1003": {"1001": {"min-min": {"pca-1": 0.6939}, "min-mean": {"pca-1": 0.6939}, "mean-mean": {"pca-1": 0.9517}, "mean-min": {"pca-1": 0.6939}}, "1002": {"min-min": {"pca-1": 0.5131}, "min-mean": {"pca-1": 0.7193}, "mean-mean": {"pca-1": 1.086}, "mean-min": {"pca-1": 1.0476}}, "1003": {"min-min": {"pca-1": 0.6076}, "min-mean": {"pca-1": 0.7042}, "mean-mean": {"pca-1": 0.9819}, "mean-min": {"pca-1": 0.8974}}, "1004": {"min-min": {"pca-1": 0.4994}, "min-mean": {"pca-1": 0.5475}, "mean-mean": {"pca-1": 0.8938}, "mean-min": {"pca-1": 0.5715}}, "1005": {"min-min": {"pca-1": 0.4422}, "min-mean": {"pca-1": 0.5868}, "mean-mean": {"pca-1": 0.8808}, "mean-min": {"pca-1": 0.8761}}, "1006": {"min-min": {"pca-1": 0.4756}, "min-mean": {"pca-1": 0.7552}, "mean-mean": {"pca-1": 1.149}, "mean-min": {"pca-1": 1.0568}}, "1007": {"min-min": {"pca-1": 0.5779}, "min-mean": {"pca-1": 0.8887}, "mean-mean": {"pca-1": 1.2691}, "mean-min": {"pca-1": 1.1872}}, "1008": {"min-min": {"pca-1": 0.344}, "min-mean": {"pca-1": 0.4391}, "mean-mean": {"pca-1": 0.7847}, "mean-min": {"pca-1": 0.6294}}, "1009": {"min-min": {"pca-1": 0.2965}, "min-mean": {"pca-1": 0.5023}, "mean-mean": {"pca-1": 0.8666}, "mean-min": {"pca-1": 0.6052}}, "1010": {"min-min": {"pca-1": 0.576}, "min-mean": {"pca-1": 0.8453}, "mean-mean": {"pca-1": 1.1089}, "mean-min": {"pca-1": 0.9565}}, "1011": {"min-min": {"pca-1": 0.5241}, "min-mean": {"pca-1": 0.6331}, "mean-mean": {"pca-1": 0.8487}, "mean-min": {"pca-1": 0.8434}}, "1012": {"min-min": {"pca-1": 0.4924}, "min-mean": {"pca-1": 0.643}, "mean-mean": {"pca-1": 0.8778}, "mean-min": {"pca-1": 0.7615}}, "1013": {"min-min": {"pca-1": 0.3654}, "min-mean": {"pca-1": 0.7318}, "mean-mean": {"pca-1": 1.1192}, "mean-min": {"pca-1": 0.9399}}, "1014": {"min-min": {"pca-1": 0.3471}, "min-mean": {"pca-1": 0.5014}, "mean-mean": {"pca-1": 0.9114}, "mean-min": {"pca-1": 0.8099}}, "1015": {"min-min": {"pca-1": 0.3998}, "min-mean": {"pca-1": 0.5736}, "mean-mean": {"pca-1": 0.898}, "mean-min": {"pca-1": 0.8646}}}, "1004": {"1001": {"min-min": {"pca-1": 0.5522}, "min-mean": {"pca-1": 0.7185}, "mean-mean": {"pca-1": 1.0671}, "mean-min": {"pca-1": 1.051}}, "1002": {"min-min": {"pca-1": 0.6096}, "min-mean": {"pca-1": 0.8822}, "mean-mean": {"pca-1": 1.1461}, "mean-min": {"pca-1": 1.0076}}, "1003": {"min-min": {"pca-1": 0.5133}, "min-mean": {"pca-1": 0.7166}, "mean-mean": {"pca-1": 1.0201}, "mean-min": {"pca-1": 0.956}}, "1004": {"min-min": {"pca-1": 0.5109}, "min-mean": {"pca-1": 0.6395}, "mean-mean": {"pca-1": 0.9366}, "mean-min": {"pca-1": 0.7606}}, "1005": {"min-min": {"pca-1": 0.3231}, "min-mean": {"pca-1": 0.3908}, "mean-mean": {"pca-1": 0.66}, "mean-min": {"pca-1": 0.5262}}, "1006": {"min-min": {"pca-1": 0.3067}, "min-mean": {"pca-1": 0.5626}, "mean-mean": {"pca-1": 0.9973}, "mean-min": {"pca-1": 0.9427}}, "1007": {"min-min": {"pca-1": 0.3698}, "min-mean": {"pca-1": 0.7315}, "mean-mean": {"pca-1": 1.2809}, "mean-min": {"pca-1": 1.1929}}, "1008": {"min-min": {"pca-1": 0.331}, "min-mean": {"pca-1": 0.488}, "mean-mean": {"pca-1": 0.7337}, "mean-min": {"pca-1": 0.6686}}, "1009": {"min-min": {"pca-1": 0.5348}, "min-mean": {"pca-1": 0.6863}, "mean-mean": {"pca-1": 0.9302}, "mean-min": {"pca-1": 0.887}}, "1010": {"min-min": {"pca-1": 0.4151}, "min-mean": {"pca-1": 0.5754}, "mean-mean": {"pca-1": 0.8565}, "mean-min": {"pca-1": 0.8102}}, "1011": {"min-min": {"pca-1": 0.329}, "min-mean": {"pca-1": 0.4332}, "mean-mean": {"pca-1": 0.6445}, "mean-min": {"pca-1": 0.6239}}, "1012": {"min-min": {"pca-1": 0.2752}, "min-mean": {"pca-1": 0.4564}, "mean-mean": {"pca-1": 0.8025}, "mean-min": {"pca-1": 0.7858}}, "1013": {"min-min": {"pca-1": 0.374}, "min-mean": {"pca-1": 0.5019}, "mean-mean": {"pca-1": 0.7601}, "mean-min": {"pca-1": 0.6926}}, "1014": {"min-min": {"pca-1": 0.4785}, "min-mean": {"pca-1": 0.5871}, "mean-mean": {"pca-1": 0.8349}, "mean-min": {"pca-1": 0.8042}}, "1015": {"min-min": {"pca-1": 0.3302}, "min-mean": {"pca-1": 0.3554}, "mean-mean": {"pca-1": 0.6217}, "mean-min": {"pca-1": 0.389}}}, "1005": {"1001": {"min-min": {"pca-1": 0.2276}, "min-mean": {"pca-1": 0.2797}, "mean-mean": {"pca-1": 0.4625}, "mean-min": {"pca-1": 0.3839}}, "1002": {"min-min": {"pca-1": 0.211}, "min-mean": {"pca-1": 0.2756}, "mean-mean": {"pca-1": 0.4909}, "mean-min": {"pca-1": 0.4049}}, "1003": {"min-min": {"pca-1": 0.2769}, "min-mean": {"pca-1": 0.2826}, "mean-mean": {"pca-1": 0.4466}, "mean-min": {"pca-1": 0.294}}, "1004": {"min-min": {"pca-1": 0.2593}, "min-mean": {"pca-1": 0.4042}, "mean-mean": {"pca-1": 0.5835}, "mean-min": {"pca-1": 0.5166}}, "1005": {"min-min": {"pca-1": 0.2695}, "min-mean": {"pca-1": 0.4321}, "mean-mean": {"pca-1": 0.8294}, "mean-min": {"pca-1": 0.7572}}, "1006": {"min-min": {"pca-1": 0.2733}, "min-mean": {"pca-1": 0.297}, "mean-mean": {"pca-1": 0.5176}, "mean-min": {"pca-1": 0.3443}}, "1007": {"min-min": {"pca-1": 0.2612}, "min-mean": {"pca-1": 0.2959}, "mean-mean": {"pca-1": 0.4665}, "mean-min": {"pca-1": 0.3654}}, "1008": {"min-min": {"pca-1": 0.5013}, "min-mean": {"pca-1": 0.5906}, "mean-mean": {"pca-1": 0.9119}, "mean-min": {"pca-1": 0.7693}}, "1009": {"min-min": {"pca-1": 0.281}, "min-mean": {"pca-1": 0.4131}, "mean-mean": {"pca-1": 0.6522}, "mean-min": {"pca-1": 0.6102}}, "1010": {"min-min": {"pca-1": 0.3194}, "min-mean": {"pca-1": 0.3714}, "mean-mean": {"pca-1": 0.6383}, "mean-min": {"pca-1": 0.4668}}, "1011": {"min-min": {"pca-1": 0.5597}, "min-mean": {"pca-1": 0.5896}, "mean-mean": {"pca-1": 0.8509}, "mean-min": {"pca-1": 0.6493}}, "1012": {"min-min": {"pca-1": 0.3775}, "min-mean": {"pca-1": 0.5682}, "mean-mean": {"pca-1": 0.8427}, "mean-min": {"pca-1": 0.7558}}, "1013": {"min-min": {"pca-1": 0.4729}, "min-mean": {"pca-1": 0.6019}, "mean-mean": {"pca-1": 0.8163}, "mean-min": {"pca-1": 0.763}}, "1014": {"min-min": {"pca-1": 0.2974}, "min-mean": {"pca-1": 0.3654}, "mean-mean": {"pca-1": 0.5765}, "mean-min": {"pca-1": 0.5015}}, "1015": {"min-min": {"pca-1": 0.3425}, "min-mean": {"pca-1": 0.7025}, "mean-mean": {"pca-1": 1.1384}, "mean-min": {"pca-1": 0.9659}}}, "1006": {"1001": {"min-min": {"pca-1": 0.2431}, "min-mean": {"pca-1": 0.295}, "mean-mean": {"pca-1": 0.4293}, "mean-min": {"pca-1": 0.3209}}, "1002": {"min-min": {"pca-1": 0.2722}, "min-mean": {"pca-1": 0.3661}, "mean-mean": {"pca-1": 0.555}, "mean-min": {"pca-1": 0.5507}}, "1003": {"min-min": {"pca-1": 0.1561}, "min-mean": {"pca-1": 0.1561}, "mean-mean": {"pca-1": 0.3401}, "mean-min": {"pca-1": 0.1561}}, "1004": {"min-min": {"pca-1": 0.3628}, "min-mean": {"pca-1": 0.4162}, "mean-mean": {"pca-1": 0.5232}, "mean-min": {"pca-1": 0.4948}}, "1005": {"min-min": {"pca-1": 0.2635}, "min-mean": {"pca-1": 0.3754}, "mean-mean": {"pca-1": 0.6043}, "mean-min": {"pca-1": 0.5565}}, "1006": {"min-min": {"pca-1": 0.2245}, "min-mean": {"pca-1": 0.2476}, "mean-mean": {"pca-1": 0.4842}, "mean-min": {"pca-1": 0.2937}}, "1007": {"min-min": {"pca-1": 0.2962}, "min-mean": {"pca-1": 0.3612}, "mean-mean": {"pca-1": 0.5558}, "mean-min": {"pca-1": 0.4407}}, "1008": {"min-min": {"pca-1": 0.2653}, "min-mean": {"pca-1": 0.4165}, "mean-mean": {"pca-1": 0.6761}, "mean-min": {"pca-1": 0.6229}}, "1009": {"min-min": {"pca-1": 0.2215}, "min-mean": {"pca-1": 0.3122}, "mean-mean": {"pca-1": 0.5004}, "mean-min": {"pca-1": 0.4936}}, "1010": {"min-min": {"pca-1": 0.2646}, "min-mean": {"pca-1": 0.293}, "mean-mean": {"pca-1": 0.5089}, "mean-min": {"pca-1": 0.3497}}, "1011": {"min-min": {"pca-1": 0.2569}, "min-mean": {"pca-1": 0.4381}, "mean-mean": {"pca-1": 0.6377}, "mean-min": {"pca-1": 0.5973}}, "1012": {"min-min": {"pca-1": 0.2368}, "min-mean": {"pca-1": 0.4558}, "mean-mean": {"pca-1": 0.7074}, "mean-min": {"pca-1": 0.6044}}, "1013": {"min-min": {"pca-1": 0.2802}, "min-mean": {"pca-1": 0.4076}, "mean-mean": {"pca-1": 0.6136}, "mean-min": {"pca-1": 0.5795}}, "1014": {"min-min": {"pca-1": 0.223}, "min-mean": {"pca-1": 0.3154}, "mean-mean": {"pca-1": 0.4603}, "mean-min": {"pca-1": 0.3839}}, "1015": {"min-min": {"pca-1": 0.1913}, "min-mean": {"pca-1": 0.5717}, "mean-mean": {"pca-1": 0.8933}, "mean-min": {"pca-1": 0.718}}}, "1007": {"1001": {"min-min": {"pca-1": 0.6578}, "min-mean": {"pca-1": 0.6852}, "mean-mean": {"pca-1": 0.9361}, "mean-min": {"pca-1": 0.7064}}, "1002": {"min-min": {"pca-1": 0.5413}, "min-mean": {"pca-1": 0.7764}, "mean-mean": {"pca-1": 1.1523}, "mean-min": {"pca-1": 1.0845}}, "1003": {"min-min": {"pca-1": 0.5177}, "min-mean": {"pca-1": 0.6696}, "mean-mean": {"pca-1": 0.9303}, "mean-min": {"pca-1": 0.8111}}, "1004": {"min-min": {"pca-1": 0.4523}, "min-mean": {"pca-1": 0.5356}, "mean-mean": {"pca-1": 0.9401}, "mean-min": {"pca-1": 0.7023}}, "1005": {"min-min": {"pca-1": 0.3321}, "min-mean": {"pca-1": 0.4678}, "mean-mean": {"pca-1": 0.6907}, "mean-min": {"pca-1": 0.5845}}, "1006": {"min-min": {"pca-1": 0.4676}, "min-mean": {"pca-1": 0.7361}, "mean-mean": {"pca-1": 1.1095}, "mean-min": {"pca-1": 1.0622}}, "1007": {"min-min": {"pca-1": 0.692}, "min-mean": {"pca-1": 0.9486}, "mean-mean": {"pca-1": 1.2976}, "mean-min": {"pca-1": 1.263}}, "1008": {"min-min": {"pca-1": 0.2377}, "min-mean": {"pca-1": 0.3713}, "mean-mean": {"pca-1": 0.6263}, "mean-min": {"pca-1": 0.5514}}, "1009": {"min-min": {"pca-1": 0.5367}, "min-mean": {"pca-1": 0.5574}, "mean-mean": {"pca-1": 0.8269}, "mean-min": {"pca-1": 0.5989}}, "1010": {"min-min": {"pca-1": 0.5079}, "min-mean": {"pca-1": 0.7797}, "mean-mean": {"pca-1": 1.0066}, "mean-min": {"pca-1": 0.8681}}, "1011": {"min-min": {"pca-1": 0.4043}, "min-mean": {"pca-1": 0.5352}, "mean-mean": {"pca-1": 0.6951}, "mean-min": {"pca-1": 0.6368}}, "1012": {"min-min": {"pca-1": 0.3709}, "min-mean": {"pca-1": 0.5676}, "mean-mean": {"pca-1": 0.8383}, "mean-min": {"pca-1": 0.7571}}, "1013": {"min-min": {"pca-1": 0.4502}, "min-mean": {"pca-1": 0.7563}, "mean-mean": {"pca-1": 1.0642}, "mean-min": {"pca-1": 0.8778}}, "1014": {"min-min": {"pca-1": 0.5258}, "min-mean": {"pca-1": 0.5809}, "mean-mean": {"pca-1": 0.8511}, "mean-min": {"pca-1": 0.6911}}, "1015": {"min-min": {"pca-1": 0.3331}, "min-mean": {"pca-1": 0.4513}, "mean-mean": {"pca-1": 0.7279}, "mean-min": {"pca-1": 0.6877}}}, "1008": {"1001": {"min-min": {"pca-1": 0.2939}, "min-mean": {"pca-1": 0.6585}, "mean-mean": {"pca-1": 0.9694}, "mean-min": {"pca-1": 0.9127}}, "1002": {"min-min": {"pca-1": 0.3284}, "min-mean": {"pca-1": 0.498}, "mean-mean": {"pca-1": 0.8673}, "mean-min": {"pca-1": 0.8371}}, "1003": {"min-min": {"pca-1": 0.5297}, "min-mean": {"pca-1": 0.7355}, "mean-mean": {"pca-1": 0.9946}, "mean-min": {"pca-1": 0.966}}, "1004": {"min-min": {"pca-1": 0.3742}, "min-mean": {"pca-1": 0.6184}, "mean-mean": {"pca-1": 0.9609}, "mean-min": {"pca-1": 0.8815}}, "1005": {"min-min": {"pca-1": 0.7074}, "min-mean": {"pca-1": 0.9328}, "mean-mean": {"pca-1": 1.3166}, "mean-min": {"pca-1": 1.1955}}, "1006": {"min-min": {"pca-1": 0.3459}, "min-mean": {"pca-1": 0.5386}, "mean-mean": {"pca-1": 0.8913}, "mean-min": {"pca-1": 0.7406}}, "1007": {"min-min": {"pca-1": 0.3459}, "min-mean": {"pca-1": 0.4723}, "mean-mean": {"pca-1": 0.7442}, "mean-min": {"pca-1": 0.6518}}, "1008": {"min-min": {"pca-1": 0.7779}, "min-mean": {"pca-1": 0.8793}, "mean-mean": {"pca-1": 1.3022}, "mean-min": {"pca-1": 1.082}}, "1009": {"min-min": {"pca-1": 0.5498}, "min-mean": {"pca-1": 0.7878}, "mean-mean": {"pca-1": 1.0584}, "mean-min": {"pca-1": 1.0025}}, "1010": {"min-min": {"pca-1": 0.2851}, "min-mean": {"pca-1": 0.675}, "mean-mean": {"pca-1": 1.0936}, "mean-min": {"pca-1": 1.0208}}, "1011": {"min-min": {"pca-1": 0.8354}, "min-mean": {"pca-1": 0.8416}, "mean-mean": {"pca-1": 1.2006}, "mean-min": {"pca-1": 0.854}}, "1012": {"min-min": {"pca-1": 0.6405}, "min-mean": {"pca-1": 0.7192}, "mean-mean": {"pca-1": 1.0661}, "mean-min": {"pca-1": 0.8765}}, "1013": {"min-min": {"pca-1": 0.6403}, "min-mean": {"pca-1": 0.9093}, "mean-mean": {"pca-1": 1.21}, "mean-min": {"pca-1": 1.1088}}, "1014": {"min-min": {"pca-1": 0.6232}, "min-mean": {"pca-1": 0.7489}, "mean-mean": {"pca-1": 0.9978}, "mean-min": {"pca-1": 0.9204}}, "1015": {"min-min": {"pca-1": 0.5911}, "min-mean": {"pca-1": 0.9359}, "mean-mean": {"pca-1": 1.464}, "mean-min": {"pca-1": 1.3061}}}, "1009": {"1001": {"min-min": {"pca-1": 0.7015}, "min-mean": {"pca-1": 0.714}, "mean-mean": {"pca-1": 0.9696}, "mean-min": {"pca-1": 0.7202}}, "1002": {"min-min": {"pca-1": 0.6214}, "min-mean": {"pca-1": 0.7352}, "mean-mean": {"pca-1": 1.0767}, "mean-min": {"pca-1": 0.9627}}, "1003": {"min-min": {"pca-1": 0.5051}, "min-mean": {"pca-1": 0.7088}, "mean-mean": {"pca-1": 0.9988}, "mean-min": {"pca-1": 0.9137}}, "1004": {"min-min": {"pca-1": 0.4628}, "min-mean": {"pca-1": 0.6311}, "mean-mean": {"pca-1": 0.9943}, "mean-min": {"pca-1": 0.8113}}, "1005": {"min-min": {"pca-1": 0.2609}, "min-mean": {"pca-1": 0.4165}, "mean-mean": {"pca-1": 0.7139}, "mean-min": {"pca-1": 0.4943}}, "1006": {"min-min": {"pca-1": 0.629}, "min-mean": {"pca-1": 0.8295}, "mean-mean": {"pca-1": 1.1612}, "mean-min": {"pca-1": 1.1105}}, "1007": {"min-min": {"pca-1": 0.7808}, "min-mean": {"pca-1": 0.9877}, "mean-mean": {"pca-1": 1.3214}, "mean-min": {"pca-1": 1.245}}, "1008": {"min-min": {"pca-1": 0.3784}, "min-mean": {"pca-1": 0.5327}, "mean-mean": {"pca-1": 0.7652}, "mean-min": {"pca-1": 0.7307}}, "1009": {"min-min": {"pca-1": 0.5508}, "min-mean": {"pca-1": 0.6443}, "mean-mean": {"pca-1": 0.9287}, "mean-min": {"pca-1": 0.757}}, "1010": {"min-min": {"pca-1": 0.616}, "min-mean": {"pca-1": 0.8283}, "mean-mean": {"pca-1": 1.0685}, "mean-min": {"pca-1": 0.9715}}, "1011": {"min-min": {"pca-1": 0.3374}, "min-mean": {"pca-1": 0.5679}, "mean-mean": {"pca-1": 0.7513}, "mean-min": {"pca-1": 0.7258}}, "1012": {"min-min": {"pca-1": 0.571}, "min-mean": {"pca-1": 0.6331}, "mean-mean": {"pca-1": 0.8598}, "mean-min": {"pca-1": 0.7195}}, "1013": {"min-min": {"pca-1": 0.4197}, "min-mean": {"pca-1": 0.7819}, "mean-mean": {"pca-1": 1.0796}, "mean-min": {"pca-1": 0.9337}}, "1014": {"min-min": {"pca-1": 0.5303}, "min-mean": {"pca-1": 0.6895}, "mean-mean": {"pca-1": 0.9525}, "mean-min": {"pca-1": 0.8668}}, "1015": {"min-min": {"pca-1": 0.426}, "min-mean": {"pca-1": 0.5999}, "mean-mean": {"pca-1": 0.8572}, "mean-min": {"pca-1": 0.8159}}}, "1010": {"1001": {"min-min": {"pca-1": 0.3463}, "min-mean": {"pca-1": 0.4244}, "mean-mean": {"pca-1": 0.5869}, "mean-min": {"pca-1": 0.5191}}, "1002": {"min-min": {"pca-1": 0.3009}, "min-mean": {"pca-1": 0.4165}, "mean-mean": {"pca-1": 0.607}, "mean-min": {"pca-1": 0.5244}}, "1003": {"min-min": {"pca-1": 0.3627}, "min-mean": {"pca-1": 0.4159}, "mean-mean": {"pca-1": 0.5885}, "mean-min": {"pca-1": 0.5223}}, "1004": {"min-min": {"pca-1": 0.3214}, "min-mean": {"pca-1": 0.5547}, "mean-mean": {"pca-1": 0.7566}, "mean-min": {"pca-1": 0.6534}}, "1005": {"min-min": {"pca-1": 0.3246}, "min-mean": {"pca-1": 0.4078}, "mean-mean": {"pca-1": 0.7876}, "mean-min": {"pca-1": 0.5742}}, "1006": {"min-min": {"pca-1": 0.2722}, "min-mean": {"pca-1": 0.3822}, "mean-mean": {"pca-1": 0.6509}, "mean-min": {"pca-1": 0.6023}}, "1007": {"min-min": {"pca-1": 0.2929}, "min-mean": {"pca-1": 0.4573}, "mean-mean": {"pca-1": 0.6302}, "mean-min": {"pca-1": 0.6187}}, "1008": {"min-min": {"pca-1": 0.5796}, "min-mean": {"pca-1": 0.7471}, "mean-mean": {"pca-1": 1.0098}, "mean-min": {"pca-1": 0.9507}}, "1009": {"min-min": {"pca-1": 0.3171}, "min-mean": {"pca-1": 0.5567}, "mean-mean": {"pca-1": 0.8171}, "mean-min": {"pca-1": 0.6906}}, "1010": {"min-min": {"pca-1": 0.3762}, "min-mean": {"pca-1": 0.4167}, "mean-mean": {"pca-1": 0.655}, "mean-min": {"pca-1": 0.4976}}, "1011": {"min-min": {"pca-1": 0.53}, "min-mean": {"pca-1": 0.6665}, "mean-mean": {"pca-1": 0.9274}, "mean-min": {"pca-1": 0.8943}}, "1012": {"min-min": {"pca-1": 0.312}, "min-mean": {"pca-1": 0.6223}, "mean-mean": {"pca-1": 0.9535}, "mean-min": {"pca-1": 0.8008}}, "1013": {"min-min": {"pca-1": 0.4336}, "min-mean": {"pca-1": 0.4336}, "mean-mean": {"pca-1": 0.6741}, "mean-min": {"pca-1": 0.4336}}, "1014": {"min-min": {"pca-1": 0.2737}, "min-mean": {"pca-1": 0.4507}, "mean-mean": {"pca-1": 0.7345}, "mean-min": {"pca-1": 0.6807}}, "1015": {"min-min": {"pca-1": 0.4031}, "min-mean": {"pca-1": 0.6138}, "mean-mean": {"pca-1": 0.9642}, "mean-min": {"pca-1": 0.923}}}, "1011": {"1001": {"min-min": {"pca-1": 0.2913}, "min-mean": {"pca-1": 0.5672}, "mean-mean": {"pca-1": 0.8836}, "mean-min": {"pca-1": 0.7914}}, "1002": {"min-min": {"pca-1": 0.5286}, "min-mean": {"pca-1": 0.578}, "mean-mean": {"pca-1": 0.7868}, "mean-min": {"pca-1": 0.6768}}, "1003": {"min-min": {"pca-1": 0.3576}, "min-mean": {"pca-1": 0.5985}, "mean-mean": {"pca-1": 0.91}, "mean-min": {"pca-1": 0.8473}}, "1004": {"min-min": {"pca-1": 0.2407}, "min-mean": {"pca-1": 0.6057}, "mean-mean": {"pca-1": 0.948}, "mean-min": {"pca-1": 0.7333}}, "1005": {"min-min": {"pca-1": 0.5562}, "min-mean": {"pca-1": 0.8872}, "mean-mean": {"pca-1": 1.3373}, "mean-min": {"pca-1": 1.2375}}, "1006": {"min-min": {"pca-1": 0.3227}, "min-mean": {"pca-1": 0.3986}, "mean-mean": {"pca-1": 0.7721}, "mean-min": {"pca-1": 0.5503}}, "1007": {"min-min": {"pca-1": 0.2938}, "min-mean": {"pca-1": 0.338}, "mean-mean": {"pca-1": 0.5814}, "mean-min": {"pca-1": 0.4265}}, "1008": {"min-min": {"pca-1": 0.734}, "min-mean": {"pca-1": 1.0615}, "mean-mean": {"pca-1": 1.4271}, "mean-min": {"pca-1": 1.3396}}, "1009": {"min-min": {"pca-1": 0.4061}, "min-mean": {"pca-1": 0.8033}, "mean-mean": {"pca-1": 1.1535}, "mean-min": {"pca-1": 0.9594}}, "1010": {"min-min": {"pca-1": 0.6006}, "min-mean": {"pca-1": 0.6423}, "mean-mean": {"pca-1": 0.9833}, "mean-min": {"pca-1": 0.7258}}, "1011": {"min-min": {"pca-1": 0.8018}, "min-mean": {"pca-1": 1.0163}, "mean-mean": {"pca-1": 1.3202}, "mean-min": {"pca-1": 1.2527}}, "1012": {"min-min": {"pca-1": 0.4807}, "min-mean": {"pca-1": 0.9168}, "mean-mean": {"pca-1": 1.2846}, "mean-min": {"pca-1": 1.0824}}, "1013": {"min-min": {"pca-1": 0.5852}, "min-mean": {"pca-1": 0.806}, "mean-mean": {"pca-1": 1.1363}, "mean-min": {"pca-1": 1.0424}}, "1014": {"min-min": {"pca-1": 0.4819}, "min-mean": {"pca-1": 0.7167}, "mean-mean": {"pca-1": 0.9786}, "mean-min": {"pca-1": 0.9226}}, "1015": {"min-min": {"pca-1": 0.6012}, "min-mean": {"pca-1": 1.0842}, "mean-mean": {"pca-1": 1.5361}, "mean-min": {"pca-1": 1.3367}}}, "1012": {"1001": {"min-min": {"pca-1": 0.2676}, "min-mean": {"pca-1": 0.3519}, "mean-mean": {"pca-1": 0.5596}, "mean-min": {"pca-1": 0.5205}}, "1002": {"min-min": {"pca-1": 0.2114}, "min-mean": {"pca-1": 0.3813}, "mean-mean": {"pca-1": 0.6271}, "mean-min": {"pca-1": 0.5645}}, "1003": {"min-min": {"pca-1": 0.3305}, "min-mean": {"pca-1": 0.3852}, "mean-mean": {"pca-1": 0.5521}, "mean-min": {"pca-1": 0.4946}}, "1004": {"min-min": {"pca-1": 0.3129}, "min-mean": {"pca-1": 0.4712}, "mean-mean": {"pca-1": 0.6888}, "mean-min": {"pca-1": 0.5876}}, "1005": {"min-min": {"pca-1": 0.2546}, "min-mean": {"pca-1": 0.3686}, "mean-mean": {"pca-1": 0.6959}, "mean-min": {"pca-1": 0.5804}}, "1006": {"min-min": {"pca-1": 0.3481}, "min-mean": {"pca-1": 0.3923}, "mean-mean": {"pca-1": 0.6071}, "mean-min": {"pca-1": 0.4806}}, "1007": {"min-min": {"pca-1": 0.3988}, "min-mean": {"pca-1": 0.4501}, "mean-mean": {"pca-1": 0.6344}, "mean-min": {"pca-1": 0.5527}}, "1008": {"min-min": {"pca-1": 0.3131}, "min-mean": {"pca-1": 0.5728}, "mean-mean": {"pca-1": 0.8594}, "mean-min": {"pca-1": 0.7856}}, "1009": {"min-min": {"pca-1": 0.3226}, "min-mean": {"pca-1": 0.5291}, "mean-mean": {"pca-1": 0.7355}, "mean-min": {"pca-1": 0.5986}}, "1010": {"min-min": {"pca-1": 0.3153}, "min-mean": {"pca-1": 0.3153}, "mean-mean": {"pca-1": 0.5761}, "mean-min": {"pca-1": 0.3153}}, "1011": {"min-min": {"pca-1": 0.3016}, "min-mean": {"pca-1": 0.4848}, "mean-mean": {"pca-1": 0.7903}, "mean-min": {"pca-1": 0.7461}}, "1012": {"min-min": {"pca-1": 0.2048}, "min-mean": {"pca-1": 0.5171}, "mean-mean": {"pca-1": 0.8719}, "mean-min": {"pca-1": 0.7228}}, "1013": {"min-min": {"pca-1": 0.3088}, "min-mean": {"pca-1": 0.3088}, "mean-mean": {"pca-1": 0.614}, "mean-min": {"pca-1": 0.3088}}, "1014": {"min-min": {"pca-1": 0.2154}, "min-mean": {"pca-1": 0.3763}, "mean-mean": {"pca-1": 0.6524}, "mean-min": {"pca-1": 0.5951}}, "1015": {"min-min": {"pca-1": 0.2987}, "min-mean": {"pca-1": 0.5306}, "mean-mean": {"pca-1": 0.8469}, "mean-min": {"pca-1": 0.8121}}}, "1013": {"1001": {"min-min": {"pca-1": 0.2095}, "min-mean": {"pca-1": 0.252}, "mean-mean": {"pca-1": 0.4758}, "mean-min": {"pca-1": 0.3371}}, "1002": {"min-min": {"pca-1": 0.2975}, "min-mean": {"pca-1": 0.2979}, "mean-mean": {"pca-1": 0.4899}, "mean-min": {"pca-1": 0.2988}}, "1003": {"min-min": {"pca-1": 0.2938}, "min-mean": {"pca-1": 0.3021}, "mean-mean": {"pca-1": 0.4827}, "mean-min": {"pca-1": 0.3188}}, "1004": {"min-min": {"pca-1": 0.1671}, "min-mean": {"pca-1": 0.3738}, "mean-mean": {"pca-1": 0.6281}, "mean-min": {"pca-1": 0.5457}}, "1005": {"min-min": {"pca-1": 0.2775}, "min-mean": {"pca-1": 0.4451}, "mean-mean": {"pca-1": 0.8278}, "mean-min": {"pca-1": 0.7762}}, "1006": {"min-min": {"pca-1": 0.3228}, "min-mean": {"pca-1": 0.3669}, "mean-mean": {"pca-1": 0.5762}, "mean-min": {"pca-1": 0.4501}}, "1007": {"min-min": {"pca-1": 0.3506}, "min-mean": {"pca-1": 0.3736}, "mean-mean": {"pca-1": 0.5234}, "mean-min": {"pca-1": 0.3993}}, "1008": {"min-min": {"pca-1": 0.2927}, "min-mean": {"pca-1": 0.6013}, "mean-mean": {"pca-1": 0.9284}, "mean-min": {"pca-1": 0.8574}}, "1009": {"min-min": {"pca-1": 0.2356}, "min-mean": {"pca-1": 0.4041}, "mean-mean": {"pca-1": 0.6839}, "mean-min": {"pca-1": 0.6378}}, "1010": {"min-min": {"pca-1": 0.2176}, "min-mean": {"pca-1": 0.3964}, "mean-mean": {"pca-1": 0.6783}, "mean-min": {"pca-1": 0.6135}}, "1011": {"min-min": {"pca-1": 0.3498}, "min-mean": {"pca-1": 0.4925}, "mean-mean": {"pca-1": 0.8359}, "mean-min": {"pca-1": 0.6903}}, "1012": {"min-min": {"pca-1": 0.3513}, "min-mean": {"pca-1": 0.5737}, "mean-mean": {"pca-1": 0.8068}, "mean-min": {"pca-1": 0.7082}}, "1013": {"min-min": {"pca-1": 0.3607}, "min-mean": {"pca-1": 0.5403}, "mean-mean": {"pca-1": 0.8046}, "mean-min": {"pca-1": 0.7496}}, "1014": {"min-min": {"pca-1": 0.2793}, "min-mean": {"pca-1": 0.3937}, "mean-mean": {"pca-1": 0.6288}, "mean-min": {"pca-1": 0.6177}}, "1015": {"min-min": {"pca-1": 0.2877}, "min-mean": {"pca-1": 0.7539}, "mean-mean": {"pca-1": 1.1818}, "mean-min": {"pca-1": 0.8801}}}, "1014": {"1001": {"min-min": {"pca-1": 0.3483}, "min-mean": {"pca-1": 0.5748}, "mean-mean": {"pca-1": 0.7928}, "mean-min": {"pca-1": 0.6947}}, "1002": {"min-min": {"pca-1": 0.4511}, "min-mean": {"pca-1": 0.6043}, "mean-mean": {"pca-1": 0.776}, "mean-min": {"pca-1": 0.6934}}, "1003": {"min-min": {"pca-1": 0.2873}, "min-mean": {"pca-1": 0.5122}, "mean-mean": {"pca-1": 0.7281}, "mean-min": {"pca-1": 0.6415}}, "1004": {"min-min": {"pca-1": 0.4056}, "min-mean": {"pca-1": 0.6036}, "mean-mean": {"pca-1": 0.7876}, "mean-min": {"pca-1": 0.7047}}, "1005": {"min-min": {"pca-1": 0.2965}, "min-mean": {"pca-1": 0.4903}, "mean-mean": {"pca-1": 0.7938}, "mean-min": {"pca-1": 0.7209}}, "1006": {"min-min": {"pca-1": 0.2446}, "min-mean": {"pca-1": 0.4511}, "mean-mean": {"pca-1": 0.6851}, "mean-min": {"pca-1": 0.6256}}, "1007": {"min-min": {"pca-1": 0.3274}, "min-mean": {"pca-1": 0.51}, "mean-mean": {"pca-1": 0.7832}, "mean-min": {"pca-1": 0.731}}, "1008": {"min-min": {"pca-1": 0.2362}, "min-mean": {"pca-1": 0.5382}, "mean-mean": {"pca-1": 0.8363}, "mean-min": {"pca-1": 0.7258}}, "1009": {"min-min": {"pca-1": 0.282}, "min-mean": {"pca-1": 0.5727}, "mean-mean": {"pca-1": 0.8363}, "mean-min": {"pca-1": 0.6438}}, "1010": {"min-min": {"pca-1": 0.1991}, "min-mean": {"pca-1": 0.386}, "mean-mean": {"pca-1": 0.6519}, "mean-min": {"pca-1": 0.5458}}, "1011": {"min-min": {"pca-1": 0.2518}, "min-mean": {"pca-1": 0.4396}, "mean-mean": {"pca-1": 0.6781}, "mean-min": {"pca-1": 0.5921}}, "1012": {"min-min": {"pca-1": 0.1988}, "min-mean": {"pca-1": 0.4606}, "mean-mean": {"pca-1": 0.7412}, "mean-min": {"pca-1": 0.699}}, "1013": {"min-min": {"pca-1": 0.3392}, "min-mean": {"pca-1": 0.3844}, "mean-mean": {"pca-1": 0.6717}, "mean-min": {"pca-1": 0.465}}, "1014": {"min-min": {"pca-1": 0.2938}, "min-mean": {"pca-1": 0.4053}, "mean-mean": {"pca-1": 0.6061}, "mean-min": {"pca-1": 0.5336}}, "1015": {"min-min": {"pca-1": 0.2852}, "min-mean": {"pca-1": 0.4958}, "mean-mean": {"pca-1": 0.8005}, "mean-min": {"pca-1": 0.7495}}}, "1015": {"1001": {"min-min": {"pca-1": 0.2174}, "min-mean": {"pca-1": 0.4552}, "mean-mean": {"pca-1": 0.7669}, "mean-min": {"pca-1": 0.7022}}, "1002": {"min-min": {"pca-1": 0.4124}, "min-mean": {"pca-1": 0.4868}, "mean-mean": {"pca-1": 0.6875}, "mean-min": {"pca-1": 0.5783}}, "1003": {"min-min": {"pca-1": 0.3919}, "min-mean": {"pca-1": 0.523}, "mean-mean": {"pca-1": 0.7629}, "mean-min": {"pca-1": 0.699}}, "1004": {"min-min": {"pca-1": 0.3749}, "min-mean": {"pca-1": 0.6016}, "mean-mean": {"pca-1": 0.8386}, "mean-min": {"pca-1": 0.7178}}, "1005": {"min-min": {"pca-1": 0.3514}, "min-mean": {"pca-1": 0.6484}, "mean-mean": {"pca-1": 1.0781}, "mean-min": {"pca-1": 1.0093}}, "1006": {"min-min": {"pca-1": 0.2218}, "min-mean": {"pca-1": 0.3501}, "mean-mean": {"pca-1": 0.6639}, "mean-min": {"pca-1": 0.4143}}, "1007": {"min-min": {"pca-1": 0.2692}, "min-mean": {"pca-1": 0.3669}, "mean-mean": {"pca-1": 0.6114}, "mean-min": {"pca-1": 0.5623}}, "1008": {"min-min": {"pca-1": 0.6366}, "min-mean": {"pca-1": 0.8135}, "mean-mean": {"pca-1": 1.1827}, "mean-min": {"pca-1": 1.0879}}, "1009": {"min-min": {"pca-1": 0.3992}, "min-mean": {"pca-1": 0.6847}, "mean-mean": {"pca-1": 0.9833}, "mean-min": {"pca-1": 0.7858}}, "1010": {"min-min": {"pca-1": 0.2512}, "min-mean": {"pca-1": 0.3141}, "mean-mean": {"pca-1": 0.7501}, "mean-min": {"pca-1": 0.3455}}, "1011": {"min-min": {"pca-1": 0.5763}, "min-mean": {"pca-1": 0.6682}, "mean-mean": {"pca-1": 1.0462}, "mean-min": {"pca-1": 0.8519}}, "1012": {"min-min": {"pca-1": 0.4498}, "min-mean": {"pca-1": 0.6862}, "mean-mean": {"pca-1": 1.0505}, "mean-min": {"pca-1": 0.9376}}, "1013": {"min-min": {"pca-1": 0.3327}, "min-mean": {"pca-1": 0.3883}, "mean-mean": {"pca-1": 0.8414}, "mean-min": {"pca-1": 0.4994}}, "1014": {"min-min": {"pca-1": 0.2461}, "min-mean": {"pca-1": 0.3912}, "mean-mean": {"pca-1": 0.7679}, "mean-min": {"pca-1": 0.6815}}, "1015": {"min-min": {"pca-1": 0.5736}, "min-mean": {"pca-1": 0.8065}, "mean-mean": {"pca-1": 1.2251}, "mean-min": {"pca-1": 1.1628}}}}