{"1001": {"1001": {"min-min": {"pca-1": 0.185}, "min-mean": {"pca-1": 0.3488}, "mean-mean": {"pca-1": 0.6438}, "mean-min": {"pca-1": 0.536}}, "1002": {"min-min": {"pca-1": 0.2084}, "min-mean": {"pca-1": 0.2215}, "mean-mean": {"pca-1": 0.5101}, "mean-min": {"pca-1": 0.2478}}, "1003": {"min-min": {"pca-1": 0.0991}, "min-mean": {"pca-1": 0.2861}, "mean-mean": {"pca-1": 0.6093}, "mean-min": {"pca-1": 0.5047}}, "1004": {"min-min": {"pca-1": 0.2626}, "min-mean": {"pca-1": 0.364}, "mean-mean": {"pca-1": 0.6132}, "mean-min": {"pca-1": 0.504}}, "1005": {"min-min": {"pca-1": 0.1525}, "min-mean": {"pca-1": 0.3564}, "mean-mean": {"pca-1": 0.6267}, "mean-min": {"pca-1": 0.5431}}, "1006": {"min-min": {"pca-1": 0.2782}, "min-mean": {"pca-1": 0.3469}, "mean-mean": {"pca-1": 0.5717}, "mean-min": {"pca-1": 0.4076}}, "1007": {"min-min": {"pca-1": 0.1271}, "min-mean": {"pca-1": 0.2483}, "mean-mean": {"pca-1": 0.5754}, "mean-min": {"pca-1": 0.3748}}, "1008": {"min-min": {"pca-1": 0.1375}, "min-mean": {"pca-1": 0.3662}, "mean-mean": {"pca-1": 0.7368}, "mean-min": {"pca-1": 0.6551}}, "1009": {"min-min": {"pca-1": 0.0605}, "min-mean": {"pca-1": 0.4225}, "mean-mean": {"pca-1": 0.7811}, "mean-min": {"pca-1": 0.6356}}, "1010": {"min-min": {"pca-1": 0.2556}, "min-mean": {"pca-1": 0.3514}, "mean-mean": {"pca-1": 0.6237}, "mean-min": {"pca-1": 0.5228}}, "1011": {"min-min": {"pca-1": 0.1293}, "min-mean": {"pca-1": 0.4484}, "mean-mean": {"pca-1": 0.7178}, "mean-min": {"pca-1": 0.6407}}, "1012": {"min-min": {"pca-1": 0.2034}, "min-mean": {"pca-1": 0.4963}, "mean-mean": {"pca-1": 0.7967}, "mean-min": {"pca-1": 0.6353}}, "1013": {"min-min": {"pca-1": 0.1612}, "min-mean": {"pca-1": 0.3003}, "mean-mean": {"pca-1": 0.5834}, "mean-min": {"pca-1": 0.411}}, "1014": {"min-min": {"pca-1": 0.2596}, "min-mean": {"pca-1": 0.4601}, "mean-mean": {"pca-1": 0.6748}, "mean-min": {"pca-1": 0.586}}, "1015": {"min-min": {"pca-1": 0.1476}, "min-mean": {"pca-1": 0.4582}, "mean-mean": {"pca-1": 0.7583}, "mean-min": {"pca-1": 0.6715}}}, "1002": {"1001": {"min-min": {"pca-1": 0.1845}, "min-mean": {"pca-1": 0.2963}, "mean-mean": {"pca-1": 0.6654}, "mean-min": {"pca-1": 0.52}}, "1002": {"min-min": {"pca-1": 0.221}, "min-mean": {"pca-1": 0.4508}, "mean-mean": {"pca-1": 0.8062}, "mean-min": {"pca-1": 0.6926}}, "1003": {"min-min": {"pca-1": 0.1149}, "min-mean": {"pca-1": 0.2572}, "mean-mean": {"pca-1": 0.6088}, "mean-min": {"pca-1": 0.5419}}, "1004": {"min-min": {"pca-1": 0.2918}, "min-mean": {"pca-1": 0.3201}, "mean-mean": {"pca-1": 0.6361}, "mean-min": {"pca-1": 0.3768}}, "1005": {"min-min": {"pca-1": 0.0866}, "min-mean": {"pca-1": 0.2082}, "mean-mean": {"pca-1": 0.5492}, "mean-min": {"pca-1": 0.4513}}, "1006": {"min-min": {"pca-1": 0.1707}, "min-mean": {"pca-1": 0.399}, "mean-mean": {"pca-1": 0.7958}, "mean-min": {"pca-1": 0.7338}}, "1007": {"min-min": {"pca-1": 0.1639}, "min-mean": {"pca-1": 0.4058}, "mean-mean": {"pca-1": 0.8526}, "mean-min": {"pca-1": 0.7755}}, "1008": {"min-min": {"pca-1": 0.1166}, "min-mean": {"pca-1": 0.2054}, "mean-mean": {"pca-1": 0.4984}, "mean-min": {"pca-1": 0.3829}}, "1009": {"min-min": {"pca-1": 0.1758}, "min-mean": {"pca-1": 0.1766}, "mean-mean": {"pca-1": 0.4912}, "mean-min": {"pca-1": 0.1783}}, "1010": {"min-min": {"pca-1": 0.1307}, "min-mean": {"pca-1": 0.4074}, "mean-mean": {"pca-1": 0.7781}, "mean-min": {"pca-1": 0.676}}, "1011": {"min-min": {"pca-1": 0.1611}, "min-mean": {"pca-1": 0.2076}, "mean-mean": {"pca-1": 0.4615}, "mean-min": {"pca-1": 0.3006}}, "1012": {"min-min": {"pca-1": 0.1222}, "min-mean": {"pca-1": 0.197}, "mean-mean": {"pca-1": 0.5641}, "mean-min": {"pca-1": 0.3465}}, "1013": {"min-min": {"pca-1": 0.1337}, "min-mean": {"pca-1": 0.4714}, "mean-mean": {"pca-1": 0.8132}, "mean-min": {"pca-1": 0.6473}}, "1014": {"min-min": {"pca-1": 0.2592}, "min-mean": {"pca-1": 0.3223}, "mean-mean": {"pca-1": 0.6215}, "mean-min": {"pca-1": 0.4486}}, "1015": {"min-min": {"pca-1": 0.1331}, "min-mean": {"pca-1": 0.1826}, "mean-mean": {"pca-1": 0.4744}, "mean-min": {"pca-1": 0.262}}}, "1003": {"1001": {"min-min": {"pca-1": 0.1785}, "min-mean": {"pca-1": 0.3214}, "mean-mean": {"pca-1": 0.6154}, "mean-min": {"pca-1": 0.4359}}, "1002": {"min-min": {"pca-1": 0.2033}, "min-mean": {"pca-1": 0.2207}, "mean-mean": {"pca-1": 0.524}, "mean-min": {"pca-1": 0.2555}}, "1003": {"min-min": {"pca-1": 0.1117}, "min-mean": {"pca-1": 0.3121}, "mean-mean": {"pca-1": 0.6177}, "mean-min": {"pca-1": 0.5341}}, "1004": {"min-min": {"pca-1": 0.2742}, "min-mean": {"pca-1": 0.3292}, "mean-mean": {"pca-1": 0.6015}, "mean-min": {"pca-1": 0.4391}}, "1005": {"min-min": {"pca-1": 0.1904}, "min-mean": {"pca-1": 0.3332}, "mean-mean": {"pca-1": 0.6072}, "mean-min": {"pca-1": 0.4989}}, "1006": {"min-min": {"pca-1": 0.2914}, "min-mean": {"pca-1": 0.3418}, "mean-mean": {"pca-1": 0.5899}, "mean-min": {"pca-1": 0.4427}}, "1007": {"min-min": {"pca-1": 0.2293}, "min-mean": {"pca-1": 0.2805}, "mean-mean": {"pca-1": 0.5935}, "mean-min": {"pca-1": 0.3828}}, "1008": {"min-min": {"pca-1": 0.1435}, "min-mean": {"pca-1": 0.3663}, "mean-mean": {"pca-1": 0.6789}, "mean-min": {"pca-1": 0.6718}}, "1009": {"min-min": {"pca-1": 0.2503}, "min-mean": {"pca-1": 0.4778}, "mean-mean": {"pca-1": 0.7426}, "mean-min": {"pca-1": 0.6046}}, "1010": {"min-min": {"pca-1": 0.2814}, "min-mean": {"pca-1": 0.4078}, "mean-mean": {"pca-1": 0.6405}, "mean-min": {"pca-1": 0.5771}}, "1011": {"min-min": {"pca-1": 0.2116}, "min-mean": {"pca-1": 0.4137}, "mean-mean": {"pca-1": 0.6858}, "mean-min": {"pca-1": 0.6671}}, "1012": {"min-min": {"pca-1": 0.2271}, "min-mean": {"pca-1": 0.4872}, "mean-mean": {"pca-1": 0.7708}, "mean-min": {"pca-1": 0.598}}, "1013": {"min-min": {"pca-1": 0.2609}, "min-mean": {"pca-1": 0.3547}, "mean-mean": {"pca-1": 0.6105}, "mean-min": {"pca-1": 0.4782}}, "1014": {"min-min": {"pca-1": 0.3834}, "min-mean": {"pca-1": 0.4908}, "mean-mean": {"pca-1": 0.6634}, "mean-min": {"pca-1": 0.571}}, "1015": {"min-min": {"pca-1": 0.1464}, "min-mean": {"pca-1": 0.4163}, "mean-mean": {"pca-1": 0.72}, "mean-min": {"pca-1": 0.6912}}}, "1004": {"1001": {"min-min": {"pca-1": 0.2308}, "min-mean": {"pca-1": 0.2695}, "mean-mean": {"pca-1": 0.6027}, "mean-min": {"pca-1": 0.301}}, "1002": {"min-min": {"pca-1": 0.2461}, "min-mean": {"pca-1": 0.4396}, "mean-mean": {"pca-1": 0.7703}, "mean-min": {"pca-1": 0.7424}}, "1003": {"min-min": {"pca-1": 0.2204}, "min-mean": {"pca-1": 0.3243}, "mean-mean": {"pca-1": 0.635}, "mean-min": {"pca-1": 0.5321}}, "1004": {"min-min": {"pca-1": 0.28}, "min-mean": {"pca-1": 0.28}, "mean-mean": {"pca-1": 0.6016}, "mean-min": {"pca-1": 0.28}}, "1005": {"min-min": {"pca-1": 0.1961}, "min-mean": {"pca-1": 0.2765}, "mean-mean": {"pca-1": 0.573}, "mean-min": {"pca-1": 0.4374}}, "1006": {"min-min": {"pca-1": 0.22}, "min-mean": {"pca-1": 0.448}, "mean-mean": {"pca-1": 0.8183}, "mean-min": {"pca-1": 0.7678}}, "1007": {"min-min": {"pca-1": 0.1785}, "min-mean": {"pca-1": 0.4347}, "mean-mean": {"pca-1": 0.858}, "mean-min": {"pca-1": 0.8001}}, "1008": {"min-min": {"pca-1": 0.217}, "min-mean": {"pca-1": 0.2478}, "mean-mean": {"pca-1": 0.5143}, "mean-min": {"pca-1": 0.3095}}, "1009": {"min-min": {"pca-1": 0.1823}, "min-mean": {"pca-1": 0.2268}, "mean-mean": {"pca-1": 0.5518}, "mean-min": {"pca-1": 0.309}}, "1010": {"min-min": {"pca-1": 0.2256}, "min-mean": {"pca-1": 0.4905}, "mean-mean": {"pca-1": 0.8306}, "mean-min": {"pca-1": 0.724}}, "1011": {"min-min": {"pca-1": 0.2054}, "min-mean": {"pca-1": 0.3246}, "mean-mean": {"pca-1": 0.5906}, "mean-min": {"pca-1": 0.5398}}, "1012": {"min-min": {"pca-1": 0.2178}, "min-mean": {"pca-1": 0.3187}, "mean-mean": {"pca-1": 0.6242}, "mean-min": {"pca-1": 0.4991}}, "1013": {"min-min": {"pca-1": 0.171}, "min-mean": {"pca-1": 0.5153}, "mean-mean": {"pca-1": 0.863}, "mean-min": {"pca-1": 0.6768}}, "1014": {"min-min": {"pca-1": 0.2392}, "min-mean": {"pca-1": 0.3373}, "mean-mean": {"pca-1": 0.6486}, "mean-min": {"pca-1": 0.5336}}, "1015": {"min-min": {"pca-1": 0.165}, "min-mean": {"pca-1": 0.2668}, "mean-mean": {"pca-1": 0.5803}, "mean-min": {"pca-1": 0.4705}}}, "1005": {"1001": {"min-min": {"pca-1": 0.1021}, "min-mean": {"pca-1": 0.2408}, "mean-mean": {"pca-1": 0.5321}, "mean-min": {"pca-1": 0.4929}}, "1002": {"min-min": {"pca-1": 0.1561}, "min-mean": {"pca-1": 0.2556}, "mean-mean": {"pca-1": 0.4761}, "mean-min": {"pca-1": 0.3895}}, "1003": {"min-min": {"pca-1": 0.1235}, "min-mean": {"pca-1": 0.225}, "mean-mean": {"pca-1": 0.5097}, "mean-min": {"pca-1": 0.4281}}, "1004": {"min-min": {"pca-1": 0.1047}, "min-mean": {"pca-1": 0.2959}, "mean-mean": {"pca-1": 0.5734}, "mean-min": {"pca-1": 0.4823}}, "1005": {"min-min": {"pca-1": 0.1136}, "min-mean": {"pca-1": 0.2771}, "mean-mean": {"pca-1": 0.6171}, "mean-min": {"pca-1": 0.5639}}, "1006": {"min-min": {"pca-1": 0.1084}, "min-mean": {"pca-1": 0.1732}, "mean-mean": {"pca-1": 0.4073}, "mean-min": {"pca-1": 0.3027}}, "1007": {"min-min": {"pca-1": 0.1476}, "min-mean": {"pca-1": 0.1694}, "mean-mean": {"pca-1": 0.3809}, "mean-min": {"pca-1": 0.1906}}, "1008": {"min-min": {"pca-1": 0.1377}, "min-mean": {"pca-1": 0.409}, "mean-mean": {"pca-1": 0.8052}, "mean-min": {"pca-1": 0.6708}}, "1009": {"min-min": {"pca-1": 0.1085}, "min-mean": {"pca-1": 0.3688}, "mean-mean": {"pca-1": 0.6874}, "mean-min": {"pca-1": 0.5353}}, "1010": {"min-min": {"pca-1": 0.095}, "min-mean": {"pca-1": 0.1065}, "mean-mean": {"pca-1": 0.3958}, "mean-min": {"pca-1": 0.1296}}, "1011": {"min-min": {"pca-1": 0.1029}, "min-mean": {"pca-1": 0.2659}, "mean-mean": {"pca-1": 0.6711}, "mean-min": {"pca-1": 0.592}}, "1012": {"min-min": {"pca-1": 0.0987}, "min-mean": {"pca-1": 0.3756}, "mean-mean": {"pca-1": 0.7051}, "mean-min": {"pca-1": 0.5421}}, "1013": {"min-min": {"pca-1": 0.1908}, "min-mean": {"pca-1": 0.1908}, "mean-mean": {"pca-1": 0.476}, "mean-min": {"pca-1": 0.1908}}, "1014": {"min-min": {"pca-1": 0.1415}, "min-mean": {"pca-1": 0.2824}, "mean-mean": {"pca-1": 0.5164}, "mean-min": {"pca-1": 0.4416}}, "1015": {"min-min": {"pca-1": 0.1241}, "min-mean": {"pca-1": 0.2969}, "mean-mean": {"pca-1": 0.6948}, "mean-min": {"pca-1": 0.6426}}}, "1006": {"1001": {"min-min": {"pca-1": 0.1211}, "min-mean": {"pca-1": 0.2288}, "mean-mean": {"pca-1": 0.4343}, "mean-min": {"pca-1": 0.4152}}, "1002": {"min-min": {"pca-1": 0.1297}, "min-mean": {"pca-1": 0.236}, "mean-mean": {"pca-1": 0.4293}, "mean-min": {"pca-1": 0.4037}}, "1003": {"min-min": {"pca-1": 0.1263}, "min-mean": {"pca-1": 0.1777}, "mean-mean": {"pca-1": 0.3522}, "mean-min": {"pca-1": 0.2771}}, "1004": {"min-min": {"pca-1": 0.0928}, "min-mean": {"pca-1": 0.221}, "mean-mean": {"pca-1": 0.4411}, "mean-min": {"pca-1": 0.4201}}, "1005": {"min-min": {"pca-1": 0.111}, "min-mean": {"pca-1": 0.2025}, "mean-mean": {"pca-1": 0.4126}, "mean-min": {"pca-1": 0.3856}}, "1006": {"min-min": {"pca-1": 0.0411}, "min-mean": {"pca-1": 0.0866}, "mean-mean": {"pca-1": 0.3205}, "mean-min": {"pca-1": 0.1777}}, "1007": {"min-min": {"pca-1": 0.1376}, "min-mean": {"pca-1": 0.1743}, "mean-mean": {"pca-1": 0.3902}, "mean-min": {"pca-1": 0.2477}}, "1008": {"min-min": {"pca-1": 0.1167}, "min-mean": {"pca-1": 0.315}, "mean-mean": {"pca-1": 0.5612}, "mean-min": {"pca-1": 0.4797}}, "1009": {"min-min": {"pca-1": 0.135}, "min-mean": {"pca-1": 0.3049}, "mean-mean": {"pca-1": 0.4902}, "mean-min": {"pca-1": 0.4023}}, "1010": {"min-min": {"pca-1": 0.0652}, "min-mean": {"pca-1": 0.1297}, "mean-mean": {"pca-1": 0.3554}, "mean-min": {"pca-1": 0.2341}}, "1011": {"min-min": {"pca-1": 0.0618}, "min-mean": {"pca-1": 0.1593}, "mean-mean": {"pca-1": 0.4018}, "mean-min": {"pca-1": 0.2799}}, "1012": {"min-min": {"pca-1": 0.1351}, "min-mean": {"pca-1": 0.306}, "mean-mean": {"pca-1": 0.5081}, "mean-min": {"pca-1": 0.4266}}, "1013": {"min-min": {"pca-1": 0.1101}, "min-mean": {"pca-1": 0.2042}, "mean-mean": {"pca-1": 0.4407}, "mean-min": {"pca-1": 0.3837}}, "1014": {"min-min": {"pca-1": 0.1262}, "min-mean": {"pca-1": 0.1995}, "mean-mean": {"pca-1": 0.3579}, "mean-min": {"pca-1": 0.3438}}, "1015": {"min-min": {"pca-1": 0.1217}, "min-mean": {"pca-1": 0.1912}, "mean-mean": {"pca-1": 0.447}, "mean-min": {"pca-1": 0.3303}}}, "1007": {"1001": {"min-min": {"pca-1": 0.1195}, "min-mean": {"pca-1": 0.3523}, "mean-mean": {"pca-1": 0.6934}, "mean-min": {"pca-1": 0.623}}, "1002": {"min-min": {"pca-1": 0.2394}, "min-mean": {"pca-1": 0.5219}, "mean-mean": {"pca-1": 0.8434}, "mean-min": {"pca-1": 0.6976}}, "1003": {"min-min": {"pca-1": 0.08}, "min-mean": {"pca-1": 0.3195}, "mean-mean": {"pca-1": 0.6378}, "mean-min": {"pca-1": 0.6281}}, "1004": {"min-min": {"pca-1": 0.2633}, "min-mean": {"pca-1": 0.3629}, "mean-mean": {"pca-1": 0.6666}, "mean-min": {"pca-1": 0.5195}}, "1005": {"min-min": {"pca-1": 0.1886}, "min-mean": {"pca-1": 0.2615}, "mean-mean": {"pca-1": 0.5282}, "mean-min": {"pca-1": 0.4072}}, "1006": {"min-min": {"pca-1": 0.1583}, "min-mean": {"pca-1": 0.3334}, "mean-mean": {"pca-1": 0.7292}, "mean-min": {"pca-1": 0.6837}}, "1007": {"min-min": {"pca-1": 0.1615}, "min-mean": {"pca-1": 0.4175}, "mean-mean": {"pca-1": 0.8441}, "mean-min": {"pca-1": 0.7772}}, "1008": {"min-min": {"pca-1": 0.1063}, "min-mean": {"pca-1": 0.1876}, "mean-mean": {"pca-1": 0.4592}, "mean-min": {"pca-1": 0.2812}}, "1009": {"min-min": {"pca-1": 0.1959}, "min-mean": {"pca-1": 0.2302}, "mean-mean": {"pca-1": 0.518}, "mean-min": {"pca-1": 0.2987}}, "1010": {"min-min": {"pca-1": 0.2512}, "min-mean": {"pca-1": 0.4589}, "mean-mean": {"pca-1": 0.7604}, "mean-min": {"pca-1": 0.6842}}, "1011": {"min-min": {"pca-1": 0.1918}, "min-mean": {"pca-1": 0.2522}, "mean-mean": {"pca-1": 0.4616}, "mean-min": {"pca-1": 0.3121}}, "1012": {"min-min": {"pca-1": 0.1873}, "min-mean": {"pca-1": 0.1873}, "mean-mean": {"pca-1": 0.4955}, "mean-min": {"pca-1": 0.1873}}, "1013": {"min-min": {"pca-1": 0.223}, "min-mean": {"pca-1": 0.4769}, "mean-mean": {"pca-1": 0.7692}, "mean-min": {"pca-1": 0.6381}}, "1014": {"min-min": {"pca-1": 0.2386}, "min-mean": {"pca-1": 0.253}, "mean-mean": {"pca-1": 0.5413}, "mean-min": {"pca-1": 0.2819}}, "1015": {"min-min": {"pca-1": 0.1539}, "min-mean": {"pca-1": 0.2231}, "mean-mean": {"pca-1": 0.4992}, "mean-min": {"pca-1": 0.3582}}}, "1008": {"1001": {"min-min": {"pca-1": 0.2001}, "min-mean": {"pca-1": 0.4256}, "mean-mean": {"pca-1": 0.8444}, "mean-min": {"pca-1": 0.8095}}, "1002": {"min-min": {"pca-1": 0.1705}, "min-mean": {"pca-1": 0.2921}, "mean-mean": {"pca-1": 0.7044}, "mean-min": {"pca-1": 0.5352}}, "1003": {"min-min": {"pca-1": 0.2462}, "min-mean": {"pca-1": 0.4446}, "mean-mean": {"pca-1": 0.8699}, "mean-min": {"pca-1": 0.8414}}, "1004": {"min-min": {"pca-1": 0.2027}, "min-mean": {"pca-1": 0.4957}, "mean-mean": {"pca-1": 0.892}, "mean-min": {"pca-1": 0.7798}}, "1005": {"min-min": {"pca-1": 0.236}, "min-mean": {"pca-1": 0.5068}, "mean-mean": {"pca-1": 0.9967}, "mean-min": {"pca-1": 0.9513}}, "1006": {"min-min": {"pca-1": 0.094}, "min-mean": {"pca-1": 0.2433}, "mean-mean": {"pca-1": 0.6803}, "mean-min": {"pca-1": 0.542}}, "1007": {"min-min": {"pca-1": 0.1418}, "min-mean": {"pca-1": 0.2491}, "mean-mean": {"pca-1": 0.6207}, "mean-min": {"pca-1": 0.4636}}, "1008": {"min-min": {"pca-1": 0.3406}, "min-mean": {"pca-1": 0.6927}, "mean-mean": {"pca-1": 1.1903}, "mean-min": {"pca-1": 1.0685}}, "1009": {"min-min": {"pca-1": 0.2589}, "min-mean": {"pca-1": 0.6147}, "mean-mean": {"pca-1": 1.0488}, "mean-min": {"pca-1": 0.8925}}, "1010": {"min-min": {"pca-1": 0.0943}, "min-mean": {"pca-1": 0.2047}, "mean-mean": {"pca-1": 0.6947}, "mean-min": {"pca-1": 0.4256}}, "1011": {"min-min": {"pca-1": 0.1978}, "min-mean": {"pca-1": 0.4781}, "mean-mean": {"pca-1": 1.0497}, "mean-min": {"pca-1": 1.0351}}, "1012": {"min-min": {"pca-1": 0.2562}, "min-mean": {"pca-1": 0.6303}, "mean-mean": {"pca-1": 1.074}, "mean-min": {"pca-1": 0.9035}}, "1013": {"min-min": {"pca-1": 0.0873}, "min-mean": {"pca-1": 0.1713}, "mean-mean": {"pca-1": 0.714}, "mean-min": {"pca-1": 0.3392}}, "1014": {"min-min": {"pca-1": 0.1802}, "min-mean": {"pca-1": 0.4706}, "mean-mean": {"pca-1": 0.8865}, "mean-min": {"pca-1": 0.7862}}, "1015": {"min-min": {"pca-1": 0.326}, "min-mean": {"pca-1": 0.58}, "mean-mean": {"pca-1": 1.0711}, "mean-min": {"pca-1": 1.0426}}}, "1009": {"1001": {"min-min": {"pca-1": 0.035}, "min-mean": {"pca-1": 0.3782}, "mean-mean": {"pca-1": 0.771}, "mean-min": {"pca-1": 0.7086}}, "1002": {"min-min": {"pca-1": 0.1053}, "min-mean": {"pca-1": 0.5338}, "mean-mean": {"pca-1": 0.9468}, "mean-min": {"pca-1": 0.7192}}, "1003": {"min-min": {"pca-1": 0.0543}, "min-mean": {"pca-1": 0.3709}, "mean-mean": {"pca-1": 0.7129}, "mean-min": {"pca-1": 0.6125}}, "1004": {"min-min": {"pca-1": 0.2027}, "min-mean": {"pca-1": 0.3483}, "mean-mean": {"pca-1": 0.7344}, "mean-min": {"pca-1": 0.6056}}, "1005": {"min-min": {"pca-1": 0.0794}, "min-mean": {"pca-1": 0.2864}, "mean-mean": {"pca-1": 0.5994}, "mean-min": {"pca-1": 0.5557}}, "1006": {"min-min": {"pca-1": 0.167}, "min-mean": {"pca-1": 0.4191}, "mean-mean": {"pca-1": 0.8519}, "mean-min": {"pca-1": 0.7521}}, "1007": {"min-min": {"pca-1": 0.1292}, "min-mean": {"pca-1": 0.5023}, "mean-mean": {"pca-1": 0.9634}, "mean-min": {"pca-1": 0.7996}}, "1008": {"min-min": {"pca-1": 0.0731}, "min-mean": {"pca-1": 0.208}, "mean-mean": {"pca-1": 0.4781}, "mean-min": {"pca-1": 0.3026}}, "1009": {"min-min": {"pca-1": 0.1144}, "min-mean": {"pca-1": 0.2175}, "mean-mean": {"pca-1": 0.5544}, "mean-min": {"pca-1": 0.3176}}, "1010": {"min-min": {"pca-1": 0.1779}, "min-mean": {"pca-1": 0.502}, "mean-mean": {"pca-1": 0.8704}, "mean-min": {"pca-1": 0.6955}}, "1011": {"min-min": {"pca-1": 0.0543}, "min-mean": {"pca-1": 0.1887}, "mean-mean": {"pca-1": 0.4949}, "mean-min": {"pca-1": 0.3707}}, "1012": {"min-min": {"pca-1": 0.0669}, "min-mean": {"pca-1": 0.1202}, "mean-mean": {"pca-1": 0.5084}, "mean-min": {"pca-1": 0.1468}}, "1013": {"min-min": {"pca-1": 0.0918}, "min-mean": {"pca-1": 0.5076}, "mean-mean": {"pca-1": 0.8789}, "mean-min": {"pca-1": 0.6526}}, "1014": {"min-min": {"pca-1": 0.1926}, "min-mean": {"pca-1": 0.3147}, "mean-mean": {"pca-1": 0.6343}, "mean-min": {"pca-1": 0.4415}}, "1015": {"min-min": {"pca-1": 0.1478}, "min-mean": {"pca-1": 0.2569}, "mean-mean": {"pca-1": 0.5521}, "mean-min": {"pca-1": 0.4752}}}, "1010": {"1001": {"min-min": {"pca-1": 0.1537}, "min-mean": {"pca-1": 0.3114}, "mean-mean": {"pca-1": 0.5731}, "mean-min": {"pca-1": 0.546}}, "1002": {"min-min": {"pca-1": 0.1444}, "min-mean": {"pca-1": 0.3917}, "mean-mean": {"pca-1": 0.6272}, "mean-min": {"pca-1": 0.5194}}, "1003": {"min-min": {"pca-1": 0.1187}, "min-mean": {"pca-1": 0.2814}, "mean-mean": {"pca-1": 0.5138}, "mean-min": {"pca-1": 0.4743}}, "1004": {"min-min": {"pca-1": 0.1145}, "min-mean": {"pca-1": 0.2855}, "mean-mean": {"pca-1": 0.5524}, "mean-min": {"pca-1": 0.5146}}, "1005": {"min-min": {"pca-1": 0.1573}, "min-mean": {"pca-1": 0.2486}, "mean-mean": {"pca-1": 0.4968}, "mean-min": {"pca-1": 0.4002}}, "1006": {"min-min": {"pca-1": 0.1048}, "min-mean": {"pca-1": 0.2341}, "mean-mean": {"pca-1": 0.4824}, "mean-min": {"pca-1": 0.3556}}, "1007": {"min-min": {"pca-1": 0.0763}, "min-mean": {"pca-1": 0.2824}, "mean-mean": {"pca-1": 0.5779}, "mean-min": {"pca-1": 0.5672}}, "1008": {"min-min": {"pca-1": 0.1653}, "min-mean": {"pca-1": 0.2604}, "mean-mean": {"pca-1": 0.5365}, "mean-min": {"pca-1": 0.4263}}, "1009": {"min-min": {"pca-1": 0.1424}, "min-mean": {"pca-1": 0.2436}, "mean-mean": {"pca-1": 0.4928}, "mean-min": {"pca-1": 0.3995}}, "1010": {"min-min": {"pca-1": 0.1598}, "min-mean": {"pca-1": 0.3058}, "mean-mean": {"pca-1": 0.5461}, "mean-min": {"pca-1": 0.5214}}, "1011": {"min-min": {"pca-1": 0.1463}, "min-mean": {"pca-1": 0.1852}, "mean-mean": {"pca-1": 0.4431}, "mean-min": {"pca-1": 0.2046}}, "1012": {"min-min": {"pca-1": 0.162}, "min-mean": {"pca-1": 0.2564}, "mean-mean": {"pca-1": 0.5128}, "mean-min": {"pca-1": 0.4087}}, "1013": {"min-min": {"pca-1": 0.1564}, "min-mean": {"pca-1": 0.3082}, "mean-mean": {"pca-1": 0.5762}, "mean-min": {"pca-1": 0.4995}}, "1014": {"min-min": {"pca-1": 0.1486}, "min-mean": {"pca-1": 0.2124}, "mean-mean": {"pca-1": 0.4411}, "mean-min": {"pca-1": 0.2917}}, "1015": {"min-min": {"pca-1": 0.1746}, "min-mean": {"pca-1": 0.2165}, "mean-mean": {"pca-1": 0.4781}, "mean-min": {"pca-1": 0.2419}}}, "1011": {"1001": {"min-min": {"pca-1": 0.117}, "min-mean": {"pca-1": 0.3243}, "mean-mean": {"pca-1": 0.698}, "mean-min": {"pca-1": 0.6322}}, "1002": {"min-min": {"pca-1": 0.1567}, "min-mean": {"pca-1": 0.2349}, "mean-mean": {"pca-1": 0.5517}, "mean-min": {"pca-1": 0.3576}}, "1003": {"min-min": {"pca-1": 0.1093}, "min-mean": {"pca-1": 0.3493}, "mean-mean": {"pca-1": 0.7186}, "mean-min": {"pca-1": 0.6526}}, "1004": {"min-min": {"pca-1": 0.1075}, "min-mean": {"pca-1": 0.3931}, "mean-mean": {"pca-1": 0.7415}, "mean-min": {"pca-1": 0.5979}}, "1005": {"min-min": {"pca-1": 0.184}, "min-mean": {"pca-1": 0.4269}, "mean-mean": {"pca-1": 0.8376}, "mean-min": {"pca-1": 0.7216}}, "1006": {"min-min": {"pca-1": 0.1175}, "min-mean": {"pca-1": 0.2661}, "mean-mean": {"pca-1": 0.5715}, "mean-min": {"pca-1": 0.5001}}, "1007": {"min-min": {"pca-1": 0.1211}, "min-mean": {"pca-1": 0.2177}, "mean-mean": {"pca-1": 0.5103}, "mean-min": {"pca-1": 0.3544}}, "1008": {"min-min": {"pca-1": 0.2022}, "min-mean": {"pca-1": 0.6227}, "mean-mean": {"pca-1": 1.0473}, "mean-min": {"pca-1": 0.8267}}, "1009": {"min-min": {"pca-1": 0.1239}, "min-mean": {"pca-1": 0.5632}, "mean-mean": {"pca-1": 0.9281}, "mean-min": {"pca-1": 0.6765}}, "1010": {"min-min": {"pca-1": 0.1022}, "min-mean": {"pca-1": 0.2348}, "mean-mean": {"pca-1": 0.6069}, "mean-min": {"pca-1": 0.4475}}, "1011": {"min-min": {"pca-1": 0.1445}, "min-mean": {"pca-1": 0.4528}, "mean-mean": {"pca-1": 0.9267}, "mean-min": {"pca-1": 0.8018}}, "1012": {"min-min": {"pca-1": 0.1023}, "min-mean": {"pca-1": 0.5748}, "mean-mean": {"pca-1": 0.9528}, "mean-min": {"pca-1": 0.6848}}, "1013": {"min-min": {"pca-1": 0.1241}, "min-mean": {"pca-1": 0.1899}, "mean-mean": {"pca-1": 0.6093}, "mean-min": {"pca-1": 0.3215}}, "1014": {"min-min": {"pca-1": 0.0976}, "min-mean": {"pca-1": 0.4129}, "mean-mean": {"pca-1": 0.761}, "mean-min": {"pca-1": 0.5815}}, "1015": {"min-min": {"pca-1": 0.1156}, "min-mean": {"pca-1": 0.4668}, "mean-mean": {"pca-1": 0.9433}, "mean-min": {"pca-1": 0.8088}}}, "1012": {"1001": {"min-min": {"pca-1": 0.0574}, "min-mean": {"pca-1": 0.387}, "mean-mean": {"pca-1": 0.7113}, "mean-min": {"pca-1": 0.5801}}, "1002": {"min-min": {"pca-1": 0.0685}, "min-mean": {"pca-1": 0.4227}, "mean-mean": {"pca-1": 0.7592}, "mean-min": {"pca-1": 0.5669}}, "1003": {"min-min": {"pca-1": 0.0769}, "min-mean": {"pca-1": 0.3238}, "mean-mean": {"pca-1": 0.6163}, "mean-min": {"pca-1": 0.5128}}, "1004": {"min-min": {"pca-1": 0.0857}, "min-mean": {"pca-1": 0.3551}, "mean-mean": {"pca-1": 0.6877}, "mean-min": {"pca-1": 0.601}}, "1005": {"min-min": {"pca-1": 0.1281}, "min-mean": {"pca-1": 0.2926}, "mean-mean": {"pca-1": 0.5479}, "mean-min": {"pca-1": 0.4957}}, "1006": {"min-min": {"pca-1": 0.0948}, "min-mean": {"pca-1": 0.2654}, "mean-mean": {"pca-1": 0.6272}, "mean-min": {"pca-1": 0.5617}}, "1007": {"min-min": {"pca-1": 0.1112}, "min-mean": {"pca-1": 0.3837}, "mean-mean": {"pca-1": 0.7394}, "mean-min": {"pca-1": 0.6418}}, "1008": {"min-min": {"pca-1": 0.1375}, "min-mean": {"pca-1": 0.257}, "mean-mean": {"pca-1": 0.5097}, "mean-min": {"pca-1": 0.4397}}, "1009": {"min-min": {"pca-1": 0.0522}, "min-mean": {"pca-1": 0.2285}, "mean-mean": {"pca-1": 0.5199}, "mean-min": {"pca-1": 0.4298}}, "1010": {"min-min": {"pca-1": 0.1361}, "min-mean": {"pca-1": 0.3563}, "mean-mean": {"pca-1": 0.6788}, "mean-min": {"pca-1": 0.573}}, "1011": {"min-min": {"pca-1": 0.0863}, "min-mean": {"pca-1": 0.1913}, "mean-mean": {"pca-1": 0.4488}, "mean-min": {"pca-1": 0.2983}}, "1012": {"min-min": {"pca-1": 0.1491}, "min-mean": {"pca-1": 0.2058}, "mean-mean": {"pca-1": 0.4905}, "mean-min": {"pca-1": 0.2796}}, "1013": {"min-min": {"pca-1": 0.0848}, "min-mean": {"pca-1": 0.3864}, "mean-mean": {"pca-1": 0.6717}, "mean-min": {"pca-1": 0.5473}}, "1014": {"min-min": {"pca-1": 0.0788}, "min-mean": {"pca-1": 0.2485}, "mean-mean": {"pca-1": 0.5484}, "mean-min": {"pca-1": 0.4642}}, "1015": {"min-min": {"pca-1": 0.1498}, "min-mean": {"pca-1": 0.2265}, "mean-mean": {"pca-1": 0.5042}, "mean-min": {"pca-1": 0.3799}}}, "1013": {"1001": {"min-min": {"pca-1": 0.0545}, "min-mean": {"pca-1": 0.1983}, "mean-mean": {"pca-1": 0.4896}, "mean-min": {"pca-1": 0.4657}}, "1002": {"min-min": {"pca-1": 0.0834}, "min-mean": {"pca-1": 0.2178}, "mean-mean": {"pca-1": 0.4491}, "mean-min": {"pca-1": 0.3899}}, "1003": {"min-min": {"pca-1": 0.0836}, "min-mean": {"pca-1": 0.1842}, "mean-mean": {"pca-1": 0.4453}, "mean-min": {"pca-1": 0.3855}}, "1004": {"min-min": {"pca-1": 0.0874}, "min-mean": {"pca-1": 0.2747}, "mean-mean": {"pca-1": 0.5379}, "mean-min": {"pca-1": 0.4575}}, "1005": {"min-min": {"pca-1": 0.0972}, "min-mean": {"pca-1": 0.2534}, "mean-mean": {"pca-1": 0.5409}, "mean-min": {"pca-1": 0.5217}}, "1006": {"min-min": {"pca-1": 0.0267}, "min-mean": {"pca-1": 0.1075}, "mean-mean": {"pca-1": 0.3758}, "mean-min": {"pca-1": 0.2691}}, "1007": {"min-min": {"pca-1": 0.129}, "min-mean": {"pca-1": 0.1385}, "mean-mean": {"pca-1": 0.3677}, "mean-min": {"pca-1": 0.1574}}, "1008": {"min-min": {"pca-1": 0.0872}, "min-mean": {"pca-1": 0.3604}, "mean-mean": {"pca-1": 0.7071}, "mean-min": {"pca-1": 0.5997}}, "1009": {"min-min": {"pca-1": 0.0823}, "min-mean": {"pca-1": 0.3307}, "mean-mean": {"pca-1": 0.6106}, "mean-min": {"pca-1": 0.4911}}, "1010": {"min-min": {"pca-1": 0.0311}, "min-mean": {"pca-1": 0.0428}, "mean-mean": {"pca-1": 0.3408}, "mean-min": {"pca-1": 0.0662}}, "1011": {"min-min": {"pca-1": 0.0841}, "min-mean": {"pca-1": 0.2324}, "mean-mean": {"pca-1": 0.5719}, "mean-min": {"pca-1": 0.5289}}, "1012": {"min-min": {"pca-1": 0.0528}, "min-mean": {"pca-1": 0.3298}, "mean-mean": {"pca-1": 0.6385}, "mean-min": {"pca-1": 0.501}}, "1013": {"min-min": {"pca-1": 0.1666}, "min-mean": {"pca-1": 0.1666}, "mean-mean": {"pca-1": 0.4247}, "mean-min": {"pca-1": 0.1666}}, "1014": {"min-min": {"pca-1": 0.1307}, "min-mean": {"pca-1": 0.2633}, "mean-mean": {"pca-1": 0.4671}, "mean-min": {"pca-1": 0.4083}}, "1015": {"min-min": {"pca-1": 0.1213}, "min-mean": {"pca-1": 0.2756}, "mean-mean": {"pca-1": 0.6035}, "mean-min": {"pca-1": 0.5842}}}, "1014": {"1001": {"min-min": {"pca-1": 0.0957}, "min-mean": {"pca-1": 0.1854}, "mean-mean": {"pca-1": 0.433}, "mean-min": {"pca-1": 0.2559}}, "1002": {"min-min": {"pca-1": 0.0878}, "min-mean": {"pca-1": 0.2692}, "mean-mean": {"pca-1": 0.5078}, "mean-min": {"pca-1": 0.4787}}, "1003": {"min-min": {"pca-1": 0.091}, "min-mean": {"pca-1": 0.2237}, "mean-mean": {"pca-1": 0.4196}, "mean-min": {"pca-1": 0.3433}}, "1004": {"min-min": {"pca-1": 0.1284}, "min-mean": {"pca-1": 0.1879}, "mean-mean": {"pca-1": 0.4277}, "mean-min": {"pca-1": 0.236}}, "1005": {"min-min": {"pca-1": 0.0827}, "min-mean": {"pca-1": 0.2261}, "mean-mean": {"pca-1": 0.4362}, "mean-min": {"pca-1": 0.3917}}, "1006": {"min-min": {"pca-1": 0.0371}, "min-mean": {"pca-1": 0.2175}, "mean-mean": {"pca-1": 0.4724}, "mean-min": {"pca-1": 0.4397}}, "1007": {"min-min": {"pca-1": 0.1214}, "min-mean": {"pca-1": 0.2464}, "mean-mean": {"pca-1": 0.5328}, "mean-min": {"pca-1": 0.4964}}, "1008": {"min-min": {"pca-1": 0.0759}, "min-mean": {"pca-1": 0.181}, "mean-mean": {"pca-1": 0.422}, "mean-min": {"pca-1": 0.2881}}, "1009": {"min-min": {"pca-1": 0.1135}, "min-mean": {"pca-1": 0.2619}, "mean-mean": {"pca-1": 0.4731}, "mean-min": {"pca-1": 0.4691}}, "1010": {"min-min": {"pca-1": 0.0512}, "min-mean": {"pca-1": 0.2915}, "mean-mean": {"pca-1": 0.527}, "mean-min": {"pca-1": 0.4663}}, "1011": {"min-min": {"pca-1": 0.118}, "min-mean": {"pca-1": 0.2137}, "mean-mean": {"pca-1": 0.4457}, "mean-min": {"pca-1": 0.405}}, "1012": {"min-min": {"pca-1": 0.0708}, "min-mean": {"pca-1": 0.293}, "mean-mean": {"pca-1": 0.5353}, "mean-min": {"pca-1": 0.4818}}, "1013": {"min-min": {"pca-1": 0.1307}, "min-mean": {"pca-1": 0.3199}, "mean-mean": {"pca-1": 0.5644}, "mean-min": {"pca-1": 0.5022}}, "1014": {"min-min": {"pca-1": 0.0932}, "min-mean": {"pca-1": 0.261}, "mean-mean": {"pca-1": 0.4533}, "mean-min": {"pca-1": 0.4288}}, "1015": {"min-min": {"pca-1": 0.1163}, "min-mean": {"pca-1": 0.2291}, "mean-mean": {"pca-1": 0.4747}, "mean-min": {"pca-1": 0.3805}}}, "1015": {"1001": {"min-min": {"pca-1": 0.1353}, "min-mean": {"pca-1": 0.1937}, "mean-mean": {"pca-1": 0.495}, "mean-min": {"pca-1": 0.3106}}, "1002": {"min-min": {"pca-1": 0.1405}, "min-mean": {"pca-1": 0.1693}, "mean-mean": {"pca-1": 0.4474}, "mean-min": {"pca-1": 0.2268}}, "1003": {"min-min": {"pca-1": 0.1039}, "min-mean": {"pca-1": 0.1481}, "mean-mean": {"pca-1": 0.4838}, "mean-min": {"pca-1": 0.2364}}, "1004": {"min-min": {"pca-1": 0.1382}, "min-mean": {"pca-1": 0.2652}, "mean-mean": {"pca-1": 0.5511}, "mean-min": {"pca-1": 0.5096}}, "1005": {"min-min": {"pca-1": 0.1507}, "min-mean": {"pca-1": 0.2382}, "mean-mean": {"pca-1": 0.5761}, "mean-min": {"pca-1": 0.4133}}, "1006": {"min-min": {"pca-1": 0.1355}, "min-mean": {"pca-1": 0.2168}, "mean-mean": {"pca-1": 0.4685}, "mean-min": {"pca-1": 0.3793}}, "1007": {"min-min": {"pca-1": 0.096}, "min-mean": {"pca-1": 0.1487}, "mean-mean": {"pca-1": 0.4404}, "mean-min": {"pca-1": 0.2542}}, "1008": {"min-min": {"pca-1": 0.2056}, "min-mean": {"pca-1": 0.4042}, "mean-mean": {"pca-1": 0.776}, "mean-min": {"pca-1": 0.6798}}, "1009": {"min-min": {"pca-1": 0.1299}, "min-mean": {"pca-1": 0.3844}, "mean-mean": {"pca-1": 0.7173}, "mean-min": {"pca-1": 0.558}}, "1010": {"min-min": {"pca-1": 0.1328}, "min-mean": {"pca-1": 0.2185}, "mean-mean": {"pca-1": 0.5115}, "mean-min": {"pca-1": 0.3697}}, "1011": {"min-min": {"pca-1": 0.1421}, "min-mean": {"pca-1": 0.3266}, "mean-mean": {"pca-1": 0.7224}, "mean-min": {"pca-1": 0.6515}}, "1012": {"min-min": {"pca-1": 0.1458}, "min-mean": {"pca-1": 0.4373}, "mean-mean": {"pca-1": 0.7638}, "mean-min": {"pca-1": 0.5628}}, "1013": {"min-min": {"pca-1": 0.0893}, "min-mean": {"pca-1": 0.172}, "mean-mean": {"pca-1": 0.5391}, "mean-min": {"pca-1": 0.3373}}, "1014": {"min-min": {"pca-1": 0.0889}, "min-mean": {"pca-1": 0.257}, "mean-mean": {"pca-1": 0.5442}, "mean-min": {"pca-1": 0.4465}}, "1015": {"min-min": {"pca-1": 0.194}, "min-mean": {"pca-1": 0.3614}, "mean-mean": {"pca-1": 0.7392}, "mean-min": {"pca-1": 0.6814}}}}