{"1001": {"1001": {"min-min": {"pca-1": 0.0007}, "min-mean": {"pca-1": 0.014}, "mean-mean": {"pca-1": 0.2325}, "mean-min": {"pca-1": 0.0369}}, "1002": {"min-min": {"pca-1": 0.0027}, "min-mean": {"pca-1": 0.0784}, "mean-mean": {"pca-1": 0.2946}, "mean-min": {"pca-1": 0.2201}}, "1003": {"min-min": {"pca-1": 0.0022}, "min-mean": {"pca-1": 0.0695}, "mean-mean": {"pca-1": 0.2661}, "mean-min": {"pca-1": 0.2042}}, "1004": {"min-min": {"pca-1": 0.0001}, "min-mean": {"pca-1": 0.0051}, "mean-mean": {"pca-1": 0.2243}, "mean-min": {"pca-1": 0.0125}}, "1005": {"min-min": {"pca-1": 0.0037}, "min-mean": {"pca-1": 0.0742}, "mean-mean": {"pca-1": 0.2683}, "mean-min": {"pca-1": 0.2152}}, "1006": {"min-min": {"pca-1": 0.0253}, "min-mean": {"pca-1": 0.1361}, "mean-mean": {"pca-1": 0.3635}, "mean-min": {"pca-1": 0.3524}}, "1007": {"min-min": {"pca-1": 0.0007}, "min-mean": {"pca-1": 0.1256}, "mean-mean": {"pca-1": 0.3691}, "mean-min": {"pca-1": 0.3527}}, "1008": {"min-min": {"pca-1": 0.0005}, "min-mean": {"pca-1": 0.0497}, "mean-mean": {"pca-1": 0.2415}, "mean-min": {"pca-1": 0.148}}, "1009": {"min-min": {"pca-1": 0.0012}, "min-mean": {"pca-1": 0.0261}, "mean-mean": {"pca-1": 0.2048}, "mean-min": {"pca-1": 0.0733}}, "1010": {"min-min": {"pca-1": 0.0124}, "min-mean": {"pca-1": 0.1842}, "mean-mean": {"pca-1": 0.4152}, "mean-min": {"pca-1": 0.3459}}, "1011": {"min-min": {"pca-1": 0.0031}, "min-mean": {"pca-1": 0.1049}, "mean-mean": {"pca-1": 0.294}, "mean-min": {"pca-1": 0.2735}}, "1012": {"min-min": {"pca-1": 0.0011}, "min-mean": {"pca-1": 0.0798}, "mean-mean": {"pca-1": 0.2882}, "mean-min": {"pca-1": 0.2371}}, "1013": {"min-min": {"pca-1": 0.0029}, "min-mean": {"pca-1": 0.165}, "mean-mean": {"pca-1": 0.3832}, "mean-min": {"pca-1": 0.3166}}, "1014": {"min-min": {"pca-1": 0.0031}, "min-mean": {"pca-1": 0.117}, "mean-mean": {"pca-1": 0.338}, "mean-min": {"pca-1": 0.3198}}, "1015": {"min-min": {"pca-1": 0.0017}, "min-mean": {"pca-1": 0.0861}, "mean-mean": {"pca-1": 0.2761}, "mean-min": {"pca-1": 0.2549}}}, "1002": {"1001": {"min-min": {"pca-1": 0.0}, "min-mean": {"pca-1": 0.0752}, "mean-mean": {"pca-1": 0.3944}, "mean-min": {"pca-1": 0.22}}, "1002": {"min-min": {"pca-1": 0.0114}, "min-mean": {"pca-1": 0.142}, "mean-mean": {"pca-1": 0.4743}, "mean-min": {"pca-1": 0.4031}}, "1003": {"min-min": {"pca-1": 0.0}, "min-mean": {"pca-1": 0.1293}, "mean-mean": {"pca-1": 0.4422}, "mean-min": {"pca-1": 0.3872}}, "1004": {"min-min": {"pca-1": 0.0}, "min-mean": {"pca-1": 0.057}, "mean-mean": {"pca-1": 0.3803}, "mean-min": {"pca-1": 0.1706}}, "1005": {"min-min": {"pca-1": 0.0}, "min-mean": {"pca-1": 0.1329}, "mean-mean": {"pca-1": 0.4424}, "mean-min": {"pca-1": 0.3983}}, "1006": {"min-min": {"pca-1": 0.0}, "min-mean": {"pca-1": 0.1813}, "mean-mean": {"pca-1": 0.5399}, "mean-min": {"pca-1": 0.5186}}, "1007": {"min-min": {"pca-1": 0.0}, "min-mean": {"pca-1": 0.1876}, "mean-mean": {"pca-1": 0.5459}, "mean-min": {"pca-1": 0.5195}}, "1008": {"min-min": {"pca-1": 0.0}, "min-mean": {"pca-1": 0.1116}, "mean-mean": {"pca-1": 0.4058}, "mean-min": {"pca-1": 0.3311}}, "1009": {"min-min": {"pca-1": 0.0}, "min-mean": {"pca-1": 0.0989}, "mean-mean": {"pca-1": 0.38}, "mean-min": {"pca-1": 0.2563}}, "1010": {"min-min": {"pca-1": 0.0}, "min-mean": {"pca-1": 0.2406}, "mean-mean": {"pca-1": 0.5861}, "mean-min": {"pca-1": 0.5036}}, "1011": {"min-min": {"pca-1": 0.0}, "min-mean": {"pca-1": 0.1648}, "mean-mean": {"pca-1": 0.4652}, "mean-min": {"pca-1": 0.4317}}, "1012": {"min-min": {"pca-1": 0.0}, "min-mean": {"pca-1": 0.1422}, "mean-mean": {"pca-1": 0.4597}, "mean-min": {"pca-1": 0.4201}}, "1013": {"min-min": {"pca-1": 0.0}, "min-mean": {"pca-1": 0.2276}, "mean-mean": {"pca-1": 0.5587}, "mean-min": {"pca-1": 0.4816}}, "1014": {"min-min": {"pca-1": 0.0}, "min-mean": {"pca-1": 0.1787}, "mean-mean": {"pca-1": 0.5195}, "mean-min": {"pca-1": 0.4946}}, "1015": {"min-min": {"pca-1": 0.0}, "min-mean": {"pca-1": 0.1474}, "mean-mean": {"pca-1": 0.4394}, "mean-min": {"pca-1": 0.4199}}}, "1003": {"1001": {"min-min": {"pca-1": 0.0024}, "min-mean": {"pca-1": 0.0143}, "mean-mean": {"pca-1": 0.1837}, "mean-min": {"pca-1": 0.0382}}, "1002": {"min-min": {"pca-1": 0.0036}, "min-mean": {"pca-1": 0.0519}, "mean-mean": {"pca-1": 0.2108}, "mean-min": {"pca-1": 0.1449}}, "1003": {"min-min": {"pca-1": 0.0018}, "min-mean": {"pca-1": 0.0442}, "mean-mean": {"pca-1": 0.1865}, "mean-min": {"pca-1": 0.129}}, "1004": {"min-min": {"pca-1": 0.005}, "min-mean": {"pca-1": 0.0341}, "mean-mean": {"pca-1": 0.2013}, "mean-min": {"pca-1": 0.0876}}, "1005": {"min-min": {"pca-1": 0.0015}, "min-mean": {"pca-1": 0.0477}, "mean-mean": {"pca-1": 0.1913}, "mean-min": {"pca-1": 0.1401}}, "1006": {"min-min": {"pca-1": 0.001}, "min-mean": {"pca-1": 0.0951}, "mean-mean": {"pca-1": 0.2762}, "mean-min": {"pca-1": 0.2565}}, "1007": {"min-min": {"pca-1": 0.0029}, "min-mean": {"pca-1": 0.1022}, "mean-mean": {"pca-1": 0.2883}, "mean-min": {"pca-1": 0.2705}}, "1008": {"min-min": {"pca-1": 0.0009}, "min-mean": {"pca-1": 0.0249}, "mean-mean": {"pca-1": 0.1753}, "mean-min": {"pca-1": 0.0729}}, "1009": {"min-min": {"pca-1": 0.0001}, "min-mean": {"pca-1": 0.0007}, "mean-mean": {"pca-1": 0.1378}, "mean-min": {"pca-1": 0.0019}}, "1010": {"min-min": {"pca-1": 0.0001}, "min-mean": {"pca-1": 0.151}, "mean-mean": {"pca-1": 0.3341}, "mean-min": {"pca-1": 0.2612}}, "1011": {"min-min": {"pca-1": 0.0001}, "min-mean": {"pca-1": 0.0806}, "mean-mean": {"pca-1": 0.2192}, "mean-min": {"pca-1": 0.2023}}, "1012": {"min-min": {"pca-1": 0.0001}, "min-mean": {"pca-1": 0.054}, "mean-mean": {"pca-1": 0.2109}, "mean-min": {"pca-1": 0.1619}}, "1013": {"min-min": {"pca-1": 0.002}, "min-mean": {"pca-1": 0.1393}, "mean-mean": {"pca-1": 0.3024}, "mean-min": {"pca-1": 0.2348}}, "1014": {"min-min": {"pca-1": 0.0043}, "min-mean": {"pca-1": 0.0927}, "mean-mean": {"pca-1": 0.2495}, "mean-min": {"pca-1": 0.2238}}, "1015": {"min-min": {"pca-1": 0.0002}, "min-mean": {"pca-1": 0.0608}, "mean-mean": {"pca-1": 0.2104}, "mean-min": {"pca-1": 0.1798}}}, "1004": {"1001": {"min-min": {"pca-1": 0.0003}, "min-mean": {"pca-1": 0.1767}, "mean-mean": {"pca-1": 0.375}, "mean-min": {"pca-1": 0.2852}}, "1002": {"min-min": {"pca-1": 0.0056}, "min-mean": {"pca-1": 0.1188}, "mean-mean": {"pca-1": 0.2973}, "mean-min": {"pca-1": 0.2616}}, "1003": {"min-min": {"pca-1": 0.0016}, "min-mean": {"pca-1": 0.1214}, "mean-mean": {"pca-1": 0.3166}, "mean-min": {"pca-1": 0.2798}}, "1004": {"min-min": {"pca-1": 0.0008}, "min-mean": {"pca-1": 0.1951}, "mean-mean": {"pca-1": 0.3887}, "mean-min": {"pca-1": 0.2807}}, "1005": {"min-min": {"pca-1": 0.0001}, "min-mean": {"pca-1": 0.119}, "mean-mean": {"pca-1": 0.3134}, "mean-min": {"pca-1": 0.2803}}, "1006": {"min-min": {"pca-1": 0.0055}, "min-mean": {"pca-1": 0.0737}, "mean-mean": {"pca-1": 0.2268}, "mean-min": {"pca-1": 0.2075}}, "1007": {"min-min": {"pca-1": 0.0009}, "min-mean": {"pca-1": 0.0643}, "mean-mean": {"pca-1": 0.2302}, "mean-min": {"pca-1": 0.1911}}, "1008": {"min-min": {"pca-1": 0.0005}, "min-mean": {"pca-1": 0.1402}, "mean-mean": {"pca-1": 0.3615}, "mean-min": {"pca-1": 0.3197}}, "1009": {"min-min": {"pca-1": 0.0013}, "min-mean": {"pca-1": 0.1691}, "mean-mean": {"pca-1": 0.3821}, "mean-min": {"pca-1": 0.3121}}, "1010": {"min-min": {"pca-1": 0.0026}, "min-mean": {"pca-1": 0.0146}, "mean-mean": {"pca-1": 0.1778}, "mean-min": {"pca-1": 0.0374}}, "1011": {"min-min": {"pca-1": 0.0011}, "min-mean": {"pca-1": 0.0863}, "mean-mean": {"pca-1": 0.3011}, "mean-min": {"pca-1": 0.2568}}, "1012": {"min-min": {"pca-1": 0.0026}, "min-mean": {"pca-1": 0.1129}, "mean-mean": {"pca-1": 0.301}, "mean-min": {"pca-1": 0.2724}}, "1013": {"min-min": {"pca-1": 0.0004}, "min-mean": {"pca-1": 0.0266}, "mean-mean": {"pca-1": 0.2096}, "mean-min": {"pca-1": 0.0762}}, "1014": {"min-min": {"pca-1": 0.0003}, "min-mean": {"pca-1": 0.0741}, "mean-mean": {"pca-1": 0.2455}, "mean-min": {"pca-1": 0.2206}}, "1015": {"min-min": {"pca-1": 0.0005}, "min-mean": {"pca-1": 0.1072}, "mean-mean": {"pca-1": 0.3249}, "mean-min": {"pca-1": 0.3104}}}, "1005": {"1001": {"min-min": {"pca-1": 0.0}, "min-mean": {"pca-1": 0.186}, "mean-mean": {"pca-1": 0.4228}, "mean-min": {"pca-1": 0.3289}}, "1002": {"min-min": {"pca-1": 0.0}, "min-mean": {"pca-1": 0.1226}, "mean-mean": {"pca-1": 0.3427}, "mean-min": {"pca-1": 0.301}}, "1003": {"min-min": {"pca-1": 0.0}, "min-mean": {"pca-1": 0.1275}, "mean-mean": {"pca-1": 0.3692}, "mean-min": {"pca-1": 0.3292}}, "1004": {"min-min": {"pca-1": 0.0}, "min-mean": {"pca-1": 0.2003}, "mean-mean": {"pca-1": 0.4366}, "mean-min": {"pca-1": 0.3254}}, "1005": {"min-min": {"pca-1": 0.0024}, "min-mean": {"pca-1": 0.1252}, "mean-mean": {"pca-1": 0.3668}, "mean-min": {"pca-1": 0.3302}}, "1006": {"min-min": {"pca-1": 0.0}, "min-mean": {"pca-1": 0.0803}, "mean-mean": {"pca-1": 0.2755}, "mean-min": {"pca-1": 0.2282}}, "1007": {"min-min": {"pca-1": 0.0}, "min-mean": {"pca-1": 0.0736}, "mean-mean": {"pca-1": 0.273}, "mean-min": {"pca-1": 0.2119}}, "1008": {"min-min": {"pca-1": 0.0047}, "min-mean": {"pca-1": 0.1492}, "mean-mean": {"pca-1": 0.411}, "mean-min": {"pca-1": 0.3657}}, "1009": {"min-min": {"pca-1": 0.0}, "min-mean": {"pca-1": 0.1714}, "mean-mean": {"pca-1": 0.4333}, "mean-min": {"pca-1": 0.3616}}, "1010": {"min-min": {"pca-1": 0.0013}, "min-mean": {"pca-1": 0.0203}, "mean-mean": {"pca-1": 0.2268}, "mean-min": {"pca-1": 0.0582}}, "1011": {"min-min": {"pca-1": 0.0}, "min-mean": {"pca-1": 0.0948}, "mean-mean": {"pca-1": 0.3504}, "mean-min": {"pca-1": 0.2775}}, "1012": {"min-min": {"pca-1": 0.0}, "min-mean": {"pca-1": 0.1195}, "mean-mean": {"pca-1": 0.3538}, "mean-min": {"pca-1": 0.3231}}, "1013": {"min-min": {"pca-1": 0.0}, "min-mean": {"pca-1": 0.0338}, "mean-mean": {"pca-1": 0.2555}, "mean-min": {"pca-1": 0.0969}}, "1014": {"min-min": {"pca-1": 0.0}, "min-mean": {"pca-1": 0.0813}, "mean-mean": {"pca-1": 0.2939}, "mean-min": {"pca-1": 0.2414}}, "1015": {"min-min": {"pca-1": 0.004}, "min-mean": {"pca-1": 0.1162}, "mean-mean": {"pca-1": 0.3752}, "mean-min": {"pca-1": 0.3312}}}, "1006": {"1001": {"min-min": {"pca-1": 0.0033}, "min-mean": {"pca-1": 0.1168}, "mean-mean": {"pca-1": 0.2625}, "mean-min": {"pca-1": 0.2157}}, "1002": {"min-min": {"pca-1": 0.001}, "min-mean": {"pca-1": 0.0538}, "mean-mean": {"pca-1": 0.1815}, "mean-min": {"pca-1": 0.159}}, "1003": {"min-min": {"pca-1": 0.0019}, "min-mean": {"pca-1": 0.0603}, "mean-mean": {"pca-1": 0.1876}, "mean-min": {"pca-1": 0.1749}}, "1004": {"min-min": {"pca-1": 0.0008}, "min-mean": {"pca-1": 0.1316}, "mean-mean": {"pca-1": 0.2748}, "mean-min": {"pca-1": 0.2095}}, "1005": {"min-min": {"pca-1": 0.0001}, "min-mean": {"pca-1": 0.0548}, "mean-mean": {"pca-1": 0.1834}, "mean-min": {"pca-1": 0.1639}}, "1006": {"min-min": {"pca-1": 0.0005}, "min-mean": {"pca-1": 0.0078}, "mean-mean": {"pca-1": 0.1109}, "mean-min": {"pca-1": 0.0213}}, "1007": {"min-min": {"pca-1": 0.0002}, "min-mean": {"pca-1": 0.0018}, "mean-mean": {"pca-1": 0.1329}, "mean-min": {"pca-1": 0.0049}}, "1008": {"min-min": {"pca-1": 0.0009}, "min-mean": {"pca-1": 0.0776}, "mean-mean": {"pca-1": 0.2327}, "mean-min": {"pca-1": 0.221}}, "1009": {"min-min": {"pca-1": 0.0001}, "min-mean": {"pca-1": 0.102}, "mean-mean": {"pca-1": 0.2495}, "mean-min": {"pca-1": 0.2083}}, "1010": {"min-min": {"pca-1": 0.0001}, "min-mean": {"pca-1": 0.0512}, "mean-mean": {"pca-1": 0.1646}, "mean-min": {"pca-1": 0.1488}}, "1011": {"min-min": {"pca-1": 0.0017}, "min-mean": {"pca-1": 0.0247}, "mean-mean": {"pca-1": 0.1738}, "mean-min": {"pca-1": 0.0706}}, "1012": {"min-min": {"pca-1": 0.0017}, "min-mean": {"pca-1": 0.0485}, "mean-mean": {"pca-1": 0.1741}, "mean-min": {"pca-1": 0.142}}, "1013": {"min-min": {"pca-1": 0.0005}, "min-mean": {"pca-1": 0.037}, "mean-mean": {"pca-1": 0.1718}, "mean-min": {"pca-1": 0.11}}, "1014": {"min-min": {"pca-1": 0.0047}, "min-mean": {"pca-1": 0.0146}, "mean-mean": {"pca-1": 0.1245}, "mean-min": {"pca-1": 0.0344}}, "1015": {"min-min": {"pca-1": 0.0008}, "min-mean": {"pca-1": 0.0419}, "mean-mean": {"pca-1": 0.1956}, "mean-min": {"pca-1": 0.1242}}}, "1007": {"1001": {"min-min": {"pca-1": 0.0021}, "min-mean": {"pca-1": 0.0087}, "mean-mean": {"pca-1": 0.18}, "mean-min": {"pca-1": 0.0218}}, "1002": {"min-min": {"pca-1": 0.0004}, "min-mean": {"pca-1": 0.0543}, "mean-mean": {"pca-1": 0.2162}, "mean-min": {"pca-1": 0.1613}}, "1003": {"min-min": {"pca-1": 0.0012}, "min-mean": {"pca-1": 0.0493}, "mean-mean": {"pca-1": 0.194}, "mean-min": {"pca-1": 0.1454}}, "1004": {"min-min": {"pca-1": 0.0011}, "min-mean": {"pca-1": 0.0274}, "mean-mean": {"pca-1": 0.1966}, "mean-min": {"pca-1": 0.0712}}, "1005": {"min-min": {"pca-1": 0.0004}, "min-mean": {"pca-1": 0.0525}, "mean-mean": {"pca-1": 0.1985}, "mean-min": {"pca-1": 0.1565}}, "1006": {"min-min": {"pca-1": 0.0017}, "min-mean": {"pca-1": 0.1042}, "mean-mean": {"pca-1": 0.2778}, "mean-min": {"pca-1": 0.2326}}, "1007": {"min-min": {"pca-1": 0.0033}, "min-mean": {"pca-1": 0.1074}, "mean-mean": {"pca-1": 0.2921}, "mean-min": {"pca-1": 0.2552}}, "1008": {"min-min": {"pca-1": 0.0019}, "min-mean": {"pca-1": 0.0315}, "mean-mean": {"pca-1": 0.1837}, "mean-min": {"pca-1": 0.0893}}, "1009": {"min-min": {"pca-1": 0.0001}, "min-mean": {"pca-1": 0.0075}, "mean-mean": {"pca-1": 0.1454}, "mean-min": {"pca-1": 0.0145}}, "1010": {"min-min": {"pca-1": 0.0002}, "min-mean": {"pca-1": 0.158}, "mean-mean": {"pca-1": 0.3358}, "mean-min": {"pca-1": 0.2396}}, "1011": {"min-min": {"pca-1": 0.0005}, "min-mean": {"pca-1": 0.0837}, "mean-mean": {"pca-1": 0.2285}, "mean-min": {"pca-1": 0.2058}}, "1012": {"min-min": {"pca-1": 0.0001}, "min-mean": {"pca-1": 0.0595}, "mean-mean": {"pca-1": 0.2168}, "mean-min": {"pca-1": 0.1783}}, "1013": {"min-min": {"pca-1": 0.0004}, "min-mean": {"pca-1": 0.1459}, "mean-mean": {"pca-1": 0.3092}, "mean-min": {"pca-1": 0.228}}, "1014": {"min-min": {"pca-1": 0.0012}, "min-mean": {"pca-1": 0.0997}, "mean-mean": {"pca-1": 0.2533}, "mean-min": {"pca-1": 0.2063}}, "1015": {"min-min": {"pca-1": 0.0007}, "min-mean": {"pca-1": 0.0661}, "mean-mean": {"pca-1": 0.2182}, "mean-min": {"pca-1": 0.1962}}}, "1008": {"1001": {"min-min": {"pca-1": 0.0032}, "min-mean": {"pca-1": 0.2133}, "mean-mean": {"pca-1": 0.4809}, "mean-min": {"pca-1": 0.3973}}, "1002": {"min-min": {"pca-1": 0.0032}, "min-mean": {"pca-1": 0.151}, "mean-mean": {"pca-1": 0.3988}, "mean-min": {"pca-1": 0.3656}}, "1003": {"min-min": {"pca-1": 0.0082}, "min-mean": {"pca-1": 0.1597}, "mean-mean": {"pca-1": 0.4313}, "mean-min": {"pca-1": 0.4058}}, "1004": {"min-min": {"pca-1": 0.0015}, "min-mean": {"pca-1": 0.2293}, "mean-mean": {"pca-1": 0.4943}, "mean-min": {"pca-1": 0.393}}, "1005": {"min-min": {"pca-1": 0.062}, "min-mean": {"pca-1": 0.1919}, "mean-mean": {"pca-1": 0.4303}, "mean-min": {"pca-1": 0.4096}}, "1006": {"min-min": {"pca-1": 0.0}, "min-mean": {"pca-1": 0.1035}, "mean-mean": {"pca-1": 0.3339}, "mean-min": {"pca-1": 0.309}}, "1007": {"min-min": {"pca-1": 0.002}, "min-mean": {"pca-1": 0.0991}, "mean-mean": {"pca-1": 0.3291}, "mean-min": {"pca-1": 0.2926}}, "1008": {"min-min": {"pca-1": 0.0006}, "min-mean": {"pca-1": 0.1733}, "mean-mean": {"pca-1": 0.4695}, "mean-min": {"pca-1": 0.4351}}, "1009": {"min-min": {"pca-1": 0.0003}, "min-mean": {"pca-1": 0.198}, "mean-mean": {"pca-1": 0.4932}, "mean-min": {"pca-1": 0.4336}}, "1010": {"min-min": {"pca-1": 0.0107}, "min-mean": {"pca-1": 0.0534}, "mean-mean": {"pca-1": 0.2877}, "mean-min": {"pca-1": 0.1389}}, "1011": {"min-min": {"pca-1": 0.0}, "min-mean": {"pca-1": 0.1194}, "mean-mean": {"pca-1": 0.4089}, "mean-min": {"pca-1": 0.3583}}, "1012": {"min-min": {"pca-1": 0.0028}, "min-mean": {"pca-1": 0.1481}, "mean-mean": {"pca-1": 0.4151}, "mean-min": {"pca-1": 0.3981}}, "1013": {"min-min": {"pca-1": 0.0005}, "min-mean": {"pca-1": 0.0596}, "mean-mean": {"pca-1": 0.3147}, "mean-min": {"pca-1": 0.1777}}, "1014": {"min-min": {"pca-1": 0.0032}, "min-mean": {"pca-1": 0.1095}, "mean-mean": {"pca-1": 0.3535}, "mean-min": {"pca-1": 0.3221}}, "1015": {"min-min": {"pca-1": 0.001}, "min-mean": {"pca-1": 0.138}, "mean-mean": {"pca-1": 0.4348}, "mean-min": {"pca-1": 0.4119}}}, "1009": {"1001": {"min-min": {"pca-1": 0.0015}, "min-mean": {"pca-1": 0.0587}, "mean-mean": {"pca-1": 0.1984}, "mean-min": {"pca-1": 0.1731}}, "1002": {"min-min": {"pca-1": 0.0001}, "min-mean": {"pca-1": 0.0041}, "mean-mean": {"pca-1": 0.1254}, "mean-min": {"pca-1": 0.0101}}, "1003": {"min-min": {"pca-1": 0.0013}, "min-mean": {"pca-1": 0.0028}, "mean-mean": {"pca-1": 0.1128}, "mean-min": {"pca-1": 0.0058}}, "1004": {"min-min": {"pca-1": 0.0004}, "min-mean": {"pca-1": 0.0748}, "mean-mean": {"pca-1": 0.2149}, "mean-min": {"pca-1": 0.208}}, "1005": {"min-min": {"pca-1": 0.0005}, "min-mean": {"pca-1": 0.0025}, "mean-mean": {"pca-1": 0.1169}, "mean-min": {"pca-1": 0.0052}}, "1006": {"min-min": {"pca-1": 0.0022}, "min-mean": {"pca-1": 0.0508}, "mean-mean": {"pca-1": 0.1823}, "mean-min": {"pca-1": 0.1478}}, "1007": {"min-min": {"pca-1": 0.0011}, "min-mean": {"pca-1": 0.0561}, "mean-mean": {"pca-1": 0.2074}, "mean-min": {"pca-1": 0.1642}}, "1008": {"min-min": {"pca-1": 0.0007}, "min-mean": {"pca-1": 0.0211}, "mean-mean": {"pca-1": 0.1524}, "mean-min": {"pca-1": 0.062}}, "1009": {"min-min": {"pca-1": 0.0023}, "min-mean": {"pca-1": 0.0472}, "mean-mean": {"pca-1": 0.1614}, "mean-min": {"pca-1": 0.1367}}, "1010": {"min-min": {"pca-1": 0.0012}, "min-mean": {"pca-1": 0.1076}, "mean-mean": {"pca-1": 0.2491}, "mean-min": {"pca-1": 0.2094}}, "1011": {"min-min": {"pca-1": 0.0009}, "min-mean": {"pca-1": 0.0334}, "mean-mean": {"pca-1": 0.1492}, "mean-min": {"pca-1": 0.0985}}, "1012": {"min-min": {"pca-1": 0.0026}, "min-mean": {"pca-1": 0.0108}, "mean-mean": {"pca-1": 0.1351}, "mean-min": {"pca-1": 0.0271}}, "1013": {"min-min": {"pca-1": 0.0012}, "min-mean": {"pca-1": 0.0938}, "mean-mean": {"pca-1": 0.2255}, "mean-min": {"pca-1": 0.1956}}, "1014": {"min-min": {"pca-1": 0.0003}, "min-mean": {"pca-1": 0.0451}, "mean-mean": {"pca-1": 0.1586}, "mean-min": {"pca-1": 0.1347}}, "1015": {"min-min": {"pca-1": 0.0005}, "min-mean": {"pca-1": 0.0153}, "mean-mean": {"pca-1": 0.146}, "mean-min": {"pca-1": 0.0449}}}, "1010": {"1001": {"min-min": {"pca-1": 0.0}, "min-mean": {"pca-1": 0.2306}, "mean-mean": {"pca-1": 0.5194}, "mean-min": {"pca-1": 0.4111}}, "1002": {"min-min": {"pca-1": 0.0}, "min-mean": {"pca-1": 0.1695}, "mean-mean": {"pca-1": 0.4373}, "mean-min": {"pca-1": 0.3802}}, "1003": {"min-min": {"pca-1": 0.0}, "min-mean": {"pca-1": 0.1748}, "mean-mean": {"pca-1": 0.47}, "mean-min": {"pca-1": 0.42}}, "1004": {"min-min": {"pca-1": 0.0}, "min-mean": {"pca-1": 0.247}, "mean-mean": {"pca-1": 0.5325}, "mean-min": {"pca-1": 0.4066}}, "1005": {"min-min": {"pca-1": 0.0305}, "min-mean": {"pca-1": 0.2226}, "mean-mean": {"pca-1": 0.4692}, "mean-min": {"pca-1": 0.4239}}, "1006": {"min-min": {"pca-1": 0.0}, "min-mean": {"pca-1": 0.1236}, "mean-mean": {"pca-1": 0.3723}, "mean-min": {"pca-1": 0.3515}}, "1007": {"min-min": {"pca-1": 0.0}, "min-mean": {"pca-1": 0.1182}, "mean-mean": {"pca-1": 0.3668}, "mean-min": {"pca-1": 0.3523}}, "1008": {"min-min": {"pca-1": 0.005}, "min-mean": {"pca-1": 0.1992}, "mean-mean": {"pca-1": 0.5085}, "mean-min": {"pca-1": 0.4501}}, "1009": {"min-min": {"pca-1": 0.0}, "min-mean": {"pca-1": 0.2185}, "mean-mean": {"pca-1": 0.5319}, "mean-min": {"pca-1": 0.4479}}, "1010": {"min-min": {"pca-1": 0.0015}, "min-mean": {"pca-1": 0.0681}, "mean-mean": {"pca-1": 0.3264}, "mean-min": {"pca-1": 0.2007}}, "1011": {"min-min": {"pca-1": 0.0}, "min-mean": {"pca-1": 0.14}, "mean-mean": {"pca-1": 0.4477}, "mean-min": {"pca-1": 0.4201}}, "1012": {"min-min": {"pca-1": 0.0}, "min-mean": {"pca-1": 0.1639}, "mean-mean": {"pca-1": 0.4537}, "mean-min": {"pca-1": 0.4124}}, "1013": {"min-min": {"pca-1": 0.0}, "min-mean": {"pca-1": 0.0798}, "mean-mean": {"pca-1": 0.3534}, "mean-min": {"pca-1": 0.2395}}, "1014": {"min-min": {"pca-1": 0.0}, "min-mean": {"pca-1": 0.128}, "mean-mean": {"pca-1": 0.3923}, "mean-min": {"pca-1": 0.3744}}, "1015": {"min-min": {"pca-1": 0.0028}, "min-mean": {"pca-1": 0.1602}, "mean-mean": {"pca-1": 0.4735}, "mean-min": {"pca-1": 0.4511}}}, "1011": {"1001": {"min-min": {"pca-1": 0.0012}, "min-mean": {"pca-1": 0.1426}, "mean-mean": {"pca-1": 0.3085}, "mean-min": {"pca-1": 0.2452}}, "1002": {"min-min": {"pca-1": 0.0007}, "min-mean": {"pca-1": 0.0808}, "mean-mean": {"pca-1": 0.2308}, "mean-min": {"pca-1": 0.2193}}, "1003": {"min-min": {"pca-1": 0.001}, "min-mean": {"pca-1": 0.0869}, "mean-mean": {"pca-1": 0.2432}, "mean-min": {"pca-1": 0.2288}}, "1004": {"min-min": {"pca-1": 0.0007}, "min-mean": {"pca-1": 0.1586}, "mean-mean": {"pca-1": 0.3211}, "mean-min": {"pca-1": 0.2391}}, "1005": {"min-min": {"pca-1": 0.0009}, "min-mean": {"pca-1": 0.0825}, "mean-mean": {"pca-1": 0.2391}, "mean-min": {"pca-1": 0.2279}}, "1006": {"min-min": {"pca-1": 0.0009}, "min-mean": {"pca-1": 0.035}, "mean-mean": {"pca-1": 0.1569}, "mean-min": {"pca-1": 0.1032}}, "1007": {"min-min": {"pca-1": 0.0004}, "min-mean": {"pca-1": 0.0295}, "mean-mean": {"pca-1": 0.1716}, "mean-min": {"pca-1": 0.0869}}, "1008": {"min-min": {"pca-1": 0.002}, "min-mean": {"pca-1": 0.106}, "mean-mean": {"pca-1": 0.2899}, "mean-min": {"pca-1": 0.2707}}, "1009": {"min-min": {"pca-1": 0.0018}, "min-mean": {"pca-1": 0.131}, "mean-mean": {"pca-1": 0.3081}, "mean-min": {"pca-1": 0.2604}}, "1010": {"min-min": {"pca-1": 0.0023}, "min-mean": {"pca-1": 0.0238}, "mean-mean": {"pca-1": 0.1546}, "mean-min": {"pca-1": 0.0669}}, "1011": {"min-min": {"pca-1": 0.0007}, "min-mean": {"pca-1": 0.0513}, "mean-mean": {"pca-1": 0.2292}, "mean-min": {"pca-1": 0.1525}}, "1012": {"min-min": {"pca-1": 0.0008}, "min-mean": {"pca-1": 0.0755}, "mean-mean": {"pca-1": 0.2268}, "mean-min": {"pca-1": 0.2207}}, "1013": {"min-min": {"pca-1": 0.0008}, "min-mean": {"pca-1": 0.0099}, "mean-mean": {"pca-1": 0.1648}, "mean-min": {"pca-1": 0.0281}}, "1014": {"min-min": {"pca-1": 0.0097}, "min-mean": {"pca-1": 0.0453}, "mean-mean": {"pca-1": 0.1774}, "mean-min": {"pca-1": 0.1164}}, "1015": {"min-min": {"pca-1": 0.0014}, "min-mean": {"pca-1": 0.0734}, "mean-mean": {"pca-1": 0.2517}, "mean-min": {"pca-1": 0.2061}}}, "1012": {"1001": {"min-min": {"pca-1": 0.0011}, "min-mean": {"pca-1": 0.0476}, "mean-mean": {"pca-1": 0.1898}, "mean-min": {"pca-1": 0.1405}}, "1002": {"min-min": {"pca-1": 0.0004}, "min-mean": {"pca-1": 0.0147}, "mean-mean": {"pca-1": 0.1381}, "mean-min": {"pca-1": 0.0427}}, "1003": {"min-min": {"pca-1": 0.0028}, "min-mean": {"pca-1": 0.0108}, "mean-mean": {"pca-1": 0.1215}, "mean-min": {"pca-1": 0.0268}}, "1004": {"min-min": {"pca-1": 0.0011}, "min-mean": {"pca-1": 0.0644}, "mean-mean": {"pca-1": 0.2056}, "mean-min": {"pca-1": 0.1898}}, "1005": {"min-min": {"pca-1": 0.0}, "min-mean": {"pca-1": 0.0136}, "mean-mean": {"pca-1": 0.1286}, "mean-min": {"pca-1": 0.0379}}, "1006": {"min-min": {"pca-1": 0.0033}, "min-mean": {"pca-1": 0.0628}, "mean-mean": {"pca-1": 0.1944}, "mean-min": {"pca-1": 0.1805}}, "1007": {"min-min": {"pca-1": 0.0004}, "min-mean": {"pca-1": 0.0674}, "mean-mean": {"pca-1": 0.2186}, "mean-min": {"pca-1": 0.1968}}, "1008": {"min-min": {"pca-1": 0.0011}, "min-mean": {"pca-1": 0.0105}, "mean-mean": {"pca-1": 0.143}, "mean-min": {"pca-1": 0.0294}}, "1009": {"min-min": {"pca-1": 0.0017}, "min-mean": {"pca-1": 0.0362}, "mean-mean": {"pca-1": 0.1527}, "mean-min": {"pca-1": 0.1041}}, "1010": {"min-min": {"pca-1": 0.0}, "min-mean": {"pca-1": 0.1187}, "mean-mean": {"pca-1": 0.2604}, "mean-min": {"pca-1": 0.2047}}, "1011": {"min-min": {"pca-1": 0.0013}, "min-mean": {"pca-1": 0.0446}, "mean-mean": {"pca-1": 0.1614}, "mean-min": {"pca-1": 0.1312}}, "1012": {"min-min": {"pca-1": 0.0011}, "min-mean": {"pca-1": 0.0206}, "mean-mean": {"pca-1": 0.1464}, "mean-min": {"pca-1": 0.0597}}, "1013": {"min-min": {"pca-1": 0.0002}, "min-mean": {"pca-1": 0.1041}, "mean-mean": {"pca-1": 0.2373}, "mean-min": {"pca-1": 0.1952}}, "1014": {"min-min": {"pca-1": 0.0011}, "min-mean": {"pca-1": 0.0575}, "mean-mean": {"pca-1": 0.1711}, "mean-min": {"pca-1": 0.1638}}, "1015": {"min-min": {"pca-1": 0.0035}, "min-mean": {"pca-1": 0.0305}, "mean-mean": {"pca-1": 0.1582}, "mean-min": {"pca-1": 0.0775}}}, "1013": {"1001": {"min-min": {"pca-1": 0.0011}, "min-mean": {"pca-1": 0.1347}, "mean-mean": {"pca-1": 0.2847}, "mean-min": {"pca-1": 0.2272}}, "1002": {"min-min": {"pca-1": 0.0005}, "min-mean": {"pca-1": 0.0713}, "mean-mean": {"pca-1": 0.2048}, "mean-min": {"pca-1": 0.1992}}, "1003": {"min-min": {"pca-1": 0.0009}, "min-mean": {"pca-1": 0.0765}, "mean-mean": {"pca-1": 0.2137}, "mean-min": {"pca-1": 0.2039}}, "1004": {"min-min": {"pca-1": 0.0014}, "min-mean": {"pca-1": 0.1503}, "mean-mean": {"pca-1": 0.2966}, "mean-min": {"pca-1": 0.2204}}, "1005": {"min-min": {"pca-1": 0.0013}, "min-mean": {"pca-1": 0.0731}, "mean-mean": {"pca-1": 0.2096}, "mean-min": {"pca-1": 0.2033}}, "1006": {"min-min": {"pca-1": 0.0002}, "min-mean": {"pca-1": 0.0261}, "mean-mean": {"pca-1": 0.1316}, "mean-min": {"pca-1": 0.074}}, "1007": {"min-min": {"pca-1": 0.0001}, "min-mean": {"pca-1": 0.0193}, "mean-mean": {"pca-1": 0.1527}, "mean-min": {"pca-1": 0.0576}}, "1008": {"min-min": {"pca-1": 0.0015}, "min-mean": {"pca-1": 0.0956}, "mean-mean": {"pca-1": 0.2596}, "mean-min": {"pca-1": 0.2445}}, "1009": {"min-min": {"pca-1": 0.0026}, "min-mean": {"pca-1": 0.1212}, "mean-mean": {"pca-1": 0.277}, "mean-min": {"pca-1": 0.233}}, "1010": {"min-min": {"pca-1": 0.0005}, "min-mean": {"pca-1": 0.0333}, "mean-mean": {"pca-1": 0.1503}, "mean-min": {"pca-1": 0.0961}}, "1011": {"min-min": {"pca-1": 0.0015}, "min-mean": {"pca-1": 0.0438}, "mean-mean": {"pca-1": 0.2002}, "mean-min": {"pca-1": 0.1233}}, "1012": {"min-min": {"pca-1": 0.0011}, "min-mean": {"pca-1": 0.066}, "mean-mean": {"pca-1": 0.1984}, "mean-min": {"pca-1": 0.1947}}, "1013": {"min-min": {"pca-1": 0.0003}, "min-mean": {"pca-1": 0.0208}, "mean-mean": {"pca-1": 0.1607}, "mean-min": {"pca-1": 0.0573}}, "1014": {"min-min": {"pca-1": 0.0024}, "min-mean": {"pca-1": 0.0323}, "mean-mean": {"pca-1": 0.1499}, "mean-min": {"pca-1": 0.0871}}, "1015": {"min-min": {"pca-1": 0.0006}, "min-mean": {"pca-1": 0.0594}, "mean-mean": {"pca-1": 0.2211}, "mean-min": {"pca-1": 0.1769}}}, "1014": {"1001": {"min-min": {"pca-1": 0.0007}, "min-mean": {"pca-1": 0.1184}, "mean-mean": {"pca-1": 0.2691}, "mean-min": {"pca-1": 0.2182}}, "1002": {"min-min": {"pca-1": 0.001}, "min-mean": {"pca-1": 0.0576}, "mean-mean": {"pca-1": 0.1888}, "mean-min": {"pca-1": 0.1708}}, "1003": {"min-min": {"pca-1": 0.0005}, "min-mean": {"pca-1": 0.063}, "mean-mean": {"pca-1": 0.1962}, "mean-min": {"pca-1": 0.1867}}, "1004": {"min-min": {"pca-1": 0.0029}, "min-mean": {"pca-1": 0.1364}, "mean-mean": {"pca-1": 0.2819}, "mean-min": {"pca-1": 0.2127}}, "1005": {"min-min": {"pca-1": 0.0009}, "min-mean": {"pca-1": 0.0591}, "mean-mean": {"pca-1": 0.192}, "mean-min": {"pca-1": 0.1756}}, "1006": {"min-min": {"pca-1": 0.0003}, "min-mean": {"pca-1": 0.0112}, "mean-mean": {"pca-1": 0.1168}, "mean-min": {"pca-1": 0.033}}, "1007": {"min-min": {"pca-1": 0.0008}, "min-mean": {"pca-1": 0.0061}, "mean-mean": {"pca-1": 0.1382}, "mean-min": {"pca-1": 0.0167}}, "1008": {"min-min": {"pca-1": 0.0006}, "min-mean": {"pca-1": 0.0813}, "mean-mean": {"pca-1": 0.2416}, "mean-min": {"pca-1": 0.2271}}, "1009": {"min-min": {"pca-1": 0.0007}, "min-mean": {"pca-1": 0.1065}, "mean-mean": {"pca-1": 0.2586}, "mean-min": {"pca-1": 0.2148}}, "1010": {"min-min": {"pca-1": 0.0}, "min-mean": {"pca-1": 0.0457}, "mean-mean": {"pca-1": 0.1622}, "mean-min": {"pca-1": 0.1371}}, "1011": {"min-min": {"pca-1": 0.0002}, "min-mean": {"pca-1": 0.0276}, "mean-mean": {"pca-1": 0.1822}, "mean-min": {"pca-1": 0.0823}}, "1012": {"min-min": {"pca-1": 0.0002}, "min-mean": {"pca-1": 0.0514}, "mean-mean": {"pca-1": 0.1819}, "mean-min": {"pca-1": 0.1538}}, "1013": {"min-min": {"pca-1": 0.0014}, "min-mean": {"pca-1": 0.0337}, "mean-mean": {"pca-1": 0.1706}, "mean-min": {"pca-1": 0.0983}}, "1014": {"min-min": {"pca-1": 0.0005}, "min-mean": {"pca-1": 0.0157}, "mean-mean": {"pca-1": 0.1322}, "mean-min": {"pca-1": 0.0462}}, "1015": {"min-min": {"pca-1": 0.0018}, "min-mean": {"pca-1": 0.0465}, "mean-mean": {"pca-1": 0.2041}, "mean-min": {"pca-1": 0.1359}}}, "1015": {"1001": {"min-min": {"pca-1": 0.0019}, "min-mean": {"pca-1": 0.1861}, "mean-mean": {"pca-1": 0.4025}, "mean-min": {"pca-1": 0.3235}}, "1002": {"min-min": {"pca-1": 0.0014}, "min-mean": {"pca-1": 0.1231}, "mean-mean": {"pca-1": 0.3229}, "mean-min": {"pca-1": 0.296}}, "1003": {"min-min": {"pca-1": 0.002}, "min-mean": {"pca-1": 0.1266}, "mean-mean": {"pca-1": 0.3476}, "mean-min": {"pca-1": 0.3229}}, "1004": {"min-min": {"pca-1": 0.0036}, "min-mean": {"pca-1": 0.1999}, "mean-mean": {"pca-1": 0.4166}, "mean-min": {"pca-1": 0.3198}}, "1005": {"min-min": {"pca-1": 0.0001}, "min-mean": {"pca-1": 0.1216}, "mean-mean": {"pca-1": 0.3448}, "mean-min": {"pca-1": 0.3238}}, "1006": {"min-min": {"pca-1": 0.0067}, "min-mean": {"pca-1": 0.0785}, "mean-mean": {"pca-1": 0.255}, "mean-min": {"pca-1": 0.2221}}, "1007": {"min-min": {"pca-1": 0.0023}, "min-mean": {"pca-1": 0.0703}, "mean-mean": {"pca-1": 0.2537}, "mean-min": {"pca-1": 0.2058}}, "1008": {"min-min": {"pca-1": 0.0007}, "min-mean": {"pca-1": 0.1478}, "mean-mean": {"pca-1": 0.3902}, "mean-min": {"pca-1": 0.3601}}, "1009": {"min-min": {"pca-1": 0.0031}, "min-mean": {"pca-1": 0.171}, "mean-mean": {"pca-1": 0.4125}, "mean-min": {"pca-1": 0.3556}}, "1010": {"min-min": {"pca-1": 0.0048}, "min-mean": {"pca-1": 0.0205}, "mean-mean": {"pca-1": 0.2055}, "mean-min": {"pca-1": 0.052}}, "1011": {"min-min": {"pca-1": 0.0009}, "min-mean": {"pca-1": 0.0924}, "mean-mean": {"pca-1": 0.3298}, "mean-min": {"pca-1": 0.2714}}, "1012": {"min-min": {"pca-1": 0.0034}, "min-mean": {"pca-1": 0.1166}, "mean-mean": {"pca-1": 0.3324}, "mean-min": {"pca-1": 0.3167}}, "1013": {"min-min": {"pca-1": 0.0}, "min-mean": {"pca-1": 0.0303}, "mean-mean": {"pca-1": 0.2347}, "mean-min": {"pca-1": 0.0908}}, "1014": {"min-min": {"pca-1": 0.0007}, "min-mean": {"pca-1": 0.0789}, "mean-mean": {"pca-1": 0.2731}, "mean-min": {"pca-1": 0.2353}}, "1015": {"min-min": {"pca-1": 0.0}, "min-mean": {"pca-1": 0.1148}, "mean-mean": {"pca-1": 0.3542}, "mean-min": {"pca-1": 0.325}}}}