{"1001": {"1001": {"min-min": {"pca-1": 0.2585}, "min-mean": {"pca-1": 0.3577}, "mean-mean": {"pca-1": 0.7496}, "mean-min": {"pca-1": 0.5562}}, "1002": {"min-min": {"pca-1": 0.4457}, "min-mean": {"pca-1": 0.4758}, "mean-mean": {"pca-1": 0.7304}, "mean-min": {"pca-1": 0.5269}}, "1003": {"min-min": {"pca-1": 0.2595}, "min-mean": {"pca-1": 0.4007}, "mean-mean": {"pca-1": 0.7678}, "mean-min": {"pca-1": 0.683}}, "1004": {"min-min": {"pca-1": 0.419}, "min-mean": {"pca-1": 0.4486}, "mean-mean": {"pca-1": 0.6997}, "mean-min": {"pca-1": 0.5079}}, "1005": {"min-min": {"pca-1": 0.5114}, "min-mean": {"pca-1": 0.5823}, "mean-mean": {"pca-1": 0.764}, "mean-min": {"pca-1": 0.7003}}, "1006": {"min-min": {"pca-1": 0.4271}, "min-mean": {"pca-1": 0.6075}, "mean-mean": {"pca-1": 0.8831}, "mean-min": {"pca-1": 0.8285}}, "1007": {"min-min": {"pca-1": 0.401}, "min-mean": {"pca-1": 0.5891}, "mean-mean": {"pca-1": 0.9197}, "mean-min": {"pca-1": 0.8676}}, "1008": {"min-min": {"pca-1": 0.4762}, "min-mean": {"pca-1": 0.5714}, "mean-mean": {"pca-1": 0.7695}, "mean-min": {"pca-1": 0.7067}}, "1009": {"min-min": {"pca-1": 0.1875}, "min-mean": {"pca-1": 0.2867}, "mean-mean": {"pca-1": 0.6733}, "mean-min": {"pca-1": 0.4852}}, "1010": {"min-min": {"pca-1": 0.3737}, "min-mean": {"pca-1": 0.5997}, "mean-mean": {"pca-1": 0.8705}, "mean-min": {"pca-1": 0.8002}}, "1011": {"min-min": {"pca-1": 0.4352}, "min-mean": {"pca-1": 0.47}, "mean-mean": {"pca-1": 0.6998}, "mean-min": {"pca-1": 0.5031}}, "1012": {"min-min": {"pca-1": 0.3297}, "min-mean": {"pca-1": 0.4052}, "mean-mean": {"pca-1": 0.7062}, "mean-min": {"pca-1": 0.5561}}, "1013": {"min-min": {"pca-1": 0.2508}, "min-mean": {"pca-1": 0.5558}, "mean-mean": {"pca-1": 0.9216}, "mean-min": {"pca-1": 0.7761}}, "1014": {"min-min": {"pca-1": 0.3278}, "min-mean": {"pca-1": 0.4378}, "mean-mean": {"pca-1": 0.7155}, "mean-min": {"pca-1": 0.6578}}, "1015": {"min-min": {"pca-1": 0.3435}, "min-mean": {"pca-1": 0.5502}, "mean-mean": {"pca-1": 0.8502}, "mean-min": {"pca-1": 0.8074}}}, "1002": {"1001": {"min-min": {"pca-1": 0.2946}, "min-mean": {"pca-1": 0.5017}, "mean-mean": {"pca-1": 0.8537}, "mean-min": {"pca-1": 0.8011}}, "1002": {"min-min": {"pca-1": 0.3106}, "min-mean": {"pca-1": 0.6451}, "mean-mean": {"pca-1": 1.0187}, "mean-min": {"pca-1": 0.8673}}, "1003": {"min-min": {"pca-1": 0.1506}, "min-mean": {"pca-1": 0.3237}, "mean-mean": {"pca-1": 0.709}, "mean-min": {"pca-1": 0.67}}, "1004": {"min-min": {"pca-1": 0.2982}, "min-mean": {"pca-1": 0.3503}, "mean-mean": {"pca-1": 0.7097}, "mean-min": {"pca-1": 0.4544}}, "1005": {"min-min": {"pca-1": 0.209}, "min-mean": {"pca-1": 0.3102}, "mean-mean": {"pca-1": 0.5497}, "mean-min": {"pca-1": 0.5126}}, "1006": {"min-min": {"pca-1": 0.4081}, "min-mean": {"pca-1": 0.554}, "mean-mean": {"pca-1": 0.8221}, "mean-min": {"pca-1": 0.7491}}, "1007": {"min-min": {"pca-1": 0.3538}, "min-mean": {"pca-1": 0.5701}, "mean-mean": {"pca-1": 1.0141}, "mean-min": {"pca-1": 1.0027}}, "1008": {"min-min": {"pca-1": 0.1734}, "min-mean": {"pca-1": 0.2531}, "mean-mean": {"pca-1": 0.4719}, "mean-min": {"pca-1": 0.4126}}, "1009": {"min-min": {"pca-1": 0.3246}, "min-mean": {"pca-1": 0.3805}, "mean-mean": {"pca-1": 0.6236}, "mean-min": {"pca-1": 0.4924}}, "1010": {"min-min": {"pca-1": 0.2887}, "min-mean": {"pca-1": 0.4942}, "mean-mean": {"pca-1": 0.7682}, "mean-min": {"pca-1": 0.6935}}, "1011": {"min-min": {"pca-1": 0.165}, "min-mean": {"pca-1": 0.2519}, "mean-mean": {"pca-1": 0.4631}, "mean-min": {"pca-1": 0.4257}}, "1012": {"min-min": {"pca-1": 0.148}, "min-mean": {"pca-1": 0.2921}, "mean-mean": {"pca-1": 0.6456}, "mean-min": {"pca-1": 0.5804}}, "1013": {"min-min": {"pca-1": 0.2313}, "min-mean": {"pca-1": 0.4224}, "mean-mean": {"pca-1": 0.7359}, "mean-min": {"pca-1": 0.6989}}, "1014": {"min-min": {"pca-1": 0.3575}, "min-mean": {"pca-1": 0.4437}, "mean-mean": {"pca-1": 0.6537}, "mean-min": {"pca-1": 0.5966}}, "1015": {"min-min": {"pca-1": 0.2448}, "min-mean": {"pca-1": 0.3173}, "mean-mean": {"pca-1": 0.5377}, "mean-min": {"pca-1": 0.4204}}}, "1003": {"1001": {"min-min": {"pca-1": 0.252}, "min-mean": {"pca-1": 0.3333}, "mean-mean": {"pca-1": 0.7143}, "mean-min": {"pca-1": 0.4958}}, "1002": {"min-min": {"pca-1": 0.3662}, "min-mean": {"pca-1": 0.4121}, "mean-mean": {"pca-1": 0.7088}, "mean-min": {"pca-1": 0.5039}}, "1003": {"min-min": {"pca-1": 0.2525}, "min-mean": {"pca-1": 0.3417}, "mean-mean": {"pca-1": 0.6918}, "mean-min": {"pca-1": 0.5201}}, "1004": {"min-min": {"pca-1": 0.229}, "min-mean": {"pca-1": 0.2929}, "mean-mean": {"pca-1": 0.6525}, "mean-min": {"pca-1": 0.4208}}, "1005": {"min-min": {"pca-1": 0.4014}, "min-mean": {"pca-1": 0.4484}, "mean-mean": {"pca-1": 0.6772}, "mean-min": {"pca-1": 0.5423}}, "1006": {"min-min": {"pca-1": 0.3249}, "min-mean": {"pca-1": 0.4606}, "mean-mean": {"pca-1": 0.7926}, "mean-min": {"pca-1": 0.7206}}, "1007": {"min-min": {"pca-1": 0.3359}, "min-mean": {"pca-1": 0.4872}, "mean-mean": {"pca-1": 0.8639}, "mean-min": {"pca-1": 0.7814}}, "1008": {"min-min": {"pca-1": 0.3527}, "min-mean": {"pca-1": 0.4447}, "mean-mean": {"pca-1": 0.7044}, "mean-min": {"pca-1": 0.6286}}, "1009": {"min-min": {"pca-1": 0.3142}, "min-mean": {"pca-1": 0.3554}, "mean-mean": {"pca-1": 0.6443}, "mean-min": {"pca-1": 0.4378}}, "1010": {"min-min": {"pca-1": 0.3081}, "min-mean": {"pca-1": 0.4943}, "mean-mean": {"pca-1": 0.7908}, "mean-min": {"pca-1": 0.6743}}, "1011": {"min-min": {"pca-1": 0.3577}, "min-mean": {"pca-1": 0.3776}, "mean-mean": {"pca-1": 0.6342}, "mean-min": {"pca-1": 0.3875}}, "1012": {"min-min": {"pca-1": 0.32}, "min-mean": {"pca-1": 0.3765}, "mean-mean": {"pca-1": 0.6544}, "mean-min": {"pca-1": 0.4895}}, "1013": {"min-min": {"pca-1": 0.2749}, "min-mean": {"pca-1": 0.4935}, "mean-mean": {"pca-1": 0.8156}, "mean-min": {"pca-1": 0.6723}}, "1014": {"min-min": {"pca-1": 0.2707}, "min-mean": {"pca-1": 0.3678}, "mean-mean": {"pca-1": 0.6647}, "mean-min": {"pca-1": 0.562}}, "1015": {"min-min": {"pca-1": 0.3627}, "min-mean": {"pca-1": 0.5149}, "mean-mean": {"pca-1": 0.7835}, "mean-min": {"pca-1": 0.7153}}}, "1004": {"1001": {"min-min": {"pca-1": 0.4844}, "min-mean": {"pca-1": 0.7289}, "mean-mean": {"pca-1": 1.0785}, "mean-min": {"pca-1": 1.0121}}, "1002": {"min-min": {"pca-1": 0.3694}, "min-mean": {"pca-1": 0.8027}, "mean-mean": {"pca-1": 1.2129}, "mean-min": {"pca-1": 0.9833}}, "1003": {"min-min": {"pca-1": 0.4105}, "min-mean": {"pca-1": 0.6519}, "mean-mean": {"pca-1": 1.0022}, "mean-min": {"pca-1": 0.9344}}, "1004": {"min-min": {"pca-1": 0.6243}, "min-mean": {"pca-1": 0.6656}, "mean-mean": {"pca-1": 0.9264}, "mean-min": {"pca-1": 0.7483}}, "1005": {"min-min": {"pca-1": 0.3289}, "min-mean": {"pca-1": 0.5167}, "mean-mean": {"pca-1": 0.781}, "mean-min": {"pca-1": 0.7002}}, "1006": {"min-min": {"pca-1": 0.2379}, "min-mean": {"pca-1": 0.4742}, "mean-mean": {"pca-1": 0.9629}, "mean-min": {"pca-1": 0.9467}}, "1007": {"min-min": {"pca-1": 0.3367}, "min-mean": {"pca-1": 0.6367}, "mean-mean": {"pca-1": 1.1721}, "mean-min": {"pca-1": 1.117}}, "1008": {"min-min": {"pca-1": 0.3106}, "min-mean": {"pca-1": 0.402}, "mean-mean": {"pca-1": 0.6459}, "mean-min": {"pca-1": 0.5849}}, "1009": {"min-min": {"pca-1": 0.4091}, "min-mean": {"pca-1": 0.5029}, "mean-mean": {"pca-1": 0.8076}, "mean-min": {"pca-1": 0.6904}}, "1010": {"min-min": {"pca-1": 0.1991}, "min-mean": {"pca-1": 0.4903}, "mean-mean": {"pca-1": 0.8903}, "mean-min": {"pca-1": 0.7805}}, "1011": {"min-min": {"pca-1": 0.2138}, "min-mean": {"pca-1": 0.2794}, "mean-mean": {"pca-1": 0.5707}, "mean-min": {"pca-1": 0.4107}}, "1012": {"min-min": {"pca-1": 0.4127}, "min-mean": {"pca-1": 0.4492}, "mean-mean": {"pca-1": 0.7094}, "mean-min": {"pca-1": 0.5222}}, "1013": {"min-min": {"pca-1": 0.3052}, "min-mean": {"pca-1": 0.4303}, "mean-mean": {"pca-1": 0.7578}, "mean-min": {"pca-1": 0.6806}}, "1014": {"min-min": {"pca-1": 0.3751}, "min-mean": {"pca-1": 0.4946}, "mean-mean": {"pca-1": 0.8023}, "mean-min": {"pca-1": 0.7336}}, "1015": {"min-min": {"pca-1": 0.2293}, "min-mean": {"pca-1": 0.2293}, "mean-mean": {"pca-1": 0.5356}, "mean-min": {"pca-1": 0.2293}}}, "1005": {"1001": {"min-min": {"pca-1": 0.1513}, "min-mean": {"pca-1": 0.2119}, "mean-mean": {"pca-1": 0.4233}, "mean-min": {"pca-1": 0.333}}, "1002": {"min-min": {"pca-1": 0.2055}, "min-mean": {"pca-1": 0.2391}, "mean-mean": {"pca-1": 0.4317}, "mean-min": {"pca-1": 0.3062}}, "1003": {"min-min": {"pca-1": 0.1794}, "min-mean": {"pca-1": 0.2218}, "mean-mean": {"pca-1": 0.4225}, "mean-min": {"pca-1": 0.2761}}, "1004": {"min-min": {"pca-1": 0.2149}, "min-mean": {"pca-1": 0.3627}, "mean-mean": {"pca-1": 0.532}, "mean-min": {"pca-1": 0.4623}}, "1005": {"min-min": {"pca-1": 0.2467}, "min-mean": {"pca-1": 0.3179}, "mean-mean": {"pca-1": 0.661}, "mean-min": {"pca-1": 0.4602}}, "1006": {"min-min": {"pca-1": 0.2095}, "min-mean": {"pca-1": 0.2813}, "mean-mean": {"pca-1": 0.485}, "mean-min": {"pca-1": 0.3879}}, "1007": {"min-min": {"pca-1": 0.1842}, "min-mean": {"pca-1": 0.1842}, "mean-mean": {"pca-1": 0.3773}, "mean-min": {"pca-1": 0.1842}}, "1008": {"min-min": {"pca-1": 0.3719}, "min-mean": {"pca-1": 0.5263}, "mean-mean": {"pca-1": 0.8574}, "mean-min": {"pca-1": 0.8351}}, "1009": {"min-min": {"pca-1": 0.2152}, "min-mean": {"pca-1": 0.3688}, "mean-mean": {"pca-1": 0.6135}, "mean-min": {"pca-1": 0.5785}}, "1010": {"min-min": {"pca-1": 0.2035}, "min-mean": {"pca-1": 0.2728}, "mean-mean": {"pca-1": 0.5592}, "mean-min": {"pca-1": 0.4113}}, "1011": {"min-min": {"pca-1": 0.5158}, "min-mean": {"pca-1": 0.587}, "mean-mean": {"pca-1": 0.8328}, "mean-min": {"pca-1": 0.7295}}, "1012": {"min-min": {"pca-1": 0.2667}, "min-mean": {"pca-1": 0.5215}, "mean-mean": {"pca-1": 0.796}, "mean-min": {"pca-1": 0.6994}}, "1013": {"min-min": {"pca-1": 0.3131}, "min-mean": {"pca-1": 0.4166}, "mean-mean": {"pca-1": 0.676}, "mean-min": {"pca-1": 0.6235}}, "1014": {"min-min": {"pca-1": 0.2275}, "min-mean": {"pca-1": 0.3141}, "mean-mean": {"pca-1": 0.5254}, "mean-min": {"pca-1": 0.473}}, "1015": {"min-min": {"pca-1": 0.2454}, "min-mean": {"pca-1": 0.6262}, "mean-mean": {"pca-1": 1.0319}, "mean-min": {"pca-1": 0.8746}}}, "1006": {"1001": {"min-min": {"pca-1": 0.1908}, "min-mean": {"pca-1": 0.2781}, "mean-mean": {"pca-1": 0.4394}, "mean-min": {"pca-1": 0.3871}}, "1002": {"min-min": {"pca-1": 0.238}, "min-mean": {"pca-1": 0.383}, "mean-mean": {"pca-1": 0.5791}, "mean-min": {"pca-1": 0.5256}}, "1003": {"min-min": {"pca-1": 0.1741}, "min-mean": {"pca-1": 0.185}, "mean-mean": {"pca-1": 0.3413}, "mean-min": {"pca-1": 0.2069}}, "1004": {"min-min": {"pca-1": 0.2606}, "min-mean": {"pca-1": 0.3613}, "mean-mean": {"pca-1": 0.508}, "mean-min": {"pca-1": 0.4609}}, "1005": {"min-min": {"pca-1": 0.1255}, "min-mean": {"pca-1": 0.2127}, "mean-mean": {"pca-1": 0.4977}, "mean-min": {"pca-1": 0.3871}}, "1006": {"min-min": {"pca-1": 0.1612}, "min-mean": {"pca-1": 0.1883}, "mean-mean": {"pca-1": 0.4267}, "mean-min": {"pca-1": 0.2425}}, "1007": {"min-min": {"pca-1": 0.2213}, "min-mean": {"pca-1": 0.2587}, "mean-mean": {"pca-1": 0.4869}, "mean-min": {"pca-1": 0.3334}}, "1008": {"min-min": {"pca-1": 0.1542}, "min-mean": {"pca-1": 0.3367}, "mean-mean": {"pca-1": 0.6433}, "mean-min": {"pca-1": 0.5919}}, "1009": {"min-min": {"pca-1": 0.1846}, "min-mean": {"pca-1": 0.3272}, "mean-mean": {"pca-1": 0.5134}, "mean-min": {"pca-1": 0.4598}}, "1010": {"min-min": {"pca-1": 0.1161}, "min-mean": {"pca-1": 0.1662}, "mean-mean": {"pca-1": 0.4325}, "mean-min": {"pca-1": 0.2665}}, "1011": {"min-min": {"pca-1": 0.1682}, "min-mean": {"pca-1": 0.3956}, "mean-mean": {"pca-1": 0.6407}, "mean-min": {"pca-1": 0.6031}}, "1012": {"min-min": {"pca-1": 0.1097}, "min-mean": {"pca-1": 0.4053}, "mean-mean": {"pca-1": 0.7106}, "mean-min": {"pca-1": 0.5584}}, "1013": {"min-min": {"pca-1": 0.2308}, "min-mean": {"pca-1": 0.2966}, "mean-mean": {"pca-1": 0.5381}, "mean-min": {"pca-1": 0.4283}}, "1014": {"min-min": {"pca-1": 0.1908}, "min-mean": {"pca-1": 0.2668}, "mean-mean": {"pca-1": 0.4338}, "mean-min": {"pca-1": 0.3933}}, "1015": {"min-min": {"pca-1": 0.1868}, "min-mean": {"pca-1": 0.438}, "mean-mean": {"pca-1": 0.765}, "mean-min": {"pca-1": 0.6574}}}, "1007": {"1001": {"min-min": {"pca-1": 0.5096}, "min-mean": {"pca-1": 0.6222}, "mean-mean": {"pca-1": 0.909}, "mean-min": {"pca-1": 0.8473}}, "1002": {"min-min": {"pca-1": 0.3628}, "min-mean": {"pca-1": 0.6382}, "mean-mean": {"pca-1": 1.0518}, "mean-min": {"pca-1": 0.9079}}, "1003": {"min-min": {"pca-1": 0.2314}, "min-mean": {"pca-1": 0.3869}, "mean-mean": {"pca-1": 0.7827}, "mean-min": {"pca-1": 0.6978}}, "1004": {"min-min": {"pca-1": 0.4441}, "min-mean": {"pca-1": 0.471}, "mean-mean": {"pca-1": 0.8059}, "mean-min": {"pca-1": 0.5249}}, "1005": {"min-min": {"pca-1": 0.2969}, "min-mean": {"pca-1": 0.3991}, "mean-mean": {"pca-1": 0.6144}, "mean-min": {"pca-1": 0.525}}, "1006": {"min-min": {"pca-1": 0.4414}, "min-mean": {"pca-1": 0.5381}, "mean-mean": {"pca-1": 0.8532}, "mean-min": {"pca-1": 0.7314}}, "1007": {"min-min": {"pca-1": 0.3528}, "min-mean": {"pca-1": 0.5488}, "mean-mean": {"pca-1": 1.0312}, "mean-min": {"pca-1": 0.9408}}, "1008": {"min-min": {"pca-1": 0.192}, "min-mean": {"pca-1": 0.305}, "mean-mean": {"pca-1": 0.5753}, "mean-min": {"pca-1": 0.5309}}, "1009": {"min-min": {"pca-1": 0.4825}, "min-mean": {"pca-1": 0.5518}, "mean-mean": {"pca-1": 0.7682}, "mean-min": {"pca-1": 0.6904}}, "1010": {"min-min": {"pca-1": 0.2543}, "min-mean": {"pca-1": 0.4479}, "mean-mean": {"pca-1": 0.7972}, "mean-min": {"pca-1": 0.7142}}, "1011": {"min-min": {"pca-1": 0.2717}, "min-mean": {"pca-1": 0.3534}, "mean-mean": {"pca-1": 0.5501}, "mean-min": {"pca-1": 0.5151}}, "1012": {"min-min": {"pca-1": 0.2854}, "min-mean": {"pca-1": 0.3707}, "mean-mean": {"pca-1": 0.7055}, "mean-min": {"pca-1": 0.5413}}, "1013": {"min-min": {"pca-1": 0.2793}, "min-mean": {"pca-1": 0.4479}, "mean-mean": {"pca-1": 0.8062}, "mean-min": {"pca-1": 0.7596}}, "1014": {"min-min": {"pca-1": 0.4549}, "min-mean": {"pca-1": 0.5251}, "mean-mean": {"pca-1": 0.7641}, "mean-min": {"pca-1": 0.6654}}, "1015": {"min-min": {"pca-1": 0.2558}, "min-mean": {"pca-1": 0.2816}, "mean-mean": {"pca-1": 0.5386}, "mean-min": {"pca-1": 0.3333}}}, "1008": {"1001": {"min-min": {"pca-1": 0.2254}, "min-mean": {"pca-1": 0.3413}, "mean-mean": {"pca-1": 0.7353}, "mean-min": {"pca-1": 0.4971}}, "1002": {"min-min": {"pca-1": 0.3192}, "min-mean": {"pca-1": 0.3711}, "mean-mean": {"pca-1": 0.6848}, "mean-min": {"pca-1": 0.397}}, "1003": {"min-min": {"pca-1": 0.361}, "min-mean": {"pca-1": 0.4667}, "mean-mean": {"pca-1": 0.8334}, "mean-min": {"pca-1": 0.6782}}, "1004": {"min-min": {"pca-1": 0.3819}, "min-mean": {"pca-1": 0.5194}, "mean-mean": {"pca-1": 0.8072}, "mean-min": {"pca-1": 0.7945}}, "1005": {"min-min": {"pca-1": 0.5898}, "min-mean": {"pca-1": 0.6488}, "mean-mean": {"pca-1": 0.9954}, "mean-min": {"pca-1": 0.7093}}, "1006": {"min-min": {"pca-1": 0.2713}, "min-mean": {"pca-1": 0.5707}, "mean-mean": {"pca-1": 0.9318}, "mean-min": {"pca-1": 0.8857}}, "1007": {"min-min": {"pca-1": 0.27}, "min-mean": {"pca-1": 0.5352}, "mean-mean": {"pca-1": 0.7897}, "mean-min": {"pca-1": 0.7756}}, "1008": {"min-min": {"pca-1": 0.702}, "min-mean": {"pca-1": 0.7882}, "mean-mean": {"pca-1": 1.1353}, "mean-min": {"pca-1": 0.9607}}, "1009": {"min-min": {"pca-1": 0.3378}, "min-mean": {"pca-1": 0.4795}, "mean-mean": {"pca-1": 0.8859}, "mean-min": {"pca-1": 0.7628}}, "1010": {"min-min": {"pca-1": 0.2309}, "min-mean": {"pca-1": 0.5945}, "mean-mean": {"pca-1": 1.0007}, "mean-min": {"pca-1": 0.9479}}, "1011": {"min-min": {"pca-1": 0.4788}, "min-mean": {"pca-1": 0.6098}, "mean-mean": {"pca-1": 1.1125}, "mean-min": {"pca-1": 0.8717}}, "1012": {"min-min": {"pca-1": 0.5061}, "min-mean": {"pca-1": 0.628}, "mean-mean": {"pca-1": 0.9838}, "mean-min": {"pca-1": 0.8717}}, "1013": {"min-min": {"pca-1": 0.213}, "min-mean": {"pca-1": 0.5288}, "mean-mean": {"pca-1": 1.0657}, "mean-min": {"pca-1": 0.9443}}, "1014": {"min-min": {"pca-1": 0.4245}, "min-mean": {"pca-1": 0.5347}, "mean-mean": {"pca-1": 0.8744}, "mean-min": {"pca-1": 0.7551}}, "1015": {"min-min": {"pca-1": 0.3958}, "min-mean": {"pca-1": 0.8305}, "mean-mean": {"pca-1": 1.3309}, "mean-min": {"pca-1": 1.1208}}}, "1009": {"1001": {"min-min": {"pca-1": 0.4968}, "min-mean": {"pca-1": 0.6722}, "mean-mean": {"pca-1": 0.9735}, "mean-min": {"pca-1": 0.929}}, "1002": {"min-min": {"pca-1": 0.4393}, "min-mean": {"pca-1": 0.6959}, "mean-mean": {"pca-1": 1.0361}, "mean-min": {"pca-1": 1.0126}}, "1003": {"min-min": {"pca-1": 0.3176}, "min-mean": {"pca-1": 0.6102}, "mean-mean": {"pca-1": 0.9029}, "mean-min": {"pca-1": 0.8717}}, "1004": {"min-min": {"pca-1": 0.3957}, "min-mean": {"pca-1": 0.5021}, "mean-mean": {"pca-1": 0.8759}, "mean-min": {"pca-1": 0.6797}}, "1005": {"min-min": {"pca-1": 0.2197}, "min-mean": {"pca-1": 0.4746}, "mean-mean": {"pca-1": 0.701}, "mean-min": {"pca-1": 0.602}}, "1006": {"min-min": {"pca-1": 0.5198}, "min-mean": {"pca-1": 0.6891}, "mean-mean": {"pca-1": 0.9465}, "mean-min": {"pca-1": 0.8884}}, "1007": {"min-min": {"pca-1": 0.5623}, "min-mean": {"pca-1": 0.74}, "mean-mean": {"pca-1": 1.1016}, "mean-min": {"pca-1": 1.0925}}, "1008": {"min-min": {"pca-1": 0.2104}, "min-mean": {"pca-1": 0.4486}, "mean-mean": {"pca-1": 0.7054}, "mean-min": {"pca-1": 0.6693}}, "1009": {"min-min": {"pca-1": 0.4623}, "min-mean": {"pca-1": 0.6289}, "mean-mean": {"pca-1": 0.8758}, "mean-min": {"pca-1": 0.8562}}, "1010": {"min-min": {"pca-1": 0.5488}, "min-mean": {"pca-1": 0.7655}, "mean-mean": {"pca-1": 0.9417}, "mean-min": {"pca-1": 0.8495}}, "1011": {"min-min": {"pca-1": 0.2288}, "min-mean": {"pca-1": 0.4573}, "mean-mean": {"pca-1": 0.7226}, "mean-min": {"pca-1": 0.6353}}, "1012": {"min-min": {"pca-1": 0.3577}, "min-mean": {"pca-1": 0.5708}, "mean-mean": {"pca-1": 0.8461}, "mean-min": {"pca-1": 0.8379}}, "1013": {"min-min": {"pca-1": 0.2933}, "min-mean": {"pca-1": 0.5513}, "mean-mean": {"pca-1": 0.8936}, "mean-min": {"pca-1": 0.8564}}, "1014": {"min-min": {"pca-1": 0.3504}, "min-mean": {"pca-1": 0.6334}, "mean-mean": {"pca-1": 0.8874}, "mean-min": {"pca-1": 0.8638}}, "1015": {"min-min": {"pca-1": 0.3343}, "min-mean": {"pca-1": 0.4607}, "mean-mean": {"pca-1": 0.7194}, "mean-min": {"pca-1": 0.6567}}}, "1010": {"1001": {"min-min": {"pca-1": 0.2874}, "min-mean": {"pca-1": 0.428}, "mean-mean": {"pca-1": 0.6448}, "mean-min": {"pca-1": 0.6146}}, "1002": {"min-min": {"pca-1": 0.2838}, "min-mean": {"pca-1": 0.4062}, "mean-mean": {"pca-1": 0.6011}, "mean-min": {"pca-1": 0.5865}}, "1003": {"min-min": {"pca-1": 0.2546}, "min-mean": {"pca-1": 0.4111}, "mean-mean": {"pca-1": 0.6365}, "mean-min": {"pca-1": 0.6233}}, "1004": {"min-min": {"pca-1": 0.2697}, "min-mean": {"pca-1": 0.4748}, "mean-mean": {"pca-1": 0.6819}, "mean-min": {"pca-1": 0.5925}}, "1005": {"min-min": {"pca-1": 0.3188}, "min-mean": {"pca-1": 0.4699}, "mean-mean": {"pca-1": 0.8018}, "mean-min": {"pca-1": 0.7721}}, "1006": {"min-min": {"pca-1": 0.3418}, "min-mean": {"pca-1": 0.3418}, "mean-mean": {"pca-1": 0.5363}, "mean-min": {"pca-1": 0.3418}}, "1007": {"min-min": {"pca-1": 0.17}, "min-mean": {"pca-1": 0.2627}, "mean-mean": {"pca-1": 0.5451}, "mean-min": {"pca-1": 0.448}}, "1008": {"min-min": {"pca-1": 0.5281}, "min-mean": {"pca-1": 0.739}, "mean-mean": {"pca-1": 0.9782}, "mean-min": {"pca-1": 0.8801}}, "1009": {"min-min": {"pca-1": 0.2973}, "min-mean": {"pca-1": 0.6253}, "mean-mean": {"pca-1": 0.8816}, "mean-min": {"pca-1": 0.67}}, "1010": {"min-min": {"pca-1": 0.3589}, "min-mean": {"pca-1": 0.3604}, "mean-mean": {"pca-1": 0.5917}, "mean-min": {"pca-1": 0.3635}}, "1011": {"min-min": {"pca-1": 0.5034}, "min-mean": {"pca-1": 0.6151}, "mean-mean": {"pca-1": 0.8729}, "mean-min": {"pca-1": 0.7992}}, "1012": {"min-min": {"pca-1": 0.3124}, "min-mean": {"pca-1": 0.5363}, "mean-mean": {"pca-1": 0.8117}, "mean-min": {"pca-1": 0.7187}}, "1013": {"min-min": {"pca-1": 0.2671}, "min-mean": {"pca-1": 0.2796}, "mean-mean": {"pca-1": 0.5905}, "mean-min": {"pca-1": 0.3046}}, "1014": {"min-min": {"pca-1": 0.2209}, "min-mean": {"pca-1": 0.3666}, "mean-mean": {"pca-1": 0.6498}, "mean-min": {"pca-1": 0.6429}}, "1015": {"min-min": {"pca-1": 0.3607}, "min-mean": {"pca-1": 0.5657}, "mean-mean": {"pca-1": 0.9084}, "mean-min": {"pca-1": 0.8579}}}, "1011": {"1001": {"min-min": {"pca-1": 0.1956}, "min-mean": {"pca-1": 0.3095}, "mean-mean": {"pca-1": 0.5868}, "mean-min": {"pca-1": 0.5372}}, "1002": {"min-min": {"pca-1": 0.1842}, "min-mean": {"pca-1": 0.2519}, "mean-mean": {"pca-1": 0.5324}, "mean-min": {"pca-1": 0.3007}}, "1003": {"min-min": {"pca-1": 0.1914}, "min-mean": {"pca-1": 0.3449}, "mean-mean": {"pca-1": 0.6447}, "mean-min": {"pca-1": 0.5904}}, "1004": {"min-min": {"pca-1": 0.176}, "min-mean": {"pca-1": 0.4411}, "mean-mean": {"pca-1": 0.7221}, "mean-min": {"pca-1": 0.5951}}, "1005": {"min-min": {"pca-1": 0.2674}, "min-mean": {"pca-1": 0.4446}, "mean-mean": {"pca-1": 0.9263}, "mean-min": {"pca-1": 0.7991}}, "1006": {"min-min": {"pca-1": 0.1959}, "min-mean": {"pca-1": 0.3522}, "mean-mean": {"pca-1": 0.6681}, "mean-min": {"pca-1": 0.6648}}, "1007": {"min-min": {"pca-1": 0.2087}, "min-mean": {"pca-1": 0.2222}, "mean-mean": {"pca-1": 0.4375}, "mean-min": {"pca-1": 0.2493}}, "1008": {"min-min": {"pca-1": 0.5183}, "min-mean": {"pca-1": 0.7483}, "mean-mean": {"pca-1": 1.1274}, "mean-min": {"pca-1": 1.0792}}, "1009": {"min-min": {"pca-1": 0.2011}, "min-mean": {"pca-1": 0.4925}, "mean-mean": {"pca-1": 0.8808}, "mean-min": {"pca-1": 0.7751}}, "1010": {"min-min": {"pca-1": 0.2495}, "min-mean": {"pca-1": 0.2931}, "mean-mean": {"pca-1": 0.6864}, "mean-min": {"pca-1": 0.3802}}, "1011": {"min-min": {"pca-1": 0.6836}, "min-mean": {"pca-1": 0.812}, "mean-mean": {"pca-1": 1.1}, "mean-min": {"pca-1": 1.0559}}, "1012": {"min-min": {"pca-1": 0.2202}, "min-mean": {"pca-1": 0.6148}, "mean-mean": {"pca-1": 1.0418}, "mean-min": {"pca-1": 0.8679}}, "1013": {"min-min": {"pca-1": 0.3709}, "min-mean": {"pca-1": 0.5255}, "mean-mean": {"pca-1": 0.8482}, "mean-min": {"pca-1": 0.7558}}, "1014": {"min-min": {"pca-1": 0.2451}, "min-mean": {"pca-1": 0.4595}, "mean-mean": {"pca-1": 0.7312}, "mean-min": {"pca-1": 0.7194}}, "1015": {"min-min": {"pca-1": 0.2031}, "min-mean": {"pca-1": 0.6576}, "mean-mean": {"pca-1": 1.2575}, "mean-min": {"pca-1": 1.0788}}}, "1012": {"1001": {"min-min": {"pca-1": 0.29}, "min-mean": {"pca-1": 0.4733}, "mean-mean": {"pca-1": 0.7125}, "mean-min": {"pca-1": 0.6831}}, "1002": {"min-min": {"pca-1": 0.222}, "min-mean": {"pca-1": 0.4571}, "mean-mean": {"pca-1": 0.7578}, "mean-min": {"pca-1": 0.7257}}, "1003": {"min-min": {"pca-1": 0.3509}, "min-mean": {"pca-1": 0.4717}, "mean-mean": {"pca-1": 0.6576}, "mean-min": {"pca-1": 0.6459}}, "1004": {"min-min": {"pca-1": 0.2207}, "min-mean": {"pca-1": 0.4551}, "mean-mean": {"pca-1": 0.7416}, "mean-min": {"pca-1": 0.7048}}, "1005": {"min-min": {"pca-1": 0.2231}, "min-mean": {"pca-1": 0.4137}, "mean-mean": {"pca-1": 0.6854}, "mean-min": {"pca-1": 0.6393}}, "1006": {"min-min": {"pca-1": 0.3248}, "min-mean": {"pca-1": 0.4075}, "mean-mean": {"pca-1": 0.6582}, "mean-min": {"pca-1": 0.5481}}, "1007": {"min-min": {"pca-1": 0.3522}, "min-mean": {"pca-1": 0.4808}, "mean-mean": {"pca-1": 0.7605}, "mean-min": {"pca-1": 0.7331}}, "1008": {"min-min": {"pca-1": 0.2329}, "min-mean": {"pca-1": 0.5307}, "mean-mean": {"pca-1": 0.8238}, "mean-min": {"pca-1": 0.6516}}, "1009": {"min-min": {"pca-1": 0.1636}, "min-mean": {"pca-1": 0.5034}, "mean-mean": {"pca-1": 0.8188}, "mean-min": {"pca-1": 0.6401}}, "1010": {"min-min": {"pca-1": 0.2639}, "min-mean": {"pca-1": 0.3379}, "mean-mean": {"pca-1": 0.6157}, "mean-min": {"pca-1": 0.486}}, "1011": {"min-min": {"pca-1": 0.171}, "min-mean": {"pca-1": 0.4019}, "mean-mean": {"pca-1": 0.7071}, "mean-min": {"pca-1": 0.6226}}, "1012": {"min-min": {"pca-1": 0.2627}, "min-mean": {"pca-1": 0.5056}, "mean-mean": {"pca-1": 0.7679}, "mean-min": {"pca-1": 0.6903}}, "1013": {"min-min": {"pca-1": 0.304}, "min-mean": {"pca-1": 0.3231}, "mean-mean": {"pca-1": 0.6014}, "mean-min": {"pca-1": 0.3516}}, "1014": {"min-min": {"pca-1": 0.198}, "min-mean": {"pca-1": 0.4247}, "mean-mean": {"pca-1": 0.7056}, "mean-min": {"pca-1": 0.6394}}, "1015": {"min-min": {"pca-1": 0.2844}, "min-mean": {"pca-1": 0.4376}, "mean-mean": {"pca-1": 0.71}, "mean-min": {"pca-1": 0.6551}}}, "1013": {"1001": {"min-min": {"pca-1": 0.1291}, "min-mean": {"pca-1": 0.2749}, "mean-mean": {"pca-1": 0.5939}, "mean-min": {"pca-1": 0.5665}}, "1002": {"min-min": {"pca-1": 0.2235}, "min-mean": {"pca-1": 0.31}, "mean-mean": {"pca-1": 0.5453}, "mean-min": {"pca-1": 0.3532}}, "1003": {"min-min": {"pca-1": 0.2187}, "min-mean": {"pca-1": 0.3352}, "mean-mean": {"pca-1": 0.6086}, "mean-min": {"pca-1": 0.5682}}, "1004": {"min-min": {"pca-1": 0.1361}, "min-mean": {"pca-1": 0.4327}, "mean-mean": {"pca-1": 0.7459}, "mean-min": {"pca-1": 0.5747}}, "1005": {"min-min": {"pca-1": 0.159}, "min-mean": {"pca-1": 0.4214}, "mean-mean": {"pca-1": 0.8622}, "mean-min": {"pca-1": 0.7775}}, "1006": {"min-min": {"pca-1": 0.2157}, "min-mean": {"pca-1": 0.2815}, "mean-mean": {"pca-1": 0.581}, "mean-min": {"pca-1": 0.4078}}, "1007": {"min-min": {"pca-1": 0.2345}, "min-mean": {"pca-1": 0.2492}, "mean-mean": {"pca-1": 0.4849}, "mean-min": {"pca-1": 0.2707}}, "1008": {"min-min": {"pca-1": 0.2602}, "min-mean": {"pca-1": 0.6844}, "mean-mean": {"pca-1": 1.0879}, "mean-min": {"pca-1": 0.8844}}, "1009": {"min-min": {"pca-1": 0.1881}, "min-mean": {"pca-1": 0.5349}, "mean-mean": {"pca-1": 0.895}, "mean-min": {"pca-1": 0.6917}}, "1010": {"min-min": {"pca-1": 0.268}, "min-mean": {"pca-1": 0.268}, "mean-mean": {"pca-1": 0.5977}, "mean-min": {"pca-1": 0.268}}, "1011": {"min-min": {"pca-1": 0.2631}, "min-mean": {"pca-1": 0.6526}, "mean-mean": {"pca-1": 1.0653}, "mean-min": {"pca-1": 0.8869}}, "1012": {"min-min": {"pca-1": 0.2447}, "min-mean": {"pca-1": 0.69}, "mean-mean": {"pca-1": 1.0697}, "mean-min": {"pca-1": 0.7736}}, "1013": {"min-min": {"pca-1": 0.2439}, "min-mean": {"pca-1": 0.3293}, "mean-mean": {"pca-1": 0.7156}, "mean-min": {"pca-1": 0.5002}}, "1014": {"min-min": {"pca-1": 0.2957}, "min-mean": {"pca-1": 0.4866}, "mean-mean": {"pca-1": 0.7551}, "mean-min": {"pca-1": 0.67}}, "1015": {"min-min": {"pca-1": 0.2839}, "min-mean": {"pca-1": 0.6815}, "mean-mean": {"pca-1": 1.1406}, "mean-min": {"pca-1": 0.8745}}}, "1014": {"1001": {"min-min": {"pca-1": 0.2092}, "min-mean": {"pca-1": 0.4644}, "mean-mean": {"pca-1": 0.6712}, "mean-min": {"pca-1": 0.5404}}, "1002": {"min-min": {"pca-1": 0.2811}, "min-mean": {"pca-1": 0.5622}, "mean-mean": {"pca-1": 0.7234}, "mean-min": {"pca-1": 0.5539}}, "1003": {"min-min": {"pca-1": 0.1721}, "min-mean": {"pca-1": 0.3403}, "mean-mean": {"pca-1": 0.5646}, "mean-min": {"pca-1": 0.4984}}, "1004": {"min-min": {"pca-1": 0.2673}, "min-mean": {"pca-1": 0.4104}, "mean-mean": {"pca-1": 0.5716}, "mean-min": {"pca-1": 0.5236}}, "1005": {"min-min": {"pca-1": 0.1681}, "min-mean": {"pca-1": 0.3155}, "mean-mean": {"pca-1": 0.554}, "mean-min": {"pca-1": 0.5473}}, "1006": {"min-min": {"pca-1": 0.1856}, "min-mean": {"pca-1": 0.3157}, "mean-mean": {"pca-1": 0.5725}, "mean-min": {"pca-1": 0.5197}}, "1007": {"min-min": {"pca-1": 0.2484}, "min-mean": {"pca-1": 0.4255}, "mean-mean": {"pca-1": 0.6915}, "mean-min": {"pca-1": 0.6184}}, "1008": {"min-min": {"pca-1": 0.1951}, "min-mean": {"pca-1": 0.3283}, "mean-mean": {"pca-1": 0.5655}, "mean-min": {"pca-1": 0.5083}}, "1009": {"min-min": {"pca-1": 0.2556}, "min-mean": {"pca-1": 0.3993}, "mean-mean": {"pca-1": 0.5995}, "mean-min": {"pca-1": 0.5186}}, "1010": {"min-min": {"pca-1": 0.1824}, "min-mean": {"pca-1": 0.3384}, "mean-mean": {"pca-1": 0.581}, "mean-min": {"pca-1": 0.5454}}, "1011": {"min-min": {"pca-1": 0.2268}, "min-mean": {"pca-1": 0.2563}, "mean-mean": {"pca-1": 0.5241}, "mean-min": {"pca-1": 0.3153}}, "1012": {"min-min": {"pca-1": 0.1709}, "min-mean": {"pca-1": 0.2854}, "mean-mean": {"pca-1": 0.5178}, "mean-min": {"pca-1": 0.4138}}, "1013": {"min-min": {"pca-1": 0.3015}, "min-mean": {"pca-1": 0.4222}, "mean-mean": {"pca-1": 0.6097}, "mean-min": {"pca-1": 0.6047}}, "1014": {"min-min": {"pca-1": 0.2467}, "min-mean": {"pca-1": 0.2889}, "mean-mean": {"pca-1": 0.4449}, "mean-min": {"pca-1": 0.3207}}, "1015": {"min-min": {"pca-1": 0.2491}, "min-mean": {"pca-1": 0.3639}, "mean-mean": {"pca-1": 0.6063}, "mean-min": {"pca-1": 0.4949}}}, "1015": {"1001": {"min-min": {"pca-1": 0.1646}, "min-mean": {"pca-1": 0.2477}, "mean-mean": {"pca-1": 0.4785}, "mean-min": {"pca-1": 0.4138}}, "1002": {"min-min": {"pca-1": 0.2712}, "min-mean": {"pca-1": 0.3815}, "mean-mean": {"pca-1": 0.5753}, "mean-min": {"pca-1": 0.4792}}, "1003": {"min-min": {"pca-1": 0.1202}, "min-mean": {"pca-1": 0.1794}, "mean-mean": {"pca-1": 0.4455}, "mean-min": {"pca-1": 0.2977}}, "1004": {"min-min": {"pca-1": 0.1938}, "min-mean": {"pca-1": 0.322}, "mean-mean": {"pca-1": 0.5479}, "mean-min": {"pca-1": 0.464}}, "1005": {"min-min": {"pca-1": 0.1912}, "min-mean": {"pca-1": 0.2812}, "mean-mean": {"pca-1": 0.6563}, "mean-min": {"pca-1": 0.4613}}, "1006": {"min-min": {"pca-1": 0.2035}, "min-mean": {"pca-1": 0.2346}, "mean-mean": {"pca-1": 0.4908}, "mean-min": {"pca-1": 0.2968}}, "1007": {"min-min": {"pca-1": 0.2171}, "min-mean": {"pca-1": 0.2394}, "mean-mean": {"pca-1": 0.4507}, "mean-min": {"pca-1": 0.284}}, "1008": {"min-min": {"pca-1": 0.1401}, "min-mean": {"pca-1": 0.3227}, "mean-mean": {"pca-1": 0.8018}, "mean-min": {"pca-1": 0.688}}, "1009": {"min-min": {"pca-1": 0.2188}, "min-mean": {"pca-1": 0.3539}, "mean-mean": {"pca-1": 0.6185}, "mean-min": {"pca-1": 0.5006}}, "1010": {"min-min": {"pca-1": 0.1935}, "min-mean": {"pca-1": 0.2232}, "mean-mean": {"pca-1": 0.5403}, "mean-min": {"pca-1": 0.2825}}, "1011": {"min-min": {"pca-1": 0.4086}, "min-mean": {"pca-1": 0.4463}, "mean-mean": {"pca-1": 0.7638}, "mean-min": {"pca-1": 0.5217}}, "1012": {"min-min": {"pca-1": 0.1903}, "min-mean": {"pca-1": 0.4019}, "mean-mean": {"pca-1": 0.7673}, "mean-min": {"pca-1": 0.6223}}, "1013": {"min-min": {"pca-1": 0.1934}, "min-mean": {"pca-1": 0.3074}, "mean-mean": {"pca-1": 0.6692}, "mean-min": {"pca-1": 0.5355}}, "1014": {"min-min": {"pca-1": 0.1963}, "min-mean": {"pca-1": 0.2397}, "mean-mean": {"pca-1": 0.4906}, "mean-min": {"pca-1": 0.3265}}, "1015": {"min-min": {"pca-1": 0.2264}, "min-mean": {"pca-1": 0.4732}, "mean-mean": {"pca-1": 0.9249}, "mean-min": {"pca-1": 0.7683}}}}