{"1001": {"1001": {"min-min": {"pca-1": 0.0677}, "min-mean": {"pca-1": 0.395}, "mean-mean": {"pca-1": 0.7866}, "mean-min": {"pca-1": 0.7088}}, "1002": {"min-min": {"pca-1": 0.1695}, "min-mean": {"pca-1": 0.4459}, "mean-mean": {"pca-1": 0.7794}, "mean-min": {"pca-1": 0.7007}}, "1003": {"min-min": {"pca-1": 0.0775}, "min-mean": {"pca-1": 0.4201}, "mean-mean": {"pca-1": 0.7178}, "mean-min": {"pca-1": 0.6572}}, "1004": {"min-min": {"pca-1": 0.265}, "min-mean": {"pca-1": 0.5585}, "mean-mean": {"pca-1": 0.8532}, "mean-min": {"pca-1": 0.728}}, "1005": {"min-min": {"pca-1": 0.1152}, "min-mean": {"pca-1": 0.3925}, "mean-mean": {"pca-1": 0.7352}, "mean-min": {"pca-1": 0.6497}}, "1006": {"min-min": {"pca-1": 0.2248}, "min-mean": {"pca-1": 0.417}, "mean-mean": {"pca-1": 0.7036}, "mean-min": {"pca-1": 0.7003}}, "1007": {"min-min": {"pca-1": 0.0927}, "min-mean": {"pca-1": 0.3672}, "mean-mean": {"pca-1": 0.7391}, "mean-min": {"pca-1": 0.7249}}, "1008": {"min-min": {"pca-1": 0.0621}, "min-mean": {"pca-1": 0.3911}, "mean-mean": {"pca-1": 0.7685}, "mean-min": {"pca-1": 0.6593}}, "1009": {"min-min": {"pca-1": 0.0604}, "min-mean": {"pca-1": 0.3729}, "mean-mean": {"pca-1": 0.7851}, "mean-min": {"pca-1": 0.6497}}, "1010": {"min-min": {"pca-1": 0.1736}, "min-mean": {"pca-1": 0.3916}, "mean-mean": {"pca-1": 0.6869}, "mean-min": {"pca-1": 0.5902}}, "1011": {"min-min": {"pca-1": 0.0913}, "min-mean": {"pca-1": 0.3669}, "mean-mean": {"pca-1": 0.7143}, "mean-min": {"pca-1": 0.6507}}, "1012": {"min-min": {"pca-1": 0.1675}, "min-mean": {"pca-1": 0.3615}, "mean-mean": {"pca-1": 0.7121}, "mean-min": {"pca-1": 0.6741}}, "1013": {"min-min": {"pca-1": 0.1408}, "min-mean": {"pca-1": 0.3617}, "mean-mean": {"pca-1": 0.729}, "mean-min": {"pca-1": 0.6956}}, "1014": {"min-min": {"pca-1": 0.1629}, "min-mean": {"pca-1": 0.3777}, "mean-mean": {"pca-1": 0.6832}, "mean-min": {"pca-1": 0.6576}}, "1015": {"min-min": {"pca-1": 0.0763}, "min-mean": {"pca-1": 0.3906}, "mean-mean": {"pca-1": 0.7332}, "mean-min": {"pca-1": 0.6576}}}, "1002": {"1001": {"min-min": {"pca-1": 0.1578}, "min-mean": {"pca-1": 0.3121}, "mean-mean": {"pca-1": 0.7004}, "mean-min": {"pca-1": 0.6208}}, "1002": {"min-min": {"pca-1": 0.1919}, "min-mean": {"pca-1": 0.508}, "mean-mean": {"pca-1": 0.8872}, "mean-min": {"pca-1": 0.7366}}, "1003": {"min-min": {"pca-1": 0.0649}, "min-mean": {"pca-1": 0.2163}, "mean-mean": {"pca-1": 0.616}, "mean-min": {"pca-1": 0.519}}, "1004": {"min-min": {"pca-1": 0.1817}, "min-mean": {"pca-1": 0.341}, "mean-mean": {"pca-1": 0.733}, "mean-min": {"pca-1": 0.6597}}, "1005": {"min-min": {"pca-1": 0.14}, "min-mean": {"pca-1": 0.2224}, "mean-mean": {"pca-1": 0.5596}, "mean-min": {"pca-1": 0.3873}}, "1006": {"min-min": {"pca-1": 0.105}, "min-mean": {"pca-1": 0.3963}, "mean-mean": {"pca-1": 0.8601}, "mean-min": {"pca-1": 0.7804}}, "1007": {"min-min": {"pca-1": 0.2253}, "min-mean": {"pca-1": 0.4895}, "mean-mean": {"pca-1": 0.8934}, "mean-min": {"pca-1": 0.8112}}, "1008": {"min-min": {"pca-1": 0.1182}, "min-mean": {"pca-1": 0.1418}, "mean-mean": {"pca-1": 0.4718}, "mean-min": {"pca-1": 0.189}}, "1009": {"min-min": {"pca-1": 0.1531}, "min-mean": {"pca-1": 0.2032}, "mean-mean": {"pca-1": 0.5461}, "mean-min": {"pca-1": 0.3035}}, "1010": {"min-min": {"pca-1": 0.1285}, "min-mean": {"pca-1": 0.4207}, "mean-mean": {"pca-1": 0.8323}, "mean-min": {"pca-1": 0.755}}, "1011": {"min-min": {"pca-1": 0.0656}, "min-mean": {"pca-1": 0.2674}, "mean-mean": {"pca-1": 0.5964}, "mean-min": {"pca-1": 0.5696}}, "1012": {"min-min": {"pca-1": 0.0848}, "min-mean": {"pca-1": 0.2221}, "mean-mean": {"pca-1": 0.5837}, "mean-min": {"pca-1": 0.3374}}, "1013": {"min-min": {"pca-1": 0.1}, "min-mean": {"pca-1": 0.4713}, "mean-mean": {"pca-1": 0.8724}, "mean-min": {"pca-1": 0.7148}}, "1014": {"min-min": {"pca-1": 0.1952}, "min-mean": {"pca-1": 0.3376}, "mean-mean": {"pca-1": 0.6866}, "mean-min": {"pca-1": 0.5847}}, "1015": {"min-min": {"pca-1": 0.105}, "min-mean": {"pca-1": 0.2263}, "mean-mean": {"pca-1": 0.5659}, "mean-min": {"pca-1": 0.4689}}}, "1003": {"1001": {"min-min": {"pca-1": 0.1684}, "min-mean": {"pca-1": 0.4057}, "mean-mean": {"pca-1": 0.7635}, "mean-min": {"pca-1": 0.7296}}, "1002": {"min-min": {"pca-1": 0.1934}, "min-mean": {"pca-1": 0.416}, "mean-mean": {"pca-1": 0.7482}, "mean-min": {"pca-1": 0.6815}}, "1003": {"min-min": {"pca-1": 0.0617}, "min-mean": {"pca-1": 0.3872}, "mean-mean": {"pca-1": 0.6972}, "mean-min": {"pca-1": 0.6822}}, "1004": {"min-min": {"pca-1": 0.1902}, "min-mean": {"pca-1": 0.5009}, "mean-mean": {"pca-1": 0.8294}, "mean-min": {"pca-1": 0.7234}}, "1005": {"min-min": {"pca-1": 0.1522}, "min-mean": {"pca-1": 0.3995}, "mean-mean": {"pca-1": 0.7104}, "mean-min": {"pca-1": 0.6865}}, "1006": {"min-min": {"pca-1": 0.1027}, "min-mean": {"pca-1": 0.3391}, "mean-mean": {"pca-1": 0.6746}, "mean-min": {"pca-1": 0.6381}}, "1007": {"min-min": {"pca-1": 0.2106}, "min-mean": {"pca-1": 0.3737}, "mean-mean": {"pca-1": 0.7126}, "mean-min": {"pca-1": 0.6748}}, "1008": {"min-min": {"pca-1": 0.112}, "min-mean": {"pca-1": 0.3743}, "mean-mean": {"pca-1": 0.7556}, "mean-min": {"pca-1": 0.6959}}, "1009": {"min-min": {"pca-1": 0.1797}, "min-mean": {"pca-1": 0.4323}, "mean-mean": {"pca-1": 0.7685}, "mean-min": {"pca-1": 0.6931}}, "1010": {"min-min": {"pca-1": 0.2029}, "min-mean": {"pca-1": 0.3671}, "mean-mean": {"pca-1": 0.6627}, "mean-min": {"pca-1": 0.5349}}, "1011": {"min-min": {"pca-1": 0.1403}, "min-mean": {"pca-1": 0.3472}, "mean-mean": {"pca-1": 0.6953}, "mean-min": {"pca-1": 0.6359}}, "1012": {"min-min": {"pca-1": 0.1441}, "min-mean": {"pca-1": 0.3323}, "mean-mean": {"pca-1": 0.7021}, "mean-min": {"pca-1": 0.6854}}, "1013": {"min-min": {"pca-1": 0.175}, "min-mean": {"pca-1": 0.3548}, "mean-mean": {"pca-1": 0.7063}, "mean-min": {"pca-1": 0.6792}}, "1014": {"min-min": {"pca-1": 0.2407}, "min-mean": {"pca-1": 0.3578}, "mean-mean": {"pca-1": 0.6573}, "mean-min": {"pca-1": 0.5921}}, "1015": {"min-min": {"pca-1": 0.1405}, "min-mean": {"pca-1": 0.386}, "mean-mean": {"pca-1": 0.7109}, "mean-min": {"pca-1": 0.6874}}}, "1004": {"1001": {"min-min": {"pca-1": 0.1853}, "min-mean": {"pca-1": 0.2961}, "mean-mean": {"pca-1": 0.6122}, "mean-min": {"pca-1": 0.4108}}, "1002": {"min-min": {"pca-1": 0.212}, "min-mean": {"pca-1": 0.2828}, "mean-mean": {"pca-1": 0.5974}, "mean-min": {"pca-1": 0.4243}}, "1003": {"min-min": {"pca-1": 0.1986}, "min-mean": {"pca-1": 0.3297}, "mean-mean": {"pca-1": 0.6426}, "mean-min": {"pca-1": 0.592}}, "1004": {"min-min": {"pca-1": 0.1916}, "min-mean": {"pca-1": 0.237}, "mean-mean": {"pca-1": 0.5794}, "mean-min": {"pca-1": 0.3277}}, "1005": {"min-min": {"pca-1": 0.1595}, "min-mean": {"pca-1": 0.3791}, "mean-mean": {"pca-1": 0.6641}, "mean-min": {"pca-1": 0.6384}}, "1006": {"min-min": {"pca-1": 0.115}, "min-mean": {"pca-1": 0.3509}, "mean-mean": {"pca-1": 0.6825}, "mean-min": {"pca-1": 0.6582}}, "1007": {"min-min": {"pca-1": 0.2045}, "min-mean": {"pca-1": 0.3743}, "mean-mean": {"pca-1": 0.7042}, "mean-min": {"pca-1": 0.6728}}, "1008": {"min-min": {"pca-1": 0.2161}, "min-mean": {"pca-1": 0.4342}, "mean-mean": {"pca-1": 0.7477}, "mean-min": {"pca-1": 0.6759}}, "1009": {"min-min": {"pca-1": 0.1792}, "min-mean": {"pca-1": 0.3527}, "mean-mean": {"pca-1": 0.665}, "mean-min": {"pca-1": 0.648}}, "1010": {"min-min": {"pca-1": 0.2035}, "min-mean": {"pca-1": 0.4275}, "mean-mean": {"pca-1": 0.737}, "mean-min": {"pca-1": 0.6862}}, "1011": {"min-min": {"pca-1": 0.2503}, "min-mean": {"pca-1": 0.3717}, "mean-mean": {"pca-1": 0.6441}, "mean-min": {"pca-1": 0.5987}}, "1012": {"min-min": {"pca-1": 0.2304}, "min-mean": {"pca-1": 0.4325}, "mean-mean": {"pca-1": 0.7242}, "mean-min": {"pca-1": 0.6562}}, "1013": {"min-min": {"pca-1": 0.1403}, "min-mean": {"pca-1": 0.3929}, "mean-mean": {"pca-1": 0.7232}, "mean-min": {"pca-1": 0.6729}}, "1014": {"min-min": {"pca-1": 0.194}, "min-mean": {"pca-1": 0.3801}, "mean-mean": {"pca-1": 0.6305}, "mean-min": {"pca-1": 0.5741}}, "1015": {"min-min": {"pca-1": 0.2712}, "min-mean": {"pca-1": 0.382}, "mean-mean": {"pca-1": 0.6583}, "mean-min": {"pca-1": 0.6002}}}, "1005": {"1001": {"min-min": {"pca-1": 0.1047}, "min-mean": {"pca-1": 0.2664}, "mean-mean": {"pca-1": 0.5776}, "mean-min": {"pca-1": 0.5528}}, "1002": {"min-min": {"pca-1": 0.1142}, "min-mean": {"pca-1": 0.1768}, "mean-mean": {"pca-1": 0.4518}, "mean-min": {"pca-1": 0.302}}, "1003": {"min-min": {"pca-1": 0.1459}, "min-mean": {"pca-1": 0.287}, "mean-mean": {"pca-1": 0.5765}, "mean-min": {"pca-1": 0.5587}}, "1004": {"min-min": {"pca-1": 0.0851}, "min-mean": {"pca-1": 0.267}, "mean-mean": {"pca-1": 0.5748}, "mean-min": {"pca-1": 0.537}}, "1005": {"min-min": {"pca-1": 0.1457}, "min-mean": {"pca-1": 0.3398}, "mean-mean": {"pca-1": 0.6589}, "mean-min": {"pca-1": 0.6054}}, "1006": {"min-min": {"pca-1": 0.0949}, "min-mean": {"pca-1": 0.1445}, "mean-mean": {"pca-1": 0.3912}, "mean-min": {"pca-1": 0.2231}}, "1007": {"min-min": {"pca-1": 0.0917}, "min-mean": {"pca-1": 0.1137}, "mean-mean": {"pca-1": 0.3671}, "mean-min": {"pca-1": 0.1508}}, "1008": {"min-min": {"pca-1": 0.1317}, "min-mean": {"pca-1": 0.4609}, "mean-mean": {"pca-1": 0.83}, "mean-min": {"pca-1": 0.6886}}, "1009": {"min-min": {"pca-1": 0.1243}, "min-mean": {"pca-1": 0.3904}, "mean-mean": {"pca-1": 0.7097}, "mean-min": {"pca-1": 0.5903}}, "1010": {"min-min": {"pca-1": 0.1223}, "min-mean": {"pca-1": 0.1835}, "mean-mean": {"pca-1": 0.4285}, "mean-min": {"pca-1": 0.2417}}, "1011": {"min-min": {"pca-1": 0.1056}, "min-mean": {"pca-1": 0.2622}, "mean-mean": {"pca-1": 0.6338}, "mean-min": {"pca-1": 0.5528}}, "1012": {"min-min": {"pca-1": 0.1398}, "min-mean": {"pca-1": 0.4374}, "mean-mean": {"pca-1": 0.7372}, "mean-min": {"pca-1": 0.5727}}, "1013": {"min-min": {"pca-1": 0.099}, "min-mean": {"pca-1": 0.1349}, "mean-mean": {"pca-1": 0.4519}, "mean-min": {"pca-1": 0.1812}}, "1014": {"min-min": {"pca-1": 0.112}, "min-mean": {"pca-1": 0.3059}, "mean-mean": {"pca-1": 0.5677}, "mean-min": {"pca-1": 0.5027}}, "1015": {"min-min": {"pca-1": 0.1478}, "min-mean": {"pca-1": 0.3207}, "mean-mean": {"pca-1": 0.6894}, "mean-min": {"pca-1": 0.6634}}}, "1006": {"1001": {"min-min": {"pca-1": 0.0703}, "min-mean": {"pca-1": 0.1468}, "mean-mean": {"pca-1": 0.3885}, "mean-min": {"pca-1": 0.2999}}, "1002": {"min-min": {"pca-1": 0.1063}, "min-mean": {"pca-1": 0.2063}, "mean-mean": {"pca-1": 0.3994}, "mean-min": {"pca-1": 0.3882}}, "1003": {"min-min": {"pca-1": 0.1414}, "min-mean": {"pca-1": 0.1836}, "mean-mean": {"pca-1": 0.3442}, "mean-min": {"pca-1": 0.268}}, "1004": {"min-min": {"pca-1": 0.0892}, "min-mean": {"pca-1": 0.204}, "mean-mean": {"pca-1": 0.4127}, "mean-min": {"pca-1": 0.3784}}, "1005": {"min-min": {"pca-1": 0.1035}, "min-mean": {"pca-1": 0.2254}, "mean-mean": {"pca-1": 0.4132}, "mean-min": {"pca-1": 0.3999}}, "1006": {"min-min": {"pca-1": 0.1125}, "min-mean": {"pca-1": 0.145}, "mean-mean": {"pca-1": 0.3173}, "mean-min": {"pca-1": 0.2101}}, "1007": {"min-min": {"pca-1": 0.1214}, "min-mean": {"pca-1": 0.1711}, "mean-mean": {"pca-1": 0.3584}, "mean-min": {"pca-1": 0.2347}}, "1008": {"min-min": {"pca-1": 0.1132}, "min-mean": {"pca-1": 0.3427}, "mean-mean": {"pca-1": 0.5645}, "mean-min": {"pca-1": 0.4604}}, "1009": {"min-min": {"pca-1": 0.1209}, "min-mean": {"pca-1": 0.2938}, "mean-mean": {"pca-1": 0.4788}, "mean-min": {"pca-1": 0.3934}}, "1010": {"min-min": {"pca-1": 0.0731}, "min-mean": {"pca-1": 0.1521}, "mean-mean": {"pca-1": 0.3674}, "mean-min": {"pca-1": 0.3101}}, "1011": {"min-min": {"pca-1": 0.0702}, "min-mean": {"pca-1": 0.1518}, "mean-mean": {"pca-1": 0.3719}, "mean-min": {"pca-1": 0.2444}}, "1012": {"min-min": {"pca-1": 0.1248}, "min-mean": {"pca-1": 0.3194}, "mean-mean": {"pca-1": 0.5037}, "mean-min": {"pca-1": 0.3977}}, "1013": {"min-min": {"pca-1": 0.132}, "min-mean": {"pca-1": 0.2381}, "mean-mean": {"pca-1": 0.4298}, "mean-min": {"pca-1": 0.4218}}, "1014": {"min-min": {"pca-1": 0.1177}, "min-mean": {"pca-1": 0.2077}, "mean-mean": {"pca-1": 0.364}, "mean-min": {"pca-1": 0.3411}}, "1015": {"min-min": {"pca-1": 0.1207}, "min-mean": {"pca-1": 0.1989}, "mean-mean": {"pca-1": 0.4242}, "mean-min": {"pca-1": 0.3424}}}, "1007": {"1001": {"min-min": {"pca-1": 0.1013}, "min-mean": {"pca-1": 0.1921}, "mean-mean": {"pca-1": 0.5515}, "mean-min": {"pca-1": 0.3736}}, "1002": {"min-min": {"pca-1": 0.1631}, "min-mean": {"pca-1": 0.4213}, "mean-mean": {"pca-1": 0.7595}, "mean-min": {"pca-1": 0.6519}}, "1003": {"min-min": {"pca-1": 0.0673}, "min-mean": {"pca-1": 0.1885}, "mean-mean": {"pca-1": 0.5054}, "mean-min": {"pca-1": 0.4079}}, "1004": {"min-min": {"pca-1": 0.2365}, "min-mean": {"pca-1": 0.284}, "mean-mean": {"pca-1": 0.5673}, "mean-min": {"pca-1": 0.3368}}, "1005": {"min-min": {"pca-1": 0.0786}, "min-mean": {"pca-1": 0.1417}, "mean-mean": {"pca-1": 0.4511}, "mean-min": {"pca-1": 0.268}}, "1006": {"min-min": {"pca-1": 0.1511}, "min-mean": {"pca-1": 0.4195}, "mean-mean": {"pca-1": 0.7633}, "mean-min": {"pca-1": 0.6946}}, "1007": {"min-min": {"pca-1": 0.0912}, "min-mean": {"pca-1": 0.3545}, "mean-mean": {"pca-1": 0.7837}, "mean-min": {"pca-1": 0.7139}}, "1008": {"min-min": {"pca-1": 0.0639}, "min-mean": {"pca-1": 0.1462}, "mean-mean": {"pca-1": 0.4485}, "mean-min": {"pca-1": 0.3109}}, "1009": {"min-min": {"pca-1": 0.0586}, "min-mean": {"pca-1": 0.0789}, "mean-mean": {"pca-1": 0.4135}, "mean-min": {"pca-1": 0.1194}}, "1010": {"min-min": {"pca-1": 0.2106}, "min-mean": {"pca-1": 0.4298}, "mean-mean": {"pca-1": 0.7434}, "mean-min": {"pca-1": 0.6595}}, "1011": {"min-min": {"pca-1": 0.058}, "min-mean": {"pca-1": 0.177}, "mean-mean": {"pca-1": 0.4758}, "mean-min": {"pca-1": 0.4151}}, "1012": {"min-min": {"pca-1": 0.1534}, "min-mean": {"pca-1": 0.2444}, "mean-mean": {"pca-1": 0.5517}, "mean-min": {"pca-1": 0.4263}}, "1013": {"min-min": {"pca-1": 0.1568}, "min-mean": {"pca-1": 0.4508}, "mean-mean": {"pca-1": 0.7738}, "mean-min": {"pca-1": 0.6193}}, "1014": {"min-min": {"pca-1": 0.1364}, "min-mean": {"pca-1": 0.2293}, "mean-mean": {"pca-1": 0.5616}, "mean-min": {"pca-1": 0.4152}}, "1015": {"min-min": {"pca-1": 0.1017}, "min-mean": {"pca-1": 0.1819}, "mean-mean": {"pca-1": 0.465}, "mean-min": {"pca-1": 0.3424}}}, "1008": {"1001": {"min-min": {"pca-1": 0.1382}, "min-mean": {"pca-1": 0.3694}, "mean-mean": {"pca-1": 0.784}, "mean-min": {"pca-1": 0.7515}}, "1002": {"min-min": {"pca-1": 0.1457}, "min-mean": {"pca-1": 0.243}, "mean-mean": {"pca-1": 0.6202}, "mean-min": {"pca-1": 0.4376}}, "1003": {"min-min": {"pca-1": 0.2289}, "min-mean": {"pca-1": 0.4229}, "mean-mean": {"pca-1": 0.7996}, "mean-min": {"pca-1": 0.7801}}, "1004": {"min-min": {"pca-1": 0.0807}, "min-mean": {"pca-1": 0.3652}, "mean-mean": {"pca-1": 0.8017}, "mean-min": {"pca-1": 0.728}}, "1005": {"min-min": {"pca-1": 0.1529}, "min-mean": {"pca-1": 0.4339}, "mean-mean": {"pca-1": 0.8898}, "mean-min": {"pca-1": 0.8238}}, "1006": {"min-min": {"pca-1": 0.0729}, "min-mean": {"pca-1": 0.1768}, "mean-mean": {"pca-1": 0.571}, "mean-min": {"pca-1": 0.3846}}, "1007": {"min-min": {"pca-1": 0.0925}, "min-mean": {"pca-1": 0.1732}, "mean-mean": {"pca-1": 0.5302}, "mean-min": {"pca-1": 0.3207}}, "1008": {"min-min": {"pca-1": 0.0586}, "min-mean": {"pca-1": 0.4993}, "mean-mean": {"pca-1": 1.0643}, "mean-min": {"pca-1": 0.9153}}, "1009": {"min-min": {"pca-1": 0.2651}, "min-mean": {"pca-1": 0.5782}, "mean-mean": {"pca-1": 0.9436}, "mean-min": {"pca-1": 0.8094}}, "1010": {"min-min": {"pca-1": 0.0953}, "min-mean": {"pca-1": 0.1926}, "mean-mean": {"pca-1": 0.6018}, "mean-min": {"pca-1": 0.3872}}, "1011": {"min-min": {"pca-1": 0.1232}, "min-mean": {"pca-1": 0.3556}, "mean-mean": {"pca-1": 0.8695}, "mean-min": {"pca-1": 0.8204}}, "1012": {"min-min": {"pca-1": 0.2509}, "min-mean": {"pca-1": 0.5985}, "mean-mean": {"pca-1": 0.9613}, "mean-min": {"pca-1": 0.7899}}, "1013": {"min-min": {"pca-1": 0.0862}, "min-mean": {"pca-1": 0.1286}, "mean-mean": {"pca-1": 0.5851}, "mean-min": {"pca-1": 0.2133}}, "1014": {"min-min": {"pca-1": 0.0561}, "min-mean": {"pca-1": 0.3571}, "mean-mean": {"pca-1": 0.7976}, "mean-min": {"pca-1": 0.7052}}, "1015": {"min-min": {"pca-1": 0.1424}, "min-mean": {"pca-1": 0.4071}, "mean-mean": {"pca-1": 0.9279}, "mean-min": {"pca-1": 0.9106}}}, "1009": {"1001": {"min-min": {"pca-1": 0.0367}, "min-mean": {"pca-1": 0.1637}, "mean-mean": {"pca-1": 0.5148}, "mean-min": {"pca-1": 0.2708}}, "1002": {"min-min": {"pca-1": 0.099}, "min-mean": {"pca-1": 0.3623}, "mean-mean": {"pca-1": 0.7233}, "mean-min": {"pca-1": 0.6107}}, "1003": {"min-min": {"pca-1": 0.0573}, "min-mean": {"pca-1": 0.2117}, "mean-mean": {"pca-1": 0.5256}, "mean-min": {"pca-1": 0.47}}, "1004": {"min-min": {"pca-1": 0.1031}, "min-mean": {"pca-1": 0.2092}, "mean-mean": {"pca-1": 0.5331}, "mean-min": {"pca-1": 0.2622}}, "1005": {"min-min": {"pca-1": 0.0876}, "min-mean": {"pca-1": 0.192}, "mean-mean": {"pca-1": 0.474}, "mean-min": {"pca-1": 0.3413}}, "1006": {"min-min": {"pca-1": 0.1143}, "min-mean": {"pca-1": 0.3759}, "mean-mean": {"pca-1": 0.7681}, "mean-min": {"pca-1": 0.6587}}, "1007": {"min-min": {"pca-1": 0.1101}, "min-mean": {"pca-1": 0.3995}, "mean-mean": {"pca-1": 0.7944}, "mean-min": {"pca-1": 0.6827}}, "1008": {"min-min": {"pca-1": 0.0712}, "min-mean": {"pca-1": 0.1764}, "mean-mean": {"pca-1": 0.4716}, "mean-min": {"pca-1": 0.3867}}, "1009": {"min-min": {"pca-1": 0.0639}, "min-mean": {"pca-1": 0.1278}, "mean-mean": {"pca-1": 0.439}, "mean-min": {"pca-1": 0.217}}, "1010": {"min-min": {"pca-1": 0.1611}, "min-mean": {"pca-1": 0.4343}, "mean-mean": {"pca-1": 0.7659}, "mean-min": {"pca-1": 0.6308}}, "1011": {"min-min": {"pca-1": 0.0475}, "min-mean": {"pca-1": 0.2314}, "mean-mean": {"pca-1": 0.495}, "mean-min": {"pca-1": 0.469}}, "1012": {"min-min": {"pca-1": 0.0722}, "min-mean": {"pca-1": 0.2116}, "mean-mean": {"pca-1": 0.5517}, "mean-min": {"pca-1": 0.458}}, "1013": {"min-min": {"pca-1": 0.0447}, "min-mean": {"pca-1": 0.4431}, "mean-mean": {"pca-1": 0.7919}, "mean-min": {"pca-1": 0.5845}}, "1014": {"min-min": {"pca-1": 0.1}, "min-mean": {"pca-1": 0.2353}, "mean-mean": {"pca-1": 0.5569}, "mean-min": {"pca-1": 0.4349}}, "1015": {"min-min": {"pca-1": 0.0962}, "min-mean": {"pca-1": 0.207}, "mean-mean": {"pca-1": 0.4886}, "mean-min": {"pca-1": 0.4286}}}, "1010": {"1001": {"min-min": {"pca-1": 0.0632}, "min-mean": {"pca-1": 0.238}, "mean-mean": {"pca-1": 0.5192}, "mean-min": {"pca-1": 0.445}}, "1002": {"min-min": {"pca-1": 0.0931}, "min-mean": {"pca-1": 0.1855}, "mean-mean": {"pca-1": 0.4329}, "mean-min": {"pca-1": 0.2747}}, "1003": {"min-min": {"pca-1": 0.165}, "min-mean": {"pca-1": 0.2496}, "mean-mean": {"pca-1": 0.4752}, "mean-min": {"pca-1": 0.3752}}, "1004": {"min-min": {"pca-1": 0.0972}, "min-mean": {"pca-1": 0.2048}, "mean-mean": {"pca-1": 0.4791}, "mean-min": {"pca-1": 0.3501}}, "1005": {"min-min": {"pca-1": 0.1652}, "min-mean": {"pca-1": 0.2681}, "mean-mean": {"pca-1": 0.5199}, "mean-min": {"pca-1": 0.4473}}, "1006": {"min-min": {"pca-1": 0.1474}, "min-mean": {"pca-1": 0.2529}, "mean-mean": {"pca-1": 0.4622}, "mean-min": {"pca-1": 0.3798}}, "1007": {"min-min": {"pca-1": 0.1301}, "min-mean": {"pca-1": 0.2326}, "mean-mean": {"pca-1": 0.4772}, "mean-min": {"pca-1": 0.407}}, "1008": {"min-min": {"pca-1": 0.0907}, "min-mean": {"pca-1": 0.3544}, "mean-mean": {"pca-1": 0.639}, "mean-min": {"pca-1": 0.5345}}, "1009": {"min-min": {"pca-1": 0.1592}, "min-mean": {"pca-1": 0.3153}, "mean-mean": {"pca-1": 0.5339}, "mean-min": {"pca-1": 0.478}}, "1010": {"min-min": {"pca-1": 0.1383}, "min-mean": {"pca-1": 0.3137}, "mean-mean": {"pca-1": 0.5403}, "mean-min": {"pca-1": 0.4941}}, "1011": {"min-min": {"pca-1": 0.1085}, "min-mean": {"pca-1": 0.2242}, "mean-mean": {"pca-1": 0.4926}, "mean-min": {"pca-1": 0.3386}}, "1012": {"min-min": {"pca-1": 0.2125}, "min-mean": {"pca-1": 0.3766}, "mean-mean": {"pca-1": 0.5743}, "mean-min": {"pca-1": 0.4947}}, "1013": {"min-min": {"pca-1": 0.1331}, "min-mean": {"pca-1": 0.3171}, "mean-mean": {"pca-1": 0.5575}, "mean-min": {"pca-1": 0.4887}}, "1014": {"min-min": {"pca-1": 0.1583}, "min-mean": {"pca-1": 0.2412}, "mean-mean": {"pca-1": 0.4551}, "mean-min": {"pca-1": 0.3732}}, "1015": {"min-min": {"pca-1": 0.1514}, "min-mean": {"pca-1": 0.2408}, "mean-mean": {"pca-1": 0.5108}, "mean-min": {"pca-1": 0.337}}}, "1011": {"1001": {"min-min": {"pca-1": 0.0703}, "min-mean": {"pca-1": 0.2985}, "mean-mean": {"pca-1": 0.6652}, "mean-min": {"pca-1": 0.5673}}, "1002": {"min-min": {"pca-1": 0.1177}, "min-mean": {"pca-1": 0.1876}, "mean-mean": {"pca-1": 0.4902}, "mean-min": {"pca-1": 0.3228}}, "1003": {"min-min": {"pca-1": 0.0887}, "min-mean": {"pca-1": 0.3294}, "mean-mean": {"pca-1": 0.6702}, "mean-min": {"pca-1": 0.5629}}, "1004": {"min-min": {"pca-1": 0.081}, "min-mean": {"pca-1": 0.3368}, "mean-mean": {"pca-1": 0.6816}, "mean-min": {"pca-1": 0.5478}}, "1005": {"min-min": {"pca-1": 0.1179}, "min-mean": {"pca-1": 0.3985}, "mean-mean": {"pca-1": 0.7691}, "mean-min": {"pca-1": 0.5998}}, "1006": {"min-min": {"pca-1": 0.0706}, "min-mean": {"pca-1": 0.1561}, "mean-mean": {"pca-1": 0.4418}, "mean-min": {"pca-1": 0.2744}}, "1007": {"min-min": {"pca-1": 0.0609}, "min-mean": {"pca-1": 0.1266}, "mean-mean": {"pca-1": 0.419}, "mean-min": {"pca-1": 0.2246}}, "1008": {"min-min": {"pca-1": 0.1282}, "min-mean": {"pca-1": 0.5317}, "mean-mean": {"pca-1": 0.9433}, "mean-min": {"pca-1": 0.6844}}, "1009": {"min-min": {"pca-1": 0.1255}, "min-mean": {"pca-1": 0.4778}, "mean-mean": {"pca-1": 0.8236}, "mean-min": {"pca-1": 0.5877}}, "1010": {"min-min": {"pca-1": 0.0554}, "min-mean": {"pca-1": 0.1417}, "mean-mean": {"pca-1": 0.482}, "mean-min": {"pca-1": 0.3084}}, "1011": {"min-min": {"pca-1": 0.1095}, "min-mean": {"pca-1": 0.3374}, "mean-mean": {"pca-1": 0.7527}, "mean-min": {"pca-1": 0.6573}}, "1012": {"min-min": {"pca-1": 0.0858}, "min-mean": {"pca-1": 0.4801}, "mean-mean": {"pca-1": 0.8374}, "mean-min": {"pca-1": 0.5729}}, "1013": {"min-min": {"pca-1": 0.0857}, "min-mean": {"pca-1": 0.0942}, "mean-mean": {"pca-1": 0.4578}, "mean-min": {"pca-1": 0.1112}}, "1014": {"min-min": {"pca-1": 0.0747}, "min-mean": {"pca-1": 0.3729}, "mean-mean": {"pca-1": 0.7008}, "mean-min": {"pca-1": 0.5109}}, "1015": {"min-min": {"pca-1": 0.1073}, "min-mean": {"pca-1": 0.3945}, "mean-mean": {"pca-1": 0.8037}, "mean-min": {"pca-1": 0.6768}}}, "1012": {"1001": {"min-min": {"pca-1": 0.0366}, "min-mean": {"pca-1": 0.149}, "mean-mean": {"pca-1": 0.4766}, "mean-min": {"pca-1": 0.2241}}, "1002": {"min-min": {"pca-1": 0.0824}, "min-mean": {"pca-1": 0.3484}, "mean-mean": {"pca-1": 0.6788}, "mean-min": {"pca-1": 0.5434}}, "1003": {"min-min": {"pca-1": 0.0424}, "min-mean": {"pca-1": 0.1796}, "mean-mean": {"pca-1": 0.5018}, "mean-min": {"pca-1": 0.4539}}, "1004": {"min-min": {"pca-1": 0.0758}, "min-mean": {"pca-1": 0.1883}, "mean-mean": {"pca-1": 0.4999}, "mean-min": {"pca-1": 0.2445}}, "1005": {"min-min": {"pca-1": 0.0759}, "min-mean": {"pca-1": 0.2042}, "mean-mean": {"pca-1": 0.4746}, "mean-min": {"pca-1": 0.3757}}, "1006": {"min-min": {"pca-1": 0.0605}, "min-mean": {"pca-1": 0.3277}, "mean-mean": {"pca-1": 0.7229}, "mean-min": {"pca-1": 0.5797}}, "1007": {"min-min": {"pca-1": 0.0679}, "min-mean": {"pca-1": 0.3782}, "mean-mean": {"pca-1": 0.7522}, "mean-min": {"pca-1": 0.6114}}, "1008": {"min-min": {"pca-1": 0.0659}, "min-mean": {"pca-1": 0.1953}, "mean-mean": {"pca-1": 0.4912}, "mean-min": {"pca-1": 0.454}}, "1009": {"min-min": {"pca-1": 0.0176}, "min-mean": {"pca-1": 0.1337}, "mean-mean": {"pca-1": 0.4426}, "mean-min": {"pca-1": 0.2656}}, "1010": {"min-min": {"pca-1": 0.1079}, "min-mean": {"pca-1": 0.4146}, "mean-mean": {"pca-1": 0.7304}, "mean-min": {"pca-1": 0.5563}}, "1011": {"min-min": {"pca-1": 0.0543}, "min-mean": {"pca-1": 0.231}, "mean-mean": {"pca-1": 0.4867}, "mean-min": {"pca-1": 0.4389}}, "1012": {"min-min": {"pca-1": 0.1061}, "min-mean": {"pca-1": 0.2706}, "mean-mean": {"pca-1": 0.5611}, "mean-min": {"pca-1": 0.5208}}, "1013": {"min-min": {"pca-1": 0.0632}, "min-mean": {"pca-1": 0.444}, "mean-mean": {"pca-1": 0.7615}, "mean-min": {"pca-1": 0.5302}}, "1014": {"min-min": {"pca-1": 0.065}, "min-mean": {"pca-1": 0.2224}, "mean-mean": {"pca-1": 0.5479}, "mean-min": {"pca-1": 0.4889}}, "1015": {"min-min": {"pca-1": 0.0948}, "min-mean": {"pca-1": 0.2065}, "mean-mean": {"pca-1": 0.4832}, "mean-min": {"pca-1": 0.4298}}}, "1013": {"1001": {"min-min": {"pca-1": 0.0749}, "min-mean": {"pca-1": 0.2014}, "mean-mean": {"pca-1": 0.4713}, "mean-min": {"pca-1": 0.4545}}, "1002": {"min-min": {"pca-1": 0.0482}, "min-mean": {"pca-1": 0.1393}, "mean-mean": {"pca-1": 0.396}, "mean-min": {"pca-1": 0.2872}}, "1003": {"min-min": {"pca-1": 0.0577}, "min-mean": {"pca-1": 0.1809}, "mean-mean": {"pca-1": 0.4449}, "mean-min": {"pca-1": 0.4274}}, "1004": {"min-min": {"pca-1": 0.0959}, "min-mean": {"pca-1": 0.237}, "mean-mean": {"pca-1": 0.4904}, "mean-min": {"pca-1": 0.4585}}, "1005": {"min-min": {"pca-1": 0.0843}, "min-mean": {"pca-1": 0.2579}, "mean-mean": {"pca-1": 0.5239}, "mean-min": {"pca-1": 0.477}}, "1006": {"min-min": {"pca-1": 0.0894}, "min-mean": {"pca-1": 0.0977}, "mean-mean": {"pca-1": 0.309}, "mean-min": {"pca-1": 0.1142}}, "1007": {"min-min": {"pca-1": 0.1012}, "min-mean": {"pca-1": 0.1035}, "mean-mean": {"pca-1": 0.3311}, "mean-min": {"pca-1": 0.1081}}, "1008": {"min-min": {"pca-1": 0.0854}, "min-mean": {"pca-1": 0.3736}, "mean-mean": {"pca-1": 0.6835}, "mean-min": {"pca-1": 0.5328}}, "1009": {"min-min": {"pca-1": 0.084}, "min-mean": {"pca-1": 0.3181}, "mean-mean": {"pca-1": 0.5814}, "mean-min": {"pca-1": 0.4748}}, "1010": {"min-min": {"pca-1": 0.0676}, "min-mean": {"pca-1": 0.11}, "mean-mean": {"pca-1": 0.3584}, "mean-min": {"pca-1": 0.1948}}, "1011": {"min-min": {"pca-1": 0.0746}, "min-mean": {"pca-1": 0.1924}, "mean-mean": {"pca-1": 0.4939}, "mean-min": {"pca-1": 0.4281}}, "1012": {"min-min": {"pca-1": 0.0801}, "min-mean": {"pca-1": 0.3571}, "mean-mean": {"pca-1": 0.6165}, "mean-min": {"pca-1": 0.464}}, "1013": {"min-min": {"pca-1": 0.063}, "min-mean": {"pca-1": 0.1114}, "mean-mean": {"pca-1": 0.3924}, "mean-min": {"pca-1": 0.1856}}, "1014": {"min-min": {"pca-1": 0.0937}, "min-mean": {"pca-1": 0.2535}, "mean-mean": {"pca-1": 0.4711}, "mean-min": {"pca-1": 0.4056}}, "1015": {"min-min": {"pca-1": 0.0765}, "min-mean": {"pca-1": 0.2316}, "mean-mean": {"pca-1": 0.5485}, "mean-min": {"pca-1": 0.5346}}}, "1014": {"1001": {"min-min": {"pca-1": 0.0803}, "min-mean": {"pca-1": 0.1598}, "mean-mean": {"pca-1": 0.3775}, "mean-min": {"pca-1": 0.2934}}, "1002": {"min-min": {"pca-1": 0.0962}, "min-mean": {"pca-1": 0.2415}, "mean-mean": {"pca-1": 0.4273}, "mean-min": {"pca-1": 0.3752}}, "1003": {"min-min": {"pca-1": 0.0786}, "min-mean": {"pca-1": 0.1352}, "mean-mean": {"pca-1": 0.3137}, "mean-min": {"pca-1": 0.2031}}, "1004": {"min-min": {"pca-1": 0.0415}, "min-mean": {"pca-1": 0.1819}, "mean-mean": {"pca-1": 0.4155}, "mean-min": {"pca-1": 0.4087}}, "1005": {"min-min": {"pca-1": 0.0603}, "min-mean": {"pca-1": 0.1675}, "mean-mean": {"pca-1": 0.3784}, "mean-min": {"pca-1": 0.3482}}, "1006": {"min-min": {"pca-1": 0.0747}, "min-mean": {"pca-1": 0.1719}, "mean-mean": {"pca-1": 0.3429}, "mean-min": {"pca-1": 0.3277}}, "1007": {"min-min": {"pca-1": 0.081}, "min-mean": {"pca-1": 0.1819}, "mean-mean": {"pca-1": 0.3853}, "mean-min": {"pca-1": 0.3511}}, "1008": {"min-min": {"pca-1": 0.0687}, "min-mean": {"pca-1": 0.2878}, "mean-mean": {"pca-1": 0.5316}, "mean-min": {"pca-1": 0.4362}}, "1009": {"min-min": {"pca-1": 0.058}, "min-mean": {"pca-1": 0.2382}, "mean-mean": {"pca-1": 0.4484}, "mean-min": {"pca-1": 0.3725}}, "1010": {"min-min": {"pca-1": 0.0256}, "min-mean": {"pca-1": 0.1579}, "mean-mean": {"pca-1": 0.3628}, "mean-min": {"pca-1": 0.3338}}, "1011": {"min-min": {"pca-1": 0.1272}, "min-mean": {"pca-1": 0.1358}, "mean-mean": {"pca-1": 0.3397}, "mean-min": {"pca-1": 0.1529}}, "1012": {"min-min": {"pca-1": 0.0514}, "min-mean": {"pca-1": 0.2622}, "mean-mean": {"pca-1": 0.4695}, "mean-min": {"pca-1": 0.3883}}, "1013": {"min-min": {"pca-1": 0.1174}, "min-mean": {"pca-1": 0.2491}, "mean-mean": {"pca-1": 0.4541}, "mean-min": {"pca-1": 0.4063}}, "1014": {"min-min": {"pca-1": 0.1146}, "min-mean": {"pca-1": 0.1771}, "mean-mean": {"pca-1": 0.3302}, "mean-min": {"pca-1": 0.3021}}, "1015": {"min-min": {"pca-1": 0.0876}, "min-mean": {"pca-1": 0.1483}, "mean-mean": {"pca-1": 0.3933}, "mean-min": {"pca-1": 0.2538}}}, "1015": {"1001": {"min-min": {"pca-1": 0.031}, "min-mean": {"pca-1": 0.267}, "mean-mean": {"pca-1": 0.6674}, "mean-min": {"pca-1": 0.6598}}, "1002": {"min-min": {"pca-1": 0.1405}, "min-mean": {"pca-1": 0.1873}, "mean-mean": {"pca-1": 0.5027}, "mean-min": {"pca-1": 0.2753}}, "1003": {"min-min": {"pca-1": 0.1107}, "min-mean": {"pca-1": 0.3146}, "mean-mean": {"pca-1": 0.6894}, "mean-min": {"pca-1": 0.681}}, "1004": {"min-min": {"pca-1": 0.0749}, "min-mean": {"pca-1": 0.2849}, "mean-mean": {"pca-1": 0.6596}, "mean-min": {"pca-1": 0.6367}}, "1005": {"min-min": {"pca-1": 0.0999}, "min-mean": {"pca-1": 0.3984}, "mean-mean": {"pca-1": 0.7855}, "mean-min": {"pca-1": 0.7279}}, "1006": {"min-min": {"pca-1": 0.086}, "min-mean": {"pca-1": 0.1515}, "mean-mean": {"pca-1": 0.4702}, "mean-min": {"pca-1": 0.2826}}, "1007": {"min-min": {"pca-1": 0.0775}, "min-mean": {"pca-1": 0.1343}, "mean-mean": {"pca-1": 0.4312}, "mean-min": {"pca-1": 0.185}}, "1008": {"min-min": {"pca-1": 0.1513}, "min-mean": {"pca-1": 0.556}, "mean-mean": {"pca-1": 0.9607}, "mean-min": {"pca-1": 0.8171}}, "1009": {"min-min": {"pca-1": 0.1151}, "min-mean": {"pca-1": 0.4367}, "mean-mean": {"pca-1": 0.8322}, "mean-min": {"pca-1": 0.7069}}, "1010": {"min-min": {"pca-1": 0.0443}, "min-mean": {"pca-1": 0.1769}, "mean-mean": {"pca-1": 0.5254}, "mean-min": {"pca-1": 0.368}}, "1011": {"min-min": {"pca-1": 0.1363}, "min-mean": {"pca-1": 0.3347}, "mean-mean": {"pca-1": 0.7637}, "mean-min": {"pca-1": 0.7315}}, "1012": {"min-min": {"pca-1": 0.1412}, "min-mean": {"pca-1": 0.5146}, "mean-mean": {"pca-1": 0.862}, "mean-min": {"pca-1": 0.6889}}, "1013": {"min-min": {"pca-1": 0.093}, "min-mean": {"pca-1": 0.1203}, "mean-mean": {"pca-1": 0.5034}, "mean-min": {"pca-1": 0.1707}}, "1014": {"min-min": {"pca-1": 0.1072}, "min-mean": {"pca-1": 0.3713}, "mean-mean": {"pca-1": 0.6942}, "mean-min": {"pca-1": 0.6124}}, "1015": {"min-min": {"pca-1": 0.0707}, "min-mean": {"pca-1": 0.3287}, "mean-mean": {"pca-1": 0.8225}, "mean-min": {"pca-1": 0.8091}}}}