{"rank": {"bvp": [0, 13, 7, 6, 1, 3, 3, 4, 1, 4, 6, 5, 0, 0, 0], "eda": [12, 6, 1, 8, 14, 1, 10, 7, 9, 12, 10, 1, 4, 0, 5], "temp": [13, 5, 2, 11, 3, 7, 4, 5, 10, 13, 14, 0, 5, 7, 7], "acc": [10, 3, 10, 4, 5, 14, 1, 8, 3, 10, 6, 11, 9, 2, 0], "bvp+eda": [6, 12, 2, 6, 11, 2, 6, 6, 3, 9, 10, 2, 0, 0, 1], "bvp+temp": [6, 10, 1, 10, 0, 2, 0, 2, 5, 10, 13, 0, 0, 1, 2], "bvp+acc": [3, 8, 10, 3, 1, 8, 1, 5, 0, 6, 6, 7, 3, 1, 0], "eda+temp": [13, 6, 1, 11, 8, 4, 6, 6, 12, 13, 14, 0, 3, 3, 5], "eda+acc": [14, 3, 5, 4, 13, 9, 4, 9, 4, 13, 9, 6, 5, 0, 1], "temp+acc": [14, 3, 6, 9, 3, 11, 1, 6, 6, 14, 11, 6, 9, 3, 2], "bvp+eda+temp": [10, 10, 0, 8, 5, 2, 5, 3, 8, 12, 13, 1, 1, 1, 2], "bvp+eda+acc": [7, 7, 5, 4, 8, 5, 3, 5, 1, 12, 7, 5, 1, 0, 0], "bvp+temp+acc": [10, 8, 5, 7, 1, 9, 0, 4, 3, 12, 11, 3, 4, 1, 0], "eda+temp+acc": [14, 4, 2, 10, 7, 7, 3, 7, 7, 14, 12, 3, 6, 0, 1], "bvp+eda+temp+acc": [12, 8, 2, 7, 6, 5, 1, 6, 5, 14, 11, 2, 1, 0, 0]}, "score": {"bvp": [0, 13, 7, 6, 1, 3, 3, 4, 1, 4, 6, 5, 0, 0, 0], "eda": [12, 6, 1, 8, 14, 1, 10, 7, 9, 12, 10, 1, 4, 0, 5], "temp": [13, 5, 2, 11, 3, 7, 4, 5, 10, 13, 14, 0, 5, 7, 7], "acc": [10, 3, 10, 4, 5, 14, 1, 8, 3, 10, 6, 11, 9, 2, 0], "bvp+eda": [8, 10, 2, 5, 5, 2, 6, 7, 2, 12, 10, 2, 0, 0, 0], "bvp+temp": [5, 8, 0, 8, 0, 4, 2, 5, 5, 10, 14, 0, 0, 1, 1], "bvp+acc": [3, 10, 7, 3, 0, 9, 0, 5, 0, 5, 6, 6, 1, 0, 0], "eda+temp": [14, 6, 1, 11, 7, 4, 5, 6, 10, 14, 14, 0, 3, 2, 4], "eda+acc": [14, 5, 2, 8, 12, 3, 5, 8, 8, 13, 9, 3, 4, 0, 1], "temp+acc": [11, 6, 2, 9, 3, 10, 3, 6, 8, 12, 14, 1, 8, 6, 1], "bvp+eda+temp": [10, 9, 0, 7, 1, 3, 3, 4, 5, 12, 13, 0, 0, 1, 2], "bvp+eda+acc": [10, 8, 4, 4, 5, 3, 2, 7, 1, 11, 9, 2, 1, 0, 0], "bvp+temp+acc": [7, 9, 1, 7, 0, 7, 0, 5, 4, 10, 13, 0, 0, 1, 0], "eda+temp+acc": [14, 5, 1, 9, 7, 5, 4, 7, 9, 13, 13, 0, 4, 1, 2], "bvp+eda+temp+acc": [10, 8, 0, 7, 1, 5, 2, 8, 5, 12, 12, 0, 0, 0, 0]}}