{"1001": {"1001": {"min-min": {"pca-1": 0.0016}, "min-mean": {"pca-1": 0.1524}, "mean-mean": {"pca-1": 0.3424}, "mean-min": {"pca-1": 0.2771}}, "1002": {"min-min": {"pca-1": 0.0066}, "min-mean": {"pca-1": 0.0947}, "mean-mean": {"pca-1": 0.2615}, "mean-min": {"pca-1": 0.2477}}, "1003": {"min-min": {"pca-1": 0.007}, "min-mean": {"pca-1": 0.1013}, "mean-mean": {"pca-1": 0.2754}, "mean-min": {"pca-1": 0.2585}}, "1004": {"min-min": {"pca-1": 0.0032}, "min-mean": {"pca-1": 0.1699}, "mean-mean": {"pca-1": 0.349}, "mean-min": {"pca-1": 0.2623}}, "1005": {"min-min": {"pca-1": 0.0001}, "min-mean": {"pca-1": 0.0921}, "mean-mean": {"pca-1": 0.2606}, "mean-min": {"pca-1": 0.2422}}, "1006": {"min-min": {"pca-1": 0.0008}, "min-mean": {"pca-1": 0.0449}, "mean-mean": {"pca-1": 0.1826}, "mean-min": {"pca-1": 0.133}}, "1007": {"min-min": {"pca-1": 0.0028}, "min-mean": {"pca-1": 0.0407}, "mean-mean": {"pca-1": 0.2001}, "mean-min": {"pca-1": 0.1166}}, "1008": {"min-min": {"pca-1": 0.0023}, "min-mean": {"pca-1": 0.1158}, "mean-mean": {"pca-1": 0.305}, "mean-min": {"pca-1": 0.2766}}, "1009": {"min-min": {"pca-1": 0.002}, "min-mean": {"pca-1": 0.1405}, "mean-mean": {"pca-1": 0.3425}, "mean-min": {"pca-1": 0.2932}}, "1010": {"min-min": {"pca-1": 0.0003}, "min-mean": {"pca-1": 0.0126}, "mean-mean": {"pca-1": 0.1579}, "mean-min": {"pca-1": 0.0371}}, "1011": {"min-min": {"pca-1": 0.0008}, "min-mean": {"pca-1": 0.0613}, "mean-mean": {"pca-1": 0.2519}, "mean-min": {"pca-1": 0.1823}}, "1012": {"min-min": {"pca-1": 0.0001}, "min-mean": {"pca-1": 0.0853}, "mean-mean": {"pca-1": 0.2551}, "mean-min": {"pca-1": 0.2439}}, "1013": {"min-min": {"pca-1": 0.0017}, "min-mean": {"pca-1": 0.0017}, "mean-mean": {"pca-1": 0.1601}, "mean-min": {"pca-1": 0.0017}}, "1014": {"min-min": {"pca-1": 0.0009}, "min-mean": {"pca-1": 0.0496}, "mean-mean": {"pca-1": 0.2007}, "mean-min": {"pca-1": 0.1461}}, "1015": {"min-min": {"pca-1": 0.0052}, "min-mean": {"pca-1": 0.0821}, "mean-mean": {"pca-1": 0.2764}, "mean-min": {"pca-1": 0.2359}}}, "1002": {"1001": {"min-min": {"pca-1": 0.0009}, "min-mean": {"pca-1": 0.0664}, "mean-mean": {"pca-1": 0.2031}, "mean-min": {"pca-1": 0.1946}}, "1002": {"min-min": {"pca-1": 0.0004}, "min-mean": {"pca-1": 0.0041}, "mean-mean": {"pca-1": 0.1249}, "mean-min": {"pca-1": 0.0115}}, "1003": {"min-min": {"pca-1": 0.0027}, "min-mean": {"pca-1": 0.0115}, "mean-mean": {"pca-1": 0.1206}, "mean-min": {"pca-1": 0.0274}}, "1004": {"min-min": {"pca-1": 0.0004}, "min-mean": {"pca-1": 0.0817}, "mean-mean": {"pca-1": 0.216}, "mean-min": {"pca-1": 0.2007}}, "1005": {"min-min": {"pca-1": 0.0003}, "min-mean": {"pca-1": 0.0082}, "mean-mean": {"pca-1": 0.1219}, "mean-min": {"pca-1": 0.0163}}, "1006": {"min-min": {"pca-1": 0.0007}, "min-mean": {"pca-1": 0.0438}, "mean-mean": {"pca-1": 0.1557}, "mean-min": {"pca-1": 0.1263}}, "1007": {"min-min": {"pca-1": 0.0001}, "min-mean": {"pca-1": 0.0489}, "mean-mean": {"pca-1": 0.1876}, "mean-min": {"pca-1": 0.1427}}, "1008": {"min-min": {"pca-1": 0.0003}, "min-mean": {"pca-1": 0.0302}, "mean-mean": {"pca-1": 0.161}, "mean-min": {"pca-1": 0.0835}}, "1009": {"min-min": {"pca-1": 0.0001}, "min-mean": {"pca-1": 0.0528}, "mean-mean": {"pca-1": 0.1657}, "mean-min": {"pca-1": 0.1583}}, "1010": {"min-min": {"pca-1": 0.0024}, "min-mean": {"pca-1": 0.1004}, "mean-mean": {"pca-1": 0.2296}, "mean-min": {"pca-1": 0.1893}}, "1011": {"min-min": {"pca-1": 0.0028}, "min-mean": {"pca-1": 0.0275}, "mean-mean": {"pca-1": 0.145}, "mean-min": {"pca-1": 0.077}}, "1012": {"min-min": {"pca-1": 0.0004}, "min-mean": {"pca-1": 0.0021}, "mean-mean": {"pca-1": 0.1181}, "mean-min": {"pca-1": 0.0055}}, "1013": {"min-min": {"pca-1": 0.0005}, "min-mean": {"pca-1": 0.0862}, "mean-mean": {"pca-1": 0.2077}, "mean-min": {"pca-1": 0.181}}, "1014": {"min-min": {"pca-1": 0.001}, "min-mean": {"pca-1": 0.0394}, "mean-mean": {"pca-1": 0.1378}, "mean-min": {"pca-1": 0.1132}}, "1015": {"min-min": {"pca-1": 0.0003}, "min-mean": {"pca-1": 0.008}, "mean-mean": {"pca-1": 0.1444}, "mean-min": {"pca-1": 0.0234}}}, "1003": {"1001": {"min-min": {"pca-1": 0.0023}, "min-mean": {"pca-1": 0.0758}, "mean-mean": {"pca-1": 0.2097}, "mean-min": {"pca-1": 0.2053}}, "1002": {"min-min": {"pca-1": 0.001}, "min-mean": {"pca-1": 0.0125}, "mean-mean": {"pca-1": 0.1302}, "mean-min": {"pca-1": 0.0349}}, "1003": {"min-min": {"pca-1": 0.0002}, "min-mean": {"pca-1": 0.0171}, "mean-mean": {"pca-1": 0.1271}, "mean-min": {"pca-1": 0.0508}}, "1004": {"min-min": {"pca-1": 0.0001}, "min-mean": {"pca-1": 0.0893}, "mean-mean": {"pca-1": 0.2213}, "mean-min": {"pca-1": 0.1975}}, "1005": {"min-min": {"pca-1": 0.0022}, "min-mean": {"pca-1": 0.0166}, "mean-mean": {"pca-1": 0.1279}, "mean-min": {"pca-1": 0.0397}}, "1006": {"min-min": {"pca-1": 0.0011}, "min-mean": {"pca-1": 0.035}, "mean-mean": {"pca-1": 0.1449}, "mean-min": {"pca-1": 0.1029}}, "1007": {"min-min": {"pca-1": 0.0003}, "min-mean": {"pca-1": 0.0405}, "mean-mean": {"pca-1": 0.1777}, "mean-min": {"pca-1": 0.1192}}, "1008": {"min-min": {"pca-1": 0.0038}, "min-mean": {"pca-1": 0.0385}, "mean-mean": {"pca-1": 0.1676}, "mean-min": {"pca-1": 0.1069}}, "1009": {"min-min": {"pca-1": 0.0002}, "min-mean": {"pca-1": 0.0607}, "mean-mean": {"pca-1": 0.1725}, "mean-min": {"pca-1": 0.1676}}, "1010": {"min-min": {"pca-1": 0.0004}, "min-mean": {"pca-1": 0.0913}, "mean-mean": {"pca-1": 0.2189}, "mean-min": {"pca-1": 0.1906}}, "1011": {"min-min": {"pca-1": 0.0003}, "min-mean": {"pca-1": 0.0181}, "mean-mean": {"pca-1": 0.1361}, "mean-min": {"pca-1": 0.0536}}, "1012": {"min-min": {"pca-1": 0.0003}, "min-mean": {"pca-1": 0.0095}, "mean-mean": {"pca-1": 0.121}, "mean-min": {"pca-1": 0.0179}}, "1013": {"min-min": {"pca-1": 0.0037}, "min-mean": {"pca-1": 0.0805}, "mean-mean": {"pca-1": 0.1983}, "mean-min": {"pca-1": 0.1802}}, "1014": {"min-min": {"pca-1": 0.0021}, "min-mean": {"pca-1": 0.0313}, "mean-mean": {"pca-1": 0.1269}, "mean-min": {"pca-1": 0.0897}}, "1015": {"min-min": {"pca-1": 0.0}, "min-mean": {"pca-1": 0.0}, "mean-mean": {"pca-1": 0.1358}, "mean-min": {"pca-1": 0.0}}}, "1004": {"1001": {"min-min": {"pca-1": 0.0}, "min-mean": {"pca-1": 0.1696}, "mean-mean": {"pca-1": 0.4049}, "mean-min": {"pca-1": 0.315}}, "1002": {"min-min": {"pca-1": 0.0}, "min-mean": {"pca-1": 0.1108}, "mean-mean": {"pca-1": 0.3215}, "mean-min": {"pca-1": 0.2831}}, "1003": {"min-min": {"pca-1": 0.0}, "min-mean": {"pca-1": 0.1139}, "mean-mean": {"pca-1": 0.3429}, "mean-min": {"pca-1": 0.3015}}, "1004": {"min-min": {"pca-1": 0.0}, "min-mean": {"pca-1": 0.1884}, "mean-mean": {"pca-1": 0.4117}, "mean-min": {"pca-1": 0.3009}}, "1005": {"min-min": {"pca-1": 0.0}, "min-mean": {"pca-1": 0.1101}, "mean-mean": {"pca-1": 0.3273}, "mean-min": {"pca-1": 0.284}}, "1006": {"min-min": {"pca-1": 0.0}, "min-mean": {"pca-1": 0.0634}, "mean-mean": {"pca-1": 0.2471}, "mean-min": {"pca-1": 0.1864}}, "1007": {"min-min": {"pca-1": 0.0}, "min-mean": {"pca-1": 0.0567}, "mean-mean": {"pca-1": 0.2565}, "mean-min": {"pca-1": 0.17}}, "1008": {"min-min": {"pca-1": 0.0}, "min-mean": {"pca-1": 0.1377}, "mean-mean": {"pca-1": 0.366}, "mean-min": {"pca-1": 0.3137}}, "1009": {"min-min": {"pca-1": 0.0}, "min-mean": {"pca-1": 0.1594}, "mean-mean": {"pca-1": 0.4102}, "mean-min": {"pca-1": 0.3386}}, "1010": {"min-min": {"pca-1": 0.0}, "min-mean": {"pca-1": 0.0063}, "mean-mean": {"pca-1": 0.1948}, "mean-min": {"pca-1": 0.0163}}, "1011": {"min-min": {"pca-1": 0.0}, "min-mean": {"pca-1": 0.0828}, "mean-mean": {"pca-1": 0.3161}, "mean-min": {"pca-1": 0.2357}}, "1012": {"min-min": {"pca-1": 0.0}, "min-mean": {"pca-1": 0.1033}, "mean-mean": {"pca-1": 0.3233}, "mean-min": {"pca-1": 0.2888}}, "1013": {"min-min": {"pca-1": 0.0}, "min-mean": {"pca-1": 0.0184}, "mean-mean": {"pca-1": 0.2202}, "mean-min": {"pca-1": 0.0551}}, "1014": {"min-min": {"pca-1": 0.0}, "min-mean": {"pca-1": 0.0679}, "mean-mean": {"pca-1": 0.2644}, "mean-min": {"pca-1": 0.1995}}, "1015": {"min-min": {"pca-1": 0.0}, "min-mean": {"pca-1": 0.0973}, "mean-mean": {"pca-1": 0.3393}, "mean-min": {"pca-1": 0.2893}}}, "1005": {"1001": {"min-min": {"pca-1": 0.0004}, "min-mean": {"pca-1": 0.0497}, "mean-mean": {"pca-1": 0.1902}, "mean-min": {"pca-1": 0.1482}}, "1002": {"min-min": {"pca-1": 0.0004}, "min-mean": {"pca-1": 0.0127}, "mean-mean": {"pca-1": 0.1399}, "mean-min": {"pca-1": 0.035}}, "1003": {"min-min": {"pca-1": 0.0036}, "min-mean": {"pca-1": 0.0089}, "mean-mean": {"pca-1": 0.1221}, "mean-min": {"pca-1": 0.0191}}, "1004": {"min-min": {"pca-1": 0.0031}, "min-mean": {"pca-1": 0.0679}, "mean-mean": {"pca-1": 0.2063}, "mean-min": {"pca-1": 0.1976}}, "1005": {"min-min": {"pca-1": 0.0002}, "min-mean": {"pca-1": 0.0102}, "mean-mean": {"pca-1": 0.1315}, "mean-min": {"pca-1": 0.0301}}, "1006": {"min-min": {"pca-1": 0.0027}, "min-mean": {"pca-1": 0.06}, "mean-mean": {"pca-1": 0.185}, "mean-min": {"pca-1": 0.1727}}, "1007": {"min-min": {"pca-1": 0.0004}, "min-mean": {"pca-1": 0.064}, "mean-mean": {"pca-1": 0.2108}, "mean-min": {"pca-1": 0.1891}}, "1008": {"min-min": {"pca-1": 0.0012}, "min-mean": {"pca-1": 0.014}, "mean-mean": {"pca-1": 0.1491}, "mean-min": {"pca-1": 0.0371}}, "1009": {"min-min": {"pca-1": 0.0015}, "min-mean": {"pca-1": 0.0383}, "mean-mean": {"pca-1": 0.151}, "mean-min": {"pca-1": 0.1118}}, "1010": {"min-min": {"pca-1": 0.0004}, "min-mean": {"pca-1": 0.1188}, "mean-mean": {"pca-1": 0.2574}, "mean-min": {"pca-1": 0.2023}}, "1011": {"min-min": {"pca-1": 0.0013}, "min-mean": {"pca-1": 0.042}, "mean-mean": {"pca-1": 0.1625}, "mean-min": {"pca-1": 0.1234}}, "1012": {"min-min": {"pca-1": 0.0002}, "min-mean": {"pca-1": 0.0175}, "mean-mean": {"pca-1": 0.1395}, "mean-min": {"pca-1": 0.052}}, "1013": {"min-min": {"pca-1": 0.005}, "min-mean": {"pca-1": 0.1047}, "mean-mean": {"pca-1": 0.2301}, "mean-min": {"pca-1": 0.188}}, "1014": {"min-min": {"pca-1": 0.001}, "min-mean": {"pca-1": 0.0543}, "mean-mean": {"pca-1": 0.1648}, "mean-min": {"pca-1": 0.1583}}, "1015": {"min-min": {"pca-1": 0.0007}, "min-mean": {"pca-1": 0.0252}, "mean-mean": {"pca-1": 0.1629}, "mean-min": {"pca-1": 0.0698}}}, "1006": {"1001": {"min-min": {"pca-1": 0.0045}, "min-mean": {"pca-1": 0.1102}, "mean-mean": {"pca-1": 0.2738}, "mean-min": {"pca-1": 0.2223}}, "1002": {"min-min": {"pca-1": 0.0023}, "min-mean": {"pca-1": 0.0486}, "mean-mean": {"pca-1": 0.1913}, "mean-min": {"pca-1": 0.1383}}, "1003": {"min-min": {"pca-1": 0.0042}, "min-mean": {"pca-1": 0.0542}, "mean-mean": {"pca-1": 0.1971}, "mean-min": {"pca-1": 0.1542}}, "1004": {"min-min": {"pca-1": 0.0003}, "min-mean": {"pca-1": 0.1238}, "mean-mean": {"pca-1": 0.2813}, "mean-min": {"pca-1": 0.2092}}, "1005": {"min-min": {"pca-1": 0.0011}, "min-mean": {"pca-1": 0.0492}, "mean-mean": {"pca-1": 0.1872}, "mean-min": {"pca-1": 0.1432}}, "1006": {"min-min": {"pca-1": 0.0006}, "min-mean": {"pca-1": 0.0006}, "mean-mean": {"pca-1": 0.1168}, "mean-min": {"pca-1": 0.0006}}, "1007": {"min-min": {"pca-1": 0.0006}, "min-mean": {"pca-1": 0.0057}, "mean-mean": {"pca-1": 0.1517}, "mean-min": {"pca-1": 0.0158}}, "1008": {"min-min": {"pca-1": 0.0013}, "min-mean": {"pca-1": 0.071}, "mean-mean": {"pca-1": 0.2293}, "mean-min": {"pca-1": 0.2079}}, "1009": {"min-min": {"pca-1": 0.003}, "min-mean": {"pca-1": 0.097}, "mean-mean": {"pca-1": 0.2566}, "mean-min": {"pca-1": 0.2031}}, "1010": {"min-min": {"pca-1": 0.0002}, "min-mean": {"pca-1": 0.0569}, "mean-mean": {"pca-1": 0.1846}, "mean-min": {"pca-1": 0.1679}}, "1011": {"min-min": {"pca-1": 0.0018}, "min-mean": {"pca-1": 0.0189}, "mean-mean": {"pca-1": 0.1755}, "mean-min": {"pca-1": 0.0499}}, "1012": {"min-min": {"pca-1": 0.0005}, "min-mean": {"pca-1": 0.0408}, "mean-mean": {"pca-1": 0.1813}, "mean-min": {"pca-1": 0.1213}}, "1013": {"min-min": {"pca-1": 0.0012}, "min-mean": {"pca-1": 0.0444}, "mean-mean": {"pca-1": 0.1802}, "mean-min": {"pca-1": 0.1307}}, "1014": {"min-min": {"pca-1": 0.0019}, "min-mean": {"pca-1": 0.0058}, "mean-mean": {"pca-1": 0.1255}, "mean-min": {"pca-1": 0.0137}}, "1015": {"min-min": {"pca-1": 0.0006}, "min-mean": {"pca-1": 0.0351}, "mean-mean": {"pca-1": 0.2016}, "mean-min": {"pca-1": 0.1035}}}, "1007": {"1001": {"min-min": {"pca-1": 0.0007}, "min-mean": {"pca-1": 0.1903}, "mean-mean": {"pca-1": 0.4317}, "mean-min": {"pca-1": 0.3614}}, "1002": {"min-min": {"pca-1": 0.0008}, "min-mean": {"pca-1": 0.1294}, "mean-mean": {"pca-1": 0.3469}, "mean-min": {"pca-1": 0.3255}}, "1003": {"min-min": {"pca-1": 0.0102}, "min-mean": {"pca-1": 0.1409}, "mean-mean": {"pca-1": 0.373}, "mean-min": {"pca-1": 0.3563}}, "1004": {"min-min": {"pca-1": 0.0067}, "min-mean": {"pca-1": 0.2108}, "mean-mean": {"pca-1": 0.4393}, "mean-min": {"pca-1": 0.3482}}, "1005": {"min-min": {"pca-1": 0.0018}, "min-mean": {"pca-1": 0.1316}, "mean-mean": {"pca-1": 0.3565}, "mean-min": {"pca-1": 0.337}}, "1006": {"min-min": {"pca-1": 0.004}, "min-mean": {"pca-1": 0.0856}, "mean-mean": {"pca-1": 0.276}, "mean-min": {"pca-1": 0.2487}}, "1007": {"min-min": {"pca-1": 0.0014}, "min-mean": {"pca-1": 0.0788}, "mean-mean": {"pca-1": 0.2818}, "mean-min": {"pca-1": 0.2323}}, "1008": {"min-min": {"pca-1": 0.0026}, "min-mean": {"pca-1": 0.158}, "mean-mean": {"pca-1": 0.392}, "mean-min": {"pca-1": 0.3574}}, "1009": {"min-min": {"pca-1": 0.003}, "min-mean": {"pca-1": 0.1812}, "mean-mean": {"pca-1": 0.4401}, "mean-min": {"pca-1": 0.3917}}, "1010": {"min-min": {"pca-1": 0.002}, "min-mean": {"pca-1": 0.0306}, "mean-mean": {"pca-1": 0.2224}, "mean-min": {"pca-1": 0.0786}}, "1011": {"min-min": {"pca-1": 0.0042}, "min-mean": {"pca-1": 0.1021}, "mean-mean": {"pca-1": 0.3444}, "mean-min": {"pca-1": 0.298}}, "1012": {"min-min": {"pca-1": 0.0017}, "min-mean": {"pca-1": 0.1243}, "mean-mean": {"pca-1": 0.354}, "mean-min": {"pca-1": 0.3442}}, "1013": {"min-min": {"pca-1": 0.0006}, "min-mean": {"pca-1": 0.0396}, "mean-mean": {"pca-1": 0.2455}, "mean-min": {"pca-1": 0.1174}}, "1014": {"min-min": {"pca-1": 0.0058}, "min-mean": {"pca-1": 0.0911}, "mean-mean": {"pca-1": 0.2922}, "mean-min": {"pca-1": 0.2618}}, "1015": {"min-min": {"pca-1": 0.0016}, "min-mean": {"pca-1": 0.1183}, "mean-mean": {"pca-1": 0.3662}, "mean-min": {"pca-1": 0.3516}}}, "1008": {"1001": {"min-min": {"pca-1": 0.0}, "min-mean": {"pca-1": 0.0057}, "mean-mean": {"pca-1": 0.2281}, "mean-min": {"pca-1": 0.0167}}, "1002": {"min-min": {"pca-1": 0.0}, "min-mean": {"pca-1": 0.0562}, "mean-mean": {"pca-1": 0.2887}, "mean-min": {"pca-1": 0.1665}}, "1003": {"min-min": {"pca-1": 0.0}, "min-mean": {"pca-1": 0.0509}, "mean-mean": {"pca-1": 0.2591}, "mean-min": {"pca-1": 0.1506}}, "1004": {"min-min": {"pca-1": 0.0}, "min-mean": {"pca-1": 0.0236}, "mean-mean": {"pca-1": 0.2523}, "mean-min": {"pca-1": 0.0661}}, "1005": {"min-min": {"pca-1": 0.0}, "min-mean": {"pca-1": 0.0553}, "mean-mean": {"pca-1": 0.2732}, "mean-min": {"pca-1": 0.1616}}, "1006": {"min-min": {"pca-1": 0.0}, "min-mean": {"pca-1": 0.1036}, "mean-mean": {"pca-1": 0.3542}, "mean-min": {"pca-1": 0.3042}}, "1007": {"min-min": {"pca-1": 0.0}, "min-mean": {"pca-1": 0.1073}, "mean-mean": {"pca-1": 0.3551}, "mean-min": {"pca-1": 0.3011}}, "1008": {"min-min": {"pca-1": 0.002}, "min-mean": {"pca-1": 0.0328}, "mean-mean": {"pca-1": 0.2518}, "mean-min": {"pca-1": 0.0944}}, "1009": {"min-min": {"pca-1": 0.0}, "min-mean": {"pca-1": 0.0084}, "mean-mean": {"pca-1": 0.1953}, "mean-min": {"pca-1": 0.0197}}, "1010": {"min-min": {"pca-1": 0.0}, "min-mean": {"pca-1": 0.1583}, "mean-mean": {"pca-1": 0.4125}, "mean-min": {"pca-1": 0.3119}}, "1011": {"min-min": {"pca-1": 0.0}, "min-mean": {"pca-1": 0.0868}, "mean-mean": {"pca-1": 0.2932}, "mean-min": {"pca-1": 0.2431}}, "1012": {"min-min": {"pca-1": 0.0}, "min-mean": {"pca-1": 0.0612}, "mean-mean": {"pca-1": 0.2809}, "mean-min": {"pca-1": 0.1835}}, "1013": {"min-min": {"pca-1": 0.0}, "min-mean": {"pca-1": 0.1458}, "mean-mean": {"pca-1": 0.3795}, "mean-min": {"pca-1": 0.2775}}, "1014": {"min-min": {"pca-1": 0.0}, "min-mean": {"pca-1": 0.1006}, "mean-mean": {"pca-1": 0.331}, "mean-min": {"pca-1": 0.2752}}, "1015": {"min-min": {"pca-1": 0.0}, "min-mean": {"pca-1": 0.0672}, "mean-mean": {"pca-1": 0.2817}, "mean-min": {"pca-1": 0.2013}}}, "1009": {"1001": {"min-min": {"pca-1": 0.0006}, "min-mean": {"pca-1": 0.1375}, "mean-mean": {"pca-1": 0.3083}, "mean-min": {"pca-1": 0.2505}}, "1002": {"min-min": {"pca-1": 0.0021}, "min-mean": {"pca-1": 0.0755}, "mean-mean": {"pca-1": 0.2268}, "mean-min": {"pca-1": 0.2193}}, "1003": {"min-min": {"pca-1": 0.0004}, "min-mean": {"pca-1": 0.0798}, "mean-mean": {"pca-1": 0.2371}, "mean-min": {"pca-1": 0.2249}}, "1004": {"min-min": {"pca-1": 0.0005}, "min-mean": {"pca-1": 0.1516}, "mean-mean": {"pca-1": 0.3149}, "mean-min": {"pca-1": 0.2358}}, "1005": {"min-min": {"pca-1": 0.0033}, "min-mean": {"pca-1": 0.0788}, "mean-mean": {"pca-1": 0.224}, "mean-min": {"pca-1": 0.2115}}, "1006": {"min-min": {"pca-1": 0.0014}, "min-mean": {"pca-1": 0.0287}, "mean-mean": {"pca-1": 0.1462}, "mean-min": {"pca-1": 0.0833}}, "1007": {"min-min": {"pca-1": 0.0012}, "min-mean": {"pca-1": 0.0234}, "mean-mean": {"pca-1": 0.1709}, "mean-min": {"pca-1": 0.067}}, "1008": {"min-min": {"pca-1": 0.0043}, "min-mean": {"pca-1": 0.1006}, "mean-mean": {"pca-1": 0.2691}, "mean-min": {"pca-1": 0.246}}, "1009": {"min-min": {"pca-1": 0.0002}, "min-mean": {"pca-1": 0.1228}, "mean-mean": {"pca-1": 0.302}, "mean-min": {"pca-1": 0.2556}}, "1010": {"min-min": {"pca-1": 0.0012}, "min-mean": {"pca-1": 0.0297}, "mean-mean": {"pca-1": 0.1586}, "mean-min": {"pca-1": 0.0867}}, "1011": {"min-min": {"pca-1": 0.0031}, "min-mean": {"pca-1": 0.0476}, "mean-mean": {"pca-1": 0.2152}, "mean-min": {"pca-1": 0.1326}}, "1012": {"min-min": {"pca-1": 0.0001}, "min-mean": {"pca-1": 0.0681}, "mean-mean": {"pca-1": 0.2175}, "mean-min": {"pca-1": 0.2041}}, "1013": {"min-min": {"pca-1": 0.0005}, "min-mean": {"pca-1": 0.0177}, "mean-mean": {"pca-1": 0.1598}, "mean-min": {"pca-1": 0.0479}}, "1014": {"min-min": {"pca-1": 0.0019}, "min-mean": {"pca-1": 0.0334}, "mean-mean": {"pca-1": 0.1647}, "mean-min": {"pca-1": 0.0965}}, "1015": {"min-min": {"pca-1": 0.0013}, "min-mean": {"pca-1": 0.063}, "mean-mean": {"pca-1": 0.2396}, "mean-min": {"pca-1": 0.1863}}}, "1010": {"1001": {"min-min": {"pca-1": 0.0079}, "min-mean": {"pca-1": 0.1175}, "mean-mean": {"pca-1": 0.2782}, "mean-min": {"pca-1": 0.2246}}, "1002": {"min-min": {"pca-1": 0.0036}, "min-mean": {"pca-1": 0.0521}, "mean-mean": {"pca-1": 0.1956}, "mean-min": {"pca-1": 0.1476}}, "1003": {"min-min": {"pca-1": 0.002}, "min-mean": {"pca-1": 0.0558}, "mean-mean": {"pca-1": 0.2021}, "mean-min": {"pca-1": 0.1635}}, "1004": {"min-min": {"pca-1": 0.002}, "min-mean": {"pca-1": 0.1291}, "mean-mean": {"pca-1": 0.2856}, "mean-min": {"pca-1": 0.2115}}, "1005": {"min-min": {"pca-1": 0.0007}, "min-mean": {"pca-1": 0.0513}, "mean-mean": {"pca-1": 0.1915}, "mean-min": {"pca-1": 0.1524}}, "1006": {"min-min": {"pca-1": 0.0008}, "min-mean": {"pca-1": 0.0038}, "mean-mean": {"pca-1": 0.12}, "mean-min": {"pca-1": 0.0098}}, "1007": {"min-min": {"pca-1": 0.0026}, "min-mean": {"pca-1": 0.0039}, "mean-mean": {"pca-1": 0.149}, "mean-min": {"pca-1": 0.0065}}, "1008": {"min-min": {"pca-1": 0.0009}, "min-mean": {"pca-1": 0.0738}, "mean-mean": {"pca-1": 0.2339}, "mean-min": {"pca-1": 0.2108}}, "1009": {"min-min": {"pca-1": 0.0005}, "min-mean": {"pca-1": 0.0985}, "mean-mean": {"pca-1": 0.2622}, "mean-min": {"pca-1": 0.2078}}, "1010": {"min-min": {"pca-1": 0.0011}, "min-mean": {"pca-1": 0.0543}, "mean-mean": {"pca-1": 0.1818}, "mean-min": {"pca-1": 0.1603}}, "1011": {"min-min": {"pca-1": 0.0005}, "min-mean": {"pca-1": 0.022}, "mean-mean": {"pca-1": 0.1806}, "mean-min": {"pca-1": 0.0591}}, "1012": {"min-min": {"pca-1": 0.0003}, "min-mean": {"pca-1": 0.0437}, "mean-mean": {"pca-1": 0.1858}, "mean-min": {"pca-1": 0.1306}}, "1013": {"min-min": {"pca-1": 0.0}, "min-mean": {"pca-1": 0.0405}, "mean-mean": {"pca-1": 0.1781}, "mean-min": {"pca-1": 0.1215}}, "1014": {"min-min": {"pca-1": 0.0016}, "min-mean": {"pca-1": 0.0092}, "mean-mean": {"pca-1": 0.1303}, "mean-min": {"pca-1": 0.023}}, "1015": {"min-min": {"pca-1": 0.0007}, "min-mean": {"pca-1": 0.0383}, "mean-mean": {"pca-1": 0.2063}, "mean-min": {"pca-1": 0.1127}}}, "1011": {"1001": {"min-min": {"pca-1": 0.0008}, "min-mean": {"pca-1": 0.0521}, "mean-mean": {"pca-1": 0.1927}, "mean-min": {"pca-1": 0.1546}}, "1002": {"min-min": {"pca-1": 0.0}, "min-mean": {"pca-1": 0.0099}, "mean-mean": {"pca-1": 0.1409}, "mean-min": {"pca-1": 0.0286}}, "1003": {"min-min": {"pca-1": 0.0001}, "min-mean": {"pca-1": 0.0043}, "mean-mean": {"pca-1": 0.1211}, "mean-min": {"pca-1": 0.0127}}, "1004": {"min-min": {"pca-1": 0.001}, "min-mean": {"pca-1": 0.0687}, "mean-mean": {"pca-1": 0.2109}, "mean-min": {"pca-1": 0.204}}, "1005": {"min-min": {"pca-1": 0.0005}, "min-mean": {"pca-1": 0.0083}, "mean-mean": {"pca-1": 0.1325}, "mean-min": {"pca-1": 0.0238}}, "1006": {"min-min": {"pca-1": 0.0003}, "min-mean": {"pca-1": 0.0557}, "mean-mean": {"pca-1": 0.1922}, "mean-min": {"pca-1": 0.1664}}, "1007": {"min-min": {"pca-1": 0.0029}, "min-mean": {"pca-1": 0.0628}, "mean-mean": {"pca-1": 0.2141}, "mean-min": {"pca-1": 0.1827}}, "1008": {"min-min": {"pca-1": 0.0001}, "min-mean": {"pca-1": 0.0146}, "mean-mean": {"pca-1": 0.1527}, "mean-min": {"pca-1": 0.0435}}, "1009": {"min-min": {"pca-1": 0.001}, "min-mean": {"pca-1": 0.0417}, "mean-mean": {"pca-1": 0.1508}, "mean-min": {"pca-1": 0.1182}}, "1010": {"min-min": {"pca-1": 0.0034}, "min-mean": {"pca-1": 0.1198}, "mean-mean": {"pca-1": 0.2642}, "mean-min": {"pca-1": 0.2249}}, "1011": {"min-min": {"pca-1": 0.0009}, "min-mean": {"pca-1": 0.0396}, "mean-mean": {"pca-1": 0.1601}, "mean-min": {"pca-1": 0.117}}, "1012": {"min-min": {"pca-1": 0.0005}, "min-mean": {"pca-1": 0.0155}, "mean-mean": {"pca-1": 0.141}, "mean-min": {"pca-1": 0.0456}}, "1013": {"min-min": {"pca-1": 0.0}, "min-mean": {"pca-1": 0.0992}, "mean-mean": {"pca-1": 0.2321}, "mean-min": {"pca-1": 0.1971}}, "1014": {"min-min": {"pca-1": 0.0031}, "min-mean": {"pca-1": 0.0531}, "mean-mean": {"pca-1": 0.1695}, "mean-min": {"pca-1": 0.1532}}, "1015": {"min-min": {"pca-1": 0.0003}, "min-mean": {"pca-1": 0.0217}, "mean-mean": {"pca-1": 0.1616}, "mean-min": {"pca-1": 0.0634}}}, "1012": {"1001": {"min-min": {"pca-1": 0.0059}, "min-mean": {"pca-1": 0.1121}, "mean-mean": {"pca-1": 0.2581}, "mean-min": {"pca-1": 0.2192}}, "1002": {"min-min": {"pca-1": 0.0073}, "min-mean": {"pca-1": 0.0517}, "mean-mean": {"pca-1": 0.1819}, "mean-min": {"pca-1": 0.1405}}, "1003": {"min-min": {"pca-1": 0.002}, "min-mean": {"pca-1": 0.0535}, "mean-mean": {"pca-1": 0.1784}, "mean-min": {"pca-1": 0.1564}}, "1004": {"min-min": {"pca-1": 0.0014}, "min-mean": {"pca-1": 0.1253}, "mean-mean": {"pca-1": 0.2692}, "mean-min": {"pca-1": 0.2061}}, "1005": {"min-min": {"pca-1": 0.0018}, "min-mean": {"pca-1": 0.0507}, "mean-mean": {"pca-1": 0.1737}, "mean-min": {"pca-1": 0.1453}}, "1006": {"min-min": {"pca-1": 0.0004}, "min-mean": {"pca-1": 0.0012}, "mean-mean": {"pca-1": 0.1178}, "mean-min": {"pca-1": 0.0027}}, "1007": {"min-min": {"pca-1": 0.0003}, "min-mean": {"pca-1": 0.0047}, "mean-mean": {"pca-1": 0.1487}, "mean-min": {"pca-1": 0.0136}}, "1008": {"min-min": {"pca-1": 0.0007}, "min-mean": {"pca-1": 0.0713}, "mean-mean": {"pca-1": 0.213}, "mean-min": {"pca-1": 0.2056}}, "1009": {"min-min": {"pca-1": 0.0006}, "min-mean": {"pca-1": 0.0977}, "mean-mean": {"pca-1": 0.2281}, "mean-min": {"pca-1": 0.1963}}, "1010": {"min-min": {"pca-1": 0.0012}, "min-mean": {"pca-1": 0.0566}, "mean-mean": {"pca-1": 0.1866}, "mean-min": {"pca-1": 0.1674}}, "1011": {"min-min": {"pca-1": 0.0012}, "min-mean": {"pca-1": 0.0201}, "mean-mean": {"pca-1": 0.1555}, "mean-min": {"pca-1": 0.052}}, "1012": {"min-min": {"pca-1": 0.0003}, "min-mean": {"pca-1": 0.0414}, "mean-mean": {"pca-1": 0.1673}, "mean-min": {"pca-1": 0.1235}}, "1013": {"min-min": {"pca-1": 0.0006}, "min-mean": {"pca-1": 0.0434}, "mean-mean": {"pca-1": 0.1732}, "mean-min": {"pca-1": 0.1286}}, "1014": {"min-min": {"pca-1": 0.0002}, "min-mean": {"pca-1": 0.0054}, "mean-mean": {"pca-1": 0.1187}, "mean-min": {"pca-1": 0.0159}}, "1015": {"min-min": {"pca-1": 0.0032}, "min-mean": {"pca-1": 0.0373}, "mean-mean": {"pca-1": 0.1834}, "mean-min": {"pca-1": 0.1056}}}, "1013": {"1001": {"min-min": {"pca-1": 0.0003}, "min-mean": {"pca-1": 0.0534}, "mean-mean": {"pca-1": 0.2255}, "mean-min": {"pca-1": 0.1596}}, "1002": {"min-min": {"pca-1": 0.0}, "min-mean": {"pca-1": 0.0078}, "mean-mean": {"pca-1": 0.1778}, "mean-min": {"pca-1": 0.0235}}, "1003": {"min-min": {"pca-1": 0.0007}, "min-mean": {"pca-1": 0.003}, "mean-mean": {"pca-1": 0.1563}, "mean-min": {"pca-1": 0.0076}}, "1004": {"min-min": {"pca-1": 0.0002}, "min-mean": {"pca-1": 0.0698}, "mean-mean": {"pca-1": 0.2443}, "mean-min": {"pca-1": 0.209}}, "1005": {"min-min": {"pca-1": 0.0003}, "min-mean": {"pca-1": 0.0064}, "mean-mean": {"pca-1": 0.1684}, "mean-min": {"pca-1": 0.0187}}, "1006": {"min-min": {"pca-1": 0.0003}, "min-mean": {"pca-1": 0.054}, "mean-mean": {"pca-1": 0.2323}, "mean-min": {"pca-1": 0.1613}}, "1007": {"min-min": {"pca-1": 0.0033}, "min-mean": {"pca-1": 0.0614}, "mean-mean": {"pca-1": 0.2498}, "mean-min": {"pca-1": 0.1776}}, "1008": {"min-min": {"pca-1": 0.001}, "min-mean": {"pca-1": 0.0182}, "mean-mean": {"pca-1": 0.1876}, "mean-min": {"pca-1": 0.0485}}, "1009": {"min-min": {"pca-1": 0.0008}, "min-mean": {"pca-1": 0.0416}, "mean-mean": {"pca-1": 0.1846}, "mean-min": {"pca-1": 0.1233}}, "1010": {"min-min": {"pca-1": 0.0049}, "min-mean": {"pca-1": 0.1178}, "mean-mean": {"pca-1": 0.3004}, "mean-min": {"pca-1": 0.2245}}, "1011": {"min-min": {"pca-1": 0.0042}, "min-mean": {"pca-1": 0.0401}, "mean-mean": {"pca-1": 0.1942}, "mean-min": {"pca-1": 0.112}}, "1012": {"min-min": {"pca-1": 0.0043}, "min-mean": {"pca-1": 0.0164}, "mean-mean": {"pca-1": 0.1762}, "mean-min": {"pca-1": 0.0405}}, "1013": {"min-min": {"pca-1": 0.0004}, "min-mean": {"pca-1": 0.0978}, "mean-mean": {"pca-1": 0.2706}, "mean-min": {"pca-1": 0.1978}}, "1014": {"min-min": {"pca-1": 0.0036}, "min-mean": {"pca-1": 0.0518}, "mean-mean": {"pca-1": 0.2109}, "mean-min": {"pca-1": 0.1481}}, "1015": {"min-min": {"pca-1": 0.0057}, "min-mean": {"pca-1": 0.0235}, "mean-mean": {"pca-1": 0.19}, "mean-min": {"pca-1": 0.0583}}}, "1014": {"1001": {"min-min": {"pca-1": 0.0014}, "min-mean": {"pca-1": 0.1244}, "mean-mean": {"pca-1": 0.2907}, "mean-min": {"pca-1": 0.2355}}, "1002": {"min-min": {"pca-1": 0.0028}, "min-mean": {"pca-1": 0.0646}, "mean-mean": {"pca-1": 0.2088}, "mean-min": {"pca-1": 0.186}}, "1003": {"min-min": {"pca-1": 0.0028}, "min-mean": {"pca-1": 0.0708}, "mean-mean": {"pca-1": 0.2172}, "mean-min": {"pca-1": 0.2019}}, "1004": {"min-min": {"pca-1": 0.0008}, "min-mean": {"pca-1": 0.1401}, "mean-mean": {"pca-1": 0.298}, "mean-min": {"pca-1": 0.2221}}, "1005": {"min-min": {"pca-1": 0.0007}, "min-mean": {"pca-1": 0.0641}, "mean-mean": {"pca-1": 0.2051}, "mean-min": {"pca-1": 0.1908}}, "1006": {"min-min": {"pca-1": 0.0003}, "min-mean": {"pca-1": 0.0166}, "mean-mean": {"pca-1": 0.1291}, "mean-min": {"pca-1": 0.0482}}, "1007": {"min-min": {"pca-1": 0.0027}, "min-mean": {"pca-1": 0.0135}, "mean-mean": {"pca-1": 0.1558}, "mean-min": {"pca-1": 0.0319}}, "1008": {"min-min": {"pca-1": 0.0002}, "min-mean": {"pca-1": 0.0862}, "mean-mean": {"pca-1": 0.2495}, "mean-min": {"pca-1": 0.2273}}, "1009": {"min-min": {"pca-1": 0.0014}, "min-mean": {"pca-1": 0.1119}, "mean-mean": {"pca-1": 0.28}, "mean-min": {"pca-1": 0.2312}}, "1010": {"min-min": {"pca-1": 0.0002}, "min-mean": {"pca-1": 0.0407}, "mean-mean": {"pca-1": 0.1654}, "mean-min": {"pca-1": 0.1218}}, "1011": {"min-min": {"pca-1": 0.0052}, "min-mean": {"pca-1": 0.0367}, "mean-mean": {"pca-1": 0.1958}, "mean-min": {"pca-1": 0.0976}}, "1012": {"min-min": {"pca-1": 0.001}, "min-mean": {"pca-1": 0.057}, "mean-mean": {"pca-1": 0.1986}, "mean-min": {"pca-1": 0.169}}, "1013": {"min-min": {"pca-1": 0.0003}, "min-mean": {"pca-1": 0.0287}, "mean-mean": {"pca-1": 0.1657}, "mean-min": {"pca-1": 0.083}}, "1014": {"min-min": {"pca-1": 0.0016}, "min-mean": {"pca-1": 0.0215}, "mean-mean": {"pca-1": 0.145}, "mean-min": {"pca-1": 0.0614}}, "1015": {"min-min": {"pca-1": 0.0012}, "min-mean": {"pca-1": 0.0514}, "mean-mean": {"pca-1": 0.2206}, "mean-min": {"pca-1": 0.1512}}}, "1015": {"1001": {"min-min": {"pca-1": 0.0005}, "min-mean": {"pca-1": 0.0584}, "mean-mean": {"pca-1": 0.197}, "mean-min": {"pca-1": 0.1736}}, "1002": {"min-min": {"pca-1": 0.0008}, "min-mean": {"pca-1": 0.004}, "mean-mean": {"pca-1": 0.1273}, "mean-min": {"pca-1": 0.0096}}, "1003": {"min-min": {"pca-1": 0.0004}, "min-mean": {"pca-1": 0.0028}, "mean-mean": {"pca-1": 0.1154}, "mean-min": {"pca-1": 0.0063}}, "1004": {"min-min": {"pca-1": 0.0016}, "min-mean": {"pca-1": 0.0756}, "mean-mean": {"pca-1": 0.2117}, "mean-min": {"pca-1": 0.2041}}, "1005": {"min-min": {"pca-1": 0.0013}, "min-mean": {"pca-1": 0.0024}, "mean-mean": {"pca-1": 0.1202}, "mean-min": {"pca-1": 0.0047}}, "1006": {"min-min": {"pca-1": 0.002}, "min-mean": {"pca-1": 0.0504}, "mean-mean": {"pca-1": 0.168}, "mean-min": {"pca-1": 0.1473}}, "1007": {"min-min": {"pca-1": 0.0003}, "min-mean": {"pca-1": 0.0555}, "mean-mean": {"pca-1": 0.1976}, "mean-min": {"pca-1": 0.1637}}, "1008": {"min-min": {"pca-1": 0.0001}, "min-mean": {"pca-1": 0.0213}, "mean-mean": {"pca-1": 0.1556}, "mean-min": {"pca-1": 0.0625}}, "1009": {"min-min": {"pca-1": 0.0003}, "min-mean": {"pca-1": 0.046}, "mean-mean": {"pca-1": 0.1593}, "mean-min": {"pca-1": 0.1372}}, "1010": {"min-min": {"pca-1": 0.0033}, "min-mean": {"pca-1": 0.108}, "mean-mean": {"pca-1": 0.2414}, "mean-min": {"pca-1": 0.1931}}, "1011": {"min-min": {"pca-1": 0.0007}, "min-mean": {"pca-1": 0.0331}, "mean-mean": {"pca-1": 0.153}, "mean-min": {"pca-1": 0.098}}, "1012": {"min-min": {"pca-1": 0.0001}, "min-mean": {"pca-1": 0.0096}, "mean-mean": {"pca-1": 0.1279}, "mean-min": {"pca-1": 0.0266}}, "1013": {"min-min": {"pca-1": 0.0017}, "min-mean": {"pca-1": 0.094}, "mean-mean": {"pca-1": 0.2173}, "mean-min": {"pca-1": 0.1834}}, "1014": {"min-min": {"pca-1": 0.0007}, "min-mean": {"pca-1": 0.0452}, "mean-mean": {"pca-1": 0.1494}, "mean-min": {"pca-1": 0.1342}}, "1015": {"min-min": {"pca-1": 0.0001}, "min-mean": {"pca-1": 0.0149}, "mean-mean": {"pca-1": 0.1527}, "mean-min": {"pca-1": 0.0444}}}}