{"1001": {"1001": {"min-min": {"pca-1": 0.1615}, "min-mean": {"pca-1": 0.2282}, "mean-mean": {"pca-1": 0.5267}, "mean-min": {"pca-1": 0.3616}}, "1002": {"min-min": {"pca-1": 0.1481}, "min-mean": {"pca-1": 0.2579}, "mean-mean": {"pca-1": 0.5645}, "mean-min": {"pca-1": 0.4776}}, "1003": {"min-min": {"pca-1": 0.131}, "min-mean": {"pca-1": 0.1624}, "mean-mean": {"pca-1": 0.4543}, "mean-min": {"pca-1": 0.2252}}, "1004": {"min-min": {"pca-1": 0.2239}, "min-mean": {"pca-1": 0.3858}, "mean-mean": {"pca-1": 0.6257}, "mean-min": {"pca-1": 0.5676}}, "1005": {"min-min": {"pca-1": 0.1362}, "min-mean": {"pca-1": 0.2084}, "mean-mean": {"pca-1": 0.477}, "mean-min": {"pca-1": 0.3528}}, "1006": {"min-min": {"pca-1": 0.1022}, "min-mean": {"pca-1": 0.1918}, "mean-mean": {"pca-1": 0.4288}, "mean-min": {"pca-1": 0.2844}}, "1007": {"min-min": {"pca-1": 0.1473}, "min-mean": {"pca-1": 0.1473}, "mean-mean": {"pca-1": 0.4415}, "mean-min": {"pca-1": 0.1473}}, "1008": {"min-min": {"pca-1": 0.2911}, "min-mean": {"pca-1": 0.4443}, "mean-mean": {"pca-1": 0.7251}, "mean-min": {"pca-1": 0.6974}}, "1009": {"min-min": {"pca-1": 0.1687}, "min-mean": {"pca-1": 0.3908}, "mean-mean": {"pca-1": 0.7437}, "mean-min": {"pca-1": 0.6781}}, "1010": {"min-min": {"pca-1": 0.1867}, "min-mean": {"pca-1": 0.2184}, "mean-mean": {"pca-1": 0.4561}, "mean-min": {"pca-1": 0.2789}}, "1011": {"min-min": {"pca-1": 0.2321}, "min-mean": {"pca-1": 0.4663}, "mean-mean": {"pca-1": 0.7268}, "mean-min": {"pca-1": 0.6119}}, "1012": {"min-min": {"pca-1": 0.1352}, "min-mean": {"pca-1": 0.5185}, "mean-mean": {"pca-1": 0.8408}, "mean-min": {"pca-1": 0.6159}}, "1013": {"min-min": {"pca-1": 0.1619}, "min-mean": {"pca-1": 0.2483}, "mean-mean": {"pca-1": 0.5097}, "mean-min": {"pca-1": 0.3758}}, "1014": {"min-min": {"pca-1": 0.1755}, "min-mean": {"pca-1": 0.2535}, "mean-mean": {"pca-1": 0.4332}, "mean-min": {"pca-1": 0.4096}}, "1015": {"min-min": {"pca-1": 0.186}, "min-mean": {"pca-1": 0.4964}, "mean-mean": {"pca-1": 0.8654}, "mean-min": {"pca-1": 0.7318}}}, "1002": {"1001": {"min-min": {"pca-1": 0.1722}, "min-mean": {"pca-1": 0.3075}, "mean-mean": {"pca-1": 0.5783}, "mean-min": {"pca-1": 0.5058}}, "1002": {"min-min": {"pca-1": 0.1498}, "min-mean": {"pca-1": 0.3321}, "mean-mean": {"pca-1": 0.6161}, "mean-min": {"pca-1": 0.5774}}, "1003": {"min-min": {"pca-1": 0.1344}, "min-mean": {"pca-1": 0.2687}, "mean-mean": {"pca-1": 0.5237}, "mean-min": {"pca-1": 0.409}}, "1004": {"min-min": {"pca-1": 0.1647}, "min-mean": {"pca-1": 0.3674}, "mean-mean": {"pca-1": 0.6357}, "mean-min": {"pca-1": 0.6011}}, "1005": {"min-min": {"pca-1": 0.1669}, "min-mean": {"pca-1": 0.3119}, "mean-mean": {"pca-1": 0.558}, "mean-min": {"pca-1": 0.5322}}, "1006": {"min-min": {"pca-1": 0.1468}, "min-mean": {"pca-1": 0.215}, "mean-mean": {"pca-1": 0.4599}, "mean-min": {"pca-1": 0.2491}}, "1007": {"min-min": {"pca-1": 0.2325}, "min-mean": {"pca-1": 0.2525}, "mean-mean": {"pca-1": 0.4767}, "mean-min": {"pca-1": 0.2625}}, "1008": {"min-min": {"pca-1": 0.2436}, "min-mean": {"pca-1": 0.4875}, "mean-mean": {"pca-1": 0.7905}, "mean-min": {"pca-1": 0.6647}}, "1009": {"min-min": {"pca-1": 0.1399}, "min-mean": {"pca-1": 0.4785}, "mean-mean": {"pca-1": 0.8026}, "mean-min": {"pca-1": 0.6065}}, "1010": {"min-min": {"pca-1": 0.2204}, "min-mean": {"pca-1": 0.2718}, "mean-mean": {"pca-1": 0.5287}, "mean-min": {"pca-1": 0.3747}}, "1011": {"min-min": {"pca-1": 0.1885}, "min-mean": {"pca-1": 0.4305}, "mean-mean": {"pca-1": 0.6847}, "mean-min": {"pca-1": 0.5935}}, "1012": {"min-min": {"pca-1": 0.1493}, "min-mean": {"pca-1": 0.4906}, "mean-mean": {"pca-1": 0.764}, "mean-min": {"pca-1": 0.5748}}, "1013": {"min-min": {"pca-1": 0.1582}, "min-mean": {"pca-1": 0.2023}, "mean-mean": {"pca-1": 0.4645}, "mean-min": {"pca-1": 0.2243}}, "1014": {"min-min": {"pca-1": 0.1201}, "min-mean": {"pca-1": 0.3383}, "mean-mean": {"pca-1": 0.5452}, "mean-min": {"pca-1": 0.4702}}, "1015": {"min-min": {"pca-1": 0.1952}, "min-mean": {"pca-1": 0.4693}, "mean-mean": {"pca-1": 0.809}, "mean-min": {"pca-1": 0.6912}}}, "1003": {"1001": {"min-min": {"pca-1": 0.1244}, "min-mean": {"pca-1": 0.2329}, "mean-mean": {"pca-1": 0.5216}, "mean-min": {"pca-1": 0.4012}}, "1002": {"min-min": {"pca-1": 0.1914}, "min-mean": {"pca-1": 0.3044}, "mean-mean": {"pca-1": 0.5696}, "mean-min": {"pca-1": 0.5305}}, "1003": {"min-min": {"pca-1": 0.1352}, "min-mean": {"pca-1": 0.175}, "mean-mean": {"pca-1": 0.4383}, "mean-min": {"pca-1": 0.2546}}, "1004": {"min-min": {"pca-1": 0.1948}, "min-mean": {"pca-1": 0.3741}, "mean-mean": {"pca-1": 0.6061}, "mean-min": {"pca-1": 0.5573}}, "1005": {"min-min": {"pca-1": 0.1875}, "min-mean": {"pca-1": 0.2641}, "mean-mean": {"pca-1": 0.4864}, "mean-min": {"pca-1": 0.4171}}, "1006": {"min-min": {"pca-1": 0.1798}, "min-mean": {"pca-1": 0.1957}, "mean-mean": {"pca-1": 0.4064}, "mean-min": {"pca-1": 0.2276}}, "1007": {"min-min": {"pca-1": 0.1652}, "min-mean": {"pca-1": 0.1652}, "mean-mean": {"pca-1": 0.432}, "mean-min": {"pca-1": 0.1652}}, "1008": {"min-min": {"pca-1": 0.1867}, "min-mean": {"pca-1": 0.4159}, "mean-mean": {"pca-1": 0.7133}, "mean-min": {"pca-1": 0.6524}}, "1009": {"min-min": {"pca-1": 0.1625}, "min-mean": {"pca-1": 0.4001}, "mean-mean": {"pca-1": 0.7088}, "mean-min": {"pca-1": 0.5962}}, "1010": {"min-min": {"pca-1": 0.189}, "min-mean": {"pca-1": 0.2142}, "mean-mean": {"pca-1": 0.4615}, "mean-min": {"pca-1": 0.2645}}, "1011": {"min-min": {"pca-1": 0.1576}, "min-mean": {"pca-1": 0.4132}, "mean-mean": {"pca-1": 0.6717}, "mean-min": {"pca-1": 0.5573}}, "1012": {"min-min": {"pca-1": 0.1729}, "min-mean": {"pca-1": 0.5161}, "mean-mean": {"pca-1": 0.7817}, "mean-min": {"pca-1": 0.5536}}, "1013": {"min-min": {"pca-1": 0.1078}, "min-mean": {"pca-1": 0.2222}, "mean-mean": {"pca-1": 0.4856}, "mean-min": {"pca-1": 0.3365}}, "1014": {"min-min": {"pca-1": 0.2013}, "min-mean": {"pca-1": 0.2943}, "mean-mean": {"pca-1": 0.451}, "mean-min": {"pca-1": 0.4313}}, "1015": {"min-min": {"pca-1": 0.2168}, "min-mean": {"pca-1": 0.508}, "mean-mean": {"pca-1": 0.813}, "mean-min": {"pca-1": 0.6636}}}, "1004": {"1001": {"min-min": {"pca-1": 0.2041}, "min-mean": {"pca-1": 0.332}, "mean-mean": {"pca-1": 0.6222}, "mean-min": {"pca-1": 0.5877}}, "1002": {"min-min": {"pca-1": 0.1772}, "min-mean": {"pca-1": 0.3608}, "mean-mean": {"pca-1": 0.6274}, "mean-min": {"pca-1": 0.5906}}, "1003": {"min-min": {"pca-1": 0.2238}, "min-mean": {"pca-1": 0.2997}, "mean-mean": {"pca-1": 0.5507}, "mean-min": {"pca-1": 0.4514}}, "1004": {"min-min": {"pca-1": 0.1235}, "min-mean": {"pca-1": 0.4253}, "mean-mean": {"pca-1": 0.7128}, "mean-min": {"pca-1": 0.6082}}, "1005": {"min-min": {"pca-1": 0.1885}, "min-mean": {"pca-1": 0.2976}, "mean-mean": {"pca-1": 0.548}, "mean-min": {"pca-1": 0.4722}}, "1006": {"min-min": {"pca-1": 0.2215}, "min-mean": {"pca-1": 0.2681}, "mean-mean": {"pca-1": 0.4938}, "mean-min": {"pca-1": 0.3613}}, "1007": {"min-min": {"pca-1": 0.2418}, "min-mean": {"pca-1": 0.2789}, "mean-mean": {"pca-1": 0.519}, "mean-min": {"pca-1": 0.353}}, "1008": {"min-min": {"pca-1": 0.2422}, "min-mean": {"pca-1": 0.4116}, "mean-mean": {"pca-1": 0.748}, "mean-min": {"pca-1": 0.7421}}, "1009": {"min-min": {"pca-1": 0.1903}, "min-mean": {"pca-1": 0.443}, "mean-mean": {"pca-1": 0.7678}, "mean-min": {"pca-1": 0.7277}}, "1010": {"min-min": {"pca-1": 0.1977}, "min-mean": {"pca-1": 0.2394}, "mean-mean": {"pca-1": 0.4822}, "mean-min": {"pca-1": 0.2603}}, "1011": {"min-min": {"pca-1": 0.1971}, "min-mean": {"pca-1": 0.4382}, "mean-mean": {"pca-1": 0.7425}, "mean-min": {"pca-1": 0.6482}}, "1012": {"min-min": {"pca-1": 0.2691}, "min-mean": {"pca-1": 0.5637}, "mean-mean": {"pca-1": 0.8119}, "mean-min": {"pca-1": 0.632}}, "1013": {"min-min": {"pca-1": 0.2072}, "min-mean": {"pca-1": 0.2799}, "mean-mean": {"pca-1": 0.5447}, "mean-min": {"pca-1": 0.4252}}, "1014": {"min-min": {"pca-1": 0.1524}, "min-mean": {"pca-1": 0.2774}, "mean-mean": {"pca-1": 0.4568}, "mean-min": {"pca-1": 0.3751}}, "1015": {"min-min": {"pca-1": 0.1854}, "min-mean": {"pca-1": 0.5282}, "mean-mean": {"pca-1": 0.8711}, "mean-min": {"pca-1": 0.7444}}}, "1005": {"1001": {"min-min": {"pca-1": 0.2019}, "min-mean": {"pca-1": 0.5052}, "mean-mean": {"pca-1": 0.9104}, "mean-min": {"pca-1": 0.7754}}, "1002": {"min-min": {"pca-1": 0.198}, "min-mean": {"pca-1": 0.7388}, "mean-mean": {"pca-1": 1.0963}, "mean-min": {"pca-1": 0.7636}}, "1003": {"min-min": {"pca-1": 0.3074}, "min-mean": {"pca-1": 0.5541}, "mean-mean": {"pca-1": 0.8891}, "mean-min": {"pca-1": 0.7512}}, "1004": {"min-min": {"pca-1": 0.319}, "min-mean": {"pca-1": 0.381}, "mean-mean": {"pca-1": 0.7527}, "mean-min": {"pca-1": 0.4485}}, "1005": {"min-min": {"pca-1": 0.232}, "min-mean": {"pca-1": 0.4787}, "mean-mean": {"pca-1": 0.8466}, "mean-min": {"pca-1": 0.73}}, "1006": {"min-min": {"pca-1": 0.2095}, "min-mean": {"pca-1": 0.5404}, "mean-mean": {"pca-1": 0.9484}, "mean-min": {"pca-1": 0.7683}}, "1007": {"min-min": {"pca-1": 0.1433}, "min-mean": {"pca-1": 0.6232}, "mean-mean": {"pca-1": 1.0098}, "mean-min": {"pca-1": 0.7976}}, "1008": {"min-min": {"pca-1": 0.1344}, "min-mean": {"pca-1": 0.3272}, "mean-mean": {"pca-1": 0.7615}, "mean-min": {"pca-1": 0.6159}}, "1009": {"min-min": {"pca-1": 0.1832}, "min-mean": {"pca-1": 0.3106}, "mean-mean": {"pca-1": 0.6422}, "mean-min": {"pca-1": 0.4583}}, "1010": {"min-min": {"pca-1": 0.1339}, "min-mean": {"pca-1": 0.5997}, "mean-mean": {"pca-1": 1.0628}, "mean-min": {"pca-1": 0.8242}}, "1011": {"min-min": {"pca-1": 0.1473}, "min-mean": {"pca-1": 0.3409}, "mean-mean": {"pca-1": 0.7176}, "mean-min": {"pca-1": 0.5193}}, "1012": {"min-min": {"pca-1": 0.1362}, "min-mean": {"pca-1": 0.3292}, "mean-mean": {"pca-1": 0.7055}, "mean-min": {"pca-1": 0.498}}, "1013": {"min-min": {"pca-1": 0.2022}, "min-mean": {"pca-1": 0.6465}, "mean-mean": {"pca-1": 0.9848}, "mean-min": {"pca-1": 0.7743}}, "1014": {"min-min": {"pca-1": 0.1297}, "min-mean": {"pca-1": 0.4268}, "mean-mean": {"pca-1": 0.8318}, "mean-min": {"pca-1": 0.7235}}, "1015": {"min-min": {"pca-1": 0.2159}, "min-mean": {"pca-1": 0.3395}, "mean-mean": {"pca-1": 0.7546}, "mean-min": {"pca-1": 0.5868}}}, "1006": {"1001": {"min-min": {"pca-1": 0.1289}, "min-mean": {"pca-1": 0.3109}, "mean-mean": {"pca-1": 0.5667}, "mean-min": {"pca-1": 0.5255}}, "1002": {"min-min": {"pca-1": 0.2033}, "min-mean": {"pca-1": 0.452}, "mean-mean": {"pca-1": 0.6444}, "mean-min": {"pca-1": 0.5212}}, "1003": {"min-min": {"pca-1": 0.1906}, "min-mean": {"pca-1": 0.2591}, "mean-mean": {"pca-1": 0.4464}, "mean-min": {"pca-1": 0.3387}}, "1004": {"min-min": {"pca-1": 0.1858}, "min-mean": {"pca-1": 0.2415}, "mean-mean": {"pca-1": 0.4743}, "mean-min": {"pca-1": 0.3101}}, "1005": {"min-min": {"pca-1": 0.1501}, "min-mean": {"pca-1": 0.2622}, "mean-mean": {"pca-1": 0.4911}, "mean-min": {"pca-1": 0.4721}}, "1006": {"min-min": {"pca-1": 0.1654}, "min-mean": {"pca-1": 0.2248}, "mean-mean": {"pca-1": 0.4449}, "mean-min": {"pca-1": 0.3437}}, "1007": {"min-min": {"pca-1": 0.2427}, "min-mean": {"pca-1": 0.2808}, "mean-mean": {"pca-1": 0.46}, "mean-min": {"pca-1": 0.3554}}, "1008": {"min-min": {"pca-1": 0.2478}, "min-mean": {"pca-1": 0.3799}, "mean-mean": {"pca-1": 0.6195}, "mean-min": {"pca-1": 0.58}}, "1009": {"min-min": {"pca-1": 0.2321}, "min-mean": {"pca-1": 0.379}, "mean-mean": {"pca-1": 0.5912}, "mean-min": {"pca-1": 0.5465}}, "1010": {"min-min": {"pca-1": 0.1653}, "min-mean": {"pca-1": 0.3021}, "mean-mean": {"pca-1": 0.5353}, "mean-min": {"pca-1": 0.4773}}, "1011": {"min-min": {"pca-1": 0.2445}, "min-mean": {"pca-1": 0.301}, "mean-mean": {"pca-1": 0.499}, "mean-min": {"pca-1": 0.414}}, "1012": {"min-min": {"pca-1": 0.158}, "min-mean": {"pca-1": 0.3332}, "mean-mean": {"pca-1": 0.5593}, "mean-min": {"pca-1": 0.5206}}, "1013": {"min-min": {"pca-1": 0.2192}, "min-mean": {"pca-1": 0.3073}, "mean-mean": {"pca-1": 0.4934}, "mean-min": {"pca-1": 0.4179}}, "1014": {"min-min": {"pca-1": 0.1859}, "min-mean": {"pca-1": 0.3201}, "mean-mean": {"pca-1": 0.4742}, "mean-min": {"pca-1": 0.4403}}, "1015": {"min-min": {"pca-1": 0.2522}, "min-mean": {"pca-1": 0.3609}, "mean-mean": {"pca-1": 0.6199}, "mean-min": {"pca-1": 0.5782}}}, "1007": {"1001": {"min-min": {"pca-1": 0.2348}, "min-mean": {"pca-1": 0.3083}, "mean-mean": {"pca-1": 0.6475}, "mean-min": {"pca-1": 0.405}}, "1002": {"min-min": {"pca-1": 0.2146}, "min-mean": {"pca-1": 0.2146}, "mean-mean": {"pca-1": 0.5781}, "mean-min": {"pca-1": 0.2146}}, "1003": {"min-min": {"pca-1": 0.2753}, "min-mean": {"pca-1": 0.369}, "mean-mean": {"pca-1": 0.6679}, "mean-min": {"pca-1": 0.4712}}, "1004": {"min-min": {"pca-1": 0.2216}, "min-mean": {"pca-1": 0.4861}, "mean-mean": {"pca-1": 0.8211}, "mean-min": {"pca-1": 0.7329}}, "1005": {"min-min": {"pca-1": 0.179}, "min-mean": {"pca-1": 0.3223}, "mean-mean": {"pca-1": 0.6593}, "mean-min": {"pca-1": 0.5434}}, "1006": {"min-min": {"pca-1": 0.2029}, "min-mean": {"pca-1": 0.3099}, "mean-mean": {"pca-1": 0.6233}, "mean-min": {"pca-1": 0.4818}}, "1007": {"min-min": {"pca-1": 0.202}, "min-mean": {"pca-1": 0.2646}, "mean-mean": {"pca-1": 0.6246}, "mean-min": {"pca-1": 0.3898}}, "1008": {"min-min": {"pca-1": 0.3087}, "min-mean": {"pca-1": 0.5657}, "mean-mean": {"pca-1": 0.924}, "mean-min": {"pca-1": 0.8594}}, "1009": {"min-min": {"pca-1": 0.2591}, "min-mean": {"pca-1": 0.5753}, "mean-mean": {"pca-1": 0.9945}, "mean-min": {"pca-1": 0.886}}, "1010": {"min-min": {"pca-1": 0.1835}, "min-mean": {"pca-1": 0.2704}, "mean-mean": {"pca-1": 0.5857}, "mean-min": {"pca-1": 0.4079}}, "1011": {"min-min": {"pca-1": 0.2049}, "min-mean": {"pca-1": 0.5512}, "mean-mean": {"pca-1": 0.9338}, "mean-min": {"pca-1": 0.7977}}, "1012": {"min-min": {"pca-1": 0.2607}, "min-mean": {"pca-1": 0.7039}, "mean-mean": {"pca-1": 1.0498}, "mean-min": {"pca-1": 0.8052}}, "1013": {"min-min": {"pca-1": 0.2235}, "min-mean": {"pca-1": 0.3334}, "mean-mean": {"pca-1": 0.653}, "mean-min": {"pca-1": 0.5173}}, "1014": {"min-min": {"pca-1": 0.2558}, "min-mean": {"pca-1": 0.3989}, "mean-mean": {"pca-1": 0.648}, "mean-min": {"pca-1": 0.6292}}, "1015": {"min-min": {"pca-1": 0.2291}, "min-mean": {"pca-1": 0.6329}, "mean-mean": {"pca-1": 1.072}, "mean-min": {"pca-1": 0.8822}}}, "1008": {"1001": {"min-min": {"pca-1": 0.239}, "min-mean": {"pca-1": 0.4493}, "mean-mean": {"pca-1": 0.7343}, "mean-min": {"pca-1": 0.5984}}, "1002": {"min-min": {"pca-1": 0.2567}, "min-mean": {"pca-1": 0.5674}, "mean-mean": {"pca-1": 0.8332}, "mean-min": {"pca-1": 0.6017}}, "1003": {"min-min": {"pca-1": 0.1599}, "min-mean": {"pca-1": 0.3191}, "mean-mean": {"pca-1": 0.6185}, "mean-min": {"pca-1": 0.5413}}, "1004": {"min-min": {"pca-1": 0.124}, "min-mean": {"pca-1": 0.2442}, "mean-mean": {"pca-1": 0.6096}, "mean-min": {"pca-1": 0.4847}}, "1005": {"min-min": {"pca-1": 0.1358}, "min-mean": {"pca-1": 0.3126}, "mean-mean": {"pca-1": 0.6393}, "mean-min": {"pca-1": 0.5552}}, "1006": {"min-min": {"pca-1": 0.2203}, "min-mean": {"pca-1": 0.2901}, "mean-mean": {"pca-1": 0.59}, "mean-min": {"pca-1": 0.4296}}, "1007": {"min-min": {"pca-1": 0.2062}, "min-mean": {"pca-1": 0.3257}, "mean-mean": {"pca-1": 0.6234}, "mean-min": {"pca-1": 0.5647}}, "1008": {"min-min": {"pca-1": 0.1463}, "min-mean": {"pca-1": 0.2897}, "mean-mean": {"pca-1": 0.647}, "mean-min": {"pca-1": 0.5764}}, "1009": {"min-min": {"pca-1": 0.1772}, "min-mean": {"pca-1": 0.2674}, "mean-mean": {"pca-1": 0.5437}, "mean-min": {"pca-1": 0.4479}}, "1010": {"min-min": {"pca-1": 0.2955}, "min-mean": {"pca-1": 0.4147}, "mean-mean": {"pca-1": 0.7172}, "mean-min": {"pca-1": 0.653}}, "1011": {"min-min": {"pca-1": 0.1133}, "min-mean": {"pca-1": 0.1544}, "mean-mean": {"pca-1": 0.4919}, "mean-min": {"pca-1": 0.2367}}, "1012": {"min-min": {"pca-1": 0.1521}, "min-mean": {"pca-1": 0.2498}, "mean-mean": {"pca-1": 0.5392}, "mean-min": {"pca-1": 0.41}}, "1013": {"min-min": {"pca-1": 0.1255}, "min-mean": {"pca-1": 0.2413}, "mean-mean": {"pca-1": 0.6011}, "mean-min": {"pca-1": 0.4729}}, "1014": {"min-min": {"pca-1": 0.231}, "min-mean": {"pca-1": 0.3195}, "mean-mean": {"pca-1": 0.5697}, "mean-min": {"pca-1": 0.4966}}, "1015": {"min-min": {"pca-1": 0.1689}, "min-mean": {"pca-1": 0.2364}, "mean-mean": {"pca-1": 0.5736}, "mean-min": {"pca-1": 0.3715}}}, "1009": {"1001": {"min-min": {"pca-1": 0.135}, "min-mean": {"pca-1": 0.1839}, "mean-mean": {"pca-1": 0.4818}, "mean-min": {"pca-1": 0.259}}, "1002": {"min-min": {"pca-1": 0.1917}, "min-mean": {"pca-1": 0.3141}, "mean-mean": {"pca-1": 0.5808}, "mean-min": {"pca-1": 0.5404}}, "1003": {"min-min": {"pca-1": 0.1299}, "min-mean": {"pca-1": 0.1499}, "mean-mean": {"pca-1": 0.435}, "mean-min": {"pca-1": 0.1898}}, "1004": {"min-min": {"pca-1": 0.1819}, "min-mean": {"pca-1": 0.3175}, "mean-mean": {"pca-1": 0.5917}, "mean-min": {"pca-1": 0.5759}}, "1005": {"min-min": {"pca-1": 0.1558}, "min-mean": {"pca-1": 0.1846}, "mean-mean": {"pca-1": 0.4197}, "mean-min": {"pca-1": 0.2037}}, "1006": {"min-min": {"pca-1": 0.1414}, "min-mean": {"pca-1": 0.2216}, "mean-mean": {"pca-1": 0.4614}, "mean-min": {"pca-1": 0.382}}, "1007": {"min-min": {"pca-1": 0.1824}, "min-mean": {"pca-1": 0.2428}, "mean-mean": {"pca-1": 0.5153}, "mean-min": {"pca-1": 0.3568}}, "1008": {"min-min": {"pca-1": 0.2024}, "min-mean": {"pca-1": 0.2782}, "mean-mean": {"pca-1": 0.5977}, "mean-min": {"pca-1": 0.4297}}, "1009": {"min-min": {"pca-1": 0.1359}, "min-mean": {"pca-1": 0.2381}, "mean-mean": {"pca-1": 0.5662}, "mean-min": {"pca-1": 0.4424}}, "1010": {"min-min": {"pca-1": 0.1479}, "min-mean": {"pca-1": 0.2607}, "mean-mean": {"pca-1": 0.5343}, "mean-min": {"pca-1": 0.4863}}, "1011": {"min-min": {"pca-1": 0.1787}, "min-mean": {"pca-1": 0.3871}, "mean-mean": {"pca-1": 0.6547}, "mean-min": {"pca-1": 0.534}}, "1012": {"min-min": {"pca-1": 0.1264}, "min-mean": {"pca-1": 0.4278}, "mean-mean": {"pca-1": 0.7345}, "mean-min": {"pca-1": 0.5412}}, "1013": {"min-min": {"pca-1": 0.1532}, "min-mean": {"pca-1": 0.3163}, "mean-mean": {"pca-1": 0.5835}, "mean-min": {"pca-1": 0.5145}}, "1014": {"min-min": {"pca-1": 0.1473}, "min-mean": {"pca-1": 0.2008}, "mean-mean": {"pca-1": 0.3956}, "mean-min": {"pca-1": 0.3078}}, "1015": {"min-min": {"pca-1": 0.2052}, "min-mean": {"pca-1": 0.4616}, "mean-mean": {"pca-1": 0.7957}, "mean-min": {"pca-1": 0.6715}}}, "1010": {"1001": {"min-min": {"pca-1": 0.1112}, "min-mean": {"pca-1": 0.1876}, "mean-mean": {"pca-1": 0.4572}, "mean-min": {"pca-1": 0.2668}}, "1002": {"min-min": {"pca-1": 0.1307}, "min-mean": {"pca-1": 0.2746}, "mean-mean": {"pca-1": 0.5498}, "mean-min": {"pca-1": 0.5411}}, "1003": {"min-min": {"pca-1": 0.1799}, "min-mean": {"pca-1": 0.1799}, "mean-mean": {"pca-1": 0.4008}, "mean-min": {"pca-1": 0.1799}}, "1004": {"min-min": {"pca-1": 0.2355}, "min-mean": {"pca-1": 0.3537}, "mean-mean": {"pca-1": 0.5473}, "mean-min": {"pca-1": 0.5396}}, "1005": {"min-min": {"pca-1": 0.161}, "min-mean": {"pca-1": 0.2069}, "mean-mean": {"pca-1": 0.4082}, "mean-min": {"pca-1": 0.2607}}, "1006": {"min-min": {"pca-1": 0.194}, "min-mean": {"pca-1": 0.2633}, "mean-mean": {"pca-1": 0.4384}, "mean-min": {"pca-1": 0.3767}}, "1007": {"min-min": {"pca-1": 0.2355}, "min-mean": {"pca-1": 0.2752}, "mean-mean": {"pca-1": 0.4867}, "mean-min": {"pca-1": 0.3545}}, "1008": {"min-min": {"pca-1": 0.1714}, "min-mean": {"pca-1": 0.235}, "mean-mean": {"pca-1": 0.5267}, "mean-min": {"pca-1": 0.3622}}, "1009": {"min-min": {"pca-1": 0.196}, "min-mean": {"pca-1": 0.2854}, "mean-mean": {"pca-1": 0.5249}, "mean-min": {"pca-1": 0.4643}}, "1010": {"min-min": {"pca-1": 0.1545}, "min-mean": {"pca-1": 0.2715}, "mean-mean": {"pca-1": 0.5246}, "mean-min": {"pca-1": 0.5056}}, "1011": {"min-min": {"pca-1": 0.217}, "min-mean": {"pca-1": 0.4242}, "mean-mean": {"pca-1": 0.631}, "mean-min": {"pca-1": 0.5263}}, "1012": {"min-min": {"pca-1": 0.1216}, "min-mean": {"pca-1": 0.4331}, "mean-mean": {"pca-1": 0.699}, "mean-min": {"pca-1": 0.5124}}, "1013": {"min-min": {"pca-1": 0.1586}, "min-mean": {"pca-1": 0.2964}, "mean-mean": {"pca-1": 0.5338}, "mean-min": {"pca-1": 0.5138}}, "1014": {"min-min": {"pca-1": 0.1578}, "min-mean": {"pca-1": 0.2145}, "mean-mean": {"pca-1": 0.3796}, "mean-min": {"pca-1": 0.3279}}, "1015": {"min-min": {"pca-1": 0.2746}, "min-mean": {"pca-1": 0.5168}, "mean-mean": {"pca-1": 0.7643}, "mean-min": {"pca-1": 0.6427}}}, "1011": {"1001": {"min-min": {"pca-1": 0.269}, "min-mean": {"pca-1": 0.4608}, "mean-mean": {"pca-1": 0.7233}, "mean-min": {"pca-1": 0.6569}}, "1002": {"min-min": {"pca-1": 0.1683}, "min-mean": {"pca-1": 0.5273}, "mean-mean": {"pca-1": 0.8772}, "mean-min": {"pca-1": 0.6394}}, "1003": {"min-min": {"pca-1": 0.1342}, "min-mean": {"pca-1": 0.3516}, "mean-mean": {"pca-1": 0.7116}, "mean-min": {"pca-1": 0.6143}}, "1004": {"min-min": {"pca-1": 0.248}, "min-mean": {"pca-1": 0.3507}, "mean-mean": {"pca-1": 0.6657}, "mean-min": {"pca-1": 0.5347}}, "1005": {"min-min": {"pca-1": 0.193}, "min-mean": {"pca-1": 0.3275}, "mean-mean": {"pca-1": 0.6384}, "mean-min": {"pca-1": 0.5965}}, "1006": {"min-min": {"pca-1": 0.1795}, "min-mean": {"pca-1": 0.4611}, "mean-mean": {"pca-1": 0.7821}, "mean-min": {"pca-1": 0.6518}}, "1007": {"min-min": {"pca-1": 0.2107}, "min-mean": {"pca-1": 0.5499}, "mean-mean": {"pca-1": 0.8382}, "mean-min": {"pca-1": 0.6427}}, "1008": {"min-min": {"pca-1": 0.1675}, "min-mean": {"pca-1": 0.2425}, "mean-mean": {"pca-1": 0.5635}, "mean-min": {"pca-1": 0.28}}, "1009": {"min-min": {"pca-1": 0.21}, "min-mean": {"pca-1": 0.2907}, "mean-mean": {"pca-1": 0.5363}, "mean-min": {"pca-1": 0.3891}}, "1010": {"min-min": {"pca-1": 0.2927}, "min-mean": {"pca-1": 0.6039}, "mean-mean": {"pca-1": 0.8979}, "mean-min": {"pca-1": 0.7241}}, "1011": {"min-min": {"pca-1": 0.2109}, "min-mean": {"pca-1": 0.2678}, "mean-mean": {"pca-1": 0.5509}, "mean-min": {"pca-1": 0.3225}}, "1012": {"min-min": {"pca-1": 0.2055}, "min-mean": {"pca-1": 0.3074}, "mean-mean": {"pca-1": 0.5693}, "mean-min": {"pca-1": 0.4509}}, "1013": {"min-min": {"pca-1": 0.2275}, "min-mean": {"pca-1": 0.4907}, "mean-mean": {"pca-1": 0.8045}, "mean-min": {"pca-1": 0.654}}, "1014": {"min-min": {"pca-1": 0.1614}, "min-mean": {"pca-1": 0.3162}, "mean-mean": {"pca-1": 0.5609}, "mean-min": {"pca-1": 0.4063}}, "1015": {"min-min": {"pca-1": 0.2385}, "min-mean": {"pca-1": 0.3916}, "mean-mean": {"pca-1": 0.6826}, "mean-min": {"pca-1": 0.6401}}}, "1012": {"1001": {"min-min": {"pca-1": 0.1879}, "min-mean": {"pca-1": 0.2696}, "mean-mean": {"pca-1": 0.508}, "mean-min": {"pca-1": 0.4329}}, "1002": {"min-min": {"pca-1": 0.1865}, "min-mean": {"pca-1": 0.3714}, "mean-mean": {"pca-1": 0.593}, "mean-min": {"pca-1": 0.546}}, "1003": {"min-min": {"pca-1": 0.118}, "min-mean": {"pca-1": 0.1702}, "mean-mean": {"pca-1": 0.4202}, "mean-min": {"pca-1": 0.2745}}, "1004": {"min-min": {"pca-1": 0.1517}, "min-mean": {"pca-1": 0.343}, "mean-mean": {"pca-1": 0.5892}, "mean-min": {"pca-1": 0.5444}}, "1005": {"min-min": {"pca-1": 0.117}, "min-mean": {"pca-1": 0.2387}, "mean-mean": {"pca-1": 0.4833}, "mean-min": {"pca-1": 0.4752}}, "1006": {"min-min": {"pca-1": 0.1048}, "min-mean": {"pca-1": 0.144}, "mean-mean": {"pca-1": 0.3829}, "mean-min": {"pca-1": 0.2224}}, "1007": {"min-min": {"pca-1": 0.1674}, "min-mean": {"pca-1": 0.1853}, "mean-mean": {"pca-1": 0.4292}, "mean-min": {"pca-1": 0.1943}}, "1008": {"min-min": {"pca-1": 0.1432}, "min-mean": {"pca-1": 0.3641}, "mean-mean": {"pca-1": 0.6956}, "mean-min": {"pca-1": 0.6238}}, "1009": {"min-min": {"pca-1": 0.2417}, "min-mean": {"pca-1": 0.4228}, "mean-mean": {"pca-1": 0.6634}, "mean-min": {"pca-1": 0.5799}}, "1010": {"min-min": {"pca-1": 0.1528}, "min-mean": {"pca-1": 0.1722}, "mean-mean": {"pca-1": 0.428}, "mean-min": {"pca-1": 0.2111}}, "1011": {"min-min": {"pca-1": 0.1656}, "min-mean": {"pca-1": 0.3558}, "mean-mean": {"pca-1": 0.6206}, "mean-min": {"pca-1": 0.5545}}, "1012": {"min-min": {"pca-1": 0.19}, "min-mean": {"pca-1": 0.4878}, "mean-mean": {"pca-1": 0.7276}, "mean-min": {"pca-1": 0.5321}}, "1013": {"min-min": {"pca-1": 0.1943}, "min-mean": {"pca-1": 0.2732}, "mean-mean": {"pca-1": 0.5012}, "mean-min": {"pca-1": 0.4126}}, "1014": {"min-min": {"pca-1": 0.1829}, "min-mean": {"pca-1": 0.2716}, "mean-mean": {"pca-1": 0.4097}, "mean-min": {"pca-1": 0.3849}}, "1015": {"min-min": {"pca-1": 0.1765}, "min-mean": {"pca-1": 0.4346}, "mean-mean": {"pca-1": 0.769}, "mean-min": {"pca-1": 0.665}}}, "1013": {"1001": {"min-min": {"pca-1": 0.1802}, "min-mean": {"pca-1": 0.1845}, "mean-mean": {"pca-1": 0.5185}, "mean-min": {"pca-1": 0.1931}}, "1002": {"min-min": {"pca-1": 0.1674}, "min-mean": {"pca-1": 0.2256}, "mean-mean": {"pca-1": 0.5643}, "mean-min": {"pca-1": 0.342}}, "1003": {"min-min": {"pca-1": 0.1648}, "min-mean": {"pca-1": 0.2107}, "mean-mean": {"pca-1": 0.5403}, "mean-min": {"pca-1": 0.3026}}, "1004": {"min-min": {"pca-1": 0.2286}, "min-mean": {"pca-1": 0.4008}, "mean-mean": {"pca-1": 0.6955}, "mean-min": {"pca-1": 0.6083}}, "1005": {"min-min": {"pca-1": 0.2112}, "min-mean": {"pca-1": 0.2357}, "mean-mean": {"pca-1": 0.5075}, "mean-min": {"pca-1": 0.2846}}, "1006": {"min-min": {"pca-1": 0.2009}, "min-mean": {"pca-1": 0.2814}, "mean-mean": {"pca-1": 0.5613}, "mean-min": {"pca-1": 0.4424}}, "1007": {"min-min": {"pca-1": 0.1877}, "min-mean": {"pca-1": 0.2631}, "mean-mean": {"pca-1": 0.5946}, "mean-min": {"pca-1": 0.4139}}, "1008": {"min-min": {"pca-1": 0.3085}, "min-mean": {"pca-1": 0.3878}, "mean-mean": {"pca-1": 0.6745}, "mean-min": {"pca-1": 0.5465}}, "1009": {"min-min": {"pca-1": 0.1929}, "min-mean": {"pca-1": 0.3255}, "mean-mean": {"pca-1": 0.646}, "mean-min": {"pca-1": 0.5908}}, "1010": {"min-min": {"pca-1": 0.2613}, "min-mean": {"pca-1": 0.3344}, "mean-mean": {"pca-1": 0.6049}, "mean-min": {"pca-1": 0.4807}}, "1011": {"min-min": {"pca-1": 0.1641}, "min-mean": {"pca-1": 0.4149}, "mean-mean": {"pca-1": 0.7332}, "mean-min": {"pca-1": 0.5638}}, "1012": {"min-min": {"pca-1": 0.1864}, "min-mean": {"pca-1": 0.5142}, "mean-mean": {"pca-1": 0.8136}, "mean-min": {"pca-1": 0.5816}}, "1013": {"min-min": {"pca-1": 0.1979}, "min-mean": {"pca-1": 0.3646}, "mean-mean": {"pca-1": 0.6454}, "mean-min": {"pca-1": 0.5683}}, "1014": {"min-min": {"pca-1": 0.1907}, "min-mean": {"pca-1": 0.2512}, "mean-mean": {"pca-1": 0.4815}, "mean-min": {"pca-1": 0.3722}}, "1015": {"min-min": {"pca-1": 0.2157}, "min-mean": {"pca-1": 0.5206}, "mean-mean": {"pca-1": 0.873}, "mean-min": {"pca-1": 0.6925}}}, "1014": {"1001": {"min-min": {"pca-1": 0.1975}, "min-mean": {"pca-1": 0.3915}, "mean-mean": {"pca-1": 0.7346}, "mean-min": {"pca-1": 0.6906}}, "1002": {"min-min": {"pca-1": 0.1591}, "min-mean": {"pca-1": 0.5303}, "mean-mean": {"pca-1": 0.8598}, "mean-min": {"pca-1": 0.6758}}, "1003": {"min-min": {"pca-1": 0.1253}, "min-mean": {"pca-1": 0.3059}, "mean-mean": {"pca-1": 0.6745}, "mean-min": {"pca-1": 0.6403}}, "1004": {"min-min": {"pca-1": 0.168}, "min-mean": {"pca-1": 0.2689}, "mean-mean": {"pca-1": 0.6085}, "mean-min": {"pca-1": 0.3193}}, "1005": {"min-min": {"pca-1": 0.2001}, "min-mean": {"pca-1": 0.3761}, "mean-mean": {"pca-1": 0.6904}, "mean-min": {"pca-1": 0.6262}}, "1006": {"min-min": {"pca-1": 0.224}, "min-mean": {"pca-1": 0.4739}, "mean-mean": {"pca-1": 0.7467}, "mean-min": {"pca-1": 0.6254}}, "1007": {"min-min": {"pca-1": 0.2192}, "min-mean": {"pca-1": 0.4556}, "mean-mean": {"pca-1": 0.7876}, "mean-min": {"pca-1": 0.6874}}, "1008": {"min-min": {"pca-1": 0.323}, "min-mean": {"pca-1": 0.455}, "mean-mean": {"pca-1": 0.7254}, "mean-min": {"pca-1": 0.6529}}, "1009": {"min-min": {"pca-1": 0.1627}, "min-mean": {"pca-1": 0.3388}, "mean-mean": {"pca-1": 0.6177}, "mean-min": {"pca-1": 0.5041}}, "1010": {"min-min": {"pca-1": 0.1912}, "min-mean": {"pca-1": 0.5482}, "mean-mean": {"pca-1": 0.8521}, "mean-min": {"pca-1": 0.6961}}, "1011": {"min-min": {"pca-1": 0.2561}, "min-mean": {"pca-1": 0.4183}, "mean-mean": {"pca-1": 0.6717}, "mean-min": {"pca-1": 0.6167}}, "1012": {"min-min": {"pca-1": 0.1467}, "min-mean": {"pca-1": 0.3762}, "mean-mean": {"pca-1": 0.6892}, "mean-min": {"pca-1": 0.6395}}, "1013": {"min-min": {"pca-1": 0.3014}, "min-mean": {"pca-1": 0.5938}, "mean-mean": {"pca-1": 0.8257}, "mean-min": {"pca-1": 0.6686}}, "1014": {"min-min": {"pca-1": 0.1178}, "min-mean": {"pca-1": 0.4222}, "mean-mean": {"pca-1": 0.7069}, "mean-min": {"pca-1": 0.5845}}, "1015": {"min-min": {"pca-1": 0.2561}, "min-mean": {"pca-1": 0.406}, "mean-mean": {"pca-1": 0.7244}, "mean-min": {"pca-1": 0.638}}}, "1015": {"1001": {"min-min": {"pca-1": 0.1717}, "min-mean": {"pca-1": 0.3063}, "mean-mean": {"pca-1": 0.6041}, "mean-min": {"pca-1": 0.4433}}, "1002": {"min-min": {"pca-1": 0.2357}, "min-mean": {"pca-1": 0.4661}, "mean-mean": {"pca-1": 0.7417}, "mean-min": {"pca-1": 0.6219}}, "1003": {"min-min": {"pca-1": 0.1522}, "min-mean": {"pca-1": 0.3339}, "mean-mean": {"pca-1": 0.5982}, "mean-min": {"pca-1": 0.5092}}, "1004": {"min-min": {"pca-1": 0.2478}, "min-mean": {"pca-1": 0.3969}, "mean-mean": {"pca-1": 0.6356}, "mean-min": {"pca-1": 0.4789}}, "1005": {"min-min": {"pca-1": 0.1951}, "min-mean": {"pca-1": 0.3419}, "mean-mean": {"pca-1": 0.582}, "mean-min": {"pca-1": 0.4989}}, "1006": {"min-min": {"pca-1": 0.1516}, "min-mean": {"pca-1": 0.3561}, "mean-mean": {"pca-1": 0.6741}, "mean-min": {"pca-1": 0.5836}}, "1007": {"min-min": {"pca-1": 0.1994}, "min-mean": {"pca-1": 0.3971}, "mean-mean": {"pca-1": 0.728}, "mean-min": {"pca-1": 0.6338}}, "1008": {"min-min": {"pca-1": 0.1666}, "min-mean": {"pca-1": 0.2512}, "mean-mean": {"pca-1": 0.6064}, "mean-min": {"pca-1": 0.4025}}, "1009": {"min-min": {"pca-1": 0.2074}, "min-mean": {"pca-1": 0.2695}, "mean-mean": {"pca-1": 0.5464}, "mean-min": {"pca-1": 0.3936}}, "1010": {"min-min": {"pca-1": 0.208}, "min-mean": {"pca-1": 0.4884}, "mean-mean": {"pca-1": 0.783}, "mean-min": {"pca-1": 0.6596}}, "1011": {"min-min": {"pca-1": 0.1783}, "min-mean": {"pca-1": 0.4352}, "mean-mean": {"pca-1": 0.7119}, "mean-min": {"pca-1": 0.6059}}, "1012": {"min-min": {"pca-1": 0.2274}, "min-mean": {"pca-1": 0.4608}, "mean-mean": {"pca-1": 0.744}, "mean-min": {"pca-1": 0.6074}}, "1013": {"min-min": {"pca-1": 0.2017}, "min-mean": {"pca-1": 0.493}, "mean-mean": {"pca-1": 0.7944}, "mean-min": {"pca-1": 0.6292}}, "1014": {"min-min": {"pca-1": 0.2277}, "min-mean": {"pca-1": 0.3583}, "mean-mean": {"pca-1": 0.5844}, "mean-min": {"pca-1": 0.5283}}, "1015": {"min-min": {"pca-1": 0.1702}, "min-mean": {"pca-1": 0.4354}, "mean-mean": {"pca-1": 0.8068}, "mean-min": {"pca-1": 0.6963}}}}