{"1001": {"1001": {"min-min": {"pca-1": 0.0366}, "min-mean": {"pca-1": 0.148}, "mean-mean": {"pca-1": 0.3794}, "mean-min": {"pca-1": 0.3672}}, "1002": {"min-min": {"pca-1": 0.0278}, "min-mean": {"pca-1": 0.0776}, "mean-mean": {"pca-1": 0.2746}, "mean-min": {"pca-1": 0.1388}}, "1003": {"min-min": {"pca-1": 0.0262}, "min-mean": {"pca-1": 0.1033}, "mean-mean": {"pca-1": 0.3204}, "mean-min": {"pca-1": 0.2576}}, "1004": {"min-min": {"pca-1": 0.0108}, "min-mean": {"pca-1": 0.1866}, "mean-mean": {"pca-1": 0.4176}, "mean-min": {"pca-1": 0.3537}}, "1005": {"min-min": {"pca-1": 0.0218}, "min-mean": {"pca-1": 0.169}, "mean-mean": {"pca-1": 0.3807}, "mean-min": {"pca-1": 0.3214}}, "1006": {"min-min": {"pca-1": 0.0199}, "min-mean": {"pca-1": 0.0368}, "mean-mean": {"pca-1": 0.2066}, "mean-min": {"pca-1": 0.0573}}, "1007": {"min-min": {"pca-1": 0.018}, "min-mean": {"pca-1": 0.0245}, "mean-mean": {"pca-1": 0.2375}, "mean-min": {"pca-1": 0.0277}}, "1008": {"min-min": {"pca-1": 0.0076}, "min-mean": {"pca-1": 0.2266}, "mean-mean": {"pca-1": 0.4751}, "mean-min": {"pca-1": 0.3634}}, "1009": {"min-min": {"pca-1": 0.0202}, "min-mean": {"pca-1": 0.208}, "mean-mean": {"pca-1": 0.4606}, "mean-min": {"pca-1": 0.3751}}, "1010": {"min-min": {"pca-1": 0.0298}, "min-mean": {"pca-1": 0.0771}, "mean-mean": {"pca-1": 0.2578}, "mean-min": {"pca-1": 0.1718}}, "1011": {"min-min": {"pca-1": 0.0053}, "min-mean": {"pca-1": 0.1163}, "mean-mean": {"pca-1": 0.3626}, "mean-min": {"pca-1": 0.3382}}, "1012": {"min-min": {"pca-1": 0.0119}, "min-mean": {"pca-1": 0.1282}, "mean-mean": {"pca-1": 0.3444}, "mean-min": {"pca-1": 0.3202}}, "1013": {"min-min": {"pca-1": 0.0082}, "min-mean": {"pca-1": 0.0704}, "mean-mean": {"pca-1": 0.2763}, "mean-min": {"pca-1": 0.1692}}, "1014": {"min-min": {"pca-1": 0.0063}, "min-mean": {"pca-1": 0.1879}, "mean-mean": {"pca-1": 0.387}, "mean-min": {"pca-1": 0.2867}}, "1015": {"min-min": {"pca-1": 0.0443}, "min-mean": {"pca-1": 0.1475}, "mean-mean": {"pca-1": 0.3829}, "mean-min": {"pca-1": 0.3494}}}, "1002": {"1001": {"min-min": {"pca-1": 0.044}, "min-mean": {"pca-1": 0.064}, "mean-mean": {"pca-1": 0.2623}, "mean-min": {"pca-1": 0.0791}}, "1002": {"min-min": {"pca-1": 0.0167}, "min-mean": {"pca-1": 0.1191}, "mean-mean": {"pca-1": 0.3357}, "mean-min": {"pca-1": 0.3038}}, "1003": {"min-min": {"pca-1": 0.0099}, "min-mean": {"pca-1": 0.0765}, "mean-mean": {"pca-1": 0.272}, "mean-min": {"pca-1": 0.186}}, "1004": {"min-min": {"pca-1": 0.0233}, "min-mean": {"pca-1": 0.0711}, "mean-mean": {"pca-1": 0.2798}, "mean-min": {"pca-1": 0.1101}}, "1005": {"min-min": {"pca-1": 0.021}, "min-mean": {"pca-1": 0.1085}, "mean-mean": {"pca-1": 0.3053}, "mean-min": {"pca-1": 0.2631}}, "1006": {"min-min": {"pca-1": 0.0092}, "min-mean": {"pca-1": 0.1734}, "mean-mean": {"pca-1": 0.3898}, "mean-min": {"pca-1": 0.3184}}, "1007": {"min-min": {"pca-1": 0.0022}, "min-mean": {"pca-1": 0.1644}, "mean-mean": {"pca-1": 0.4}, "mean-min": {"pca-1": 0.3517}}, "1008": {"min-min": {"pca-1": 0.0229}, "min-mean": {"pca-1": 0.1458}, "mean-mean": {"pca-1": 0.3654}, "mean-min": {"pca-1": 0.3328}}, "1009": {"min-min": {"pca-1": 0.0111}, "min-mean": {"pca-1": 0.1003}, "mean-mean": {"pca-1": 0.2828}, "mean-min": {"pca-1": 0.2555}}, "1010": {"min-min": {"pca-1": 0.0184}, "min-mean": {"pca-1": 0.1993}, "mean-mean": {"pca-1": 0.4375}, "mean-min": {"pca-1": 0.3425}}, "1011": {"min-min": {"pca-1": 0.0182}, "min-mean": {"pca-1": 0.1249}, "mean-mean": {"pca-1": 0.3107}, "mean-min": {"pca-1": 0.2929}}, "1012": {"min-min": {"pca-1": 0.0252}, "min-mean": {"pca-1": 0.0925}, "mean-mean": {"pca-1": 0.2943}, "mean-min": {"pca-1": 0.2242}}, "1013": {"min-min": {"pca-1": 0.0216}, "min-mean": {"pca-1": 0.2109}, "mean-mean": {"pca-1": 0.4244}, "mean-min": {"pca-1": 0.3163}}, "1014": {"min-min": {"pca-1": 0.0112}, "min-mean": {"pca-1": 0.1609}, "mean-mean": {"pca-1": 0.3552}, "mean-min": {"pca-1": 0.2844}}, "1015": {"min-min": {"pca-1": 0.0153}, "min-mean": {"pca-1": 0.0975}, "mean-mean": {"pca-1": 0.3161}, "mean-min": {"pca-1": 0.2414}}}, "1003": {"1001": {"min-min": {"pca-1": 0.013}, "min-mean": {"pca-1": 0.0924}, "mean-mean": {"pca-1": 0.286}, "mean-min": {"pca-1": 0.2512}}, "1002": {"min-min": {"pca-1": 0.0109}, "min-mean": {"pca-1": 0.0802}, "mean-mean": {"pca-1": 0.2613}, "mean-min": {"pca-1": 0.2189}}, "1003": {"min-min": {"pca-1": 0.0065}, "min-mean": {"pca-1": 0.0319}, "mean-mean": {"pca-1": 0.1991}, "mean-min": {"pca-1": 0.0828}}, "1004": {"min-min": {"pca-1": 0.0068}, "min-mean": {"pca-1": 0.1114}, "mean-mean": {"pca-1": 0.3088}, "mean-min": {"pca-1": 0.294}}, "1005": {"min-min": {"pca-1": 0.0107}, "min-mean": {"pca-1": 0.0792}, "mean-mean": {"pca-1": 0.2495}, "mean-min": {"pca-1": 0.2162}}, "1006": {"min-min": {"pca-1": 0.0242}, "min-mean": {"pca-1": 0.1171}, "mean-mean": {"pca-1": 0.2799}, "mean-min": {"pca-1": 0.2528}}, "1007": {"min-min": {"pca-1": 0.0111}, "min-mean": {"pca-1": 0.0984}, "mean-mean": {"pca-1": 0.3009}, "mean-min": {"pca-1": 0.2731}}, "1008": {"min-min": {"pca-1": 0.0262}, "min-mean": {"pca-1": 0.1586}, "mean-mean": {"pca-1": 0.3392}, "mean-min": {"pca-1": 0.2928}}, "1009": {"min-min": {"pca-1": 0.0095}, "min-mean": {"pca-1": 0.1213}, "mean-mean": {"pca-1": 0.2851}, "mean-min": {"pca-1": 0.2518}}, "1010": {"min-min": {"pca-1": 0.009}, "min-mean": {"pca-1": 0.1173}, "mean-mean": {"pca-1": 0.3097}, "mean-min": {"pca-1": 0.2834}}, "1011": {"min-min": {"pca-1": 0.009}, "min-mean": {"pca-1": 0.0401}, "mean-mean": {"pca-1": 0.215}, "mean-min": {"pca-1": 0.1024}}, "1012": {"min-min": {"pca-1": 0.0253}, "min-mean": {"pca-1": 0.0527}, "mean-mean": {"pca-1": 0.2154}, "mean-min": {"pca-1": 0.1075}}, "1013": {"min-min": {"pca-1": 0.0185}, "min-mean": {"pca-1": 0.1453}, "mean-mean": {"pca-1": 0.3164}, "mean-min": {"pca-1": 0.2664}}, "1014": {"min-min": {"pca-1": 0.0154}, "min-mean": {"pca-1": 0.1174}, "mean-mean": {"pca-1": 0.2629}, "mean-min": {"pca-1": 0.2201}}, "1015": {"min-min": {"pca-1": 0.0282}, "min-mean": {"pca-1": 0.0528}, "mean-mean": {"pca-1": 0.2414}, "mean-min": {"pca-1": 0.1021}}}, "1004": {"1001": {"min-min": {"pca-1": 0.0413}, "min-mean": {"pca-1": 0.184}, "mean-mean": {"pca-1": 0.4541}, "mean-min": {"pca-1": 0.4115}}, "1002": {"min-min": {"pca-1": 0.0264}, "min-mean": {"pca-1": 0.1038}, "mean-mean": {"pca-1": 0.3439}, "mean-min": {"pca-1": 0.2213}}, "1003": {"min-min": {"pca-1": 0.0285}, "min-mean": {"pca-1": 0.1334}, "mean-mean": {"pca-1": 0.4004}, "mean-min": {"pca-1": 0.3431}}, "1004": {"min-min": {"pca-1": 0.0302}, "min-mean": {"pca-1": 0.2253}, "mean-mean": {"pca-1": 0.4892}, "mean-min": {"pca-1": 0.3919}}, "1005": {"min-min": {"pca-1": 0.0455}, "min-mean": {"pca-1": 0.2097}, "mean-mean": {"pca-1": 0.454}, "mean-min": {"pca-1": 0.367}}, "1006": {"min-min": {"pca-1": 0.0139}, "min-mean": {"pca-1": 0.0346}, "mean-mean": {"pca-1": 0.2556}, "mean-min": {"pca-1": 0.0689}}, "1007": {"min-min": {"pca-1": 0.019}, "min-mean": {"pca-1": 0.0332}, "mean-mean": {"pca-1": 0.286}, "mean-min": {"pca-1": 0.0615}}, "1008": {"min-min": {"pca-1": 0.0412}, "min-mean": {"pca-1": 0.2738}, "mean-mean": {"pca-1": 0.5449}, "mean-min": {"pca-1": 0.4088}}, "1009": {"min-min": {"pca-1": 0.0532}, "min-mean": {"pca-1": 0.2572}, "mean-mean": {"pca-1": 0.5442}, "mean-min": {"pca-1": 0.4367}}, "1010": {"min-min": {"pca-1": 0.0324}, "min-mean": {"pca-1": 0.0614}, "mean-mean": {"pca-1": 0.2808}, "mean-min": {"pca-1": 0.1193}}, "1011": {"min-min": {"pca-1": 0.0181}, "min-mean": {"pca-1": 0.1516}, "mean-mean": {"pca-1": 0.4332}, "mean-min": {"pca-1": 0.4037}}, "1012": {"min-min": {"pca-1": 0.0032}, "min-mean": {"pca-1": 0.1458}, "mean-mean": {"pca-1": 0.4198}, "mean-min": {"pca-1": 0.368}}, "1013": {"min-min": {"pca-1": 0.0097}, "min-mean": {"pca-1": 0.0335}, "mean-mean": {"pca-1": 0.2889}, "mean-min": {"pca-1": 0.081}}, "1014": {"min-min": {"pca-1": 0.0514}, "min-mean": {"pca-1": 0.2394}, "mean-mean": {"pca-1": 0.454}, "mean-min": {"pca-1": 0.3332}}, "1015": {"min-min": {"pca-1": 0.0266}, "min-mean": {"pca-1": 0.1591}, "mean-mean": {"pca-1": 0.4538}, "mean-min": {"pca-1": 0.4241}}}, "1005": {"1001": {"min-min": {"pca-1": 0.0356}, "min-mean": {"pca-1": 0.0795}, "mean-mean": {"pca-1": 0.3072}, "mean-min": {"pca-1": 0.1489}}, "1002": {"min-min": {"pca-1": 0.0141}, "min-mean": {"pca-1": 0.1614}, "mean-mean": {"pca-1": 0.3899}, "mean-min": {"pca-1": 0.3521}}, "1003": {"min-min": {"pca-1": 0.0153}, "min-mean": {"pca-1": 0.1132}, "mean-mean": {"pca-1": 0.3231}, "mean-min": {"pca-1": 0.2672}}, "1004": {"min-min": {"pca-1": 0.0191}, "min-mean": {"pca-1": 0.0499}, "mean-mean": {"pca-1": 0.2884}, "mean-min": {"pca-1": 0.0653}}, "1005": {"min-min": {"pca-1": 0.0249}, "min-mean": {"pca-1": 0.1271}, "mean-mean": {"pca-1": 0.3405}, "mean-min": {"pca-1": 0.2931}}, "1006": {"min-min": {"pca-1": 0.0118}, "min-mean": {"pca-1": 0.194}, "mean-mean": {"pca-1": 0.4485}, "mean-min": {"pca-1": 0.3496}}, "1007": {"min-min": {"pca-1": 0.0065}, "min-mean": {"pca-1": 0.2047}, "mean-mean": {"pca-1": 0.453}, "mean-min": {"pca-1": 0.3765}}, "1008": {"min-min": {"pca-1": 0.0315}, "min-mean": {"pca-1": 0.147}, "mean-mean": {"pca-1": 0.3825}, "mean-min": {"pca-1": 0.3547}}, "1009": {"min-min": {"pca-1": 0.0169}, "min-mean": {"pca-1": 0.1043}, "mean-mean": {"pca-1": 0.2952}, "mean-min": {"pca-1": 0.236}}, "1010": {"min-min": {"pca-1": 0.0318}, "min-mean": {"pca-1": 0.2486}, "mean-mean": {"pca-1": 0.4944}, "mean-min": {"pca-1": 0.3719}}, "1011": {"min-min": {"pca-1": 0.0233}, "min-mean": {"pca-1": 0.1377}, "mean-mean": {"pca-1": 0.3538}, "mean-min": {"pca-1": 0.3267}}, "1012": {"min-min": {"pca-1": 0.0307}, "min-mean": {"pca-1": 0.1179}, "mean-mean": {"pca-1": 0.3392}, "mean-min": {"pca-1": 0.2829}}, "1013": {"min-min": {"pca-1": 0.0265}, "min-mean": {"pca-1": 0.2598}, "mean-mean": {"pca-1": 0.4799}, "mean-min": {"pca-1": 0.3434}}, "1014": {"min-min": {"pca-1": 0.0026}, "min-mean": {"pca-1": 0.1687}, "mean-mean": {"pca-1": 0.3965}, "mean-min": {"pca-1": 0.3169}}, "1015": {"min-min": {"pca-1": 0.0238}, "min-mean": {"pca-1": 0.1244}, "mean-mean": {"pca-1": 0.3546}, "mean-min": {"pca-1": 0.3007}}}, "1006": {"1001": {"min-min": {"pca-1": 0.0354}, "min-mean": {"pca-1": 0.0682}, "mean-mean": {"pca-1": 0.2844}, "mean-min": {"pca-1": 0.1011}}, "1002": {"min-min": {"pca-1": 0.0274}, "min-mean": {"pca-1": 0.089}, "mean-mean": {"pca-1": 0.2811}, "mean-min": {"pca-1": 0.1424}}, "1003": {"min-min": {"pca-1": 0.0134}, "min-mean": {"pca-1": 0.0701}, "mean-mean": {"pca-1": 0.2634}, "mean-min": {"pca-1": 0.1089}}, "1004": {"min-min": {"pca-1": 0.0037}, "min-mean": {"pca-1": 0.0919}, "mean-mean": {"pca-1": 0.3361}, "mean-min": {"pca-1": 0.2684}}, "1005": {"min-min": {"pca-1": 0.0245}, "min-mean": {"pca-1": 0.1247}, "mean-mean": {"pca-1": 0.3339}, "mean-min": {"pca-1": 0.316}}, "1006": {"min-min": {"pca-1": 0.0302}, "min-mean": {"pca-1": 0.1201}, "mean-mean": {"pca-1": 0.3166}, "mean-min": {"pca-1": 0.2999}}, "1007": {"min-min": {"pca-1": 0.0107}, "min-mean": {"pca-1": 0.1194}, "mean-mean": {"pca-1": 0.3407}, "mean-min": {"pca-1": 0.2923}}, "1008": {"min-min": {"pca-1": 0.0305}, "min-mean": {"pca-1": 0.1867}, "mean-mean": {"pca-1": 0.4145}, "mean-min": {"pca-1": 0.3473}}, "1009": {"min-min": {"pca-1": 0.0237}, "min-mean": {"pca-1": 0.1475}, "mean-mean": {"pca-1": 0.362}, "mean-min": {"pca-1": 0.3058}}, "1010": {"min-min": {"pca-1": 0.0235}, "min-mean": {"pca-1": 0.1663}, "mean-mean": {"pca-1": 0.37}, "mean-min": {"pca-1": 0.3401}}, "1011": {"min-min": {"pca-1": 0.0123}, "min-mean": {"pca-1": 0.1169}, "mean-mean": {"pca-1": 0.325}, "mean-min": {"pca-1": 0.2728}}, "1012": {"min-min": {"pca-1": 0.0258}, "min-mean": {"pca-1": 0.1004}, "mean-mean": {"pca-1": 0.3039}, "mean-min": {"pca-1": 0.2299}}, "1013": {"min-min": {"pca-1": 0.0165}, "min-mean": {"pca-1": 0.1592}, "mean-mean": {"pca-1": 0.3698}, "mean-min": {"pca-1": 0.3196}}, "1014": {"min-min": {"pca-1": 0.0118}, "min-mean": {"pca-1": 0.1802}, "mean-mean": {"pca-1": 0.3649}, "mean-min": {"pca-1": 0.2891}}, "1015": {"min-min": {"pca-1": 0.0526}, "min-mean": {"pca-1": 0.1206}, "mean-mean": {"pca-1": 0.3351}, "mean-min": {"pca-1": 0.2398}}}, "1007": {"1001": {"min-min": {"pca-1": 0.0188}, "min-mean": {"pca-1": 0.1654}, "mean-mean": {"pca-1": 0.4513}, "mean-min": {"pca-1": 0.4453}}, "1002": {"min-min": {"pca-1": 0.0132}, "min-mean": {"pca-1": 0.082}, "mean-mean": {"pca-1": 0.3386}, "mean-min": {"pca-1": 0.2141}}, "1003": {"min-min": {"pca-1": 0.0239}, "min-mean": {"pca-1": 0.1492}, "mean-mean": {"pca-1": 0.4058}, "mean-min": {"pca-1": 0.3684}}, "1004": {"min-min": {"pca-1": 0.0233}, "min-mean": {"pca-1": 0.2219}, "mean-mean": {"pca-1": 0.4919}, "mean-min": {"pca-1": 0.425}}, "1005": {"min-min": {"pca-1": 0.0313}, "min-mean": {"pca-1": 0.2146}, "mean-mean": {"pca-1": 0.4662}, "mean-min": {"pca-1": 0.4034}}, "1006": {"min-min": {"pca-1": 0.0627}, "min-mean": {"pca-1": 0.0627}, "mean-mean": {"pca-1": 0.2536}, "mean-min": {"pca-1": 0.0627}}, "1007": {"min-min": {"pca-1": 0.0091}, "min-mean": {"pca-1": 0.0468}, "mean-mean": {"pca-1": 0.2958}, "mean-min": {"pca-1": 0.0947}}, "1008": {"min-min": {"pca-1": 0.0229}, "min-mean": {"pca-1": 0.2949}, "mean-mean": {"pca-1": 0.5583}, "mean-min": {"pca-1": 0.4421}}, "1009": {"min-min": {"pca-1": 0.0247}, "min-mean": {"pca-1": 0.2489}, "mean-mean": {"pca-1": 0.5494}, "mean-min": {"pca-1": 0.4677}}, "1010": {"min-min": {"pca-1": 0.0246}, "min-mean": {"pca-1": 0.0809}, "mean-mean": {"pca-1": 0.306}, "mean-min": {"pca-1": 0.1935}}, "1011": {"min-min": {"pca-1": 0.0393}, "min-mean": {"pca-1": 0.1834}, "mean-mean": {"pca-1": 0.4472}, "mean-min": {"pca-1": 0.4361}}, "1012": {"min-min": {"pca-1": 0.0301}, "min-mean": {"pca-1": 0.1773}, "mean-mean": {"pca-1": 0.4317}, "mean-min": {"pca-1": 0.4056}}, "1013": {"min-min": {"pca-1": 0.0273}, "min-mean": {"pca-1": 0.0546}, "mean-mean": {"pca-1": 0.2964}, "mean-min": {"pca-1": 0.1091}}, "1014": {"min-min": {"pca-1": 0.0502}, "min-mean": {"pca-1": 0.2561}, "mean-mean": {"pca-1": 0.4718}, "mean-min": {"pca-1": 0.368}}, "1015": {"min-min": {"pca-1": 0.0219}, "min-mean": {"pca-1": 0.1703}, "mean-mean": {"pca-1": 0.4655}, "mean-min": {"pca-1": 0.4589}}}, "1008": {"1001": {"min-min": {"pca-1": 0.0408}, "min-mean": {"pca-1": 0.1315}, "mean-mean": {"pca-1": 0.4013}, "mean-min": {"pca-1": 0.3128}}, "1002": {"min-min": {"pca-1": 0.0163}, "min-mean": {"pca-1": 0.1479}, "mean-mean": {"pca-1": 0.4494}, "mean-min": {"pca-1": 0.3644}}, "1003": {"min-min": {"pca-1": 0.0253}, "min-mean": {"pca-1": 0.0973}, "mean-mean": {"pca-1": 0.3563}, "mean-min": {"pca-1": 0.2298}}, "1004": {"min-min": {"pca-1": 0.0285}, "min-mean": {"pca-1": 0.0992}, "mean-mean": {"pca-1": 0.3911}, "mean-min": {"pca-1": 0.2407}}, "1005": {"min-min": {"pca-1": 0.0045}, "min-mean": {"pca-1": 0.0045}, "mean-mean": {"pca-1": 0.2923}, "mean-min": {"pca-1": 0.0045}}, "1006": {"min-min": {"pca-1": 0.045}, "min-mean": {"pca-1": 0.2014}, "mean-mean": {"pca-1": 0.4998}, "mean-min": {"pca-1": 0.3815}}, "1007": {"min-min": {"pca-1": 0.0579}, "min-mean": {"pca-1": 0.2052}, "mean-mean": {"pca-1": 0.4901}, "mean-min": {"pca-1": 0.3913}}, "1008": {"min-min": {"pca-1": 0.038}, "min-mean": {"pca-1": 0.1038}, "mean-mean": {"pca-1": 0.3701}, "mean-min": {"pca-1": 0.2057}}, "1009": {"min-min": {"pca-1": 0.02}, "min-mean": {"pca-1": 0.0669}, "mean-mean": {"pca-1": 0.3105}, "mean-min": {"pca-1": 0.1607}}, "1010": {"min-min": {"pca-1": 0.0115}, "min-mean": {"pca-1": 0.184}, "mean-mean": {"pca-1": 0.5122}, "mean-min": {"pca-1": 0.4001}}, "1011": {"min-min": {"pca-1": 0.0343}, "min-mean": {"pca-1": 0.0688}, "mean-mean": {"pca-1": 0.3272}, "mean-min": {"pca-1": 0.1377}}, "1012": {"min-min": {"pca-1": 0.0306}, "min-mean": {"pca-1": 0.0556}, "mean-mean": {"pca-1": 0.3307}, "mean-min": {"pca-1": 0.1057}}, "1013": {"min-min": {"pca-1": 0.0266}, "min-mean": {"pca-1": 0.22}, "mean-mean": {"pca-1": 0.5089}, "mean-min": {"pca-1": 0.3521}}, "1014": {"min-min": {"pca-1": 0.0538}, "min-mean": {"pca-1": 0.093}, "mean-mean": {"pca-1": 0.3566}, "mean-min": {"pca-1": 0.1715}}, "1015": {"min-min": {"pca-1": 0.0477}, "min-mean": {"pca-1": 0.0718}, "mean-mean": {"pca-1": 0.3341}, "mean-min": {"pca-1": 0.1098}}}, "1009": {"1001": {"min-min": {"pca-1": 0.0148}, "min-mean": {"pca-1": 0.2333}, "mean-mean": {"pca-1": 0.5303}, "mean-min": {"pca-1": 0.4486}}, "1002": {"min-min": {"pca-1": 0.0235}, "min-mean": {"pca-1": 0.1647}, "mean-mean": {"pca-1": 0.4306}, "mean-min": {"pca-1": 0.3996}}, "1003": {"min-min": {"pca-1": 0.0204}, "min-mean": {"pca-1": 0.1943}, "mean-mean": {"pca-1": 0.4638}, "mean-min": {"pca-1": 0.4242}}, "1004": {"min-min": {"pca-1": 0.0105}, "min-mean": {"pca-1": 0.2562}, "mean-mean": {"pca-1": 0.5487}, "mean-min": {"pca-1": 0.4248}}, "1005": {"min-min": {"pca-1": 0.0282}, "min-mean": {"pca-1": 0.2371}, "mean-mean": {"pca-1": 0.4891}, "mean-min": {"pca-1": 0.4078}}, "1006": {"min-min": {"pca-1": 0.0279}, "min-mean": {"pca-1": 0.1374}, "mean-mean": {"pca-1": 0.3567}, "mean-min": {"pca-1": 0.3267}}, "1007": {"min-min": {"pca-1": 0.0047}, "min-mean": {"pca-1": 0.1191}, "mean-mean": {"pca-1": 0.3773}, "mean-min": {"pca-1": 0.3008}}, "1008": {"min-min": {"pca-1": 0.0209}, "min-mean": {"pca-1": 0.2842}, "mean-mean": {"pca-1": 0.5725}, "mean-min": {"pca-1": 0.4444}}, "1009": {"min-min": {"pca-1": 0.0493}, "min-mean": {"pca-1": 0.2968}, "mean-mean": {"pca-1": 0.5882}, "mean-min": {"pca-1": 0.4798}}, "1010": {"min-min": {"pca-1": 0.0231}, "min-mean": {"pca-1": 0.0643}, "mean-mean": {"pca-1": 0.3031}, "mean-min": {"pca-1": 0.1442}}, "1011": {"min-min": {"pca-1": 0.01}, "min-mean": {"pca-1": 0.1789}, "mean-mean": {"pca-1": 0.4663}, "mean-min": {"pca-1": 0.4456}}, "1012": {"min-min": {"pca-1": 0.0063}, "min-mean": {"pca-1": 0.1939}, "mean-mean": {"pca-1": 0.464}, "mean-min": {"pca-1": 0.4108}}, "1013": {"min-min": {"pca-1": 0.0289}, "min-mean": {"pca-1": 0.1168}, "mean-mean": {"pca-1": 0.3542}, "mean-min": {"pca-1": 0.2353}}, "1014": {"min-min": {"pca-1": 0.0219}, "min-mean": {"pca-1": 0.2386}, "mean-mean": {"pca-1": 0.4657}, "mean-min": {"pca-1": 0.3744}}, "1015": {"min-min": {"pca-1": 0.049}, "min-mean": {"pca-1": 0.2048}, "mean-mean": {"pca-1": 0.4933}, "mean-min": {"pca-1": 0.4654}}}, "1010": {"1001": {"min-min": {"pca-1": 0.0226}, "min-mean": {"pca-1": 0.1107}, "mean-mean": {"pca-1": 0.3287}, "mean-min": {"pca-1": 0.2869}}, "1002": {"min-min": {"pca-1": 0.009}, "min-mean": {"pca-1": 0.0617}, "mean-mean": {"pca-1": 0.2529}, "mean-min": {"pca-1": 0.1379}}, "1003": {"min-min": {"pca-1": 0.0087}, "min-mean": {"pca-1": 0.053}, "mean-mean": {"pca-1": 0.2524}, "mean-min": {"pca-1": 0.1417}}, "1004": {"min-min": {"pca-1": 0.0097}, "min-mean": {"pca-1": 0.1455}, "mean-mean": {"pca-1": 0.3592}, "mean-min": {"pca-1": 0.3068}}, "1005": {"min-min": {"pca-1": 0.0058}, "min-mean": {"pca-1": 0.1154}, "mean-mean": {"pca-1": 0.3118}, "mean-min": {"pca-1": 0.2664}}, "1006": {"min-min": {"pca-1": 0.0135}, "min-mean": {"pca-1": 0.0706}, "mean-mean": {"pca-1": 0.2333}, "mean-min": {"pca-1": 0.1848}}, "1007": {"min-min": {"pca-1": 0.0088}, "min-mean": {"pca-1": 0.0575}, "mean-mean": {"pca-1": 0.2665}, "mean-min": {"pca-1": 0.155}}, "1008": {"min-min": {"pca-1": 0.0053}, "min-mean": {"pca-1": 0.1821}, "mean-mean": {"pca-1": 0.4041}, "mean-min": {"pca-1": 0.3048}}, "1009": {"min-min": {"pca-1": 0.0104}, "min-mean": {"pca-1": 0.1596}, "mean-mean": {"pca-1": 0.3795}, "mean-min": {"pca-1": 0.2934}}, "1010": {"min-min": {"pca-1": 0.0103}, "min-mean": {"pca-1": 0.0901}, "mean-mean": {"pca-1": 0.2669}, "mean-min": {"pca-1": 0.2387}}, "1011": {"min-min": {"pca-1": 0.015}, "min-mean": {"pca-1": 0.0879}, "mean-mean": {"pca-1": 0.2913}, "mean-min": {"pca-1": 0.2118}}, "1012": {"min-min": {"pca-1": 0.0053}, "min-mean": {"pca-1": 0.0787}, "mean-mean": {"pca-1": 0.2765}, "mean-min": {"pca-1": 0.2254}}, "1013": {"min-min": {"pca-1": 0.007}, "min-mean": {"pca-1": 0.1054}, "mean-mean": {"pca-1": 0.2947}, "mean-min": {"pca-1": 0.27}}, "1014": {"min-min": {"pca-1": 0.0156}, "min-mean": {"pca-1": 0.1533}, "mean-mean": {"pca-1": 0.3181}, "mean-min": {"pca-1": 0.2276}}, "1015": {"min-min": {"pca-1": 0.0287}, "min-mean": {"pca-1": 0.0926}, "mean-mean": {"pca-1": 0.3124}, "mean-min": {"pca-1": 0.2204}}}, "1011": {"1001": {"min-min": {"pca-1": 0.0281}, "min-mean": {"pca-1": 0.1497}, "mean-mean": {"pca-1": 0.3548}, "mean-min": {"pca-1": 0.3268}}, "1002": {"min-min": {"pca-1": 0.0054}, "min-mean": {"pca-1": 0.1212}, "mean-mean": {"pca-1": 0.3205}, "mean-min": {"pca-1": 0.3103}}, "1003": {"min-min": {"pca-1": 0.0168}, "min-mean": {"pca-1": 0.092}, "mean-mean": {"pca-1": 0.2713}, "mean-min": {"pca-1": 0.2268}}, "1004": {"min-min": {"pca-1": 0.0011}, "min-mean": {"pca-1": 0.1437}, "mean-mean": {"pca-1": 0.3642}, "mean-min": {"pca-1": 0.3285}}, "1005": {"min-min": {"pca-1": 0.0167}, "min-mean": {"pca-1": 0.0947}, "mean-mean": {"pca-1": 0.2788}, "mean-min": {"pca-1": 0.2424}}, "1006": {"min-min": {"pca-1": 0.0136}, "min-mean": {"pca-1": 0.1396}, "mean-mean": {"pca-1": 0.3143}, "mean-min": {"pca-1": 0.2858}}, "1007": {"min-min": {"pca-1": 0.0327}, "min-mean": {"pca-1": 0.1294}, "mean-mean": {"pca-1": 0.3332}, "mean-min": {"pca-1": 0.3228}}, "1008": {"min-min": {"pca-1": 0.0118}, "min-mean": {"pca-1": 0.1531}, "mean-mean": {"pca-1": 0.3629}, "mean-min": {"pca-1": 0.325}}, "1009": {"min-min": {"pca-1": 0.003}, "min-mean": {"pca-1": 0.1485}, "mean-mean": {"pca-1": 0.3309}, "mean-min": {"pca-1": 0.2807}}, "1010": {"min-min": {"pca-1": 0.035}, "min-mean": {"pca-1": 0.1312}, "mean-mean": {"pca-1": 0.3174}, "mean-min": {"pca-1": 0.3121}}, "1011": {"min-min": {"pca-1": 0.0113}, "min-mean": {"pca-1": 0.0489}, "mean-mean": {"pca-1": 0.2417}, "mean-min": {"pca-1": 0.109}}, "1012": {"min-min": {"pca-1": 0.0284}, "min-mean": {"pca-1": 0.0991}, "mean-mean": {"pca-1": 0.2599}, "mean-min": {"pca-1": 0.1779}}, "1013": {"min-min": {"pca-1": 0.0058}, "min-mean": {"pca-1": 0.1411}, "mean-mean": {"pca-1": 0.3401}, "mean-min": {"pca-1": 0.3004}}, "1014": {"min-min": {"pca-1": 0.0092}, "min-mean": {"pca-1": 0.0964}, "mean-mean": {"pca-1": 0.2665}, "mean-min": {"pca-1": 0.2605}}, "1015": {"min-min": {"pca-1": 0.0106}, "min-mean": {"pca-1": 0.0674}, "mean-mean": {"pca-1": 0.2822}, "mean-min": {"pca-1": 0.1606}}}, "1012": {"1001": {"min-min": {"pca-1": 0.0138}, "min-mean": {"pca-1": 0.1271}, "mean-mean": {"pca-1": 0.3375}, "mean-min": {"pca-1": 0.3228}}, "1002": {"min-min": {"pca-1": 0.0123}, "min-mean": {"pca-1": 0.0738}, "mean-mean": {"pca-1": 0.2648}, "mean-min": {"pca-1": 0.1967}}, "1003": {"min-min": {"pca-1": 0.0173}, "min-mean": {"pca-1": 0.0777}, "mean-mean": {"pca-1": 0.2565}, "mean-min": {"pca-1": 0.1985}}, "1004": {"min-min": {"pca-1": 0.0321}, "min-mean": {"pca-1": 0.1754}, "mean-mean": {"pca-1": 0.3679}, "mean-min": {"pca-1": 0.3102}}, "1005": {"min-min": {"pca-1": 0.0162}, "min-mean": {"pca-1": 0.1293}, "mean-mean": {"pca-1": 0.3074}, "mean-min": {"pca-1": 0.2727}}, "1006": {"min-min": {"pca-1": 0.0114}, "min-mean": {"pca-1": 0.0722}, "mean-mean": {"pca-1": 0.2312}, "mean-min": {"pca-1": 0.1898}}, "1007": {"min-min": {"pca-1": 0.0184}, "min-mean": {"pca-1": 0.063}, "mean-mean": {"pca-1": 0.2622}, "mean-min": {"pca-1": 0.1521}}, "1008": {"min-min": {"pca-1": 0.0063}, "min-mean": {"pca-1": 0.1892}, "mean-mean": {"pca-1": 0.398}, "mean-min": {"pca-1": 0.3114}}, "1009": {"min-min": {"pca-1": 0.0253}, "min-mean": {"pca-1": 0.1811}, "mean-mean": {"pca-1": 0.3696}, "mean-min": {"pca-1": 0.3042}}, "1010": {"min-min": {"pca-1": 0.015}, "min-mean": {"pca-1": 0.0719}, "mean-mean": {"pca-1": 0.2486}, "mean-min": {"pca-1": 0.1856}}, "1011": {"min-min": {"pca-1": 0.0331}, "min-mean": {"pca-1": 0.0951}, "mean-mean": {"pca-1": 0.2789}, "mean-min": {"pca-1": 0.219}}, "1012": {"min-min": {"pca-1": 0.0097}, "min-mean": {"pca-1": 0.0906}, "mean-mean": {"pca-1": 0.273}, "mean-min": {"pca-1": 0.2525}}, "1013": {"min-min": {"pca-1": 0.0097}, "min-mean": {"pca-1": 0.092}, "mean-mean": {"pca-1": 0.2786}, "mean-min": {"pca-1": 0.2565}}, "1014": {"min-min": {"pca-1": 0.0252}, "min-mean": {"pca-1": 0.1578}, "mean-mean": {"pca-1": 0.309}, "mean-min": {"pca-1": 0.2391}}, "1015": {"min-min": {"pca-1": 0.0044}, "min-mean": {"pca-1": 0.0839}, "mean-mean": {"pca-1": 0.306}, "mean-min": {"pca-1": 0.243}}}, "1013": {"1001": {"min-min": {"pca-1": 0.0252}, "min-mean": {"pca-1": 0.2148}, "mean-mean": {"pca-1": 0.5275}, "mean-min": {"pca-1": 0.4698}}, "1002": {"min-min": {"pca-1": 0.0055}, "min-mean": {"pca-1": 0.1739}, "mean-mean": {"pca-1": 0.4817}, "mean-min": {"pca-1": 0.4344}}, "1003": {"min-min": {"pca-1": 0.0968}, "min-mean": {"pca-1": 0.2285}, "mean-mean": {"pca-1": 0.4561}, "mean-min": {"pca-1": 0.4247}}, "1004": {"min-min": {"pca-1": 0.0172}, "min-mean": {"pca-1": 0.2624}, "mean-mean": {"pca-1": 0.5379}, "mean-min": {"pca-1": 0.4532}}, "1005": {"min-min": {"pca-1": 0.0648}, "min-mean": {"pca-1": 0.1868}, "mean-mean": {"pca-1": 0.4576}, "mean-min": {"pca-1": 0.4307}}, "1006": {"min-min": {"pca-1": 0.0482}, "min-mean": {"pca-1": 0.1914}, "mean-mean": {"pca-1": 0.4553}, "mean-min": {"pca-1": 0.3958}}, "1007": {"min-min": {"pca-1": 0.0131}, "min-mean": {"pca-1": 0.1691}, "mean-mean": {"pca-1": 0.4611}, "mean-min": {"pca-1": 0.3999}}, "1008": {"min-min": {"pca-1": 0.0883}, "min-mean": {"pca-1": 0.287}, "mean-mean": {"pca-1": 0.5234}, "mean-min": {"pca-1": 0.465}}, "1009": {"min-min": {"pca-1": 0.0103}, "min-mean": {"pca-1": 0.2376}, "mean-mean": {"pca-1": 0.5128}, "mean-min": {"pca-1": 0.4641}}, "1010": {"min-min": {"pca-1": 0.0703}, "min-mean": {"pca-1": 0.181}, "mean-mean": {"pca-1": 0.4199}, "mean-min": {"pca-1": 0.2991}}, "1011": {"min-min": {"pca-1": 0.0432}, "min-mean": {"pca-1": 0.1479}, "mean-mean": {"pca-1": 0.4278}, "mean-min": {"pca-1": 0.314}}, "1012": {"min-min": {"pca-1": 0.1054}, "min-mean": {"pca-1": 0.2015}, "mean-mean": {"pca-1": 0.4441}, "mean-min": {"pca-1": 0.3849}}, "1013": {"min-min": {"pca-1": 0.0541}, "min-mean": {"pca-1": 0.1948}, "mean-mean": {"pca-1": 0.4587}, "mean-min": {"pca-1": 0.4202}}, "1014": {"min-min": {"pca-1": 0.0933}, "min-mean": {"pca-1": 0.194}, "mean-mean": {"pca-1": 0.4327}, "mean-min": {"pca-1": 0.3765}}, "1015": {"min-min": {"pca-1": 0.0477}, "min-mean": {"pca-1": 0.1692}, "mean-mean": {"pca-1": 0.4556}, "mean-min": {"pca-1": 0.3672}}}, "1014": {"1001": {"min-min": {"pca-1": 0.0136}, "min-mean": {"pca-1": 0.0944}, "mean-mean": {"pca-1": 0.3289}, "mean-min": {"pca-1": 0.256}}, "1002": {"min-min": {"pca-1": 0.0203}, "min-mean": {"pca-1": 0.0402}, "mean-mean": {"pca-1": 0.2444}, "mean-min": {"pca-1": 0.0799}}, "1003": {"min-min": {"pca-1": 0.0078}, "min-mean": {"pca-1": 0.0524}, "mean-mean": {"pca-1": 0.2654}, "mean-min": {"pca-1": 0.1415}}, "1004": {"min-min": {"pca-1": 0.0256}, "min-mean": {"pca-1": 0.1502}, "mean-mean": {"pca-1": 0.3678}, "mean-min": {"pca-1": 0.321}}, "1005": {"min-min": {"pca-1": 0.0105}, "min-mean": {"pca-1": 0.1275}, "mean-mean": {"pca-1": 0.3335}, "mean-min": {"pca-1": 0.283}}, "1006": {"min-min": {"pca-1": 0.0151}, "min-mean": {"pca-1": 0.065}, "mean-mean": {"pca-1": 0.2389}, "mean-min": {"pca-1": 0.1649}}, "1007": {"min-min": {"pca-1": 0.015}, "min-mean": {"pca-1": 0.0665}, "mean-mean": {"pca-1": 0.2728}, "mean-min": {"pca-1": 0.1457}}, "1008": {"min-min": {"pca-1": 0.0367}, "min-mean": {"pca-1": 0.2147}, "mean-mean": {"pca-1": 0.4249}, "mean-min": {"pca-1": 0.3221}}, "1009": {"min-min": {"pca-1": 0.0079}, "min-mean": {"pca-1": 0.1697}, "mean-mean": {"pca-1": 0.3956}, "mean-min": {"pca-1": 0.3078}}, "1010": {"min-min": {"pca-1": 0.0283}, "min-mean": {"pca-1": 0.11}, "mean-mean": {"pca-1": 0.2882}, "mean-min": {"pca-1": 0.2646}}, "1011": {"min-min": {"pca-1": 0.0157}, "min-mean": {"pca-1": 0.0947}, "mean-mean": {"pca-1": 0.3148}, "mean-min": {"pca-1": 0.2524}}, "1012": {"min-min": {"pca-1": 0.0254}, "min-mean": {"pca-1": 0.1008}, "mean-mean": {"pca-1": 0.2978}, "mean-min": {"pca-1": 0.2515}}, "1013": {"min-min": {"pca-1": 0.011}, "min-mean": {"pca-1": 0.1034}, "mean-mean": {"pca-1": 0.3054}, "mean-min": {"pca-1": 0.2839}}, "1014": {"min-min": {"pca-1": 0.015}, "min-mean": {"pca-1": 0.1672}, "mean-mean": {"pca-1": 0.3449}, "mean-min": {"pca-1": 0.245}}, "1015": {"min-min": {"pca-1": 0.0244}, "min-mean": {"pca-1": 0.1058}, "mean-mean": {"pca-1": 0.3331}, "mean-min": {"pca-1": 0.2503}}}, "1015": {"1001": {"min-min": {"pca-1": 0.0161}, "min-mean": {"pca-1": 0.1448}, "mean-mean": {"pca-1": 0.3486}, "mean-min": {"pca-1": 0.3277}}, "1002": {"min-min": {"pca-1": 0.0146}, "min-mean": {"pca-1": 0.1144}, "mean-mean": {"pca-1": 0.3054}, "mean-min": {"pca-1": 0.2954}}, "1003": {"min-min": {"pca-1": 0.001}, "min-mean": {"pca-1": 0.0862}, "mean-mean": {"pca-1": 0.2627}, "mean-min": {"pca-1": 0.2127}}, "1004": {"min-min": {"pca-1": 0.0117}, "min-mean": {"pca-1": 0.1519}, "mean-mean": {"pca-1": 0.3566}, "mean-min": {"pca-1": 0.3165}}, "1005": {"min-min": {"pca-1": 0.0135}, "min-mean": {"pca-1": 0.0959}, "mean-mean": {"pca-1": 0.2738}, "mean-min": {"pca-1": 0.2483}}, "1006": {"min-min": {"pca-1": 0.0145}, "min-mean": {"pca-1": 0.1273}, "mean-mean": {"pca-1": 0.288}, "mean-min": {"pca-1": 0.251}}, "1007": {"min-min": {"pca-1": 0.0104}, "min-mean": {"pca-1": 0.1111}, "mean-mean": {"pca-1": 0.3159}, "mean-min": {"pca-1": 0.3031}}, "1008": {"min-min": {"pca-1": 0.0051}, "min-mean": {"pca-1": 0.1543}, "mean-mean": {"pca-1": 0.3612}, "mean-min": {"pca-1": 0.3168}}, "1009": {"min-min": {"pca-1": 0.0023}, "min-mean": {"pca-1": 0.1478}, "mean-mean": {"pca-1": 0.3367}, "mean-min": {"pca-1": 0.2999}}, "1010": {"min-min": {"pca-1": 0.0217}, "min-mean": {"pca-1": 0.1202}, "mean-mean": {"pca-1": 0.2938}, "mean-min": {"pca-1": 0.2811}}, "1011": {"min-min": {"pca-1": 0.0173}, "min-mean": {"pca-1": 0.0482}, "mean-mean": {"pca-1": 0.2422}, "mean-min": {"pca-1": 0.11}}, "1012": {"min-min": {"pca-1": 0.0049}, "min-mean": {"pca-1": 0.0878}, "mean-mean": {"pca-1": 0.2515}, "mean-min": {"pca-1": 0.1753}}, "1013": {"min-min": {"pca-1": 0.0106}, "min-mean": {"pca-1": 0.1386}, "mean-mean": {"pca-1": 0.3259}, "mean-min": {"pca-1": 0.2858}}, "1014": {"min-min": {"pca-1": 0.0008}, "min-mean": {"pca-1": 0.0929}, "mean-mean": {"pca-1": 0.2613}, "mean-min": {"pca-1": 0.2439}}, "1015": {"min-min": {"pca-1": 0.0347}, "min-mean": {"pca-1": 0.0805}, "mean-mean": {"pca-1": 0.2793}, "mean-min": {"pca-1": 0.1587}}}}