{"1001": {"1001": {"min-min": {"pca-1": 0.0613}, "min-mean": {"pca-1": 0.2273}, "mean-mean": {"pca-1": 0.5735}, "mean-min": {"pca-1": 0.5475}}, "1002": {"min-min": {"pca-1": 0.1425}, "min-mean": {"pca-1": 0.2272}, "mean-mean": {"pca-1": 0.4881}, "mean-min": {"pca-1": 0.3967}}, "1003": {"min-min": {"pca-1": 0.0858}, "min-mean": {"pca-1": 0.2094}, "mean-mean": {"pca-1": 0.5066}, "mean-min": {"pca-1": 0.4459}}, "1004": {"min-min": {"pca-1": 0.1045}, "min-mean": {"pca-1": 0.297}, "mean-mean": {"pca-1": 0.5959}, "mean-min": {"pca-1": 0.5486}}, "1005": {"min-min": {"pca-1": 0.0899}, "min-mean": {"pca-1": 0.2634}, "mean-mean": {"pca-1": 0.5408}, "mean-min": {"pca-1": 0.4996}}, "1006": {"min-min": {"pca-1": 0.0525}, "min-mean": {"pca-1": 0.1271}, "mean-mean": {"pca-1": 0.3879}, "mean-min": {"pca-1": 0.2762}}, "1007": {"min-min": {"pca-1": 0.0777}, "min-mean": {"pca-1": 0.1251}, "mean-mean": {"pca-1": 0.4254}, "mean-min": {"pca-1": 0.2198}}, "1008": {"min-min": {"pca-1": 0.0808}, "min-mean": {"pca-1": 0.3745}, "mean-mean": {"pca-1": 0.7223}, "mean-min": {"pca-1": 0.5947}}, "1009": {"min-min": {"pca-1": 0.1582}, "min-mean": {"pca-1": 0.4029}, "mean-mean": {"pca-1": 0.7234}, "mean-min": {"pca-1": 0.6378}}, "1010": {"min-min": {"pca-1": 0.074}, "min-mean": {"pca-1": 0.0806}, "mean-mean": {"pca-1": 0.3481}, "mean-min": {"pca-1": 0.0938}}, "1011": {"min-min": {"pca-1": 0.1269}, "min-mean": {"pca-1": 0.2867}, "mean-mean": {"pca-1": 0.5642}, "mean-min": {"pca-1": 0.5482}}, "1012": {"min-min": {"pca-1": 0.1003}, "min-mean": {"pca-1": 0.3874}, "mean-mean": {"pca-1": 0.6825}, "mean-min": {"pca-1": 0.5306}}, "1013": {"min-min": {"pca-1": 0.0837}, "min-mean": {"pca-1": 0.0953}, "mean-mean": {"pca-1": 0.3854}, "mean-min": {"pca-1": 0.1185}}, "1014": {"min-min": {"pca-1": 0.0743}, "min-mean": {"pca-1": 0.2528}, "mean-mean": {"pca-1": 0.5088}, "mean-min": {"pca-1": 0.4456}}, "1015": {"min-min": {"pca-1": 0.087}, "min-mean": {"pca-1": 0.2925}, "mean-mean": {"pca-1": 0.645}, "mean-min": {"pca-1": 0.6408}}}, "1002": {"1001": {"min-min": {"pca-1": 0.1104}, "min-mean": {"pca-1": 0.3437}, "mean-mean": {"pca-1": 0.6774}, "mean-min": {"pca-1": 0.594}}, "1002": {"min-min": {"pca-1": 0.0951}, "min-mean": {"pca-1": 0.2597}, "mean-mean": {"pca-1": 0.5914}, "mean-min": {"pca-1": 0.5546}}, "1003": {"min-min": {"pca-1": 0.14}, "min-mean": {"pca-1": 0.3435}, "mean-mean": {"pca-1": 0.6132}, "mean-min": {"pca-1": 0.5498}}, "1004": {"min-min": {"pca-1": 0.1041}, "min-mean": {"pca-1": 0.3792}, "mean-mean": {"pca-1": 0.7016}, "mean-min": {"pca-1": 0.5923}}, "1005": {"min-min": {"pca-1": 0.1396}, "min-mean": {"pca-1": 0.3609}, "mean-mean": {"pca-1": 0.6175}, "mean-min": {"pca-1": 0.5327}}, "1006": {"min-min": {"pca-1": 0.1446}, "min-mean": {"pca-1": 0.207}, "mean-mean": {"pca-1": 0.4793}, "mean-min": {"pca-1": 0.3262}}, "1007": {"min-min": {"pca-1": 0.0879}, "min-mean": {"pca-1": 0.2287}, "mean-mean": {"pca-1": 0.5463}, "mean-min": {"pca-1": 0.4376}}, "1008": {"min-min": {"pca-1": 0.1268}, "min-mean": {"pca-1": 0.4227}, "mean-mean": {"pca-1": 0.7288}, "mean-min": {"pca-1": 0.6032}}, "1009": {"min-min": {"pca-1": 0.1297}, "min-mean": {"pca-1": 0.4116}, "mean-mean": {"pca-1": 0.7332}, "mean-min": {"pca-1": 0.5682}}, "1010": {"min-min": {"pca-1": 0.1617}, "min-mean": {"pca-1": 0.2237}, "mean-mean": {"pca-1": 0.4974}, "mean-min": {"pca-1": 0.3094}}, "1011": {"min-min": {"pca-1": 0.1037}, "min-mean": {"pca-1": 0.2662}, "mean-mean": {"pca-1": 0.5746}, "mean-min": {"pca-1": 0.5203}}, "1012": {"min-min": {"pca-1": 0.0996}, "min-mean": {"pca-1": 0.3511}, "mean-mean": {"pca-1": 0.6549}, "mean-min": {"pca-1": 0.5522}}, "1013": {"min-min": {"pca-1": 0.0942}, "min-mean": {"pca-1": 0.1712}, "mean-mean": {"pca-1": 0.4949}, "mean-min": {"pca-1": 0.3251}}, "1014": {"min-min": {"pca-1": 0.1198}, "min-mean": {"pca-1": 0.2667}, "mean-mean": {"pca-1": 0.5342}, "mean-min": {"pca-1": 0.4967}}, "1015": {"min-min": {"pca-1": 0.1612}, "min-mean": {"pca-1": 0.3063}, "mean-mean": {"pca-1": 0.6492}, "mean-min": {"pca-1": 0.5964}}}, "1003": {"1001": {"min-min": {"pca-1": 0.07}, "min-mean": {"pca-1": 0.1918}, "mean-mean": {"pca-1": 0.4933}, "mean-min": {"pca-1": 0.4354}}, "1002": {"min-min": {"pca-1": 0.0728}, "min-mean": {"pca-1": 0.1849}, "mean-mean": {"pca-1": 0.4635}, "mean-min": {"pca-1": 0.4092}}, "1003": {"min-min": {"pca-1": 0.0804}, "min-mean": {"pca-1": 0.1723}, "mean-mean": {"pca-1": 0.4211}, "mean-min": {"pca-1": 0.3286}}, "1004": {"min-min": {"pca-1": 0.0991}, "min-mean": {"pca-1": 0.2637}, "mean-mean": {"pca-1": 0.5344}, "mean-min": {"pca-1": 0.516}}, "1005": {"min-min": {"pca-1": 0.1223}, "min-mean": {"pca-1": 0.2471}, "mean-mean": {"pca-1": 0.4677}, "mean-min": {"pca-1": 0.4499}}, "1006": {"min-min": {"pca-1": 0.0498}, "min-mean": {"pca-1": 0.1221}, "mean-mean": {"pca-1": 0.3712}, "mean-min": {"pca-1": 0.2667}}, "1007": {"min-min": {"pca-1": 0.0144}, "min-mean": {"pca-1": 0.0608}, "mean-mean": {"pca-1": 0.3858}, "mean-min": {"pca-1": 0.1535}}, "1008": {"min-min": {"pca-1": 0.0793}, "min-mean": {"pca-1": 0.3386}, "mean-mean": {"pca-1": 0.6451}, "mean-min": {"pca-1": 0.5276}}, "1009": {"min-min": {"pca-1": 0.0886}, "min-mean": {"pca-1": 0.3443}, "mean-mean": {"pca-1": 0.6124}, "mean-min": {"pca-1": 0.4946}}, "1010": {"min-min": {"pca-1": 0.041}, "min-mean": {"pca-1": 0.0614}, "mean-mean": {"pca-1": 0.3496}, "mean-min": {"pca-1": 0.1023}}, "1011": {"min-min": {"pca-1": 0.0936}, "min-mean": {"pca-1": 0.2296}, "mean-mean": {"pca-1": 0.4864}, "mean-min": {"pca-1": 0.462}}, "1012": {"min-min": {"pca-1": 0.0742}, "min-mean": {"pca-1": 0.3401}, "mean-mean": {"pca-1": 0.6132}, "mean-min": {"pca-1": 0.4771}}, "1013": {"min-min": {"pca-1": 0.0836}, "min-mean": {"pca-1": 0.1333}, "mean-mean": {"pca-1": 0.4006}, "mean-min": {"pca-1": 0.2326}}, "1014": {"min-min": {"pca-1": 0.0979}, "min-mean": {"pca-1": 0.2427}, "mean-mean": {"pca-1": 0.4482}, "mean-min": {"pca-1": 0.4044}}, "1015": {"min-min": {"pca-1": 0.0953}, "min-mean": {"pca-1": 0.2452}, "mean-mean": {"pca-1": 0.57}, "mean-min": {"pca-1": 0.5421}}}, "1004": {"1001": {"min-min": {"pca-1": 0.1151}, "min-mean": {"pca-1": 0.1684}, "mean-mean": {"pca-1": 0.4876}, "mean-min": {"pca-1": 0.2751}}, "1002": {"min-min": {"pca-1": 0.0962}, "min-mean": {"pca-1": 0.1589}, "mean-mean": {"pca-1": 0.4374}, "mean-min": {"pca-1": 0.2566}}, "1003": {"min-min": {"pca-1": 0.135}, "min-mean": {"pca-1": 0.1448}, "mean-mean": {"pca-1": 0.4138}, "mean-min": {"pca-1": 0.1643}}, "1004": {"min-min": {"pca-1": 0.0676}, "min-mean": {"pca-1": 0.2099}, "mean-mean": {"pca-1": 0.5092}, "mean-min": {"pca-1": 0.4192}}, "1005": {"min-min": {"pca-1": 0.1202}, "min-mean": {"pca-1": 0.2021}, "mean-mean": {"pca-1": 0.4569}, "mean-min": {"pca-1": 0.3659}}, "1006": {"min-min": {"pca-1": 0.1272}, "min-mean": {"pca-1": 0.1564}, "mean-mean": {"pca-1": 0.3678}, "mean-min": {"pca-1": 0.2148}}, "1007": {"min-min": {"pca-1": 0.138}, "min-mean": {"pca-1": 0.138}, "mean-mean": {"pca-1": 0.4027}, "mean-min": {"pca-1": 0.138}}, "1008": {"min-min": {"pca-1": 0.1291}, "min-mean": {"pca-1": 0.3409}, "mean-mean": {"pca-1": 0.6549}, "mean-min": {"pca-1": 0.5635}}, "1009": {"min-min": {"pca-1": 0.1447}, "min-mean": {"pca-1": 0.3788}, "mean-mean": {"pca-1": 0.7062}, "mean-min": {"pca-1": 0.5886}}, "1010": {"min-min": {"pca-1": 0.1181}, "min-mean": {"pca-1": 0.1643}, "mean-mean": {"pca-1": 0.413}, "mean-min": {"pca-1": 0.2567}}, "1011": {"min-min": {"pca-1": 0.0763}, "min-mean": {"pca-1": 0.274}, "mean-mean": {"pca-1": 0.5597}, "mean-min": {"pca-1": 0.5076}}, "1012": {"min-min": {"pca-1": 0.1042}, "min-mean": {"pca-1": 0.3878}, "mean-mean": {"pca-1": 0.6744}, "mean-min": {"pca-1": 0.4955}}, "1013": {"min-min": {"pca-1": 0.1097}, "min-mean": {"pca-1": 0.1736}, "mean-mean": {"pca-1": 0.4355}, "mean-min": {"pca-1": 0.2682}}, "1014": {"min-min": {"pca-1": 0.1288}, "min-mean": {"pca-1": 0.2656}, "mean-mean": {"pca-1": 0.4758}, "mean-min": {"pca-1": 0.4039}}, "1015": {"min-min": {"pca-1": 0.1242}, "min-mean": {"pca-1": 0.2881}, "mean-mean": {"pca-1": 0.6353}, "mean-min": {"pca-1": 0.6117}}}, "1005": {"1001": {"min-min": {"pca-1": 0.1675}, "min-mean": {"pca-1": 0.3688}, "mean-mean": {"pca-1": 0.7466}, "mean-min": {"pca-1": 0.6936}}, "1002": {"min-min": {"pca-1": 0.1565}, "min-mean": {"pca-1": 0.5624}, "mean-mean": {"pca-1": 0.9379}, "mean-min": {"pca-1": 0.7035}}, "1003": {"min-min": {"pca-1": 0.1933}, "min-mean": {"pca-1": 0.4212}, "mean-mean": {"pca-1": 0.7555}, "mean-min": {"pca-1": 0.6613}}, "1004": {"min-min": {"pca-1": 0.114}, "min-mean": {"pca-1": 0.2594}, "mean-mean": {"pca-1": 0.7256}, "mean-min": {"pca-1": 0.5502}}, "1005": {"min-min": {"pca-1": 0.1406}, "min-mean": {"pca-1": 0.3566}, "mean-mean": {"pca-1": 0.721}, "mean-min": {"pca-1": 0.6434}}, "1006": {"min-min": {"pca-1": 0.164}, "min-mean": {"pca-1": 0.5462}, "mean-mean": {"pca-1": 0.9372}, "mean-min": {"pca-1": 0.7332}}, "1007": {"min-min": {"pca-1": 0.1426}, "min-mean": {"pca-1": 0.5231}, "mean-mean": {"pca-1": 0.9395}, "mean-min": {"pca-1": 0.7206}}, "1008": {"min-min": {"pca-1": 0.1496}, "min-mean": {"pca-1": 0.2662}, "mean-mean": {"pca-1": 0.6795}, "mean-min": {"pca-1": 0.4741}}, "1009": {"min-min": {"pca-1": 0.1025}, "min-mean": {"pca-1": 0.2085}, "mean-mean": {"pca-1": 0.5716}, "mean-min": {"pca-1": 0.366}}, "1010": {"min-min": {"pca-1": 0.1402}, "min-mean": {"pca-1": 0.5267}, "mean-mean": {"pca-1": 0.9777}, "mean-min": {"pca-1": 0.7734}}, "1011": {"min-min": {"pca-1": 0.132}, "min-mean": {"pca-1": 0.3256}, "mean-mean": {"pca-1": 0.7118}, "mean-min": {"pca-1": 0.6499}}, "1012": {"min-min": {"pca-1": 0.1031}, "min-mean": {"pca-1": 0.3111}, "mean-mean": {"pca-1": 0.705}, "mean-min": {"pca-1": 0.5908}}, "1013": {"min-min": {"pca-1": 0.1002}, "min-mean": {"pca-1": 0.5454}, "mean-mean": {"pca-1": 0.9879}, "mean-min": {"pca-1": 0.7106}}, "1014": {"min-min": {"pca-1": 0.1207}, "min-mean": {"pca-1": 0.385}, "mean-mean": {"pca-1": 0.7585}, "mean-min": {"pca-1": 0.6814}}, "1015": {"min-min": {"pca-1": 0.0929}, "min-mean": {"pca-1": 0.2688}, "mean-mean": {"pca-1": 0.7149}, "mean-min": {"pca-1": 0.6207}}}, "1006": {"1001": {"min-min": {"pca-1": 0.0995}, "min-mean": {"pca-1": 0.263}, "mean-mean": {"pca-1": 0.5263}, "mean-min": {"pca-1": 0.5018}}, "1002": {"min-min": {"pca-1": 0.1791}, "min-mean": {"pca-1": 0.3309}, "mean-mean": {"pca-1": 0.544}, "mean-min": {"pca-1": 0.4752}}, "1003": {"min-min": {"pca-1": 0.1465}, "min-mean": {"pca-1": 0.2299}, "mean-mean": {"pca-1": 0.4534}, "mean-min": {"pca-1": 0.3967}}, "1004": {"min-min": {"pca-1": 0.0979}, "min-mean": {"pca-1": 0.2138}, "mean-mean": {"pca-1": 0.5004}, "mean-min": {"pca-1": 0.4215}}, "1005": {"min-min": {"pca-1": 0.1132}, "min-mean": {"pca-1": 0.1988}, "mean-mean": {"pca-1": 0.439}, "mean-min": {"pca-1": 0.3701}}, "1006": {"min-min": {"pca-1": 0.1618}, "min-mean": {"pca-1": 0.203}, "mean-mean": {"pca-1": 0.4165}, "mean-min": {"pca-1": 0.2853}}, "1007": {"min-min": {"pca-1": 0.0911}, "min-mean": {"pca-1": 0.2362}, "mean-mean": {"pca-1": 0.497}, "mean-min": {"pca-1": 0.4649}}, "1008": {"min-min": {"pca-1": 0.1682}, "min-mean": {"pca-1": 0.2677}, "mean-mean": {"pca-1": 0.5219}, "mean-min": {"pca-1": 0.4667}}, "1009": {"min-min": {"pca-1": 0.1713}, "min-mean": {"pca-1": 0.2791}, "mean-mean": {"pca-1": 0.5021}, "mean-min": {"pca-1": 0.4658}}, "1010": {"min-min": {"pca-1": 0.1618}, "min-mean": {"pca-1": 0.2647}, "mean-mean": {"pca-1": 0.5101}, "mean-min": {"pca-1": 0.4705}}, "1011": {"min-min": {"pca-1": 0.1432}, "min-mean": {"pca-1": 0.1769}, "mean-mean": {"pca-1": 0.4094}, "mean-min": {"pca-1": 0.2443}}, "1012": {"min-min": {"pca-1": 0.1281}, "min-mean": {"pca-1": 0.2235}, "mean-mean": {"pca-1": 0.4636}, "mean-min": {"pca-1": 0.399}}, "1013": {"min-min": {"pca-1": 0.1298}, "min-mean": {"pca-1": 0.2776}, "mean-mean": {"pca-1": 0.5007}, "mean-min": {"pca-1": 0.4718}}, "1014": {"min-min": {"pca-1": 0.1477}, "min-mean": {"pca-1": 0.1824}, "mean-mean": {"pca-1": 0.3768}, "mean-min": {"pca-1": 0.2517}}, "1015": {"min-min": {"pca-1": 0.1517}, "min-mean": {"pca-1": 0.1817}, "mean-mean": {"pca-1": 0.4648}, "mean-min": {"pca-1": 0.2417}}}, "1007": {"1001": {"min-min": {"pca-1": 0.0845}, "min-mean": {"pca-1": 0.3887}, "mean-mean": {"pca-1": 0.794}, "mean-min": {"pca-1": 0.7427}}, "1002": {"min-min": {"pca-1": 0.1112}, "min-mean": {"pca-1": 0.279}, "mean-mean": {"pca-1": 0.6615}, "mean-min": {"pca-1": 0.5415}}, "1003": {"min-min": {"pca-1": 0.124}, "min-mean": {"pca-1": 0.3591}, "mean-mean": {"pca-1": 0.7398}, "mean-min": {"pca-1": 0.7016}}, "1004": {"min-min": {"pca-1": 0.1059}, "min-mean": {"pca-1": 0.3989}, "mean-mean": {"pca-1": 0.8157}, "mean-min": {"pca-1": 0.6855}}, "1005": {"min-min": {"pca-1": 0.1332}, "min-mean": {"pca-1": 0.4022}, "mean-mean": {"pca-1": 0.7627}, "mean-min": {"pca-1": 0.6553}}, "1006": {"min-min": {"pca-1": 0.148}, "min-mean": {"pca-1": 0.2863}, "mean-mean": {"pca-1": 0.594}, "mean-min": {"pca-1": 0.5126}}, "1007": {"min-min": {"pca-1": 0.1238}, "min-mean": {"pca-1": 0.2379}, "mean-mean": {"pca-1": 0.6064}, "mean-min": {"pca-1": 0.4123}}, "1008": {"min-min": {"pca-1": 0.124}, "min-mean": {"pca-1": 0.5097}, "mean-mean": {"pca-1": 0.9268}, "mean-min": {"pca-1": 0.7381}}, "1009": {"min-min": {"pca-1": 0.1248}, "min-mean": {"pca-1": 0.5631}, "mean-mean": {"pca-1": 0.9828}, "mean-min": {"pca-1": 0.8076}}, "1010": {"min-min": {"pca-1": 0.0994}, "min-mean": {"pca-1": 0.2238}, "mean-mean": {"pca-1": 0.5593}, "mean-min": {"pca-1": 0.3736}}, "1011": {"min-min": {"pca-1": 0.183}, "min-mean": {"pca-1": 0.4261}, "mean-mean": {"pca-1": 0.8002}, "mean-min": {"pca-1": 0.7054}}, "1012": {"min-min": {"pca-1": 0.1242}, "min-mean": {"pca-1": 0.5586}, "mean-mean": {"pca-1": 0.9132}, "mean-min": {"pca-1": 0.6914}}, "1013": {"min-min": {"pca-1": 0.1128}, "min-mean": {"pca-1": 0.1984}, "mean-mean": {"pca-1": 0.5831}, "mean-min": {"pca-1": 0.3325}}, "1014": {"min-min": {"pca-1": 0.1799}, "min-mean": {"pca-1": 0.447}, "mean-mean": {"pca-1": 0.7245}, "mean-min": {"pca-1": 0.6035}}, "1015": {"min-min": {"pca-1": 0.1575}, "min-mean": {"pca-1": 0.4429}, "mean-mean": {"pca-1": 0.8706}, "mean-min": {"pca-1": 0.7823}}}, "1008": {"1001": {"min-min": {"pca-1": 0.0675}, "min-mean": {"pca-1": 0.2363}, "mean-mean": {"pca-1": 0.6206}, "mean-min": {"pca-1": 0.5593}}, "1002": {"min-min": {"pca-1": 0.0777}, "min-mean": {"pca-1": 0.3812}, "mean-mean": {"pca-1": 0.7736}, "mean-min": {"pca-1": 0.5823}}, "1003": {"min-min": {"pca-1": 0.077}, "min-mean": {"pca-1": 0.2035}, "mean-mean": {"pca-1": 0.5623}, "mean-min": {"pca-1": 0.4564}}, "1004": {"min-min": {"pca-1": 0.1918}, "min-mean": {"pca-1": 0.2825}, "mean-mean": {"pca-1": 0.6233}, "mean-min": {"pca-1": 0.4602}}, "1005": {"min-min": {"pca-1": 0.0963}, "min-mean": {"pca-1": 0.1839}, "mean-mean": {"pca-1": 0.5445}, "mean-min": {"pca-1": 0.3591}}, "1006": {"min-min": {"pca-1": 0.1856}, "min-mean": {"pca-1": 0.3483}, "mean-mean": {"pca-1": 0.7049}, "mean-min": {"pca-1": 0.6254}}, "1007": {"min-min": {"pca-1": 0.11}, "min-mean": {"pca-1": 0.3504}, "mean-mean": {"pca-1": 0.7342}, "mean-min": {"pca-1": 0.6027}}, "1008": {"min-min": {"pca-1": 0.0849}, "min-mean": {"pca-1": 0.1532}, "mean-mean": {"pca-1": 0.5441}, "mean-min": {"pca-1": 0.2898}}, "1009": {"min-min": {"pca-1": 0.0841}, "min-mean": {"pca-1": 0.1077}, "mean-mean": {"pca-1": 0.418}, "mean-min": {"pca-1": 0.1549}}, "1010": {"min-min": {"pca-1": 0.2164}, "min-mean": {"pca-1": 0.3997}, "mean-mean": {"pca-1": 0.759}, "mean-min": {"pca-1": 0.6688}}, "1011": {"min-min": {"pca-1": 0.0972}, "min-mean": {"pca-1": 0.1241}, "mean-mean": {"pca-1": 0.4624}, "mean-min": {"pca-1": 0.1779}}, "1012": {"min-min": {"pca-1": 0.075}, "min-mean": {"pca-1": 0.1396}, "mean-mean": {"pca-1": 0.5145}, "mean-min": {"pca-1": 0.2689}}, "1013": {"min-min": {"pca-1": 0.0879}, "min-mean": {"pca-1": 0.3726}, "mean-mean": {"pca-1": 0.7582}, "mean-min": {"pca-1": 0.5746}}, "1014": {"min-min": {"pca-1": 0.1655}, "min-mean": {"pca-1": 0.2488}, "mean-mean": {"pca-1": 0.5735}, "mean-min": {"pca-1": 0.4154}}, "1015": {"min-min": {"pca-1": 0.1081}, "min-mean": {"pca-1": 0.126}, "mean-mean": {"pca-1": 0.4961}, "mean-min": {"pca-1": 0.1619}}}, "1009": {"1001": {"min-min": {"pca-1": 0.1105}, "min-mean": {"pca-1": 0.205}, "mean-mean": {"pca-1": 0.5334}, "mean-min": {"pca-1": 0.3928}}, "1002": {"min-min": {"pca-1": 0.1382}, "min-mean": {"pca-1": 0.1961}, "mean-mean": {"pca-1": 0.4705}, "mean-min": {"pca-1": 0.3118}}, "1003": {"min-min": {"pca-1": 0.0677}, "min-mean": {"pca-1": 0.1448}, "mean-mean": {"pca-1": 0.4723}, "mean-min": {"pca-1": 0.2991}}, "1004": {"min-min": {"pca-1": 0.1088}, "min-mean": {"pca-1": 0.2785}, "mean-mean": {"pca-1": 0.5742}, "mean-min": {"pca-1": 0.5496}}, "1005": {"min-min": {"pca-1": 0.1147}, "min-mean": {"pca-1": 0.2368}, "mean-mean": {"pca-1": 0.5085}, "mean-min": {"pca-1": 0.481}}, "1006": {"min-min": {"pca-1": 0.1083}, "min-mean": {"pca-1": 0.1826}, "mean-mean": {"pca-1": 0.4188}, "mean-min": {"pca-1": 0.3313}}, "1007": {"min-min": {"pca-1": 0.0866}, "min-mean": {"pca-1": 0.1213}, "mean-mean": {"pca-1": 0.4289}, "mean-min": {"pca-1": 0.1908}}, "1008": {"min-min": {"pca-1": 0.1069}, "min-mean": {"pca-1": 0.3565}, "mean-mean": {"pca-1": 0.7003}, "mean-min": {"pca-1": 0.6044}}, "1009": {"min-min": {"pca-1": 0.1256}, "min-mean": {"pca-1": 0.3599}, "mean-mean": {"pca-1": 0.7133}, "mean-min": {"pca-1": 0.6269}}, "1010": {"min-min": {"pca-1": 0.05}, "min-mean": {"pca-1": 0.1154}, "mean-mean": {"pca-1": 0.4125}, "mean-min": {"pca-1": 0.2463}}, "1011": {"min-min": {"pca-1": 0.0924}, "min-mean": {"pca-1": 0.2724}, "mean-mean": {"pca-1": 0.5783}, "mean-min": {"pca-1": 0.5323}}, "1012": {"min-min": {"pca-1": 0.1051}, "min-mean": {"pca-1": 0.3819}, "mean-mean": {"pca-1": 0.6852}, "mean-min": {"pca-1": 0.5356}}, "1013": {"min-min": {"pca-1": 0.1199}, "min-mean": {"pca-1": 0.1729}, "mean-mean": {"pca-1": 0.4518}, "mean-min": {"pca-1": 0.2788}}, "1014": {"min-min": {"pca-1": 0.1279}, "min-mean": {"pca-1": 0.2757}, "mean-mean": {"pca-1": 0.5011}, "mean-min": {"pca-1": 0.437}}, "1015": {"min-min": {"pca-1": 0.136}, "min-mean": {"pca-1": 0.2995}, "mean-mean": {"pca-1": 0.6497}, "mean-min": {"pca-1": 0.6265}}}, "1010": {"1001": {"min-min": {"pca-1": 0.0902}, "min-mean": {"pca-1": 0.2117}, "mean-mean": {"pca-1": 0.4886}, "mean-min": {"pca-1": 0.428}}, "1002": {"min-min": {"pca-1": 0.0685}, "min-mean": {"pca-1": 0.1963}, "mean-mean": {"pca-1": 0.4632}, "mean-min": {"pca-1": 0.4509}}, "1003": {"min-min": {"pca-1": 0.0766}, "min-mean": {"pca-1": 0.1586}, "mean-mean": {"pca-1": 0.4135}, "mean-min": {"pca-1": 0.3225}}, "1004": {"min-min": {"pca-1": 0.1028}, "min-mean": {"pca-1": 0.2429}, "mean-mean": {"pca-1": 0.5064}, "mean-min": {"pca-1": 0.4866}}, "1005": {"min-min": {"pca-1": 0.0923}, "min-mean": {"pca-1": 0.2206}, "mean-mean": {"pca-1": 0.4543}, "mean-min": {"pca-1": 0.4302}}, "1006": {"min-min": {"pca-1": 0.0679}, "min-mean": {"pca-1": 0.1094}, "mean-mean": {"pca-1": 0.3263}, "mean-min": {"pca-1": 0.1924}}, "1007": {"min-min": {"pca-1": 0.1015}, "min-mean": {"pca-1": 0.1344}, "mean-mean": {"pca-1": 0.3887}, "mean-min": {"pca-1": 0.2002}}, "1008": {"min-min": {"pca-1": 0.0817}, "min-mean": {"pca-1": 0.3282}, "mean-mean": {"pca-1": 0.6288}, "mean-min": {"pca-1": 0.5183}}, "1009": {"min-min": {"pca-1": 0.115}, "min-mean": {"pca-1": 0.326}, "mean-mean": {"pca-1": 0.6043}, "mean-min": {"pca-1": 0.526}}, "1010": {"min-min": {"pca-1": 0.087}, "min-mean": {"pca-1": 0.1045}, "mean-mean": {"pca-1": 0.3404}, "mean-min": {"pca-1": 0.1395}}, "1011": {"min-min": {"pca-1": 0.1585}, "min-mean": {"pca-1": 0.2275}, "mean-mean": {"pca-1": 0.4433}, "mean-min": {"pca-1": 0.3654}}, "1012": {"min-min": {"pca-1": 0.0621}, "min-mean": {"pca-1": 0.3151}, "mean-mean": {"pca-1": 0.5683}, "mean-min": {"pca-1": 0.4682}}, "1013": {"min-min": {"pca-1": 0.1043}, "min-mean": {"pca-1": 0.1659}, "mean-mean": {"pca-1": 0.4045}, "mean-min": {"pca-1": 0.2891}}, "1014": {"min-min": {"pca-1": 0.1026}, "min-mean": {"pca-1": 0.2048}, "mean-mean": {"pca-1": 0.3911}, "mean-min": {"pca-1": 0.3704}}, "1015": {"min-min": {"pca-1": 0.0841}, "min-mean": {"pca-1": 0.2011}, "mean-mean": {"pca-1": 0.5346}, "mean-min": {"pca-1": 0.4351}}}, "1011": {"1001": {"min-min": {"pca-1": 0.1469}, "min-mean": {"pca-1": 0.3064}, "mean-mean": {"pca-1": 0.6255}, "mean-min": {"pca-1": 0.4552}}, "1002": {"min-min": {"pca-1": 0.1178}, "min-mean": {"pca-1": 0.4014}, "mean-mean": {"pca-1": 0.7707}, "mean-min": {"pca-1": 0.6208}}, "1003": {"min-min": {"pca-1": 0.1251}, "min-mean": {"pca-1": 0.2949}, "mean-mean": {"pca-1": 0.6585}, "mean-min": {"pca-1": 0.591}}, "1004": {"min-min": {"pca-1": 0.0911}, "min-mean": {"pca-1": 0.2441}, "mean-mean": {"pca-1": 0.6078}, "mean-min": {"pca-1": 0.3458}}, "1005": {"min-min": {"pca-1": 0.1138}, "min-mean": {"pca-1": 0.2944}, "mean-mean": {"pca-1": 0.6336}, "mean-min": {"pca-1": 0.5582}}, "1006": {"min-min": {"pca-1": 0.136}, "min-mean": {"pca-1": 0.4302}, "mean-mean": {"pca-1": 0.8032}, "mean-min": {"pca-1": 0.6222}}, "1007": {"min-min": {"pca-1": 0.1}, "min-mean": {"pca-1": 0.4152}, "mean-mean": {"pca-1": 0.8176}, "mean-min": {"pca-1": 0.6422}}, "1008": {"min-min": {"pca-1": 0.1408}, "min-mean": {"pca-1": 0.2985}, "mean-mean": {"pca-1": 0.6461}, "mean-min": {"pca-1": 0.4887}}, "1009": {"min-min": {"pca-1": 0.1767}, "min-mean": {"pca-1": 0.2951}, "mean-mean": {"pca-1": 0.5746}, "mean-min": {"pca-1": 0.4506}}, "1010": {"min-min": {"pca-1": 0.1496}, "min-mean": {"pca-1": 0.4881}, "mean-mean": {"pca-1": 0.8759}, "mean-min": {"pca-1": 0.6707}}, "1011": {"min-min": {"pca-1": 0.1311}, "min-mean": {"pca-1": 0.3686}, "mean-mean": {"pca-1": 0.682}, "mean-min": {"pca-1": 0.5886}}, "1012": {"min-min": {"pca-1": 0.1517}, "min-mean": {"pca-1": 0.326}, "mean-mean": {"pca-1": 0.6765}, "mean-min": {"pca-1": 0.5937}}, "1013": {"min-min": {"pca-1": 0.1702}, "min-mean": {"pca-1": 0.5152}, "mean-mean": {"pca-1": 0.8787}, "mean-min": {"pca-1": 0.6236}}, "1014": {"min-min": {"pca-1": 0.0871}, "min-mean": {"pca-1": 0.3308}, "mean-mean": {"pca-1": 0.6577}, "mean-min": {"pca-1": 0.5666}}, "1015": {"min-min": {"pca-1": 0.1212}, "min-mean": {"pca-1": 0.3329}, "mean-mean": {"pca-1": 0.6966}, "mean-min": {"pca-1": 0.6463}}}, "1012": {"1001": {"min-min": {"pca-1": 0.1615}, "min-mean": {"pca-1": 0.2198}, "mean-mean": {"pca-1": 0.4422}, "mean-min": {"pca-1": 0.3363}}, "1002": {"min-min": {"pca-1": 0.0495}, "min-mean": {"pca-1": 0.1719}, "mean-mean": {"pca-1": 0.44}, "mean-min": {"pca-1": 0.4168}}, "1003": {"min-min": {"pca-1": 0.0586}, "min-mean": {"pca-1": 0.1189}, "mean-mean": {"pca-1": 0.3699}, "mean-min": {"pca-1": 0.2395}}, "1004": {"min-min": {"pca-1": 0.1022}, "min-mean": {"pca-1": 0.2188}, "mean-mean": {"pca-1": 0.4665}, "mean-min": {"pca-1": 0.426}}, "1005": {"min-min": {"pca-1": 0.0924}, "min-mean": {"pca-1": 0.1923}, "mean-mean": {"pca-1": 0.4079}, "mean-min": {"pca-1": 0.3922}}, "1006": {"min-min": {"pca-1": 0.0741}, "min-mean": {"pca-1": 0.1163}, "mean-mean": {"pca-1": 0.3241}, "mean-min": {"pca-1": 0.2008}}, "1007": {"min-min": {"pca-1": 0.1475}, "min-mean": {"pca-1": 0.1661}, "mean-mean": {"pca-1": 0.3856}, "mean-min": {"pca-1": 0.2034}}, "1008": {"min-min": {"pca-1": 0.0378}, "min-mean": {"pca-1": 0.2754}, "mean-mean": {"pca-1": 0.5846}, "mean-min": {"pca-1": 0.4972}}, "1009": {"min-min": {"pca-1": 0.1356}, "min-mean": {"pca-1": 0.3197}, "mean-mean": {"pca-1": 0.5589}, "mean-min": {"pca-1": 0.4902}}, "1010": {"min-min": {"pca-1": 0.0888}, "min-mean": {"pca-1": 0.1389}, "mean-mean": {"pca-1": 0.3766}, "mean-min": {"pca-1": 0.2392}}, "1011": {"min-min": {"pca-1": 0.1257}, "min-mean": {"pca-1": 0.2132}, "mean-mean": {"pca-1": 0.4279}, "mean-min": {"pca-1": 0.3881}}, "1012": {"min-min": {"pca-1": 0.1086}, "min-mean": {"pca-1": 0.3296}, "mean-mean": {"pca-1": 0.554}, "mean-min": {"pca-1": 0.4443}}, "1013": {"min-min": {"pca-1": 0.1372}, "min-mean": {"pca-1": 0.2104}, "mean-mean": {"pca-1": 0.4162}, "mean-min": {"pca-1": 0.3568}}, "1014": {"min-min": {"pca-1": 0.1026}, "min-mean": {"pca-1": 0.2151}, "mean-mean": {"pca-1": 0.3827}, "mean-min": {"pca-1": 0.3515}}, "1015": {"min-min": {"pca-1": 0.0689}, "min-mean": {"pca-1": 0.1937}, "mean-mean": {"pca-1": 0.52}, "mean-min": {"pca-1": 0.4434}}}, "1013": {"1001": {"min-min": {"pca-1": 0.1168}, "min-mean": {"pca-1": 0.2047}, "mean-mean": {"pca-1": 0.6002}, "mean-min": {"pca-1": 0.3804}}, "1002": {"min-min": {"pca-1": 0.0778}, "min-mean": {"pca-1": 0.1287}, "mean-mean": {"pca-1": 0.519}, "mean-min": {"pca-1": 0.2304}}, "1003": {"min-min": {"pca-1": 0.1537}, "min-mean": {"pca-1": 0.1994}, "mean-mean": {"pca-1": 0.546}, "mean-min": {"pca-1": 0.2907}}, "1004": {"min-min": {"pca-1": 0.1829}, "min-mean": {"pca-1": 0.3108}, "mean-mean": {"pca-1": 0.6455}, "mean-min": {"pca-1": 0.5667}}, "1005": {"min-min": {"pca-1": 0.094}, "min-mean": {"pca-1": 0.2123}, "mean-mean": {"pca-1": 0.5762}, "mean-min": {"pca-1": 0.4489}}, "1006": {"min-min": {"pca-1": 0.159}, "min-mean": {"pca-1": 0.2412}, "mean-mean": {"pca-1": 0.5434}, "mean-min": {"pca-1": 0.4055}}, "1007": {"min-min": {"pca-1": 0.1144}, "min-mean": {"pca-1": 0.1629}, "mean-mean": {"pca-1": 0.5333}, "mean-min": {"pca-1": 0.26}}, "1008": {"min-min": {"pca-1": 0.2259}, "min-mean": {"pca-1": 0.4251}, "mean-mean": {"pca-1": 0.7573}, "mean-min": {"pca-1": 0.6617}}, "1009": {"min-min": {"pca-1": 0.1027}, "min-mean": {"pca-1": 0.3765}, "mean-mean": {"pca-1": 0.7837}, "mean-min": {"pca-1": 0.6862}}, "1010": {"min-min": {"pca-1": 0.122}, "min-mean": {"pca-1": 0.2176}, "mean-mean": {"pca-1": 0.5733}, "mean-min": {"pca-1": 0.4089}}, "1011": {"min-min": {"pca-1": 0.098}, "min-mean": {"pca-1": 0.3066}, "mean-mean": {"pca-1": 0.6814}, "mean-min": {"pca-1": 0.595}}, "1012": {"min-min": {"pca-1": 0.154}, "min-mean": {"pca-1": 0.4452}, "mean-mean": {"pca-1": 0.7822}, "mean-min": {"pca-1": 0.5922}}, "1013": {"min-min": {"pca-1": 0.1246}, "min-mean": {"pca-1": 0.2008}, "mean-mean": {"pca-1": 0.5512}, "mean-min": {"pca-1": 0.3531}}, "1014": {"min-min": {"pca-1": 0.1089}, "min-mean": {"pca-1": 0.2786}, "mean-mean": {"pca-1": 0.6014}, "mean-min": {"pca-1": 0.4977}}, "1015": {"min-min": {"pca-1": 0.1137}, "min-mean": {"pca-1": 0.317}, "mean-mean": {"pca-1": 0.7376}, "mean-min": {"pca-1": 0.7}}}, "1014": {"1001": {"min-min": {"pca-1": 0.1327}, "min-mean": {"pca-1": 0.2406}, "mean-mean": {"pca-1": 0.5009}, "mean-min": {"pca-1": 0.4414}}, "1002": {"min-min": {"pca-1": 0.1182}, "min-mean": {"pca-1": 0.361}, "mean-mean": {"pca-1": 0.5979}, "mean-min": {"pca-1": 0.4983}}, "1003": {"min-min": {"pca-1": 0.1117}, "min-mean": {"pca-1": 0.2251}, "mean-mean": {"pca-1": 0.4377}, "mean-min": {"pca-1": 0.3581}}, "1004": {"min-min": {"pca-1": 0.1446}, "min-mean": {"pca-1": 0.2313}, "mean-mean": {"pca-1": 0.4774}, "mean-min": {"pca-1": 0.3332}}, "1005": {"min-min": {"pca-1": 0.1477}, "min-mean": {"pca-1": 0.1981}, "mean-mean": {"pca-1": 0.4042}, "mean-min": {"pca-1": 0.2653}}, "1006": {"min-min": {"pca-1": 0.1461}, "min-mean": {"pca-1": 0.2791}, "mean-mean": {"pca-1": 0.5006}, "mean-min": {"pca-1": 0.4719}}, "1007": {"min-min": {"pca-1": 0.1261}, "min-mean": {"pca-1": 0.3015}, "mean-mean": {"pca-1": 0.5632}, "mean-min": {"pca-1": 0.5168}}, "1008": {"min-min": {"pca-1": 0.1476}, "min-mean": {"pca-1": 0.1897}, "mean-mean": {"pca-1": 0.4564}, "mean-min": {"pca-1": 0.2738}}, "1009": {"min-min": {"pca-1": 0.0765}, "min-mean": {"pca-1": 0.1917}, "mean-mean": {"pca-1": 0.4282}, "mean-min": {"pca-1": 0.3254}}, "1010": {"min-min": {"pca-1": 0.1153}, "min-mean": {"pca-1": 0.3269}, "mean-mean": {"pca-1": 0.5835}, "mean-min": {"pca-1": 0.5261}}, "1011": {"min-min": {"pca-1": 0.178}, "min-mean": {"pca-1": 0.2041}, "mean-mean": {"pca-1": 0.4022}, "mean-min": {"pca-1": 0.2562}}, "1012": {"min-min": {"pca-1": 0.1152}, "min-mean": {"pca-1": 0.1997}, "mean-mean": {"pca-1": 0.4306}, "mean-min": {"pca-1": 0.3031}}, "1013": {"min-min": {"pca-1": 0.1298}, "min-mean": {"pca-1": 0.3639}, "mean-mean": {"pca-1": 0.5862}, "mean-min": {"pca-1": 0.495}}, "1014": {"min-min": {"pca-1": 0.1608}, "min-mean": {"pca-1": 0.2007}, "mean-mean": {"pca-1": 0.3916}, "mean-min": {"pca-1": 0.2766}}, "1015": {"min-min": {"pca-1": 0.1633}, "min-mean": {"pca-1": 0.1834}, "mean-mean": {"pca-1": 0.4485}, "mean-min": {"pca-1": 0.2092}}}, "1015": {"1001": {"min-min": {"pca-1": 0.1275}, "min-mean": {"pca-1": 0.1455}, "mean-mean": {"pca-1": 0.3823}, "mean-min": {"pca-1": 0.1815}}, "1002": {"min-min": {"pca-1": 0.082}, "min-mean": {"pca-1": 0.1804}, "mean-mean": {"pca-1": 0.4187}, "mean-min": {"pca-1": 0.3772}}, "1003": {"min-min": {"pca-1": 0.1196}, "min-mean": {"pca-1": 0.1297}, "mean-mean": {"pca-1": 0.334}, "mean-min": {"pca-1": 0.1498}}, "1004": {"min-min": {"pca-1": 0.1215}, "min-mean": {"pca-1": 0.1953}, "mean-mean": {"pca-1": 0.4292}, "mean-min": {"pca-1": 0.3338}}, "1005": {"min-min": {"pca-1": 0.0997}, "min-mean": {"pca-1": 0.1507}, "mean-mean": {"pca-1": 0.3404}, "mean-min": {"pca-1": 0.2204}}, "1006": {"min-min": {"pca-1": 0.1055}, "min-mean": {"pca-1": 0.1662}, "mean-mean": {"pca-1": 0.35}, "mean-min": {"pca-1": 0.2798}}, "1007": {"min-min": {"pca-1": 0.1015}, "min-mean": {"pca-1": 0.1574}, "mean-mean": {"pca-1": 0.3937}, "mean-min": {"pca-1": 0.2426}}, "1008": {"min-min": {"pca-1": 0.1039}, "min-mean": {"pca-1": 0.261}, "mean-mean": {"pca-1": 0.5175}, "mean-min": {"pca-1": 0.4949}}, "1009": {"min-min": {"pca-1": 0.1016}, "min-mean": {"pca-1": 0.275}, "mean-mean": {"pca-1": 0.5217}, "mean-min": {"pca-1": 0.4665}}, "1010": {"min-min": {"pca-1": 0.0931}, "min-mean": {"pca-1": 0.1933}, "mean-mean": {"pca-1": 0.4223}, "mean-min": {"pca-1": 0.3711}}, "1011": {"min-min": {"pca-1": 0.1265}, "min-mean": {"pca-1": 0.2352}, "mean-mean": {"pca-1": 0.4342}, "mean-min": {"pca-1": 0.424}}, "1012": {"min-min": {"pca-1": 0.0708}, "min-mean": {"pca-1": 0.3014}, "mean-mean": {"pca-1": 0.5417}, "mean-min": {"pca-1": 0.4294}}, "1013": {"min-min": {"pca-1": 0.1289}, "min-mean": {"pca-1": 0.2425}, "mean-mean": {"pca-1": 0.4436}, "mean-min": {"pca-1": 0.4306}}, "1014": {"min-min": {"pca-1": 0.0675}, "min-mean": {"pca-1": 0.1685}, "mean-mean": {"pca-1": 0.3504}, "mean-min": {"pca-1": 0.3398}}, "1015": {"min-min": {"pca-1": 0.1041}, "min-mean": {"pca-1": 0.2118}, "mean-mean": {"pca-1": 0.506}, "mean-min": {"pca-1": 0.424}}}}