{"1001": {"1001": {"min-min": {"pca-1": 0.1829}, "min-mean": {"pca-1": 0.3294}, "mean-mean": {"pca-1": 0.7068}, "mean-min": {"pca-1": 0.6223}}, "1002": {"min-min": {"pca-1": 0.2825}, "min-mean": {"pca-1": 0.409}, "mean-mean": {"pca-1": 0.7145}, "mean-min": {"pca-1": 0.558}}, "1003": {"min-min": {"pca-1": 0.2031}, "min-mean": {"pca-1": 0.3212}, "mean-mean": {"pca-1": 0.6745}, "mean-min": {"pca-1": 0.5013}}, "1004": {"min-min": {"pca-1": 0.2199}, "min-mean": {"pca-1": 0.438}, "mean-mean": {"pca-1": 0.7658}, "mean-min": {"pca-1": 0.6975}}, "1005": {"min-min": {"pca-1": 0.1518}, "min-mean": {"pca-1": 0.3539}, "mean-mean": {"pca-1": 0.691}, "mean-min": {"pca-1": 0.6757}}, "1006": {"min-min": {"pca-1": 0.1477}, "min-mean": {"pca-1": 0.277}, "mean-mean": {"pca-1": 0.5913}, "mean-min": {"pca-1": 0.4512}}, "1007": {"min-min": {"pca-1": 0.1622}, "min-mean": {"pca-1": 0.2093}, "mean-mean": {"pca-1": 0.6041}, "mean-min": {"pca-1": 0.3035}}, "1008": {"min-min": {"pca-1": 0.1951}, "min-mean": {"pca-1": 0.4635}, "mean-mean": {"pca-1": 0.9085}, "mean-min": {"pca-1": 0.8552}}, "1009": {"min-min": {"pca-1": 0.3188}, "min-mean": {"pca-1": 0.5582}, "mean-mean": {"pca-1": 0.8768}, "mean-min": {"pca-1": 0.837}}, "1010": {"min-min": {"pca-1": 0.1607}, "min-mean": {"pca-1": 0.223}, "mean-mean": {"pca-1": 0.5286}, "mean-min": {"pca-1": 0.2542}}, "1011": {"min-min": {"pca-1": 0.2103}, "min-mean": {"pca-1": 0.4109}, "mean-mean": {"pca-1": 0.7783}, "mean-min": {"pca-1": 0.7662}}, "1012": {"min-min": {"pca-1": 0.2008}, "min-mean": {"pca-1": 0.4988}, "mean-mean": {"pca-1": 0.9113}, "mean-min": {"pca-1": 0.8169}}, "1013": {"min-min": {"pca-1": 0.1831}, "min-mean": {"pca-1": 0.313}, "mean-mean": {"pca-1": 0.6664}, "mean-min": {"pca-1": 0.5727}}, "1014": {"min-min": {"pca-1": 0.2228}, "min-mean": {"pca-1": 0.3256}, "mean-mean": {"pca-1": 0.5607}, "mean-min": {"pca-1": 0.5313}}, "1015": {"min-min": {"pca-1": 0.2175}, "min-mean": {"pca-1": 0.5946}, "mean-mean": {"pca-1": 1.04}, "mean-min": {"pca-1": 0.9099}}}, "1002": {"1001": {"min-min": {"pca-1": 0.2133}, "min-mean": {"pca-1": 0.2752}, "mean-mean": {"pca-1": 0.5894}, "mean-min": {"pca-1": 0.3331}}, "1002": {"min-min": {"pca-1": 0.2007}, "min-mean": {"pca-1": 0.2505}, "mean-mean": {"pca-1": 0.5632}, "mean-min": {"pca-1": 0.2934}}, "1003": {"min-min": {"pca-1": 0.2211}, "min-mean": {"pca-1": 0.289}, "mean-mean": {"pca-1": 0.5784}, "mean-min": {"pca-1": 0.3465}}, "1004": {"min-min": {"pca-1": 0.1346}, "min-mean": {"pca-1": 0.3874}, "mean-mean": {"pca-1": 0.7235}, "mean-min": {"pca-1": 0.6847}}, "1005": {"min-min": {"pca-1": 0.1692}, "min-mean": {"pca-1": 0.3106}, "mean-mean": {"pca-1": 0.5961}, "mean-min": {"pca-1": 0.516}}, "1006": {"min-min": {"pca-1": 0.2151}, "min-mean": {"pca-1": 0.2921}, "mean-mean": {"pca-1": 0.5608}, "mean-min": {"pca-1": 0.4275}}, "1007": {"min-min": {"pca-1": 0.2459}, "min-mean": {"pca-1": 0.2593}, "mean-mean": {"pca-1": 0.5596}, "mean-min": {"pca-1": 0.2862}}, "1008": {"min-min": {"pca-1": 0.2459}, "min-mean": {"pca-1": 0.4904}, "mean-mean": {"pca-1": 0.8562}, "mean-min": {"pca-1": 0.7576}}, "1009": {"min-min": {"pca-1": 0.1995}, "min-mean": {"pca-1": 0.4586}, "mean-mean": {"pca-1": 0.7688}, "mean-min": {"pca-1": 0.6755}}, "1010": {"min-min": {"pca-1": 0.177}, "min-mean": {"pca-1": 0.2592}, "mean-mean": {"pca-1": 0.5821}, "mean-min": {"pca-1": 0.4236}}, "1011": {"min-min": {"pca-1": 0.2191}, "min-mean": {"pca-1": 0.4599}, "mean-mean": {"pca-1": 0.771}, "mean-min": {"pca-1": 0.6588}}, "1012": {"min-min": {"pca-1": 0.1804}, "min-mean": {"pca-1": 0.5466}, "mean-mean": {"pca-1": 0.8542}, "mean-min": {"pca-1": 0.6578}}, "1013": {"min-min": {"pca-1": 0.1965}, "min-mean": {"pca-1": 0.3654}, "mean-mean": {"pca-1": 0.631}, "mean-min": {"pca-1": 0.5705}}, "1014": {"min-min": {"pca-1": 0.2144}, "min-mean": {"pca-1": 0.3619}, "mean-mean": {"pca-1": 0.5616}, "mean-min": {"pca-1": 0.5239}}, "1015": {"min-min": {"pca-1": 0.2622}, "min-mean": {"pca-1": 0.6582}, "mean-mean": {"pca-1": 1.0326}, "mean-min": {"pca-1": 0.7883}}}, "1003": {"1001": {"min-min": {"pca-1": 0.1245}, "min-mean": {"pca-1": 0.2347}, "mean-mean": {"pca-1": 0.5472}, "mean-min": {"pca-1": 0.359}}, "1002": {"min-min": {"pca-1": 0.225}, "min-mean": {"pca-1": 0.302}, "mean-mean": {"pca-1": 0.5717}, "mean-min": {"pca-1": 0.3936}}, "1003": {"min-min": {"pca-1": 0.1701}, "min-mean": {"pca-1": 0.2014}, "mean-mean": {"pca-1": 0.501}, "mean-min": {"pca-1": 0.264}}, "1004": {"min-min": {"pca-1": 0.2164}, "min-mean": {"pca-1": 0.3897}, "mean-mean": {"pca-1": 0.6554}, "mean-min": {"pca-1": 0.6328}}, "1005": {"min-min": {"pca-1": 0.1828}, "min-mean": {"pca-1": 0.2747}, "mean-mean": {"pca-1": 0.5346}, "mean-min": {"pca-1": 0.4584}}, "1006": {"min-min": {"pca-1": 0.1695}, "min-mean": {"pca-1": 0.2005}, "mean-mean": {"pca-1": 0.448}, "mean-min": {"pca-1": 0.2624}}, "1007": {"min-min": {"pca-1": 0.2072}, "min-mean": {"pca-1": 0.2123}, "mean-mean": {"pca-1": 0.5019}, "mean-min": {"pca-1": 0.2225}}, "1008": {"min-min": {"pca-1": 0.2032}, "min-mean": {"pca-1": 0.4271}, "mean-mean": {"pca-1": 0.7785}, "mean-min": {"pca-1": 0.7468}}, "1009": {"min-min": {"pca-1": 0.2295}, "min-mean": {"pca-1": 0.3979}, "mean-mean": {"pca-1": 0.6961}, "mean-min": {"pca-1": 0.6529}}, "1010": {"min-min": {"pca-1": 0.1689}, "min-mean": {"pca-1": 0.214}, "mean-mean": {"pca-1": 0.5109}, "mean-min": {"pca-1": 0.3041}}, "1011": {"min-min": {"pca-1": 0.2204}, "min-mean": {"pca-1": 0.4111}, "mean-mean": {"pca-1": 0.6869}, "mean-min": {"pca-1": 0.6305}}, "1012": {"min-min": {"pca-1": 0.2049}, "min-mean": {"pca-1": 0.5043}, "mean-mean": {"pca-1": 0.7954}, "mean-min": {"pca-1": 0.6343}}, "1013": {"min-min": {"pca-1": 0.1129}, "min-mean": {"pca-1": 0.3259}, "mean-mean": {"pca-1": 0.573}, "mean-min": {"pca-1": 0.5127}}, "1014": {"min-min": {"pca-1": 0.2043}, "min-mean": {"pca-1": 0.2999}, "mean-mean": {"pca-1": 0.4765}, "mean-min": {"pca-1": 0.461}}, "1015": {"min-min": {"pca-1": 0.2307}, "min-mean": {"pca-1": 0.549}, "mean-mean": {"pca-1": 0.9115}, "mean-min": {"pca-1": 0.7594}}}, "1004": {"1001": {"min-min": {"pca-1": 0.2287}, "min-mean": {"pca-1": 0.3393}, "mean-mean": {"pca-1": 0.6116}, "mean-min": {"pca-1": 0.4614}}, "1002": {"min-min": {"pca-1": 0.2624}, "min-mean": {"pca-1": 0.3782}, "mean-mean": {"pca-1": 0.6247}, "mean-min": {"pca-1": 0.4821}}, "1003": {"min-min": {"pca-1": 0.2362}, "min-mean": {"pca-1": 0.2901}, "mean-mean": {"pca-1": 0.5802}, "mean-min": {"pca-1": 0.398}}, "1004": {"min-min": {"pca-1": 0.1216}, "min-mean": {"pca-1": 0.3303}, "mean-mean": {"pca-1": 0.639}, "mean-min": {"pca-1": 0.6203}}, "1005": {"min-min": {"pca-1": 0.2366}, "min-mean": {"pca-1": 0.3554}, "mean-mean": {"pca-1": 0.6167}, "mean-min": {"pca-1": 0.593}}, "1006": {"min-min": {"pca-1": 0.2454}, "min-mean": {"pca-1": 0.2548}, "mean-mean": {"pca-1": 0.4683}, "mean-min": {"pca-1": 0.2595}}, "1007": {"min-min": {"pca-1": 0.249}, "min-mean": {"pca-1": 0.249}, "mean-mean": {"pca-1": 0.5239}, "mean-min": {"pca-1": 0.249}}, "1008": {"min-min": {"pca-1": 0.3259}, "min-mean": {"pca-1": 0.5395}, "mean-mean": {"pca-1": 0.8619}, "mean-min": {"pca-1": 0.8037}}, "1009": {"min-min": {"pca-1": 0.2625}, "min-mean": {"pca-1": 0.5413}, "mean-mean": {"pca-1": 0.8005}, "mean-min": {"pca-1": 0.7363}}, "1010": {"min-min": {"pca-1": 0.2434}, "min-mean": {"pca-1": 0.2662}, "mean-mean": {"pca-1": 0.5142}, "mean-min": {"pca-1": 0.3119}}, "1011": {"min-min": {"pca-1": 0.2579}, "min-mean": {"pca-1": 0.3906}, "mean-mean": {"pca-1": 0.6865}, "mean-min": {"pca-1": 0.6561}}, "1012": {"min-min": {"pca-1": 0.2996}, "min-mean": {"pca-1": 0.5154}, "mean-mean": {"pca-1": 0.7869}, "mean-min": {"pca-1": 0.7019}}, "1013": {"min-min": {"pca-1": 0.2155}, "min-mean": {"pca-1": 0.2978}, "mean-mean": {"pca-1": 0.5681}, "mean-min": {"pca-1": 0.4623}}, "1014": {"min-min": {"pca-1": 0.1912}, "min-mean": {"pca-1": 0.3169}, "mean-mean": {"pca-1": 0.4909}, "mean-min": {"pca-1": 0.4711}}, "1015": {"min-min": {"pca-1": 0.2809}, "min-mean": {"pca-1": 0.5577}, "mean-mean": {"pca-1": 0.8966}, "mean-min": {"pca-1": 0.8163}}}, "1005": {"1001": {"min-min": {"pca-1": 0.2119}, "min-mean": {"pca-1": 0.5231}, "mean-mean": {"pca-1": 0.9758}, "mean-min": {"pca-1": 0.8732}}, "1002": {"min-min": {"pca-1": 0.218}, "min-mean": {"pca-1": 0.7676}, "mean-mean": {"pca-1": 1.1398}, "mean-min": {"pca-1": 0.8039}}, "1003": {"min-min": {"pca-1": 0.2843}, "min-mean": {"pca-1": 0.5712}, "mean-mean": {"pca-1": 0.9409}, "mean-min": {"pca-1": 0.819}}, "1004": {"min-min": {"pca-1": 0.3849}, "min-mean": {"pca-1": 0.4364}, "mean-mean": {"pca-1": 0.844}, "mean-min": {"pca-1": 0.5379}}, "1005": {"min-min": {"pca-1": 0.3034}, "min-mean": {"pca-1": 0.5029}, "mean-mean": {"pca-1": 0.8312}, "mean-min": {"pca-1": 0.7693}}, "1006": {"min-min": {"pca-1": 0.186}, "min-mean": {"pca-1": 0.6032}, "mean-mean": {"pca-1": 1.0215}, "mean-min": {"pca-1": 0.8366}}, "1007": {"min-min": {"pca-1": 0.2088}, "min-mean": {"pca-1": 0.6774}, "mean-mean": {"pca-1": 1.0592}, "mean-min": {"pca-1": 0.8216}}, "1008": {"min-min": {"pca-1": 0.2546}, "min-mean": {"pca-1": 0.3829}, "mean-mean": {"pca-1": 0.782}, "mean-min": {"pca-1": 0.5353}}, "1009": {"min-min": {"pca-1": 0.2536}, "min-mean": {"pca-1": 0.3513}, "mean-mean": {"pca-1": 0.7087}, "mean-min": {"pca-1": 0.5468}}, "1010": {"min-min": {"pca-1": 0.1989}, "min-mean": {"pca-1": 0.6604}, "mean-mean": {"pca-1": 1.1375}, "mean-min": {"pca-1": 0.9305}}, "1011": {"min-min": {"pca-1": 0.1996}, "min-mean": {"pca-1": 0.3678}, "mean-mean": {"pca-1": 0.7505}, "mean-min": {"pca-1": 0.535}}, "1012": {"min-min": {"pca-1": 0.2008}, "min-mean": {"pca-1": 0.3762}, "mean-mean": {"pca-1": 0.7079}, "mean-min": {"pca-1": 0.4814}}, "1013": {"min-min": {"pca-1": 0.1612}, "min-mean": {"pca-1": 0.5982}, "mean-mean": {"pca-1": 0.999}, "mean-min": {"pca-1": 0.8164}}, "1014": {"min-min": {"pca-1": 0.2182}, "min-mean": {"pca-1": 0.4755}, "mean-mean": {"pca-1": 0.8558}, "mean-min": {"pca-1": 0.7639}}, "1015": {"min-min": {"pca-1": 0.2552}, "min-mean": {"pca-1": 0.342}, "mean-mean": {"pca-1": 0.7166}, "mean-min": {"pca-1": 0.3968}}}, "1006": {"1001": {"min-min": {"pca-1": 0.1904}, "min-mean": {"pca-1": 0.3437}, "mean-mean": {"pca-1": 0.6723}, "mean-min": {"pca-1": 0.6502}}, "1002": {"min-min": {"pca-1": 0.2163}, "min-mean": {"pca-1": 0.3802}, "mean-mean": {"pca-1": 0.6774}, "mean-min": {"pca-1": 0.647}}, "1003": {"min-min": {"pca-1": 0.1729}, "min-mean": {"pca-1": 0.3097}, "mean-mean": {"pca-1": 0.6069}, "mean-min": {"pca-1": 0.4748}}, "1004": {"min-min": {"pca-1": 0.2293}, "min-mean": {"pca-1": 0.4213}, "mean-mean": {"pca-1": 0.7173}, "mean-min": {"pca-1": 0.6571}}, "1005": {"min-min": {"pca-1": 0.3006}, "min-mean": {"pca-1": 0.3912}, "mean-mean": {"pca-1": 0.6044}, "mean-min": {"pca-1": 0.5723}}, "1006": {"min-min": {"pca-1": 0.2983}, "min-mean": {"pca-1": 0.3197}, "mean-mean": {"pca-1": 0.5192}, "mean-min": {"pca-1": 0.3624}}, "1007": {"min-min": {"pca-1": 0.2735}, "min-mean": {"pca-1": 0.3305}, "mean-mean": {"pca-1": 0.5923}, "mean-min": {"pca-1": 0.4014}}, "1008": {"min-min": {"pca-1": 0.2529}, "min-mean": {"pca-1": 0.451}, "mean-mean": {"pca-1": 0.8002}, "mean-min": {"pca-1": 0.7712}}, "1009": {"min-min": {"pca-1": 0.3109}, "min-mean": {"pca-1": 0.4988}, "mean-mean": {"pca-1": 0.7559}, "mean-min": {"pca-1": 0.7031}}, "1010": {"min-min": {"pca-1": 0.2385}, "min-mean": {"pca-1": 0.2499}, "mean-mean": {"pca-1": 0.5117}, "mean-min": {"pca-1": 0.2556}}, "1011": {"min-min": {"pca-1": 0.2712}, "min-mean": {"pca-1": 0.4004}, "mean-mean": {"pca-1": 0.6782}, "mean-min": {"pca-1": 0.6588}}, "1012": {"min-min": {"pca-1": 0.2019}, "min-mean": {"pca-1": 0.4851}, "mean-mean": {"pca-1": 0.7777}, "mean-min": {"pca-1": 0.6749}}, "1013": {"min-min": {"pca-1": 0.2919}, "min-mean": {"pca-1": 0.3329}, "mean-mean": {"pca-1": 0.558}, "mean-min": {"pca-1": 0.4148}}, "1014": {"min-min": {"pca-1": 0.2556}, "min-mean": {"pca-1": 0.3302}, "mean-mean": {"pca-1": 0.4968}, "mean-min": {"pca-1": 0.4517}}, "1015": {"min-min": {"pca-1": 0.2415}, "min-mean": {"pca-1": 0.5274}, "mean-mean": {"pca-1": 0.9043}, "mean-min": {"pca-1": 0.7779}}}, "1007": {"1001": {"min-min": {"pca-1": 0.2211}, "min-mean": {"pca-1": 0.3258}, "mean-mean": {"pca-1": 0.7454}, "mean-min": {"pca-1": 0.5352}}, "1002": {"min-min": {"pca-1": 0.3372}, "min-mean": {"pca-1": 0.3387}, "mean-mean": {"pca-1": 0.6902}, "mean-min": {"pca-1": 0.3418}}, "1003": {"min-min": {"pca-1": 0.2329}, "min-mean": {"pca-1": 0.3295}, "mean-mean": {"pca-1": 0.7462}, "mean-min": {"pca-1": 0.5228}}, "1004": {"min-min": {"pca-1": 0.2265}, "min-mean": {"pca-1": 0.4754}, "mean-mean": {"pca-1": 0.8558}, "mean-min": {"pca-1": 0.7749}}, "1005": {"min-min": {"pca-1": 0.2016}, "min-mean": {"pca-1": 0.3743}, "mean-mean": {"pca-1": 0.7855}, "mean-min": {"pca-1": 0.7198}}, "1006": {"min-min": {"pca-1": 0.2187}, "min-mean": {"pca-1": 0.2936}, "mean-mean": {"pca-1": 0.6534}, "mean-min": {"pca-1": 0.4433}}, "1007": {"min-min": {"pca-1": 0.1722}, "min-mean": {"pca-1": 0.2431}, "mean-mean": {"pca-1": 0.6426}, "mean-min": {"pca-1": 0.2791}}, "1008": {"min-min": {"pca-1": 0.2877}, "min-mean": {"pca-1": 0.6137}, "mean-mean": {"pca-1": 1.0447}, "mean-min": {"pca-1": 0.949}}, "1009": {"min-min": {"pca-1": 0.4528}, "min-mean": {"pca-1": 0.6827}, "mean-mean": {"pca-1": 1.0185}, "mean-min": {"pca-1": 0.925}}, "1010": {"min-min": {"pca-1": 0.2257}, "min-mean": {"pca-1": 0.2792}, "mean-mean": {"pca-1": 0.6041}, "mean-min": {"pca-1": 0.3479}}, "1011": {"min-min": {"pca-1": 0.2295}, "min-mean": {"pca-1": 0.5046}, "mean-mean": {"pca-1": 0.9402}, "mean-min": {"pca-1": 0.8578}}, "1012": {"min-min": {"pca-1": 0.2815}, "min-mean": {"pca-1": 0.6315}, "mean-mean": {"pca-1": 1.0568}, "mean-min": {"pca-1": 0.8893}}, "1013": {"min-min": {"pca-1": 0.2025}, "min-mean": {"pca-1": 0.3065}, "mean-mean": {"pca-1": 0.7118}, "mean-min": {"pca-1": 0.5145}}, "1014": {"min-min": {"pca-1": 0.3386}, "min-mean": {"pca-1": 0.4708}, "mean-mean": {"pca-1": 0.6976}, "mean-min": {"pca-1": 0.6461}}, "1015": {"min-min": {"pca-1": 0.28}, "min-mean": {"pca-1": 0.682}, "mean-mean": {"pca-1": 1.1669}, "mean-min": {"pca-1": 0.981}}}, "1008": {"1001": {"min-min": {"pca-1": 0.1356}, "min-mean": {"pca-1": 0.3248}, "mean-mean": {"pca-1": 0.7054}, "mean-min": {"pca-1": 0.62}}, "1002": {"min-min": {"pca-1": 0.224}, "min-mean": {"pca-1": 0.4792}, "mean-mean": {"pca-1": 0.7944}, "mean-min": {"pca-1": 0.6431}}, "1003": {"min-min": {"pca-1": 0.1266}, "min-mean": {"pca-1": 0.2533}, "mean-mean": {"pca-1": 0.6105}, "mean-min": {"pca-1": 0.5067}}, "1004": {"min-min": {"pca-1": 0.2266}, "min-mean": {"pca-1": 0.3388}, "mean-mean": {"pca-1": 0.6888}, "mean-min": {"pca-1": 0.5633}}, "1005": {"min-min": {"pca-1": 0.2098}, "min-mean": {"pca-1": 0.3065}, "mean-mean": {"pca-1": 0.5944}, "mean-min": {"pca-1": 0.4999}}, "1006": {"min-min": {"pca-1": 0.1532}, "min-mean": {"pca-1": 0.2238}, "mean-mean": {"pca-1": 0.5622}, "mean-min": {"pca-1": 0.365}}, "1007": {"min-min": {"pca-1": 0.2616}, "min-mean": {"pca-1": 0.3839}, "mean-mean": {"pca-1": 0.6533}, "mean-min": {"pca-1": 0.5894}}, "1008": {"min-min": {"pca-1": 0.1957}, "min-mean": {"pca-1": 0.3349}, "mean-mean": {"pca-1": 0.7123}, "mean-min": {"pca-1": 0.6133}}, "1009": {"min-min": {"pca-1": 0.2168}, "min-mean": {"pca-1": 0.382}, "mean-mean": {"pca-1": 0.6697}, "mean-min": {"pca-1": 0.5974}}, "1010": {"min-min": {"pca-1": 0.2626}, "min-mean": {"pca-1": 0.3065}, "mean-mean": {"pca-1": 0.6502}, "mean-min": {"pca-1": 0.3942}}, "1011": {"min-min": {"pca-1": 0.1828}, "min-mean": {"pca-1": 0.2663}, "mean-mean": {"pca-1": 0.5983}, "mean-min": {"pca-1": 0.4333}}, "1012": {"min-min": {"pca-1": 0.1825}, "min-mean": {"pca-1": 0.3498}, "mean-mean": {"pca-1": 0.6577}, "mean-min": {"pca-1": 0.5866}}, "1013": {"min-min": {"pca-1": 0.1314}, "min-mean": {"pca-1": 0.22}, "mean-mean": {"pca-1": 0.5736}, "mean-min": {"pca-1": 0.3973}}, "1014": {"min-min": {"pca-1": 0.218}, "min-mean": {"pca-1": 0.2949}, "mean-mean": {"pca-1": 0.5521}, "mean-min": {"pca-1": 0.4487}}, "1015": {"min-min": {"pca-1": 0.3035}, "min-mean": {"pca-1": 0.393}, "mean-mean": {"pca-1": 0.6843}, "mean-min": {"pca-1": 0.5719}}}, "1009": {"1001": {"min-min": {"pca-1": 0.159}, "min-mean": {"pca-1": 0.2179}, "mean-mean": {"pca-1": 0.536}, "mean-min": {"pca-1": 0.3358}}, "1002": {"min-min": {"pca-1": 0.2476}, "min-mean": {"pca-1": 0.3763}, "mean-mean": {"pca-1": 0.6341}, "mean-min": {"pca-1": 0.5657}}, "1003": {"min-min": {"pca-1": 0.1793}, "min-mean": {"pca-1": 0.1793}, "mean-mean": {"pca-1": 0.4749}, "mean-min": {"pca-1": 0.1793}}, "1004": {"min-min": {"pca-1": 0.2121}, "min-mean": {"pca-1": 0.2699}, "mean-mean": {"pca-1": 0.5417}, "mean-min": {"pca-1": 0.3096}}, "1005": {"min-min": {"pca-1": 0.1743}, "min-mean": {"pca-1": 0.2164}, "mean-mean": {"pca-1": 0.4576}, "mean-min": {"pca-1": 0.3005}}, "1006": {"min-min": {"pca-1": 0.1583}, "min-mean": {"pca-1": 0.2602}, "mean-mean": {"pca-1": 0.5114}, "mean-min": {"pca-1": 0.4639}}, "1007": {"min-min": {"pca-1": 0.2067}, "min-mean": {"pca-1": 0.2997}, "mean-mean": {"pca-1": 0.5847}, "mean-min": {"pca-1": 0.4857}}, "1008": {"min-min": {"pca-1": 0.2824}, "min-mean": {"pca-1": 0.3473}, "mean-mean": {"pca-1": 0.6532}, "mean-min": {"pca-1": 0.4771}}, "1009": {"min-min": {"pca-1": 0.1809}, "min-mean": {"pca-1": 0.2062}, "mean-mean": {"pca-1": 0.5188}, "mean-min": {"pca-1": 0.2569}}, "1010": {"min-min": {"pca-1": 0.2286}, "min-mean": {"pca-1": 0.3644}, "mean-mean": {"pca-1": 0.6169}, "mean-min": {"pca-1": 0.594}}, "1011": {"min-min": {"pca-1": 0.2185}, "min-mean": {"pca-1": 0.2965}, "mean-mean": {"pca-1": 0.5621}, "mean-min": {"pca-1": 0.4314}}, "1012": {"min-min": {"pca-1": 0.1244}, "min-mean": {"pca-1": 0.3023}, "mean-mean": {"pca-1": 0.6431}, "mean-min": {"pca-1": 0.5801}}, "1013": {"min-min": {"pca-1": 0.1814}, "min-mean": {"pca-1": 0.4131}, "mean-mean": {"pca-1": 0.6512}, "mean-min": {"pca-1": 0.5436}}, "1014": {"min-min": {"pca-1": 0.1894}, "min-mean": {"pca-1": 0.2376}, "mean-mean": {"pca-1": 0.4233}, "mean-min": {"pca-1": 0.334}}, "1015": {"min-min": {"pca-1": 0.2955}, "min-mean": {"pca-1": 0.4838}, "mean-mean": {"pca-1": 0.799}, "mean-min": {"pca-1": 0.7255}}}, "1010": {"1001": {"min-min": {"pca-1": 0.1559}, "min-mean": {"pca-1": 0.2802}, "mean-mean": {"pca-1": 0.54}, "mean-min": {"pca-1": 0.4093}}, "1002": {"min-min": {"pca-1": 0.2446}, "min-mean": {"pca-1": 0.3453}, "mean-mean": {"pca-1": 0.5707}, "mean-min": {"pca-1": 0.5466}}, "1003": {"min-min": {"pca-1": 0.239}, "min-mean": {"pca-1": 0.239}, "mean-mean": {"pca-1": 0.4673}, "mean-min": {"pca-1": 0.239}}, "1004": {"min-min": {"pca-1": 0.2798}, "min-mean": {"pca-1": 0.3291}, "mean-mean": {"pca-1": 0.5383}, "mean-min": {"pca-1": 0.4276}}, "1005": {"min-min": {"pca-1": 0.2495}, "min-mean": {"pca-1": 0.2595}, "mean-mean": {"pca-1": 0.4175}, "mean-min": {"pca-1": 0.2795}}, "1006": {"min-min": {"pca-1": 0.2221}, "min-mean": {"pca-1": 0.2974}, "mean-mean": {"pca-1": 0.4762}, "mean-min": {"pca-1": 0.4326}}, "1007": {"min-min": {"pca-1": 0.2208}, "min-mean": {"pca-1": 0.3307}, "mean-mean": {"pca-1": 0.5514}, "mean-min": {"pca-1": 0.4865}}, "1008": {"min-min": {"pca-1": 0.1964}, "min-mean": {"pca-1": 0.279}, "mean-mean": {"pca-1": 0.6027}, "mean-min": {"pca-1": 0.4442}}, "1009": {"min-min": {"pca-1": 0.241}, "min-mean": {"pca-1": 0.2806}, "mean-mean": {"pca-1": 0.5054}, "mean-min": {"pca-1": 0.3578}}, "1010": {"min-min": {"pca-1": 0.2554}, "min-mean": {"pca-1": 0.3488}, "mean-mean": {"pca-1": 0.5573}, "mean-min": {"pca-1": 0.4972}}, "1011": {"min-min": {"pca-1": 0.2789}, "min-mean": {"pca-1": 0.2944}, "mean-mean": {"pca-1": 0.4887}, "mean-min": {"pca-1": 0.3124}}, "1012": {"min-min": {"pca-1": 0.2376}, "min-mean": {"pca-1": 0.3355}, "mean-mean": {"pca-1": 0.5419}, "mean-min": {"pca-1": 0.5314}}, "1013": {"min-min": {"pca-1": 0.1475}, "min-mean": {"pca-1": 0.335}, "mean-mean": {"pca-1": 0.5611}, "mean-min": {"pca-1": 0.4999}}, "1014": {"min-min": {"pca-1": 0.2025}, "min-mean": {"pca-1": 0.212}, "mean-mean": {"pca-1": 0.3513}, "mean-min": {"pca-1": 0.2311}}, "1015": {"min-min": {"pca-1": 0.2372}, "min-mean": {"pca-1": 0.4481}, "mean-mean": {"pca-1": 0.7462}, "mean-min": {"pca-1": 0.6772}}}, "1011": {"1001": {"min-min": {"pca-1": 0.4205}, "min-mean": {"pca-1": 0.592}, "mean-mean": {"pca-1": 0.85}, "mean-min": {"pca-1": 0.7957}}, "1002": {"min-min": {"pca-1": 0.2325}, "min-mean": {"pca-1": 0.6259}, "mean-mean": {"pca-1": 0.9832}, "mean-min": {"pca-1": 0.7471}}, "1003": {"min-min": {"pca-1": 0.2211}, "min-mean": {"pca-1": 0.4372}, "mean-mean": {"pca-1": 0.7973}, "mean-min": {"pca-1": 0.7418}}, "1004": {"min-min": {"pca-1": 0.2626}, "min-mean": {"pca-1": 0.3752}, "mean-mean": {"pca-1": 0.7534}, "mean-min": {"pca-1": 0.5082}}, "1005": {"min-min": {"pca-1": 0.2626}, "min-mean": {"pca-1": 0.4019}, "mean-mean": {"pca-1": 0.7118}, "mean-min": {"pca-1": 0.6806}}, "1006": {"min-min": {"pca-1": 0.3882}, "min-mean": {"pca-1": 0.6019}, "mean-mean": {"pca-1": 0.8499}, "mean-min": {"pca-1": 0.774}}, "1007": {"min-min": {"pca-1": 0.3068}, "min-mean": {"pca-1": 0.6006}, "mean-mean": {"pca-1": 0.9056}, "mean-min": {"pca-1": 0.7387}}, "1008": {"min-min": {"pca-1": 0.2987}, "min-mean": {"pca-1": 0.3298}, "mean-mean": {"pca-1": 0.6577}, "mean-min": {"pca-1": 0.3483}}, "1009": {"min-min": {"pca-1": 0.323}, "min-mean": {"pca-1": 0.4103}, "mean-mean": {"pca-1": 0.6359}, "mean-min": {"pca-1": 0.4964}}, "1010": {"min-min": {"pca-1": 0.3284}, "min-mean": {"pca-1": 0.6035}, "mean-mean": {"pca-1": 0.9784}, "mean-min": {"pca-1": 0.8882}}, "1011": {"min-min": {"pca-1": 0.3128}, "min-mean": {"pca-1": 0.3342}, "mean-mean": {"pca-1": 0.6307}, "mean-min": {"pca-1": 0.3449}}, "1012": {"min-min": {"pca-1": 0.315}, "min-mean": {"pca-1": 0.3415}, "mean-mean": {"pca-1": 0.6106}, "mean-min": {"pca-1": 0.3945}}, "1013": {"min-min": {"pca-1": 0.264}, "min-mean": {"pca-1": 0.4927}, "mean-mean": {"pca-1": 0.824}, "mean-min": {"pca-1": 0.7593}}, "1014": {"min-min": {"pca-1": 0.3258}, "min-mean": {"pca-1": 0.4712}, "mean-mean": {"pca-1": 0.7196}, "mean-min": {"pca-1": 0.6134}}, "1015": {"min-min": {"pca-1": 0.2677}, "min-mean": {"pca-1": 0.2677}, "mean-mean": {"pca-1": 0.6117}, "mean-min": {"pca-1": 0.2677}}}, "1012": {"1001": {"min-min": {"pca-1": 0.1721}, "min-mean": {"pca-1": 0.245}, "mean-mean": {"pca-1": 0.5476}, "mean-min": {"pca-1": 0.3907}}, "1002": {"min-min": {"pca-1": 0.2351}, "min-mean": {"pca-1": 0.366}, "mean-mean": {"pca-1": 0.6394}, "mean-min": {"pca-1": 0.6278}}, "1003": {"min-min": {"pca-1": 0.1706}, "min-mean": {"pca-1": 0.19}, "mean-mean": {"pca-1": 0.4778}, "mean-min": {"pca-1": 0.2289}}, "1004": {"min-min": {"pca-1": 0.2498}, "min-mean": {"pca-1": 0.3829}, "mean-mean": {"pca-1": 0.6226}, "mean-min": {"pca-1": 0.5652}}, "1005": {"min-min": {"pca-1": 0.1688}, "min-mean": {"pca-1": 0.2551}, "mean-mean": {"pca-1": 0.5027}, "mean-min": {"pca-1": 0.4276}}, "1006": {"min-min": {"pca-1": 0.1161}, "min-mean": {"pca-1": 0.1855}, "mean-mean": {"pca-1": 0.4624}, "mean-min": {"pca-1": 0.3244}}, "1007": {"min-min": {"pca-1": 0.2748}, "min-mean": {"pca-1": 0.2804}, "mean-mean": {"pca-1": 0.5199}, "mean-min": {"pca-1": 0.2846}}, "1008": {"min-min": {"pca-1": 0.1388}, "min-mean": {"pca-1": 0.3242}, "mean-mean": {"pca-1": 0.7158}, "mean-min": {"pca-1": 0.6949}}, "1009": {"min-min": {"pca-1": 0.1243}, "min-mean": {"pca-1": 0.271}, "mean-mean": {"pca-1": 0.6226}, "mean-min": {"pca-1": 0.5644}}, "1010": {"min-min": {"pca-1": 0.1338}, "min-mean": {"pca-1": 0.1994}, "mean-mean": {"pca-1": 0.5247}, "mean-min": {"pca-1": 0.3305}}, "1011": {"min-min": {"pca-1": 0.2533}, "min-mean": {"pca-1": 0.3787}, "mean-mean": {"pca-1": 0.6291}, "mean-min": {"pca-1": 0.6195}}, "1012": {"min-min": {"pca-1": 0.2163}, "min-mean": {"pca-1": 0.4553}, "mean-mean": {"pca-1": 0.7306}, "mean-min": {"pca-1": 0.6243}}, "1013": {"min-min": {"pca-1": 0.2792}, "min-mean": {"pca-1": 0.3925}, "mean-mean": {"pca-1": 0.6016}, "mean-min": {"pca-1": 0.5719}}, "1014": {"min-min": {"pca-1": 0.1508}, "min-mean": {"pca-1": 0.2376}, "mean-mean": {"pca-1": 0.4346}, "mean-min": {"pca-1": 0.3919}}, "1015": {"min-min": {"pca-1": 0.0954}, "min-mean": {"pca-1": 0.4161}, "mean-mean": {"pca-1": 0.8555}, "mean-min": {"pca-1": 0.7518}}}, "1013": {"1001": {"min-min": {"pca-1": 0.2102}, "min-mean": {"pca-1": 0.2796}, "mean-mean": {"pca-1": 0.586}, "mean-min": {"pca-1": 0.4183}}, "1002": {"min-min": {"pca-1": 0.2353}, "min-mean": {"pca-1": 0.3593}, "mean-mean": {"pca-1": 0.6488}, "mean-min": {"pca-1": 0.6072}}, "1003": {"min-min": {"pca-1": 0.1986}, "min-mean": {"pca-1": 0.2172}, "mean-mean": {"pca-1": 0.5231}, "mean-min": {"pca-1": 0.2544}}, "1004": {"min-min": {"pca-1": 0.3055}, "min-mean": {"pca-1": 0.3762}, "mean-mean": {"pca-1": 0.6196}, "mean-min": {"pca-1": 0.5176}}, "1005": {"min-min": {"pca-1": 0.1716}, "min-mean": {"pca-1": 0.2498}, "mean-mean": {"pca-1": 0.5232}, "mean-min": {"pca-1": 0.4063}}, "1006": {"min-min": {"pca-1": 0.1701}, "min-mean": {"pca-1": 0.2175}, "mean-mean": {"pca-1": 0.4958}, "mean-min": {"pca-1": 0.3124}}, "1007": {"min-min": {"pca-1": 0.1785}, "min-mean": {"pca-1": 0.2329}, "mean-mean": {"pca-1": 0.5636}, "mean-min": {"pca-1": 0.3417}}, "1008": {"min-min": {"pca-1": 0.1663}, "min-mean": {"pca-1": 0.3116}, "mean-mean": {"pca-1": 0.7147}, "mean-min": {"pca-1": 0.6023}}, "1009": {"min-min": {"pca-1": 0.172}, "min-mean": {"pca-1": 0.29}, "mean-mean": {"pca-1": 0.6201}, "mean-min": {"pca-1": 0.5259}}, "1010": {"min-min": {"pca-1": 0.1611}, "min-mean": {"pca-1": 0.2167}, "mean-mean": {"pca-1": 0.5474}, "mean-min": {"pca-1": 0.3278}}, "1011": {"min-min": {"pca-1": 0.2744}, "min-mean": {"pca-1": 0.3318}, "mean-mean": {"pca-1": 0.5927}, "mean-min": {"pca-1": 0.4466}}, "1012": {"min-min": {"pca-1": 0.2383}, "min-mean": {"pca-1": 0.3969}, "mean-mean": {"pca-1": 0.6653}, "mean-min": {"pca-1": 0.5794}}, "1013": {"min-min": {"pca-1": 0.2091}, "min-mean": {"pca-1": 0.3299}, "mean-mean": {"pca-1": 0.5931}, "mean-min": {"pca-1": 0.5294}}, "1014": {"min-min": {"pca-1": 0.1893}, "min-mean": {"pca-1": 0.2214}, "mean-mean": {"pca-1": 0.4215}, "mean-min": {"pca-1": 0.2857}}, "1015": {"min-min": {"pca-1": 0.125}, "min-mean": {"pca-1": 0.3887}, "mean-mean": {"pca-1": 0.8279}, "mean-min": {"pca-1": 0.7185}}}, "1014": {"1001": {"min-min": {"pca-1": 0.2345}, "min-mean": {"pca-1": 0.3808}, "mean-mean": {"pca-1": 0.6955}, "mean-min": {"pca-1": 0.6735}}, "1002": {"min-min": {"pca-1": 0.2116}, "min-mean": {"pca-1": 0.5169}, "mean-mean": {"pca-1": 0.7769}, "mean-min": {"pca-1": 0.6361}}, "1003": {"min-min": {"pca-1": 0.2616}, "min-mean": {"pca-1": 0.3821}, "mean-mean": {"pca-1": 0.6417}, "mean-min": {"pca-1": 0.6231}}, "1004": {"min-min": {"pca-1": 0.3189}, "min-mean": {"pca-1": 0.4193}, "mean-mean": {"pca-1": 0.6669}, "mean-min": {"pca-1": 0.5517}}, "1005": {"min-min": {"pca-1": 0.3156}, "min-mean": {"pca-1": 0.3652}, "mean-mean": {"pca-1": 0.5442}, "mean-min": {"pca-1": 0.4644}}, "1006": {"min-min": {"pca-1": 0.3178}, "min-mean": {"pca-1": 0.4416}, "mean-mean": {"pca-1": 0.6284}, "mean-min": {"pca-1": 0.5943}}, "1007": {"min-min": {"pca-1": 0.2542}, "min-mean": {"pca-1": 0.4877}, "mean-mean": {"pca-1": 0.7325}, "mean-min": {"pca-1": 0.6473}}, "1008": {"min-min": {"pca-1": 0.2803}, "min-mean": {"pca-1": 0.3131}, "mean-mean": {"pca-1": 0.5919}, "mean-min": {"pca-1": 0.332}}, "1009": {"min-min": {"pca-1": 0.2292}, "min-mean": {"pca-1": 0.3435}, "mean-mean": {"pca-1": 0.5535}, "mean-min": {"pca-1": 0.4586}}, "1010": {"min-min": {"pca-1": 0.2806}, "min-mean": {"pca-1": 0.4749}, "mean-mean": {"pca-1": 0.7286}, "mean-min": {"pca-1": 0.6736}}, "1011": {"min-min": {"pca-1": 0.3071}, "min-mean": {"pca-1": 0.3176}, "mean-mean": {"pca-1": 0.5456}, "mean-min": {"pca-1": 0.3228}}, "1012": {"min-min": {"pca-1": 0.2655}, "min-mean": {"pca-1": 0.3668}, "mean-mean": {"pca-1": 0.5483}, "mean-min": {"pca-1": 0.4838}}, "1013": {"min-min": {"pca-1": 0.2473}, "min-mean": {"pca-1": 0.3959}, "mean-mean": {"pca-1": 0.6322}, "mean-min": {"pca-1": 0.5875}}, "1014": {"min-min": {"pca-1": 0.2777}, "min-mean": {"pca-1": 0.3116}, "mean-mean": {"pca-1": 0.4868}, "mean-min": {"pca-1": 0.342}}, "1015": {"min-min": {"pca-1": 0.2667}, "min-mean": {"pca-1": 0.3721}, "mean-mean": {"pca-1": 0.6378}, "mean-min": {"pca-1": 0.4957}}}, "1015": {"1001": {"min-min": {"pca-1": 0.1851}, "min-mean": {"pca-1": 0.4786}, "mean-mean": {"pca-1": 0.7444}, "mean-min": {"pca-1": 0.6939}}, "1002": {"min-min": {"pca-1": 0.2329}, "min-mean": {"pca-1": 0.5842}, "mean-mean": {"pca-1": 0.8365}, "mean-min": {"pca-1": 0.6588}}, "1003": {"min-min": {"pca-1": 0.1813}, "min-mean": {"pca-1": 0.471}, "mean-mean": {"pca-1": 0.7655}, "mean-min": {"pca-1": 0.6757}}, "1004": {"min-min": {"pca-1": 0.1575}, "min-mean": {"pca-1": 0.4319}, "mean-mean": {"pca-1": 0.7416}, "mean-min": {"pca-1": 0.6678}}, "1005": {"min-min": {"pca-1": 0.2435}, "min-mean": {"pca-1": 0.4044}, "mean-mean": {"pca-1": 0.647}, "mean-min": {"pca-1": 0.572}}, "1006": {"min-min": {"pca-1": 0.1724}, "min-mean": {"pca-1": 0.4167}, "mean-mean": {"pca-1": 0.7286}, "mean-min": {"pca-1": 0.6296}}, "1007": {"min-min": {"pca-1": 0.2746}, "min-mean": {"pca-1": 0.5948}, "mean-mean": {"pca-1": 0.822}, "mean-min": {"pca-1": 0.6605}}, "1008": {"min-min": {"pca-1": 0.1828}, "min-mean": {"pca-1": 0.3041}, "mean-mean": {"pca-1": 0.6615}, "mean-min": {"pca-1": 0.3648}}, "1009": {"min-min": {"pca-1": 0.2425}, "min-mean": {"pca-1": 0.378}, "mean-mean": {"pca-1": 0.6158}, "mean-min": {"pca-1": 0.5162}}, "1010": {"min-min": {"pca-1": 0.2607}, "min-mean": {"pca-1": 0.5211}, "mean-mean": {"pca-1": 0.8269}, "mean-min": {"pca-1": 0.7226}}, "1011": {"min-min": {"pca-1": 0.2111}, "min-mean": {"pca-1": 0.3956}, "mean-mean": {"pca-1": 0.6649}, "mean-min": {"pca-1": 0.5161}}, "1012": {"min-min": {"pca-1": 0.1853}, "min-mean": {"pca-1": 0.3601}, "mean-mean": {"pca-1": 0.5983}, "mean-min": {"pca-1": 0.492}}, "1013": {"min-min": {"pca-1": 0.1755}, "min-mean": {"pca-1": 0.4453}, "mean-mean": {"pca-1": 0.7345}, "mean-min": {"pca-1": 0.6543}}, "1014": {"min-min": {"pca-1": 0.1984}, "min-mean": {"pca-1": 0.2835}, "mean-mean": {"pca-1": 0.5253}, "mean-min": {"pca-1": 0.3261}}, "1015": {"min-min": {"pca-1": 0.2691}, "min-mean": {"pca-1": 0.4628}, "mean-mean": {"pca-1": 0.7668}, "mean-min": {"pca-1": 0.7452}}}}