{"1001": {"1001": {"min-min": {"pca-1": 0.4272}, "min-mean": {"pca-1": 0.4947}, "mean-mean": {"pca-1": 0.9425}, "mean-min": {"pca-1": 0.629}}, "1002": {"min-min": {"pca-1": 0.3872}, "min-mean": {"pca-1": 0.4303}, "mean-mean": {"pca-1": 0.7732}, "mean-min": {"pca-1": 0.4518}}, "1003": {"min-min": {"pca-1": 0.3721}, "min-mean": {"pca-1": 0.527}, "mean-mean": {"pca-1": 0.9025}, "mean-min": {"pca-1": 0.6601}}, "1004": {"min-min": {"pca-1": 0.2771}, "min-mean": {"pca-1": 0.5456}, "mean-mean": {"pca-1": 0.9792}, "mean-min": {"pca-1": 0.9653}}, "1005": {"min-min": {"pca-1": 0.1713}, "min-mean": {"pca-1": 0.4954}, "mean-mean": {"pca-1": 0.881}, "mean-min": {"pca-1": 0.7837}}, "1006": {"min-min": {"pca-1": 0.3618}, "min-mean": {"pca-1": 0.3618}, "mean-mean": {"pca-1": 0.6821}, "mean-min": {"pca-1": 0.3618}}, "1007": {"min-min": {"pca-1": 0.147}, "min-mean": {"pca-1": 0.2061}, "mean-mean": {"pca-1": 0.7323}, "mean-min": {"pca-1": 0.3244}}, "1008": {"min-min": {"pca-1": 0.2393}, "min-mean": {"pca-1": 0.5966}, "mean-mean": {"pca-1": 1.1067}, "mean-min": {"pca-1": 0.9992}}, "1009": {"min-min": {"pca-1": 0.4944}, "min-mean": {"pca-1": 0.775}, "mean-mean": {"pca-1": 1.1574}, "mean-min": {"pca-1": 1.0779}}, "1010": {"min-min": {"pca-1": 0.1475}, "min-mean": {"pca-1": 0.293}, "mean-mean": {"pca-1": 0.7042}, "mean-min": {"pca-1": 0.4542}}, "1011": {"min-min": {"pca-1": 0.3326}, "min-mean": {"pca-1": 0.5596}, "mean-mean": {"pca-1": 0.9222}, "mean-min": {"pca-1": 0.8595}}, "1012": {"min-min": {"pca-1": 0.4501}, "min-mean": {"pca-1": 0.7992}, "mean-mean": {"pca-1": 1.0966}, "mean-min": {"pca-1": 0.959}}, "1013": {"min-min": {"pca-1": 0.2906}, "min-mean": {"pca-1": 0.4436}, "mean-mean": {"pca-1": 0.8586}, "mean-min": {"pca-1": 0.7495}}, "1014": {"min-min": {"pca-1": 0.3462}, "min-mean": {"pca-1": 0.5376}, "mean-mean": {"pca-1": 0.7436}, "mean-min": {"pca-1": 0.7044}}, "1015": {"min-min": {"pca-1": 0.2086}, "min-mean": {"pca-1": 0.6543}, "mean-mean": {"pca-1": 1.2158}, "mean-min": {"pca-1": 1.0424}}}, "1002": {"1001": {"min-min": {"pca-1": 0.2499}, "min-mean": {"pca-1": 0.4863}, "mean-mean": {"pca-1": 0.8596}, "mean-min": {"pca-1": 0.6702}}, "1002": {"min-min": {"pca-1": 0.2564}, "min-mean": {"pca-1": 0.3474}, "mean-mean": {"pca-1": 0.7235}, "mean-min": {"pca-1": 0.5294}}, "1003": {"min-min": {"pca-1": 0.2247}, "min-mean": {"pca-1": 0.3706}, "mean-mean": {"pca-1": 0.7383}, "mean-min": {"pca-1": 0.5793}}, "1004": {"min-min": {"pca-1": 0.2713}, "min-mean": {"pca-1": 0.4384}, "mean-mean": {"pca-1": 0.8501}, "mean-min": {"pca-1": 0.7726}}, "1005": {"min-min": {"pca-1": 0.2461}, "min-mean": {"pca-1": 0.5758}, "mean-mean": {"pca-1": 0.8277}, "mean-min": {"pca-1": 0.6491}}, "1006": {"min-min": {"pca-1": 0.2767}, "min-mean": {"pca-1": 0.3575}, "mean-mean": {"pca-1": 0.6334}, "mean-min": {"pca-1": 0.4412}}, "1007": {"min-min": {"pca-1": 0.2788}, "min-mean": {"pca-1": 0.3233}, "mean-mean": {"pca-1": 0.6559}, "mean-min": {"pca-1": 0.3456}}, "1008": {"min-min": {"pca-1": 0.2799}, "min-mean": {"pca-1": 0.5043}, "mean-mean": {"pca-1": 0.876}, "mean-min": {"pca-1": 0.8515}}, "1009": {"min-min": {"pca-1": 0.2086}, "min-mean": {"pca-1": 0.465}, "mean-mean": {"pca-1": 0.8795}, "mean-min": {"pca-1": 0.7463}}, "1010": {"min-min": {"pca-1": 0.2822}, "min-mean": {"pca-1": 0.4513}, "mean-mean": {"pca-1": 0.7891}, "mean-min": {"pca-1": 0.7687}}, "1011": {"min-min": {"pca-1": 0.3161}, "min-mean": {"pca-1": 0.475}, "mean-mean": {"pca-1": 0.741}, "mean-min": {"pca-1": 0.7091}}, "1012": {"min-min": {"pca-1": 0.2527}, "min-mean": {"pca-1": 0.5258}, "mean-mean": {"pca-1": 0.8408}, "mean-min": {"pca-1": 0.7417}}, "1013": {"min-min": {"pca-1": 0.2298}, "min-mean": {"pca-1": 0.5987}, "mean-mean": {"pca-1": 0.8806}, "mean-min": {"pca-1": 0.6958}}, "1014": {"min-min": {"pca-1": 0.2329}, "min-mean": {"pca-1": 0.3732}, "mean-mean": {"pca-1": 0.614}, "mean-min": {"pca-1": 0.562}}, "1015": {"min-min": {"pca-1": 0.2884}, "min-mean": {"pca-1": 0.7215}, "mean-mean": {"pca-1": 1.1283}, "mean-min": {"pca-1": 0.8546}}}, "1003": {"1001": {"min-min": {"pca-1": 0.2537}, "min-mean": {"pca-1": 0.3792}, "mean-mean": {"pca-1": 0.7933}, "mean-min": {"pca-1": 0.6301}}, "1002": {"min-min": {"pca-1": 0.32}, "min-mean": {"pca-1": 0.4213}, "mean-mean": {"pca-1": 0.6915}, "mean-min": {"pca-1": 0.4847}}, "1003": {"min-min": {"pca-1": 0.1423}, "min-mean": {"pca-1": 0.3649}, "mean-mean": {"pca-1": 0.7344}, "mean-min": {"pca-1": 0.5604}}, "1004": {"min-min": {"pca-1": 0.2945}, "min-mean": {"pca-1": 0.5035}, "mean-mean": {"pca-1": 0.8708}, "mean-min": {"pca-1": 0.8197}}, "1005": {"min-min": {"pca-1": 0.2066}, "min-mean": {"pca-1": 0.4716}, "mean-mean": {"pca-1": 0.7547}, "mean-min": {"pca-1": 0.6559}}, "1006": {"min-min": {"pca-1": 0.213}, "min-mean": {"pca-1": 0.2655}, "mean-mean": {"pca-1": 0.5601}, "mean-min": {"pca-1": 0.3126}}, "1007": {"min-min": {"pca-1": 0.265}, "min-mean": {"pca-1": 0.3051}, "mean-mean": {"pca-1": 0.658}, "mean-min": {"pca-1": 0.3252}}, "1008": {"min-min": {"pca-1": 0.1976}, "min-mean": {"pca-1": 0.5063}, "mean-mean": {"pca-1": 0.9471}, "mean-min": {"pca-1": 0.8567}}, "1009": {"min-min": {"pca-1": 0.2681}, "min-mean": {"pca-1": 0.6106}, "mean-mean": {"pca-1": 0.9357}, "mean-min": {"pca-1": 0.803}}, "1010": {"min-min": {"pca-1": 0.2714}, "min-mean": {"pca-1": 0.287}, "mean-mean": {"pca-1": 0.6104}, "mean-min": {"pca-1": 0.3182}}, "1011": {"min-min": {"pca-1": 0.2473}, "min-mean": {"pca-1": 0.4975}, "mean-mean": {"pca-1": 0.7929}, "mean-min": {"pca-1": 0.7398}}, "1012": {"min-min": {"pca-1": 0.2188}, "min-mean": {"pca-1": 0.6651}, "mean-mean": {"pca-1": 0.9443}, "mean-min": {"pca-1": 0.7563}}, "1013": {"min-min": {"pca-1": 0.1858}, "min-mean": {"pca-1": 0.3931}, "mean-mean": {"pca-1": 0.7223}, "mean-min": {"pca-1": 0.6542}}, "1014": {"min-min": {"pca-1": 0.2684}, "min-mean": {"pca-1": 0.421}, "mean-mean": {"pca-1": 0.5755}, "mean-min": {"pca-1": 0.5399}}, "1015": {"min-min": {"pca-1": 0.3005}, "min-mean": {"pca-1": 0.6798}, "mean-mean": {"pca-1": 1.0959}, "mean-min": {"pca-1": 0.9017}}}, "1004": {"1001": {"min-min": {"pca-1": 0.3313}, "min-mean": {"pca-1": 0.3833}, "mean-mean": {"pca-1": 0.6664}, "mean-min": {"pca-1": 0.4508}}, "1002": {"min-min": {"pca-1": 0.3045}, "min-mean": {"pca-1": 0.3671}, "mean-mean": {"pca-1": 0.5895}, "mean-min": {"pca-1": 0.4317}}, "1003": {"min-min": {"pca-1": 0.2765}, "min-mean": {"pca-1": 0.3174}, "mean-mean": {"pca-1": 0.5853}, "mean-min": {"pca-1": 0.3578}}, "1004": {"min-min": {"pca-1": 0.1829}, "min-mean": {"pca-1": 0.3393}, "mean-mean": {"pca-1": 0.6767}, "mean-min": {"pca-1": 0.5481}}, "1005": {"min-min": {"pca-1": 0.3103}, "min-mean": {"pca-1": 0.4154}, "mean-mean": {"pca-1": 0.5932}, "mean-min": {"pca-1": 0.5498}}, "1006": {"min-min": {"pca-1": 0.3053}, "min-mean": {"pca-1": 0.3053}, "mean-mean": {"pca-1": 0.4989}, "mean-min": {"pca-1": 0.3053}}, "1007": {"min-min": {"pca-1": 0.2718}, "min-mean": {"pca-1": 0.324}, "mean-mean": {"pca-1": 0.5693}, "mean-min": {"pca-1": 0.3671}}, "1008": {"min-min": {"pca-1": 0.4233}, "min-mean": {"pca-1": 0.5105}, "mean-mean": {"pca-1": 0.768}, "mean-min": {"pca-1": 0.6848}}, "1009": {"min-min": {"pca-1": 0.3794}, "min-mean": {"pca-1": 0.464}, "mean-mean": {"pca-1": 0.6789}, "mean-min": {"pca-1": 0.5156}}, "1010": {"min-min": {"pca-1": 0.2937}, "min-mean": {"pca-1": 0.3673}, "mean-mean": {"pca-1": 0.6152}, "mean-min": {"pca-1": 0.5146}}, "1011": {"min-min": {"pca-1": 0.2834}, "min-mean": {"pca-1": 0.3909}, "mean-mean": {"pca-1": 0.6196}, "mean-min": {"pca-1": 0.5375}}, "1012": {"min-min": {"pca-1": 0.3186}, "min-mean": {"pca-1": 0.4657}, "mean-mean": {"pca-1": 0.6978}, "mean-min": {"pca-1": 0.6547}}, "1013": {"min-min": {"pca-1": 0.287}, "min-mean": {"pca-1": 0.4233}, "mean-mean": {"pca-1": 0.6518}, "mean-min": {"pca-1": 0.604}}, "1014": {"min-min": {"pca-1": 0.2867}, "min-mean": {"pca-1": 0.3372}, "mean-mean": {"pca-1": 0.4723}, "mean-min": {"pca-1": 0.4132}}, "1015": {"min-min": {"pca-1": 0.4823}, "min-mean": {"pca-1": 0.6835}, "mean-mean": {"pca-1": 0.8989}, "mean-min": {"pca-1": 0.7798}}}, "1005": {"1001": {"min-min": {"pca-1": 0.2672}, "min-mean": {"pca-1": 0.567}, "mean-mean": {"pca-1": 0.9741}, "mean-min": {"pca-1": 0.8789}}, "1002": {"min-min": {"pca-1": 0.3289}, "min-mean": {"pca-1": 0.799}, "mean-mean": {"pca-1": 1.1884}, "mean-min": {"pca-1": 0.8588}}, "1003": {"min-min": {"pca-1": 0.3324}, "min-mean": {"pca-1": 0.6123}, "mean-mean": {"pca-1": 0.9528}, "mean-min": {"pca-1": 0.795}}, "1004": {"min-min": {"pca-1": 0.3432}, "min-mean": {"pca-1": 0.4864}, "mean-mean": {"pca-1": 0.9288}, "mean-min": {"pca-1": 0.7729}}, "1005": {"min-min": {"pca-1": 0.3218}, "min-mean": {"pca-1": 0.558}, "mean-mean": {"pca-1": 0.9087}, "mean-min": {"pca-1": 0.6876}}, "1006": {"min-min": {"pca-1": 0.3418}, "min-mean": {"pca-1": 0.8039}, "mean-mean": {"pca-1": 1.1278}, "mean-min": {"pca-1": 0.9275}}, "1007": {"min-min": {"pca-1": 0.4433}, "min-mean": {"pca-1": 0.8972}, "mean-mean": {"pca-1": 1.1635}, "mean-min": {"pca-1": 0.8213}}, "1008": {"min-min": {"pca-1": 0.2239}, "min-mean": {"pca-1": 0.4278}, "mean-mean": {"pca-1": 0.9615}, "mean-min": {"pca-1": 0.8016}}, "1009": {"min-min": {"pca-1": 0.2236}, "min-mean": {"pca-1": 0.445}, "mean-mean": {"pca-1": 0.8528}, "mean-min": {"pca-1": 0.8326}}, "1010": {"min-min": {"pca-1": 0.3975}, "min-mean": {"pca-1": 0.7724}, "mean-mean": {"pca-1": 1.1959}, "mean-min": {"pca-1": 1.0561}}, "1011": {"min-min": {"pca-1": 0.3799}, "min-mean": {"pca-1": 0.5628}, "mean-mean": {"pca-1": 0.9643}, "mean-min": {"pca-1": 0.8866}}, "1012": {"min-min": {"pca-1": 0.1493}, "min-mean": {"pca-1": 0.516}, "mean-mean": {"pca-1": 0.9399}, "mean-min": {"pca-1": 0.8282}}, "1013": {"min-min": {"pca-1": 0.2414}, "min-mean": {"pca-1": 0.6751}, "mean-mean": {"pca-1": 0.9986}, "mean-min": {"pca-1": 0.8697}}, "1014": {"min-min": {"pca-1": 0.3462}, "min-mean": {"pca-1": 0.5652}, "mean-mean": {"pca-1": 0.9974}, "mean-min": {"pca-1": 0.8949}}, "1015": {"min-min": {"pca-1": 0.4029}, "min-mean": {"pca-1": 0.4197}, "mean-mean": {"pca-1": 0.828}, "mean-min": {"pca-1": 0.4532}}}, "1006": {"1001": {"min-min": {"pca-1": 0.3365}, "min-mean": {"pca-1": 0.4071}, "mean-mean": {"pca-1": 0.7422}, "mean-min": {"pca-1": 0.4849}}, "1002": {"min-min": {"pca-1": 0.3751}, "min-mean": {"pca-1": 0.4013}, "mean-mean": {"pca-1": 0.6254}, "mean-min": {"pca-1": 0.4144}}, "1003": {"min-min": {"pca-1": 0.332}, "min-mean": {"pca-1": 0.3801}, "mean-mean": {"pca-1": 0.6614}, "mean-min": {"pca-1": 0.4415}}, "1004": {"min-min": {"pca-1": 0.2995}, "min-mean": {"pca-1": 0.4702}, "mean-mean": {"pca-1": 0.7854}, "mean-min": {"pca-1": 0.7345}}, "1005": {"min-min": {"pca-1": 0.3281}, "min-mean": {"pca-1": 0.4866}, "mean-mean": {"pca-1": 0.6901}, "mean-min": {"pca-1": 0.6205}}, "1006": {"min-min": {"pca-1": 0.2526}, "min-mean": {"pca-1": 0.3069}, "mean-mean": {"pca-1": 0.5537}, "mean-min": {"pca-1": 0.3341}}, "1007": {"min-min": {"pca-1": 0.2786}, "min-mean": {"pca-1": 0.3315}, "mean-mean": {"pca-1": 0.6039}, "mean-min": {"pca-1": 0.358}}, "1008": {"min-min": {"pca-1": 0.3773}, "min-mean": {"pca-1": 0.5969}, "mean-mean": {"pca-1": 0.9063}, "mean-min": {"pca-1": 0.8285}}, "1009": {"min-min": {"pca-1": 0.4464}, "min-mean": {"pca-1": 0.6121}, "mean-mean": {"pca-1": 0.8711}, "mean-min": {"pca-1": 0.8102}}, "1010": {"min-min": {"pca-1": 0.3254}, "min-mean": {"pca-1": 0.3877}, "mean-mean": {"pca-1": 0.6074}, "mean-min": {"pca-1": 0.4219}}, "1011": {"min-min": {"pca-1": 0.3132}, "min-mean": {"pca-1": 0.4763}, "mean-mean": {"pca-1": 0.7513}, "mean-min": {"pca-1": 0.7095}}, "1012": {"min-min": {"pca-1": 0.2779}, "min-mean": {"pca-1": 0.6213}, "mean-mean": {"pca-1": 0.8517}, "mean-min": {"pca-1": 0.6927}}, "1013": {"min-min": {"pca-1": 0.3566}, "min-mean": {"pca-1": 0.4267}, "mean-mean": {"pca-1": 0.6573}, "mean-min": {"pca-1": 0.5668}}, "1014": {"min-min": {"pca-1": 0.3412}, "min-mean": {"pca-1": 0.4317}, "mean-mean": {"pca-1": 0.5543}, "mean-min": {"pca-1": 0.5253}}, "1015": {"min-min": {"pca-1": 0.3728}, "min-mean": {"pca-1": 0.6861}, "mean-mean": {"pca-1": 1.0233}, "mean-min": {"pca-1": 0.8351}}}, "1007": {"1001": {"min-min": {"pca-1": 0.398}, "min-mean": {"pca-1": 0.507}, "mean-mean": {"pca-1": 0.9608}, "mean-min": {"pca-1": 0.6171}}, "1002": {"min-min": {"pca-1": 0.3182}, "min-mean": {"pca-1": 0.3519}, "mean-mean": {"pca-1": 0.7737}, "mean-min": {"pca-1": 0.4192}}, "1003": {"min-min": {"pca-1": 0.4279}, "min-mean": {"pca-1": 0.5005}, "mean-mean": {"pca-1": 0.8889}, "mean-min": {"pca-1": 0.6286}}, "1004": {"min-min": {"pca-1": 0.388}, "min-mean": {"pca-1": 0.5716}, "mean-mean": {"pca-1": 0.9851}, "mean-min": {"pca-1": 0.9389}}, "1005": {"min-min": {"pca-1": 0.2887}, "min-mean": {"pca-1": 0.5799}, "mean-mean": {"pca-1": 0.9234}, "mean-min": {"pca-1": 0.7915}}, "1006": {"min-min": {"pca-1": 0.4209}, "min-mean": {"pca-1": 0.453}, "mean-mean": {"pca-1": 0.7352}, "mean-min": {"pca-1": 0.5171}}, "1007": {"min-min": {"pca-1": 0.3336}, "min-mean": {"pca-1": 0.3336}, "mean-mean": {"pca-1": 0.7458}, "mean-min": {"pca-1": 0.3336}}, "1008": {"min-min": {"pca-1": 0.3335}, "min-mean": {"pca-1": 0.6177}, "mean-mean": {"pca-1": 1.0189}, "mean-min": {"pca-1": 1.0131}}, "1009": {"min-min": {"pca-1": 0.593}, "min-mean": {"pca-1": 0.7518}, "mean-mean": {"pca-1": 1.0568}, "mean-min": {"pca-1": 0.9094}}, "1010": {"min-min": {"pca-1": 0.3235}, "min-mean": {"pca-1": 0.5181}, "mean-mean": {"pca-1": 0.844}, "mean-min": {"pca-1": 0.8138}}, "1011": {"min-min": {"pca-1": 0.3087}, "min-mean": {"pca-1": 0.5049}, "mean-mean": {"pca-1": 0.8656}, "mean-min": {"pca-1": 0.8444}}, "1012": {"min-min": {"pca-1": 0.4352}, "min-mean": {"pca-1": 0.623}, "mean-mean": {"pca-1": 0.967}, "mean-min": {"pca-1": 0.9455}}, "1013": {"min-min": {"pca-1": 0.3445}, "min-mean": {"pca-1": 0.6345}, "mean-mean": {"pca-1": 0.9754}, "mean-min": {"pca-1": 0.8826}}, "1014": {"min-min": {"pca-1": 0.3291}, "min-mean": {"pca-1": 0.4989}, "mean-mean": {"pca-1": 0.7813}, "mean-min": {"pca-1": 0.7325}}, "1015": {"min-min": {"pca-1": 0.3441}, "min-mean": {"pca-1": 0.8361}, "mean-mean": {"pca-1": 1.304}, "mean-min": {"pca-1": 1.0362}}}, "1008": {"1001": {"min-min": {"pca-1": 0.2468}, "min-mean": {"pca-1": 0.2891}, "mean-mean": {"pca-1": 0.5939}, "mean-min": {"pca-1": 0.3736}}, "1002": {"min-min": {"pca-1": 0.3654}, "min-mean": {"pca-1": 0.5316}, "mean-mean": {"pca-1": 0.7458}, "mean-min": {"pca-1": 0.6635}}, "1003": {"min-min": {"pca-1": 0.1854}, "min-mean": {"pca-1": 0.2935}, "mean-mean": {"pca-1": 0.5527}, "mean-min": {"pca-1": 0.4134}}, "1004": {"min-min": {"pca-1": 0.2517}, "min-mean": {"pca-1": 0.2962}, "mean-mean": {"pca-1": 0.6367}, "mean-min": {"pca-1": 0.3852}}, "1005": {"min-min": {"pca-1": 0.3034}, "min-mean": {"pca-1": 0.3097}, "mean-mean": {"pca-1": 0.5504}, "mean-min": {"pca-1": 0.3224}}, "1006": {"min-min": {"pca-1": 0.375}, "min-mean": {"pca-1": 0.4422}, "mean-mean": {"pca-1": 0.6574}, "mean-min": {"pca-1": 0.5767}}, "1007": {"min-min": {"pca-1": 0.2203}, "min-mean": {"pca-1": 0.473}, "mean-mean": {"pca-1": 0.7213}, "mean-min": {"pca-1": 0.6134}}, "1008": {"min-min": {"pca-1": 0.3308}, "min-mean": {"pca-1": 0.3672}, "mean-mean": {"pca-1": 0.6583}, "mean-min": {"pca-1": 0.4199}}, "1009": {"min-min": {"pca-1": 0.2491}, "min-mean": {"pca-1": 0.2789}, "mean-mean": {"pca-1": 0.5237}, "mean-min": {"pca-1": 0.3386}}, "1010": {"min-min": {"pca-1": 0.4297}, "min-mean": {"pca-1": 0.4502}, "mean-mean": {"pca-1": 0.7121}, "mean-min": {"pca-1": 0.4911}}, "1011": {"min-min": {"pca-1": 0.2635}, "min-mean": {"pca-1": 0.3324}, "mean-mean": {"pca-1": 0.6195}, "mean-min": {"pca-1": 0.4691}}, "1012": {"min-min": {"pca-1": 0.258}, "min-mean": {"pca-1": 0.3859}, "mean-mean": {"pca-1": 0.6245}, "mean-min": {"pca-1": 0.5743}}, "1013": {"min-min": {"pca-1": 0.2135}, "min-mean": {"pca-1": 0.3296}, "mean-mean": {"pca-1": 0.6308}, "mean-min": {"pca-1": 0.5618}}, "1014": {"min-min": {"pca-1": 0.2392}, "min-mean": {"pca-1": 0.3273}, "mean-mean": {"pca-1": 0.5757}, "mean-min": {"pca-1": 0.4374}}, "1015": {"min-min": {"pca-1": 0.4005}, "min-mean": {"pca-1": 0.4933}, "mean-mean": {"pca-1": 0.728}, "mean-min": {"pca-1": 0.6789}}}, "1009": {"1001": {"min-min": {"pca-1": 0.3088}, "min-mean": {"pca-1": 0.3907}, "mean-mean": {"pca-1": 0.652}, "mean-min": {"pca-1": 0.4886}}, "1002": {"min-min": {"pca-1": 0.3483}, "min-mean": {"pca-1": 0.4982}, "mean-mean": {"pca-1": 0.7033}, "mean-min": {"pca-1": 0.5976}}, "1003": {"min-min": {"pca-1": 0.2242}, "min-mean": {"pca-1": 0.3147}, "mean-mean": {"pca-1": 0.5766}, "mean-min": {"pca-1": 0.4506}}, "1004": {"min-min": {"pca-1": 0.3293}, "min-mean": {"pca-1": 0.4029}, "mean-mean": {"pca-1": 0.668}, "mean-min": {"pca-1": 0.5098}}, "1005": {"min-min": {"pca-1": 0.2782}, "min-mean": {"pca-1": 0.4033}, "mean-mean": {"pca-1": 0.6026}, "mean-min": {"pca-1": 0.5904}}, "1006": {"min-min": {"pca-1": 0.309}, "min-mean": {"pca-1": 0.3746}, "mean-mean": {"pca-1": 0.5778}, "mean-min": {"pca-1": 0.5058}}, "1007": {"min-min": {"pca-1": 0.3332}, "min-mean": {"pca-1": 0.4861}, "mean-mean": {"pca-1": 0.691}, "mean-min": {"pca-1": 0.5719}}, "1008": {"min-min": {"pca-1": 0.3159}, "min-mean": {"pca-1": 0.3387}, "mean-mean": {"pca-1": 0.6586}, "mean-min": {"pca-1": 0.3718}}, "1009": {"min-min": {"pca-1": 0.3492}, "min-mean": {"pca-1": 0.3492}, "mean-mean": {"pca-1": 0.5924}, "mean-min": {"pca-1": 0.3492}}, "1010": {"min-min": {"pca-1": 0.2587}, "min-mean": {"pca-1": 0.3434}, "mean-mean": {"pca-1": 0.6291}, "mean-min": {"pca-1": 0.5128}}, "1011": {"min-min": {"pca-1": 0.2405}, "min-mean": {"pca-1": 0.3546}, "mean-mean": {"pca-1": 0.6075}, "mean-min": {"pca-1": 0.474}}, "1012": {"min-min": {"pca-1": 0.2}, "min-mean": {"pca-1": 0.3165}, "mean-mean": {"pca-1": 0.6058}, "mean-min": {"pca-1": 0.5496}}, "1013": {"min-min": {"pca-1": 0.2467}, "min-mean": {"pca-1": 0.4426}, "mean-mean": {"pca-1": 0.653}, "mean-min": {"pca-1": 0.5883}}, "1014": {"min-min": {"pca-1": 0.2242}, "min-mean": {"pca-1": 0.2242}, "mean-mean": {"pca-1": 0.4071}, "mean-min": {"pca-1": 0.2242}}, "1015": {"min-min": {"pca-1": 0.3466}, "min-mean": {"pca-1": 0.5373}, "mean-mean": {"pca-1": 0.8155}, "mean-min": {"pca-1": 0.7861}}}, "1010": {"1001": {"min-min": {"pca-1": 0.2698}, "min-mean": {"pca-1": 0.3333}, "mean-mean": {"pca-1": 0.6117}, "mean-min": {"pca-1": 0.4346}}, "1002": {"min-min": {"pca-1": 0.3013}, "min-mean": {"pca-1": 0.3938}, "mean-mean": {"pca-1": 0.6104}, "mean-min": {"pca-1": 0.5788}}, "1003": {"min-min": {"pca-1": 0.2483}, "min-mean": {"pca-1": 0.2483}, "mean-mean": {"pca-1": 0.4821}, "mean-min": {"pca-1": 0.2483}}, "1004": {"min-min": {"pca-1": 0.2802}, "min-mean": {"pca-1": 0.3272}, "mean-mean": {"pca-1": 0.6082}, "mean-min": {"pca-1": 0.4212}}, "1005": {"min-min": {"pca-1": 0.3041}, "min-mean": {"pca-1": 0.407}, "mean-mean": {"pca-1": 0.56}, "mean-min": {"pca-1": 0.5237}}, "1006": {"min-min": {"pca-1": 0.2476}, "min-mean": {"pca-1": 0.2937}, "mean-mean": {"pca-1": 0.4956}, "mean-min": {"pca-1": 0.3858}}, "1007": {"min-min": {"pca-1": 0.2338}, "min-mean": {"pca-1": 0.3468}, "mean-mean": {"pca-1": 0.5904}, "mean-min": {"pca-1": 0.5728}}, "1008": {"min-min": {"pca-1": 0.2775}, "min-mean": {"pca-1": 0.3536}, "mean-mean": {"pca-1": 0.6755}, "mean-min": {"pca-1": 0.5057}}, "1009": {"min-min": {"pca-1": 0.2528}, "min-mean": {"pca-1": 0.3573}, "mean-mean": {"pca-1": 0.6477}, "mean-min": {"pca-1": 0.5662}}, "1010": {"min-min": {"pca-1": 0.2595}, "min-mean": {"pca-1": 0.3619}, "mean-mean": {"pca-1": 0.6172}, "mean-min": {"pca-1": 0.4914}}, "1011": {"min-min": {"pca-1": 0.2454}, "min-mean": {"pca-1": 0.2695}, "mean-mean": {"pca-1": 0.5081}, "mean-min": {"pca-1": 0.3178}}, "1012": {"min-min": {"pca-1": 0.2634}, "min-mean": {"pca-1": 0.358}, "mean-mean": {"pca-1": 0.5749}, "mean-min": {"pca-1": 0.5473}}, "1013": {"min-min": {"pca-1": 0.2225}, "min-mean": {"pca-1": 0.4319}, "mean-mean": {"pca-1": 0.6422}, "mean-min": {"pca-1": 0.5755}}, "1014": {"min-min": {"pca-1": 0.237}, "min-mean": {"pca-1": 0.2562}, "mean-mean": {"pca-1": 0.3866}, "mean-min": {"pca-1": 0.2946}}, "1015": {"min-min": {"pca-1": 0.4421}, "min-mean": {"pca-1": 0.6164}, "mean-mean": {"pca-1": 0.8075}, "mean-min": {"pca-1": 0.7384}}}, "1011": {"1001": {"min-min": {"pca-1": 0.3296}, "min-mean": {"pca-1": 0.5519}, "mean-mean": {"pca-1": 0.8937}, "mean-min": {"pca-1": 0.8229}}, "1002": {"min-min": {"pca-1": 0.3104}, "min-mean": {"pca-1": 0.7033}, "mean-mean": {"pca-1": 1.0832}, "mean-min": {"pca-1": 0.8434}}, "1003": {"min-min": {"pca-1": 0.2698}, "min-mean": {"pca-1": 0.5148}, "mean-mean": {"pca-1": 0.8986}, "mean-min": {"pca-1": 0.8191}}, "1004": {"min-min": {"pca-1": 0.2968}, "min-mean": {"pca-1": 0.4609}, "mean-mean": {"pca-1": 0.8897}, "mean-min": {"pca-1": 0.7892}}, "1005": {"min-min": {"pca-1": 0.3892}, "min-mean": {"pca-1": 0.4277}, "mean-mean": {"pca-1": 0.8074}, "mean-min": {"pca-1": 0.4602}}, "1006": {"min-min": {"pca-1": 0.3596}, "min-mean": {"pca-1": 0.65}, "mean-mean": {"pca-1": 1.0184}, "mean-min": {"pca-1": 0.9037}}, "1007": {"min-min": {"pca-1": 0.4118}, "min-mean": {"pca-1": 0.7925}, "mean-mean": {"pca-1": 1.0717}, "mean-min": {"pca-1": 0.8073}}, "1008": {"min-min": {"pca-1": 0.2728}, "min-mean": {"pca-1": 0.4933}, "mean-mean": {"pca-1": 0.9822}, "mean-min": {"pca-1": 0.8645}}, "1009": {"min-min": {"pca-1": 0.3843}, "min-mean": {"pca-1": 0.5613}, "mean-mean": {"pca-1": 0.8352}, "mean-min": {"pca-1": 0.7697}}, "1010": {"min-min": {"pca-1": 0.3029}, "min-mean": {"pca-1": 0.5758}, "mean-mean": {"pca-1": 1.074}, "mean-min": {"pca-1": 0.9561}}, "1011": {"min-min": {"pca-1": 0.38}, "min-mean": {"pca-1": 0.5618}, "mean-mean": {"pca-1": 0.9641}, "mean-min": {"pca-1": 0.9197}}, "1012": {"min-min": {"pca-1": 0.2891}, "min-mean": {"pca-1": 0.5674}, "mean-mean": {"pca-1": 0.9944}, "mean-min": {"pca-1": 0.8922}}, "1013": {"min-min": {"pca-1": 0.4901}, "min-mean": {"pca-1": 0.6761}, "mean-mean": {"pca-1": 0.9184}, "mean-min": {"pca-1": 0.8994}}, "1014": {"min-min": {"pca-1": 0.3996}, "min-mean": {"pca-1": 0.605}, "mean-mean": {"pca-1": 0.964}, "mean-min": {"pca-1": 0.9234}}, "1015": {"min-min": {"pca-1": 0.2848}, "min-mean": {"pca-1": 0.3372}, "mean-mean": {"pca-1": 0.8}, "mean-min": {"pca-1": 0.4419}}}, "1012": {"1001": {"min-min": {"pca-1": 0.3698}, "min-mean": {"pca-1": 0.4332}, "mean-mean": {"pca-1": 0.7}, "mean-min": {"pca-1": 0.56}}, "1002": {"min-min": {"pca-1": 0.328}, "min-mean": {"pca-1": 0.4465}, "mean-mean": {"pca-1": 0.6833}, "mean-min": {"pca-1": 0.6799}}, "1003": {"min-min": {"pca-1": 0.3791}, "min-mean": {"pca-1": 0.3791}, "mean-mean": {"pca-1": 0.5812}, "mean-min": {"pca-1": 0.3791}}, "1004": {"min-min": {"pca-1": 0.3187}, "min-mean": {"pca-1": 0.4416}, "mean-mean": {"pca-1": 0.7477}, "mean-min": {"pca-1": 0.6611}}, "1005": {"min-min": {"pca-1": 0.2375}, "min-mean": {"pca-1": 0.3775}, "mean-mean": {"pca-1": 0.6231}, "mean-min": {"pca-1": 0.539}}, "1006": {"min-min": {"pca-1": 0.274}, "min-mean": {"pca-1": 0.274}, "mean-mean": {"pca-1": 0.5165}, "mean-min": {"pca-1": 0.274}}, "1007": {"min-min": {"pca-1": 0.3631}, "min-mean": {"pca-1": 0.4292}, "mean-mean": {"pca-1": 0.6361}, "mean-min": {"pca-1": 0.5614}}, "1008": {"min-min": {"pca-1": 0.2472}, "min-mean": {"pca-1": 0.3933}, "mean-mean": {"pca-1": 0.7071}, "mean-min": {"pca-1": 0.5151}}, "1009": {"min-min": {"pca-1": 0.3171}, "min-mean": {"pca-1": 0.3648}, "mean-mean": {"pca-1": 0.6398}, "mean-min": {"pca-1": 0.4603}}, "1010": {"min-min": {"pca-1": 0.2811}, "min-mean": {"pca-1": 0.3762}, "mean-mean": {"pca-1": 0.6435}, "mean-min": {"pca-1": 0.4354}}, "1011": {"min-min": {"pca-1": 0.4345}, "min-mean": {"pca-1": 0.4402}, "mean-mean": {"pca-1": 0.6152}, "mean-min": {"pca-1": 0.4517}}, "1012": {"min-min": {"pca-1": 0.2805}, "min-mean": {"pca-1": 0.4005}, "mean-mean": {"pca-1": 0.671}, "mean-min": {"pca-1": 0.6404}}, "1013": {"min-min": {"pca-1": 0.329}, "min-mean": {"pca-1": 0.4257}, "mean-mean": {"pca-1": 0.6207}, "mean-min": {"pca-1": 0.583}}, "1014": {"min-min": {"pca-1": 0.268}, "min-mean": {"pca-1": 0.268}, "mean-mean": {"pca-1": 0.45}, "mean-min": {"pca-1": 0.268}}, "1015": {"min-min": {"pca-1": 0.3665}, "min-mean": {"pca-1": 0.6089}, "mean-mean": {"pca-1": 0.8825}, "mean-min": {"pca-1": 0.7278}}}, "1013": {"1001": {"min-min": {"pca-1": 0.3333}, "min-mean": {"pca-1": 0.4551}, "mean-mean": {"pca-1": 0.7482}, "mean-min": {"pca-1": 0.6464}}, "1002": {"min-min": {"pca-1": 0.3219}, "min-mean": {"pca-1": 0.4656}, "mean-mean": {"pca-1": 0.7067}, "mean-min": {"pca-1": 0.6609}}, "1003": {"min-min": {"pca-1": 0.3591}, "min-mean": {"pca-1": 0.3921}, "mean-mean": {"pca-1": 0.629}, "mean-min": {"pca-1": 0.458}}, "1004": {"min-min": {"pca-1": 0.3957}, "min-mean": {"pca-1": 0.4803}, "mean-mean": {"pca-1": 0.7498}, "mean-min": {"pca-1": 0.6494}}, "1005": {"min-min": {"pca-1": 0.2363}, "min-mean": {"pca-1": 0.3621}, "mean-mean": {"pca-1": 0.6383}, "mean-min": {"pca-1": 0.585}}, "1006": {"min-min": {"pca-1": 0.3549}, "min-mean": {"pca-1": 0.3577}, "mean-mean": {"pca-1": 0.5444}, "mean-min": {"pca-1": 0.3632}}, "1007": {"min-min": {"pca-1": 0.318}, "min-mean": {"pca-1": 0.4181}, "mean-mean": {"pca-1": 0.6715}, "mean-min": {"pca-1": 0.6182}}, "1008": {"min-min": {"pca-1": 0.3756}, "min-mean": {"pca-1": 0.4146}, "mean-mean": {"pca-1": 0.7072}, "mean-min": {"pca-1": 0.4926}}, "1009": {"min-min": {"pca-1": 0.3361}, "min-mean": {"pca-1": 0.4327}, "mean-mean": {"pca-1": 0.6966}, "mean-min": {"pca-1": 0.6258}}, "1010": {"min-min": {"pca-1": 0.3488}, "min-mean": {"pca-1": 0.3488}, "mean-mean": {"pca-1": 0.6173}, "mean-min": {"pca-1": 0.3488}}, "1011": {"min-min": {"pca-1": 0.3163}, "min-mean": {"pca-1": 0.3362}, "mean-mean": {"pca-1": 0.6027}, "mean-min": {"pca-1": 0.3759}}, "1012": {"min-min": {"pca-1": 0.2982}, "min-mean": {"pca-1": 0.378}, "mean-mean": {"pca-1": 0.6292}, "mean-min": {"pca-1": 0.5376}}, "1013": {"min-min": {"pca-1": 0.3033}, "min-mean": {"pca-1": 0.3874}, "mean-mean": {"pca-1": 0.6033}, "mean-min": {"pca-1": 0.5238}}, "1014": {"min-min": {"pca-1": 0.3278}, "min-mean": {"pca-1": 0.3293}, "mean-mean": {"pca-1": 0.4593}, "mean-min": {"pca-1": 0.3323}}, "1015": {"min-min": {"pca-1": 0.3791}, "min-mean": {"pca-1": 0.57}, "mean-mean": {"pca-1": 0.8622}, "mean-min": {"pca-1": 0.7496}}}, "1014": {"1001": {"min-min": {"pca-1": 0.3479}, "min-mean": {"pca-1": 0.5796}, "mean-mean": {"pca-1": 0.88}, "mean-min": {"pca-1": 0.8073}}, "1002": {"min-min": {"pca-1": 0.3496}, "min-mean": {"pca-1": 0.6192}, "mean-mean": {"pca-1": 0.838}, "mean-min": {"pca-1": 0.7173}}, "1003": {"min-min": {"pca-1": 0.3047}, "min-mean": {"pca-1": 0.4662}, "mean-mean": {"pca-1": 0.7422}, "mean-min": {"pca-1": 0.7132}}, "1004": {"min-min": {"pca-1": 0.2749}, "min-mean": {"pca-1": 0.5314}, "mean-mean": {"pca-1": 0.8199}, "mean-min": {"pca-1": 0.7891}}, "1005": {"min-min": {"pca-1": 0.3712}, "min-mean": {"pca-1": 0.5237}, "mean-mean": {"pca-1": 0.7385}, "mean-min": {"pca-1": 0.6841}}, "1006": {"min-min": {"pca-1": 0.3317}, "min-mean": {"pca-1": 0.4973}, "mean-mean": {"pca-1": 0.7096}, "mean-min": {"pca-1": 0.6896}}, "1007": {"min-min": {"pca-1": 0.3371}, "min-mean": {"pca-1": 0.6114}, "mean-mean": {"pca-1": 0.8355}, "mean-min": {"pca-1": 0.729}}, "1008": {"min-min": {"pca-1": 0.3355}, "min-mean": {"pca-1": 0.4741}, "mean-mean": {"pca-1": 0.765}, "mean-min": {"pca-1": 0.6497}}, "1009": {"min-min": {"pca-1": 0.2911}, "min-mean": {"pca-1": 0.4708}, "mean-mean": {"pca-1": 0.7804}, "mean-min": {"pca-1": 0.7352}}, "1010": {"min-min": {"pca-1": 0.335}, "min-mean": {"pca-1": 0.4965}, "mean-mean": {"pca-1": 0.7628}, "mean-min": {"pca-1": 0.662}}, "1011": {"min-min": {"pca-1": 0.3914}, "min-mean": {"pca-1": 0.4357}, "mean-mean": {"pca-1": 0.6805}, "mean-min": {"pca-1": 0.5109}}, "1012": {"min-min": {"pca-1": 0.2536}, "min-mean": {"pca-1": 0.4505}, "mean-mean": {"pca-1": 0.7023}, "mean-min": {"pca-1": 0.6804}}, "1013": {"min-min": {"pca-1": 0.3141}, "min-mean": {"pca-1": 0.4176}, "mean-mean": {"pca-1": 0.6696}, "mean-min": {"pca-1": 0.5317}}, "1014": {"min-min": {"pca-1": 0.3326}, "min-mean": {"pca-1": 0.3846}, "mean-mean": {"pca-1": 0.5568}, "mean-min": {"pca-1": 0.4834}}, "1015": {"min-min": {"pca-1": 0.3364}, "min-mean": {"pca-1": 0.4468}, "mean-mean": {"pca-1": 0.7799}, "mean-min": {"pca-1": 0.6676}}}, "1015": {"1001": {"min-min": {"pca-1": 0.2551}, "min-mean": {"pca-1": 0.5308}, "mean-mean": {"pca-1": 0.806}, "mean-min": {"pca-1": 0.725}}, "1002": {"min-min": {"pca-1": 0.3666}, "min-mean": {"pca-1": 0.6811}, "mean-mean": {"pca-1": 0.8827}, "mean-min": {"pca-1": 0.6825}}, "1003": {"min-min": {"pca-1": 0.1972}, "min-mean": {"pca-1": 0.5046}, "mean-mean": {"pca-1": 0.7522}, "mean-min": {"pca-1": 0.6586}}, "1004": {"min-min": {"pca-1": 0.393}, "min-mean": {"pca-1": 0.4734}, "mean-mean": {"pca-1": 0.7161}, "mean-min": {"pca-1": 0.5288}}, "1005": {"min-min": {"pca-1": 0.2237}, "min-mean": {"pca-1": 0.474}, "mean-mean": {"pca-1": 0.756}, "mean-min": {"pca-1": 0.6985}}, "1006": {"min-min": {"pca-1": 0.2409}, "min-mean": {"pca-1": 0.5232}, "mean-mean": {"pca-1": 0.7757}, "mean-min": {"pca-1": 0.6692}}, "1007": {"min-min": {"pca-1": 0.2545}, "min-mean": {"pca-1": 0.6143}, "mean-mean": {"pca-1": 0.8395}, "mean-min": {"pca-1": 0.641}}, "1008": {"min-min": {"pca-1": 0.2039}, "min-mean": {"pca-1": 0.4002}, "mean-mean": {"pca-1": 0.7666}, "mean-min": {"pca-1": 0.5385}}, "1009": {"min-min": {"pca-1": 0.3294}, "min-mean": {"pca-1": 0.5482}, "mean-mean": {"pca-1": 0.7268}, "mean-min": {"pca-1": 0.701}}, "1010": {"min-min": {"pca-1": 0.3627}, "min-mean": {"pca-1": 0.5669}, "mean-mean": {"pca-1": 0.8862}, "mean-min": {"pca-1": 0.8112}}, "1011": {"min-min": {"pca-1": 0.2075}, "min-mean": {"pca-1": 0.3914}, "mean-mean": {"pca-1": 0.7044}, "mean-min": {"pca-1": 0.5283}}, "1012": {"min-min": {"pca-1": 0.2047}, "min-mean": {"pca-1": 0.4102}, "mean-mean": {"pca-1": 0.6431}, "mean-min": {"pca-1": 0.5733}}, "1013": {"min-min": {"pca-1": 0.2091}, "min-mean": {"pca-1": 0.5171}, "mean-mean": {"pca-1": 0.7942}, "mean-min": {"pca-1": 0.686}}, "1014": {"min-min": {"pca-1": 0.2153}, "min-mean": {"pca-1": 0.3715}, "mean-mean": {"pca-1": 0.61}, "mean-min": {"pca-1": 0.4868}}, "1015": {"min-min": {"pca-1": 0.4607}, "min-mean": {"pca-1": 0.5549}, "mean-mean": {"pca-1": 0.7928}, "mean-min": {"pca-1": 0.6643}}}}