{"0.0": {"mean": 1.0, "standard-deviation": 0.0, "1": 1.0, "2": 1.0, "3": 1.0, "4": 1.0, "5": 1.0, "6": 1.0, "7": 1.0, "8": 1.0, "9": 1.0, "10": 1.0}, "0.1": {"1": 0.867, "2": 0.933, "3": 0.913, "4": 0.867, "5": 0.933, "6": 0.867, "7": 0.867, "8": 0.887, "9": 0.867, "10": 0.933, "mean": 0.893, "standard-deviation": 0.029}, "0.2": {"1": 0.867, "2": 0.867, "3": 0.82, "4": 0.82, "5": 0.867, "6": 0.867, "7": 0.867, "8": 0.82, "9": 0.82, "10": 0.82, "mean": 0.843, "standard-deviation": 0.024}, "0.3": {"1": 0.78, "2": 0.8, "3": 0.847, "4": 0.867, "5": 0.82, "6": 0.82, "7": 0.8, "8": 0.8, "9": 0.8, "10": 0.78, "mean": 0.811, "standard-deviation": 0.026}, "0.4": {"1": 0.753, "2": 0.753, "3": 0.773, "4": 0.8, "5": 0.753, "6": 0.78, "7": 0.707, "8": 0.733, "9": 0.8, "10": 0.707, "mean": 0.756, "standard-deviation": 0.032}, "0.5": {"1": 0.64, "2": 0.8, "3": 0.62, "4": 0.673, "5": 0.733, "6": 0.553, "7": 0.667, "8": 0.647, "9": 0.62, "10": 0.667, "mean": 0.662, "standard-deviation": 0.064}, "0.6": {"1": 0.693, "2": 0.58, "3": 0.58, "4": 0.6, "5": 0.62, "6": 0.6, "7": 0.713, "8": 0.62, "9": 0.627, "10": 0.64, "mean": 0.627, "standard-deviation": 0.042}, "0.7": {"1": 0.6, "2": 0.58, "3": 0.533, "4": 0.647, "5": 0.507, "6": 0.6, "7": 0.627, "8": 0.467, "9": 0.553, "10": 0.553, "mean": 0.567, "standard-deviation": 0.052}, "0.8": {"1": 0.513, "2": 0.673, "3": 0.467, "4": 0.6, "5": 0.56, "6": 0.573, "7": 0.653, "8": 0.487, "9": 0.513, "10": 0.52, "mean": 0.556, "standard-deviation": 0.066}, "0.9": {"1": 0.533, "2": 0.473, "3": 0.653, "4": 0.507, "5": 0.487, "6": 0.513, "7": 0.52, "8": 0.573, "9": 0.627, "10": 0.533, "mean": 0.542, "standard-deviation": 0.056}, "1.0": {"1": 0.6, "2": 0.473, "3": 0.5, "4": 0.433, "5": 0.5, "6": 0.607, "7": 0.473, "8": 0.473, "9": 0.5, "10": 0.487, "mean": 0.505, "standard-deviation": 0.053}, "2.0": {"1": 0.407, "2": 0.4, "3": 0.387, "4": 0.427, "5": 0.453, "6": 0.38, "7": 0.407, "8": 0.54, "9": 0.387, "10": 0.433, "mean": 0.422, "standard-deviation": 0.045}, "3.0": {"1": 0.48, "2": 0.433, "3": 0.34, "4": 0.367, "5": 0.5, "6": 0.387, "7": 0.407, "8": 0.52, "9": 0.567, "10": 0.34, "mean": 0.434, "standard-deviation": 0.075}, "4.0": {"1": 0.347, "2": 0.293, "3": 0.32, "4": 0.34, "5": 0.293, "6": 0.407, "7": 0.32, "8": 0.433, "9": 0.34, "10": 0.433, "mean": 0.353, "standard-deviation": 0.05}, "5.0": {"1": 0.407, "2": 0.38, "3": 0.34, "4": 0.393, "5": 0.413, "6": 0.333, "7": 0.36, "8": 0.413, "9": 0.453, "10": 0.32, "mean": 0.381, "standard-deviation": 0.04}, "6.0": {"1": 0.273, "2": 0.36, "3": 0.36, "4": 0.293, "5": 0.32, "6": 0.34, "7": 0.32, "8": 0.38, "9": 0.3, "10": 0.34, "mean": 0.329, "standard-deviation": 0.032}, "7.0": {"1": 0.207, "2": 0.227, "3": 0.293, "4": 0.273, "5": 0.427, "6": 0.34, "7": 0.207, "8": 0.247, "9": 0.293, "10": 0.36, "mean": 0.287, "standard-deviation": 0.068}, "8.0": {"1": 0.253, "2": 0.273, "3": 0.34, "4": 0.273, "5": 0.207, "6": 0.293, "7": 0.227, "8": 0.247, "9": 0.253, "10": 0.253, "mean": 0.262, "standard-deviation": 0.035}, "9.0": {"1": 0.247, "2": 0.253, "3": 0.18, "4": 0.293, "5": 0.273, "6": 0.293, "7": 0.293, "8": 0.273, "9": 0.227, "10": 0.227, "mean": 0.256, "standard-deviation": 0.035}, "10.0": {"1": 0.253, "2": 0.247, "3": 0.227, "4": 0.273, "5": 0.32, "6": 0.273, "7": 0.207, "8": 0.207, "9": 0.14, "10": 0.207, "mean": 0.235, "standard-deviation": 0.047}, "11.0": {"1": 0.133, "2": 0.227, "3": 0.16, "4": 0.18, "5": 0.253, "6": 0.227, "7": 0.227, "8": 0.207, "9": 0.207, "10": 0.253, "mean": 0.207, "standard-deviation": 0.037}, "12.0": {"1": 0.32, "2": 0.18, "3": 0.227, "4": 0.207, "5": 0.16, "6": 0.2, "7": 0.133, "8": 0.207, "9": 0.227, "10": 0.16, "mean": 0.202, "standard-deviation": 0.049}, "13.0": {"1": 0.207, "2": 0.153, "3": 0.227, "4": 0.16, "5": 0.133, "6": 0.167, "7": 0.207, "8": 0.16, "9": 0.2, "10": 0.18, "mean": 0.179, "standard-deviation": 0.028}, "14.0": {"1": 0.227, "2": 0.18, "3": 0.207, "4": 0.16, "5": 0.2, "6": 0.2, "7": 0.18, "8": 0.167, "9": 0.133, "10": 0.16, "mean": 0.181, "standard-deviation": 0.026}, "15.0": {"1": 0.227, "2": 0.16, "3": 0.113, "4": 0.113, "5": 0.133, "6": 0.18, "7": 0.16, "8": 0.133, "9": 0.16, "10": 0.133, "mean": 0.151, "standard-deviation": 0.033}}