{"0.0": {"mean": 1.0, "standard-deviation": 0.0, "1": 1.0, "2": 1.0, "3": 1.0, "4": 1.0, "5": 1.0, "6": 1.0, "7": 1.0, "8": 1.0, "9": 1.0, "10": 1.0}, "0.1": {"1": 1.0, "2": 0.933, "3": 1.0, "4": 1.0, "5": 1.0, "6": 1.0, "7": 1.0, "8": 1.0, "9": 1.0, "10": 1.0, "mean": 0.993, "standard-deviation": 0.02}, "0.2": {"1": 0.9, "2": 0.867, "3": 0.834, "4": 0.96, "5": 0.98, "6": 0.834, "7": 0.847, "8": 0.834, "9": 0.9, "10": 0.933, "mean": 0.889, "standard-deviation": 0.052}, "0.3": {"1": 0.8, "2": 0.753, "3": 0.847, "4": 0.834, "5": 0.8, "6": 0.867, "7": 0.8, "8": 0.733, "9": 0.8, "10": 0.834, "mean": 0.807, "standard-deviation": 0.039}, "0.4": {"1": 0.667, "2": 0.766, "3": 0.78, "4": 0.847, "5": 0.8, "6": 0.867, "7": 0.82, "8": 0.687, "9": 0.78, "10": 0.733, "mean": 0.775, "standard-deviation": 0.061}, "0.5": {"1": 0.76, "2": 0.733, "3": 0.8, "4": 0.7, "5": 0.6, "6": 0.58, "7": 0.667, "8": 0.8, "9": 0.847, "10": 0.867, "mean": 0.735, "standard-deviation": 0.093}, "0.6": {"1": 0.633, "2": 0.78, "3": 0.533, "4": 0.78, "5": 0.667, "6": 0.6, "7": 0.6, "8": 0.667, "9": 0.58, "10": 0.533, "mean": 0.637, "standard-deviation": 0.084}, "0.7": {"1": 0.533, "2": 0.733, "3": 0.533, "4": 0.687, "5": 0.467, "6": 0.533, "7": 0.467, "8": 0.6, "9": 0.633, "10": 0.533, "mean": 0.572, "standard-deviation": 0.085}, "0.8": {"1": 0.433, "2": 0.4, "3": 0.467, "4": 0.467, "5": 0.467, "6": 0.467, "7": 0.533, "8": 0.58, "9": 0.567, "10": 0.467, "mean": 0.485, "standard-deviation": 0.054}, "0.9": {"1": 0.667, "2": 0.533, "3": 0.467, "4": 0.467, "5": 0.4, "6": 0.533, "7": 0.467, "8": 0.533, "9": 0.6, "10": 0.533, "mean": 0.52, "standard-deviation": 0.072}, "1.0": {"1": 0.4, "2": 0.567, "3": 0.4, "4": 0.513, "5": 0.467, "6": 0.4, "7": 0.467, "8": 0.267, "9": 0.293, "10": 0.467, "mean": 0.424, "standard-deviation": 0.088}, "2.0": {"1": 0.333, "2": 0.2, "3": 0.3, "4": 0.234, "5": 0.2, "6": 0.313, "7": 0.2, "8": 0.4, "9": 0.267, "10": 0.2, "mean": 0.265, "standard-deviation": 0.067}, "3.0": {"1": 0.133, "2": 0.2, "3": 0.18, "4": 0.2, "5": 0.133, "6": 0.2, "7": 0.333, "8": 0.267, "9": 0.333, "10": 0.2, "mean": 0.218, "standard-deviation": 0.068}, "4.0": {"1": 0.267, "2": 0.2, "3": 0.133, "4": 0.234, "5": 0.18, "6": 0.2, "7": 0.133, "8": 0.267, "9": 0.267, "10": 0.133, "mean": 0.201, "standard-deviation": 0.053}, "5.0": {"1": 0.2, "2": 0.267, "3": 0.2, "4": 0.167, "5": 0.167, "6": 0.333, "7": 0.38, "8": 0.133, "9": 0.267, "10": 0.113, "mean": 0.223, "standard-deviation": 0.083}, "6.0": {"1": 0.18, "2": 0.133, "3": 0.133, "4": 0.1, "5": 0.133, "6": 0.133, "7": 0.167, "8": 0.1, "9": 0.133, "10": 0.267, "mean": 0.148, "standard-deviation": 0.046}, "7.0": {"1": 0.133, "2": 0.113, "3": 0.133, "4": 0.133, "5": 0.133, "6": 0.133, "7": 0.113, "8": 0.067, "9": 0.4, "10": 0.133, "mean": 0.149, "standard-deviation": 0.086}, "8.0": {"1": 0.113, "2": 0.2, "3": 0.067, "4": 0.247, "5": 0.133, "6": 0.247, "7": 0.133, "8": 0.167, "9": 0.2, "10": 0.1, "mean": 0.161, "standard-deviation": 0.059}, "9.0": {"1": 0.2, "2": 0.167, "3": 0.133, "4": 0.18, "5": 0.2, "6": 0.2, "7": 0.133, "8": 0.067, "9": 0.2, "10": 0.133, "mean": 0.161, "standard-deviation": 0.042}, "10.0": {"1": 0.2, "2": 0.267, "3": 0.2, "4": 0.133, "5": 0.234, "6": 0.267, "7": 0.133, "8": 0.333, "9": 0.167, "10": 0.2, "mean": 0.213, "standard-deviation": 0.06}, "11.0": {"1": 0.313, "2": 0.093, "3": 0.133, "4": 0.133, "5": 0.18, "6": 0.133, "7": 0.247, "8": 0.133, "9": 0.167, "10": 0.2, "mean": 0.173, "standard-deviation": 0.062}, "12.0": {"1": 0.133, "2": 0.133, "3": 0.133, "4": 0.133, "5": 0.133, "6": 0.133, "7": 0.133, "8": 0.133, "9": 0.133, "10": 0.067, "mean": 0.126, "standard-deviation": 0.02}, "13.0": {"1": 0.247, "2": 0.067, "3": 0.133, "4": 0.2, "5": 0.167, "6": 0.2, "7": 0.18, "8": 0.133, "9": 0.067, "10": 0.153, "mean": 0.155, "standard-deviation": 0.055}, "14.0": {"1": 0.16, "2": 0.2, "3": 0.133, "4": 0.133, "5": 0.133, "6": 0.18, "7": 0.16, "8": 0.2, "9": 0.1, "10": 0.067, "mean": 0.147, "standard-deviation": 0.04}, "15.0": {"1": 0.067, "2": 0.133, "3": 0.2, "4": 0.267, "5": 0.133, "6": 0.133, "7": 0.133, "8": 0.133, "9": 0.267, "10": 0.1, "mean": 0.157, "standard-deviation": 0.063}}