{"0.0": {"mean": 0.887, "standard-deviation": 0.0, "1": 0.96, "2": 0.96, "3": 0.96, "4": 0.96, "5": 0.96, "6": 0.96, "7": 0.96, "8": 0.96, "9": 0.96, "10": 0.96}, "0.1": {"1": 0.893, "2": 0.873, "3": 0.76, "4": 0.913, "5": 0.84, "6": 0.873, "7": 0.893, "8": 0.867, "9": 0.893, "10": 0.847, "mean": 0.865, "standard-deviation": 0.041}, "0.2": {"1": 0.673, "2": 0.827, "3": 0.74, "4": 0.753, "5": 0.767, "6": 0.807, "7": 0.833, "8": 0.72, "9": 0.78, "10": 0.833, "mean": 0.773, "standard-deviation": 0.051}, "0.3": {"1": 0.68, "2": 0.74, "3": 0.76, "4": 0.807, "5": 0.74, "6": 0.76, "7": 0.853, "8": 0.673, "9": 0.687, "10": 0.733, "mean": 0.743, "standard-deviation": 0.054}, "0.4": {"1": 0.74, "2": 0.727, "3": 0.76, "4": 0.713, "5": 0.734, "6": 0.74, "7": 0.72, "8": 0.693, "9": 0.68, "10": 0.747, "mean": 0.725, "standard-deviation": 0.023}, "0.5": {"1": 0.513, "2": 0.633, "3": 0.607, "4": 0.567, "5": 0.7, "6": 0.587, "7": 0.78, "8": 0.68, "9": 0.567, "10": 0.693, "mean": 0.633, "standard-deviation": 0.076}, "0.6": {"1": 0.647, "2": 0.66, "3": 0.673, "4": 0.72, "5": 0.627, "6": 0.7, "7": 0.613, "8": 0.587, "9": 0.613, "10": 0.673, "mean": 0.651, "standard-deviation": 0.04}, "0.7": {"1": 0.647, "2": 0.673, "3": 0.607, "4": 0.713, "5": 0.533, "6": 0.667, "7": 0.587, "8": 0.633, "9": 0.52, "10": 0.533, "mean": 0.611, "standard-deviation": 0.063}, "0.8": {"1": 0.613, "2": 0.587, "3": 0.587, "4": 0.7, "5": 0.453, "6": 0.54, "7": 0.627, "8": 0.547, "9": 0.493, "10": 0.587, "mean": 0.573, "standard-deviation": 0.066}, "0.9": {"1": 0.467, "2": 0.453, "3": 0.507, "4": 0.573, "5": 0.547, "6": 0.453, "7": 0.407, "8": 0.6, "9": 0.473, "10": 0.54, "mean": 0.502, "standard-deviation": 0.058}, "1.0": {"1": 0.547, "2": 0.513, "3": 0.334, "4": 0.433, "5": 0.367, "6": 0.54, "7": 0.647, "8": 0.5, "9": 0.493, "10": 0.447, "mean": 0.482, "standard-deviation": 0.087}, "2.0": {"1": 0.267, "2": 0.3, "3": 0.34, "4": 0.267, "5": 0.467, "6": 0.347, "7": 0.234, "8": 0.367, "9": 0.32, "10": 0.227, "mean": 0.314, "standard-deviation": 0.068}, "3.0": {"1": 0.187, "2": 0.273, "3": 0.187, "4": 0.227, "5": 0.18, "6": 0.247, "7": 0.14, "8": 0.36, "9": 0.233, "10": 0.293, "mean": 0.233, "standard-deviation": 0.061}, "4.0": {"1": 0.167, "2": 0.1, "3": 0.16, "4": 0.2, "5": 0.2, "6": 0.16, "7": 0.207, "8": 0.134, "9": 0.1, "10": 0.133, "mean": 0.156, "standard-deviation": 0.037}, "5.0": {"1": 0.253, "2": 0.267, "3": 0.16, "4": 0.16, "5": 0.2, "6": 0.2, "7": 0.2, "8": 0.18, "9": 0.227, "10": 0.227, "mean": 0.207, "standard-deviation": 0.034}, "6.0": {"1": 0.16, "2": 0.134, "3": 0.134, "4": 0.167, "5": 0.133, "6": 0.167, "7": 0.167, "8": 0.153, "9": 0.3, "10": 0.16, "mean": 0.168, "standard-deviation": 0.046}, "7.0": {"1": 0.133, "2": 0.134, "3": 0.18, "4": 0.16, "5": 0.16, "6": 0.1, "7": 0.167, "8": 0.14, "9": 0.234, "10": 0.1, "mean": 0.151, "standard-deviation": 0.038}, "8.0": {"1": 0.067, "2": 0.14, "3": 0.187, "4": 0.2, "5": 0.234, "6": 0.1, "7": 0.134, "8": 0.134, "9": 0.173, "10": 0.1, "mean": 0.147, "standard-deviation": 0.049}, "9.0": {"1": 0.113, "2": 0.067, "3": 0.134, "4": 0.1, "5": 0.227, "6": 0.113, "7": 0.113, "8": 0.14, "9": 0.18, "10": 0.253, "mean": 0.144, "standard-deviation": 0.056}, "10.0": {"1": 0.153, "2": 0.134, "3": 0.134, "4": 0.067, "5": 0.1, "6": 0.16, "7": 0.167, "8": 0.14, "9": 0.133, "10": 0.113, "mean": 0.13, "standard-deviation": 0.028}, "11.0": {"1": 0.113, "2": 0.247, "3": 0.167, "4": 0.207, "5": 0.134, "6": 0.133, "7": 0.14, "8": 0.16, "9": 0.067, "10": 0.134, "mean": 0.15, "standard-deviation": 0.047}, "12.0": {"1": 0.134, "2": 0.134, "3": 0.134, "4": 0.16, "5": 0.1, "6": 0.207, "7": 0.2, "8": 0.134, "9": 0.134, "10": 0.18, "mean": 0.152, "standard-deviation": 0.032}, "13.0": {"1": 0.133, "2": 0.134, "3": 0.14, "4": 0.167, "5": 0.133, "6": 0.2, "7": 0.14, "8": 0.2, "9": 0.18, "10": 0.2, "mean": 0.163, "standard-deviation": 0.028}, "14.0": {"1": 0.2, "2": 0.047, "3": 0.2, "4": 0.167, "5": 0.1, "6": 0.167, "7": 0.113, "8": 0.133, "9": 0.1, "10": 0.187, "mean": 0.141, "standard-deviation": 0.048}, "15.0": {"1": 0.16, "2": 0.1, "3": 0.133, "4": 0.227, "5": 0.14, "6": 0.16, "7": 0.2, "8": 0.1, "9": 0.14, "10": 0.133, "mean": 0.149, "standard-deviation": 0.038}}