{"0.0": {"mean": 1.0, "standard-deviation": 0.0, "1": 1.0, "2": 1.0, "3": 1.0, "4": 1.0, "5": 1.0, "6": 1.0, "7": 1.0, "8": 1.0, "9": 1.0, "10": 1.0}, "0.1": {"1": 0.887, "2": 0.933, "3": 0.867, "4": 0.867, "5": 0.913, "6": 0.867, "7": 0.933, "8": 0.867, "9": 0.867, "10": 0.867, "mean": 0.887, "standard-deviation": 0.027}, "0.2": {"1": 0.8, "2": 0.847, "3": 0.867, "4": 0.867, "5": 0.8, "6": 0.887, "7": 0.82, "8": 0.867, "9": 0.8, "10": 0.867, "mean": 0.842, "standard-deviation": 0.032}, "0.3": {"1": 0.82, "2": 0.867, "3": 0.8, "4": 0.8, "5": 0.8, "6": 0.867, "7": 0.733, "8": 0.8, "9": 0.8, "10": 0.8, "mean": 0.809, "standard-deviation": 0.036}, "0.4": {"1": 0.753, "2": 0.667, "3": 0.8, "4": 0.8, "5": 0.733, "6": 0.733, "7": 0.8, "8": 0.8, "9": 0.733, "10": 0.8, "mean": 0.762, "standard-deviation": 0.043}, "0.5": {"1": 0.753, "2": 0.78, "3": 0.733, "4": 0.667, "5": 0.733, "6": 0.64, "7": 0.713, "8": 0.713, "9": 0.647, "10": 0.667, "mean": 0.705, "standard-deviation": 0.045}, "0.6": {"1": 0.467, "2": 0.533, "3": 0.6, "4": 0.533, "5": 0.533, "6": 0.647, "7": 0.667, "8": 0.62, "9": 0.62, "10": 0.76, "mean": 0.598, "standard-deviation": 0.08}, "0.7": {"1": 0.6, "2": 0.58, "3": 0.507, "4": 0.58, "5": 0.56, "6": 0.667, "7": 0.647, "8": 0.553, "9": 0.58, "10": 0.553, "mean": 0.583, "standard-deviation": 0.044}, "0.8": {"1": 0.513, "2": 0.6, "3": 0.427, "4": 0.6, "5": 0.58, "6": 0.6, "7": 0.6, "8": 0.513, "9": 0.507, "10": 0.627, "mean": 0.557, "standard-deviation": 0.06}, "0.9": {"1": 0.58, "2": 0.447, "3": 0.547, "4": 0.513, "5": 0.56, "6": 0.513, "7": 0.58, "8": 0.487, "9": 0.6, "10": 0.513, "mean": 0.534, "standard-deviation": 0.045}, "1.0": {"1": 0.56, "2": 0.533, "3": 0.58, "4": 0.56, "5": 0.573, "6": 0.56, "7": 0.56, "8": 0.46, "9": 0.687, "10": 0.533, "mean": 0.561, "standard-deviation": 0.053}, "2.0": {"1": 0.387, "2": 0.36, "3": 0.407, "4": 0.467, "5": 0.34, "6": 0.453, "7": 0.447, "8": 0.453, "9": 0.36, "10": 0.387, "mean": 0.406, "standard-deviation": 0.044}, "3.0": {"1": 0.367, "2": 0.453, "3": 0.427, "4": 0.433, "5": 0.313, "6": 0.313, "7": 0.493, "8": 0.427, "9": 0.473, "10": 0.387, "mean": 0.409, "standard-deviation": 0.059}, "4.0": {"1": 0.453, "2": 0.293, "3": 0.293, "4": 0.313, "5": 0.387, "6": 0.367, "7": 0.32, "8": 0.387, "9": 0.293, "10": 0.427, "mean": 0.353, "standard-deviation": 0.056}, "5.0": {"1": 0.367, "2": 0.293, "3": 0.293, "4": 0.36, "5": 0.247, "6": 0.34, "7": 0.387, "8": 0.293, "9": 0.3, "10": 0.293, "mean": 0.317, "standard-deviation": 0.042}, "6.0": {"1": 0.247, "2": 0.18, "3": 0.207, "4": 0.227, "5": 0.32, "6": 0.36, "7": 0.22, "8": 0.207, "9": 0.247, "10": 0.273, "mean": 0.249, "standard-deviation": 0.052}, "7.0": {"1": 0.273, "2": 0.2, "3": 0.293, "4": 0.273, "5": 0.36, "6": 0.34, "7": 0.247, "8": 0.293, "9": 0.293, "10": 0.273, "mean": 0.284, "standard-deviation": 0.042}, "8.0": {"1": 0.253, "2": 0.227, "3": 0.227, "4": 0.273, "5": 0.273, "6": 0.273, "7": 0.207, "8": 0.253, "9": 0.233, "10": 0.227, "mean": 0.245, "standard-deviation": 0.022}, "9.0": {"1": 0.227, "2": 0.16, "3": 0.3, "4": 0.18, "5": 0.18, "6": 0.207, "7": 0.273, "8": 0.16, "9": 0.293, "10": 0.32, "mean": 0.23, "standard-deviation": 0.058}, "10.0": {"1": 0.207, "2": 0.273, "3": 0.227, "4": 0.253, "5": 0.207, "6": 0.16, "7": 0.227, "8": 0.227, "9": 0.207, "10": 0.2, "mean": 0.219, "standard-deviation": 0.029}, "11.0": {"1": 0.253, "2": 0.18, "3": 0.247, "4": 0.207, "5": 0.18, "6": 0.207, "7": 0.18, "8": 0.207, "9": 0.18, "10": 0.207, "mean": 0.205, "standard-deviation": 0.026}, "12.0": {"1": 0.187, "2": 0.253, "3": 0.18, "4": 0.207, "5": 0.18, "6": 0.227, "7": 0.16, "8": 0.113, "9": 0.133, "10": 0.167, "mean": 0.181, "standard-deviation": 0.039}, "13.0": {"1": 0.16, "2": 0.207, "3": 0.18, "4": 0.253, "5": 0.167, "6": 0.227, "7": 0.16, "8": 0.16, "9": 0.227, "10": 0.2, "mean": 0.194, "standard-deviation": 0.032}, "14.0": {"1": 0.134, "2": 0.16, "3": 0.167, "4": 0.16, "5": 0.207, "6": 0.207, "7": 0.16, "8": 0.2, "9": 0.18, "10": 0.16, "mean": 0.173, "standard-deviation": 0.023}, "15.0": {"1": 0.133, "2": 0.167, "3": 0.207, "4": 0.187, "5": 0.14, "6": 0.113, "7": 0.16, "8": 0.14, "9": 0.16, "10": 0.2, "mean": 0.161, "standard-deviation": 0.029}}