{"rank": {"bvp": [0, 11, 10, 7, 7, 5, 1, 5, 0, 4, 10, 6, 1, 1, 1], "eda": [9, 8, 10, 10, 6, 12, 7, 13, 4, 9, 7, 8, 0, 12, 5], "temp": [7, 5, 3, 13, 3, 14, 0, 7, 7, 4, 13, 0, 13, 4, 10], "acc": [13, 4, 4, 4, 9, 13, 4, 8, 1, 12, 6, 9, 9, 0, 2], "bvp+eda": [3, 11, 12, 9, 5, 9, 3, 10, 1, 5, 9, 8, 0, 5, 2], "bvp+temp": [2, 10, 6, 12, 4, 12, 0, 6, 2, 2, 14, 1, 7, 1, 5], "bvp+acc": [5, 9, 6, 4, 10, 12, 0, 6, 0, 9, 10, 9, 3, 1, 0], "eda+temp": [9, 5, 5, 14, 3, 14, 2, 12, 6, 5, 13, 0, 4, 10, 8], "eda+acc": [13, 5, 8, 8, 9, 14, 5, 12, 1, 12, 6, 9, 2, 5, 2], "temp+acc": [11, 4, 4, 8, 8, 14, 0, 9, 3, 10, 11, 3, 12, 1, 6], "bvp+eda+temp": [3, 9, 9, 13, 3, 14, 0, 10, 1, 5, 12, 2, 3, 5, 4], "bvp+eda+acc": [8, 9, 9, 6, 5, 14, 2, 11, 0, 10, 9, 10, 1, 2, 0], "bvp+temp+acc": [7, 7, 6, 8, 5, 14, 0, 7, 1, 8, 12, 2, 9, 0, 2], "eda+temp+acc": [13, 5, 7, 11, 5, 14, 1, 12, 1, 11, 12, 4, 7, 2, 6], "bvp+eda+temp+acc": [7, 8, 6, 10, 4, 14, 0, 10, 0, 8, 13, 3, 4, 2, 1]}, "score": {"bvp": [0, 11, 10, 7, 7, 5, 1, 5, 0, 4, 10, 6, 1, 1, 1], "eda": [9, 8, 10, 10, 6, 12, 7, 13, 4, 9, 7, 8, 0, 12, 5], "temp": [7, 5, 3, 13, 3, 14, 0, 7, 7, 4, 13, 0, 13, 4, 10], "acc": [13, 4, 4, 4, 9, 13, 4, 8, 1, 12, 6, 9, 9, 0, 2], "bvp+eda": [3, 10, 11, 8, 5, 8, 2, 9, 1, 5, 8, 7, 0, 5, 2], "bvp+temp": [3, 10, 6, 11, 4, 12, 0, 6, 1, 2, 12, 0, 6, 2, 4], "bvp+acc": [5, 9, 8, 4, 7, 10, 0, 4, 0, 9, 11, 5, 3, 0, 1], "eda+temp": [9, 9, 7, 13, 3, 14, 1, 11, 4, 7, 13, 0, 2, 9, 6], "eda+acc": [12, 7, 10, 12, 6, 14, 5, 13, 2, 12, 7, 11, 0, 7, 1], "temp+acc": [10, 6, 5, 10, 5, 14, 0, 8, 5, 10, 11, 0, 12, 2, 7], "bvp+eda+temp": [4, 9, 7, 12, 3, 13, 0, 8, 2, 5, 12, 0, 1, 5, 4], "bvp+eda+acc": [5, 9, 9, 8, 6, 11, 2, 11, 1, 10, 7, 7, 0, 4, 0], "bvp+temp+acc": [6, 7, 6, 8, 4, 12, 0, 5, 1, 7, 12, 0, 9, 0, 3], "eda+temp+acc": [12, 8, 6, 13, 4, 14, 0, 12, 2, 11, 12, 0, 5, 4, 4], "bvp+eda+temp+acc": [5, 10, 7, 11, 3, 13, 0, 10, 1, 9, 12, 1, 2, 2, 2]}}