{"rank": {"bvp": [0, 11, 7, 6, 2, 4, 1, 4, 0, 3, 6, 5, 2, 0, 1], "eda": [6, 14, 10, 7, 8, 8, 5, 12, 1, 1, 12, 2, 1, 11, 6], "temp": [4, 6, 4, 13, 3, 14, 0, 9, 7, 8, 13, 0, 0, 4, 0], "acc": [10, 5, 4, 2, 9, 11, 3, 12, 6, 13, 6, 11, 7, 0, 2], "bvp+eda": [3, 13, 8, 6, 4, 4, 1, 9, 0, 1, 11, 4, 1, 5, 3], "bvp+temp": [2, 10, 5, 12, 0, 11, 0, 6, 2, 5, 11, 0, 0, 1, 0], "bvp+acc": [2, 8, 5, 3, 5, 9, 0, 11, 0, 9, 6, 9, 2, 0, 0], "eda+temp": [4, 12, 7, 12, 5, 13, 1, 11, 3, 4, 14, 0, 0, 10, 2], "eda+acc": [10, 12, 7, 2, 9, 12, 2, 13, 1, 8, 12, 4, 2, 5, 1], "temp+acc": [8, 7, 4, 9, 7, 14, 1, 12, 6, 12, 12, 7, 3, 1, 0], "bvp+eda+temp": [3, 13, 8, 11, 3, 12, 0, 8, 1, 3, 12, 0, 0, 2, 1], "bvp+eda+acc": [2, 12, 7, 4, 3, 9, 1, 13, 0, 4, 10, 5, 0, 2, 0], "bvp+temp+acc": [3, 8, 3, 6, 4, 12, 0, 10, 2, 9, 9, 4, 1, 0, 0], "eda+temp+acc": [6, 10, 5, 9, 7, 13, 0, 13, 3, 7, 14, 1, 1, 2, 1], "bvp+eda+temp+acc": [4, 12, 5, 8, 4, 12, 0, 12, 1, 5, 12, 1, 0, 2, 0]}, "score": {"bvp": [0, 11, 7, 6, 2, 4, 1, 4, 0, 3, 6, 5, 2, 0, 1], "eda": [6, 14, 10, 7, 8, 8, 5, 12, 1, 1, 12, 2, 1, 11, 6], "temp": [4, 6, 4, 13, 3, 14, 0, 9, 7, 8, 13, 0, 0, 4, 0], "acc": [10, 5, 4, 2, 9, 11, 3, 12, 6, 13, 6, 11, 7, 0, 2], "bvp+eda": [2, 12, 9, 5, 3, 5, 1, 5, 0, 2, 7, 3, 0, 4, 2], "bvp+temp": [2, 9, 6, 11, 2, 12, 0, 5, 1, 3, 9, 0, 0, 1, 0], "bvp+acc": [1, 11, 8, 4, 3, 6, 0, 7, 0, 9, 7, 6, 1, 0, 0], "eda+temp": [4, 10, 8, 12, 3, 14, 0, 10, 3, 5, 13, 0, 0, 9, 3], "eda+acc": [11, 13, 10, 5, 7, 10, 1, 13, 0, 10, 9, 3, 4, 6, 2], "temp+acc": [8, 7, 4, 10, 5, 14, 0, 11, 6, 13, 13, 0, 1, 3, 1], "bvp+eda+temp": [3, 12, 8, 10, 3, 11, 0, 6, 1, 4, 10, 0, 0, 2, 1], "bvp+eda+acc": [2, 12, 11, 4, 2, 6, 0, 9, 0, 4, 8, 4, 0, 2, 0], "bvp+temp+acc": [1, 8, 8, 7, 2, 12, 0, 8, 1, 8, 8, 0, 0, 1, 0], "eda+temp+acc": [7, 10, 5, 11, 5, 14, 0, 12, 2, 8, 13, 0, 0, 5, 1], "bvp+eda+temp+acc": [3, 11, 9, 9, 2, 12, 0, 9, 0, 5, 9, 0, 0, 2, 0]}}