{"rank": {"bvp": [1, 12, 8, 9, 7, 5, 1, 4, 0, 3, 8, 6, 0, 1, 1], "eda": [7, 11, 5, 10, 5, 12, 7, 12, 3, 3, 8, 3, 0, 8, 6], "temp": [9, 6, 3, 6, 2, 14, 0, 3, 4, 8, 13, 1, 12, 6, 12], "acc": [13, 2, 5, 4, 10, 13, 2, 8, 3, 12, 6, 10, 10, 0, 2], "bvp+eda": [2, 14, 6, 12, 6, 8, 3, 8, 1, 2, 9, 1, 0, 4, 4], "bvp+temp": [4, 11, 5, 9, 3, 12, 0, 2, 1, 6, 11, 3, 6, 2, 5], "bvp+acc": [5, 8, 5, 5, 9, 11, 0, 5, 0, 9, 9, 8, 4, 0, 0], "eda+temp": [9, 9, 2, 10, 2, 14, 2, 10, 2, 6, 12, 1, 5, 8, 9], "eda+acc": [11, 5, 3, 8, 8, 14, 2, 13, 0, 10, 9, 7, 4, 2, 2], "temp+acc": [12, 2, 3, 4, 7, 14, 0, 6, 3, 10, 12, 6, 13, 3, 7], "bvp+eda+temp": [6, 12, 3, 10, 3, 13, 0, 6, 0, 3, 12, 1, 2, 3, 6], "bvp+eda+acc": [6, 10, 4, 10, 5, 14, 1, 9, 0, 4, 7, 3, 1, 1, 1], "bvp+temp+acc": [10, 7, 3, 6, 5, 14, 0, 3, 0, 10, 12, 5, 9, 0, 2], "eda+temp+acc": [12, 6, 1, 7, 4, 14, 0, 9, 0, 10, 12, 5, 7, 3, 8], "bvp+eda+temp+acc": [10, 10, 3, 7, 3, 14, 0, 7, 0, 4, 12, 3, 5, 2, 2]}, "score": {"bvp": [1, 12, 8, 9, 7, 5, 1, 4, 0, 3, 8, 6, 0, 1, 1], "eda": [7, 11, 5, 10, 5, 12, 7, 12, 3, 3, 8, 3, 0, 8, 6], "temp": [9, 6, 3, 6, 2, 14, 0, 3, 4, 8, 13, 1, 12, 6, 12], "acc": [13, 2, 5, 4, 10, 13, 2, 8, 3, 12, 6, 10, 10, 0, 2], "bvp+eda": [3, 13, 7, 10, 5, 8, 2, 9, 1, 2, 8, 2, 0, 5, 3], "bvp+temp": [5, 8, 4, 8, 4, 12, 0, 1, 2, 4, 11, 1, 6, 2, 5], "bvp+acc": [4, 9, 8, 6, 7, 10, 0, 5, 0, 8, 10, 7, 3, 0, 0], "eda+temp": [7, 11, 2, 11, 2, 14, 1, 10, 4, 4, 12, 2, 2, 8, 8], "eda+acc": [11, 12, 2, 12, 6, 14, 6, 13, 1, 7, 8, 7, 0, 3, 3], "temp+acc": [11, 4, 4, 5, 6, 14, 0, 5, 6, 10, 12, 3, 12, 4, 7], "bvp+eda+temp": [4, 10, 3, 10, 3, 13, 0, 8, 2, 1, 11, 1, 1, 3, 5], "bvp+eda+acc": [5, 11, 5, 10, 6, 11, 1, 10, 1, 3, 8, 2, 0, 1, 0], "bvp+temp+acc": [8, 7, 5, 7, 4, 13, 0, 1, 1, 9, 12, 2, 10, 0, 1], "eda+temp+acc": [11, 8, 2, 11, 4, 14, 0, 11, 4, 6, 12, 2, 3, 3, 7], "bvp+eda+temp+acc": [7, 10, 4, 10, 4, 13, 0, 7, 1, 4, 12, 3, 2, 1, 4]}}