{"rank": {"bvp": [0, 10, 7, 6, 2, 5, 1, 4, 0, 2, 8, 5, 2, 0, 1], "eda": [6, 13, 5, 10, 6, 12, 6, 12, 2, 1, 12, 1, 0, 11, 6], "temp": [3, 8, 3, 13, 2, 14, 1, 9, 7, 8, 13, 0, 0, 5, 0], "acc": [12, 4, 6, 2, 9, 10, 3, 8, 6, 12, 6, 11, 7, 2, 2], "bvp+eda": [2, 14, 7, 9, 3, 9, 2, 8, 0, 1, 12, 2, 0, 4, 2], "bvp+temp": [2, 11, 5, 12, 0, 12, 0, 6, 3, 3, 10, 0, 0, 1, 0], "bvp+acc": [5, 8, 6, 3, 5, 10, 0, 5, 0, 7, 8, 8, 2, 1, 0], "eda+temp": [3, 12, 2, 13, 2, 14, 2, 11, 3, 4, 13, 0, 0, 10, 2], "eda+acc": [12, 10, 5, 6, 9, 13, 2, 13, 1, 5, 13, 4, 2, 5, 1], "temp+acc": [9, 8, 4, 8, 5, 13, 2, 9, 6, 12, 13, 6, 3, 4, 0], "bvp+eda+temp": [2, 13, 3, 13, 1, 13, 0, 8, 1, 4, 12, 0, 0, 2, 1], "bvp+eda+acc": [4, 11, 6, 4, 2, 12, 0, 9, 0, 3, 13, 4, 1, 2, 0], "bvp+temp+acc": [3, 8, 4, 6, 2, 12, 0, 8, 2, 8, 11, 4, 1, 0, 0], "eda+temp+acc": [6, 10, 3, 10, 4, 14, 0, 12, 3, 9, 13, 1, 0, 5, 1], "bvp+eda+temp+acc": [3, 11, 3, 10, 2, 14, 0, 10, 1, 6, 13, 1, 0, 2, 0]}, "score": {"bvp": [0, 10, 7, 6, 2, 5, 1, 4, 0, 2, 8, 5, 2, 0, 1], "eda": [6, 13, 5, 10, 6, 12, 6, 12, 2, 1, 12, 1, 0, 11, 6], "temp": [3, 8, 3, 13, 2, 14, 1, 9, 7, 8, 13, 0, 0, 5, 0], "acc": [12, 4, 6, 2, 9, 10, 3, 8, 6, 12, 6, 11, 7, 2, 2], "bvp+eda": [1, 12, 7, 7, 3, 7, 2, 6, 0, 2, 10, 1, 0, 4, 2], "bvp+temp": [1, 9, 6, 11, 2, 12, 0, 5, 2, 3, 9, 0, 0, 1, 0], "bvp+acc": [1, 9, 8, 4, 3, 6, 0, 6, 0, 6, 7, 6, 2, 0, 0], "eda+temp": [3, 11, 2, 13, 3, 14, 1, 11, 4, 4, 12, 0, 0, 9, 3], "eda+acc": [10, 12, 4, 6, 6, 12, 5, 13, 0, 7, 13, 2, 0, 5, 2], "temp+acc": [8, 7, 6, 9, 4, 14, 1, 10, 6, 13, 12, 1, 1, 4, 0], "bvp+eda+temp": [2, 11, 4, 11, 2, 11, 0, 7, 1, 4, 10, 0, 0, 2, 1], "bvp+eda+acc": [2, 12, 8, 4, 2, 8, 2, 6, 0, 3, 9, 1, 0, 2, 0], "bvp+temp+acc": [1, 8, 6, 7, 2, 12, 0, 7, 2, 8, 11, 0, 0, 1, 0], "eda+temp+acc": [6, 11, 3, 12, 5, 14, 0, 12, 4, 9, 13, 0, 0, 4, 1], "bvp+eda+temp+acc": [2, 11, 5, 11, 2, 12, 0, 9, 0, 5, 11, 0, 0, 2, 0]}}