{"1001": {"1001": {"mean": {"pca-1": 2.8425}, "min": {"pca-1": 2.6028}}, "1002": {"mean": {"pca-1": 2.3176}, "min": {"pca-1": 2.1276}}, "1003": {"mean": {"pca-1": 2.3525}, "min": {"pca-1": 2.2452}}, "1004": {"mean": {"pca-1": 2.8355}, "min": {"pca-1": 2.7762}}, "1005": {"mean": {"pca-1": 2.0174}, "min": {"pca-1": 1.7098}}, "1006": {"mean": {"pca-1": 2.1435}, "min": {"pca-1": 2.0031}}, "1007": {"mean": {"pca-1": 2.323}, "min": {"pca-1": 2.0899}}, "1008": {"mean": {"pca-1": 2.4639}, "min": {"pca-1": 2.13}}, "1009": {"mean": {"pca-1": 2.5413}, "min": {"pca-1": 2.3439}}, "1010": {"mean": {"pca-1": 2.3396}, "min": {"pca-1": 2.1058}}, "1011": {"mean": {"pca-1": 2.1223}, "min": {"pca-1": 1.81}}, "1012": {"mean": {"pca-1": 2.3525}, "min": {"pca-1": 2.2425}}, "1013": {"mean": {"pca-1": 2.2674}, "min": {"pca-1": 2.1289}}, "1014": {"mean": {"pca-1": 1.8919}, "min": {"pca-1": 1.6799}}, "1015": {"mean": {"pca-1": 2.5988}, "min": {"pca-1": 2.3736}}}, "1002": {"1001": {"mean": {"pca-1": 2.5735}, "min": {"pca-1": 2.335}}, "1002": {"mean": {"pca-1": 2.1738}, "min": {"pca-1": 1.9471}}, "1003": {"mean": {"pca-1": 2.0526}, "min": {"pca-1": 1.8405}}, "1004": {"mean": {"pca-1": 2.5051}, "min": {"pca-1": 2.2642}}, "1005": {"mean": {"pca-1": 1.7838}, "min": {"pca-1": 1.5578}}, "1006": {"mean": {"pca-1": 2.021}, "min": {"pca-1": 2.0061}}, "1007": {"mean": {"pca-1": 2.1629}, "min": {"pca-1": 1.8006}}, "1008": {"mean": {"pca-1": 2.1174}, "min": {"pca-1": 1.7776}}, "1009": {"mean": {"pca-1": 2.2185}, "min": {"pca-1": 2.1269}}, "1010": {"mean": {"pca-1": 2.2345}, "min": {"pca-1": 2.1277}}, "1011": {"mean": {"pca-1": 1.8461}, "min": {"pca-1": 1.4922}}, "1012": {"mean": {"pca-1": 2.1491}, "min": {"pca-1": 2.018}}, "1013": {"mean": {"pca-1": 2.2173}, "min": {"pca-1": 2.1677}}, "1014": {"mean": {"pca-1": 1.7652}, "min": {"pca-1": 1.6857}}, "1015": {"mean": {"pca-1": 2.3091}, "min": {"pca-1": 2.0507}}}, "1003": {"1001": {"mean": {"pca-1": 2.3948}, "min": {"pca-1": 2.1265}}, "1002": {"mean": {"pca-1": 2.1723}, "min": {"pca-1": 1.945}}, "1003": {"mean": {"pca-1": 2.0326}, "min": {"pca-1": 1.7665}}, "1004": {"mean": {"pca-1": 2.4325}, "min": {"pca-1": 2.2002}}, "1005": {"mean": {"pca-1": 2.0447}, "min": {"pca-1": 1.9131}}, "1006": {"mean": {"pca-1": 2.1593}, "min": {"pca-1": 2.0013}}, "1007": {"mean": {"pca-1": 2.1518}, "min": {"pca-1": 1.7726}}, "1008": {"mean": {"pca-1": 2.5381}, "min": {"pca-1": 2.3165}}, "1009": {"mean": {"pca-1": 2.2099}, "min": {"pca-1": 1.9661}}, "1010": {"mean": {"pca-1": 2.4822}, "min": {"pca-1": 2.2346}}, "1011": {"mean": {"pca-1": 2.1991}, "min": {"pca-1": 2.0323}}, "1012": {"mean": {"pca-1": 2.2582}, "min": {"pca-1": 2.193}}, "1013": {"mean": {"pca-1": 2.3179}, "min": {"pca-1": 2.2086}}, "1014": {"mean": {"pca-1": 1.9758}, "min": {"pca-1": 1.7353}}, "1015": {"mean": {"pca-1": 2.5679}, "min": {"pca-1": 2.5018}}}, "1004": {"1001": {"mean": {"pca-1": 2.5432}, "min": {"pca-1": 2.4526}}, "1002": {"mean": {"pca-1": 2.1442}, "min": {"pca-1": 2.0634}}, "1003": {"mean": {"pca-1": 2.0458}, "min": {"pca-1": 2.0147}}, "1004": {"mean": {"pca-1": 2.5336}, "min": {"pca-1": 2.4402}}, "1005": {"mean": {"pca-1": 1.9135}, "min": {"pca-1": 1.5774}}, "1006": {"mean": {"pca-1": 2.0747}, "min": {"pca-1": 1.8862}}, "1007": {"mean": {"pca-1": 2.0299}, "min": {"pca-1": 1.8791}}, "1008": {"mean": {"pca-1": 2.3897}, "min": {"pca-1": 1.947}}, "1009": {"mean": {"pca-1": 2.2864}, "min": {"pca-1": 2.1605}}, "1010": {"mean": {"pca-1": 2.3248}, "min": {"pca-1": 1.931}}, "1011": {"mean": {"pca-1": 1.9761}, "min": {"pca-1": 1.5072}}, "1012": {"mean": {"pca-1": 2.2217}, "min": {"pca-1": 2.1042}}, "1013": {"mean": {"pca-1": 2.2405}, "min": {"pca-1": 2.027}}, "1014": {"mean": {"pca-1": 1.8797}, "min": {"pca-1": 1.6967}}, "1015": {"mean": {"pca-1": 2.4015}, "min": {"pca-1": 2.1055}}}, "1005": {"1001": {"mean": {"pca-1": 2.5933}, "min": {"pca-1": 2.4501}}, "1002": {"mean": {"pca-1": 2.3849}, "min": {"pca-1": 2.2224}}, "1003": {"mean": {"pca-1": 2.2246}, "min": {"pca-1": 2.1393}}, "1004": {"mean": {"pca-1": 2.6197}, "min": {"pca-1": 2.5702}}, "1005": {"mean": {"pca-1": 2.1234}, "min": {"pca-1": 1.6188}}, "1006": {"mean": {"pca-1": 2.3282}, "min": {"pca-1": 2.0378}}, "1007": {"mean": {"pca-1": 2.3949}, "min": {"pca-1": 2.1792}}, "1008": {"mean": {"pca-1": 2.6077}, "min": {"pca-1": 2.0123}}, "1009": {"mean": {"pca-1": 2.3079}, "min": {"pca-1": 2.2057}}, "1010": {"mean": {"pca-1": 2.6106}, "min": {"pca-1": 2.1901}}, "1011": {"mean": {"pca-1": 2.2428}, "min": {"pca-1": 1.6317}}, "1012": {"mean": {"pca-1": 2.3039}, "min": {"pca-1": 1.9952}}, "1013": {"mean": {"pca-1": 2.4708}, "min": {"pca-1": 2.2414}}, "1014": {"mean": {"pca-1": 2.1138}, "min": {"pca-1": 1.7142}}, "1015": {"mean": {"pca-1": 2.5826}, "min": {"pca-1": 2.0493}}}, "1006": {"1001": {"mean": {"pca-1": 2.5581}, "min": {"pca-1": 1.8302}}, "1002": {"mean": {"pca-1": 2.2234}, "min": {"pca-1": 1.8807}}, "1003": {"mean": {"pca-1": 2.1488}, "min": {"pca-1": 1.6594}}, "1004": {"mean": {"pca-1": 2.4598}, "min": {"pca-1": 1.8053}}, "1005": {"mean": {"pca-1": 1.6464}, "min": {"pca-1": 1.5914}}, "1006": {"mean": {"pca-1": 1.9326}, "min": {"pca-1": 1.8023}}, "1007": {"mean": {"pca-1": 2.1712}, "min": {"pca-1": 1.6978}}, "1008": {"mean": {"pca-1": 2.0314}, "min": {"pca-1": 1.8143}}, "1009": {"mean": {"pca-1": 2.3066}, "min": {"pca-1": 1.9302}}, "1010": {"mean": {"pca-1": 2.1493}, "min": {"pca-1": 2.1016}}, "1011": {"mean": {"pca-1": 1.6861}, "min": {"pca-1": 1.5084}}, "1012": {"mean": {"pca-1": 2.1766}, "min": {"pca-1": 2.0403}}, "1013": {"mean": {"pca-1": 2.1698}, "min": {"pca-1": 2.0821}}, "1014": {"mean": {"pca-1": 1.7229}, "min": {"pca-1": 1.6503}}, "1015": {"mean": {"pca-1": 2.1886}, "min": {"pca-1": 1.9965}}}, "1007": {"1001": {"mean": {"pca-1": 3.2694}, "min": {"pca-1": 3.1407}}, "1002": {"mean": {"pca-1": 2.6551}, "min": {"pca-1": 2.5862}}, "1003": {"mean": {"pca-1": 2.7135}, "min": {"pca-1": 2.5828}}, "1004": {"mean": {"pca-1": 3.1323}, "min": {"pca-1": 2.9967}}, "1005": {"mean": {"pca-1": 2.2203}, "min": {"pca-1": 2.0617}}, "1006": {"mean": {"pca-1": 2.1882}, "min": {"pca-1": 2.119}}, "1007": {"mean": {"pca-1": 2.7522}, "min": {"pca-1": 2.6798}}, "1008": {"mean": {"pca-1": 2.6299}, "min": {"pca-1": 2.4504}}, "1009": {"mean": {"pca-1": 2.9867}, "min": {"pca-1": 2.8053}}, "1010": {"mean": {"pca-1": 2.3743}, "min": {"pca-1": 2.2931}}, "1011": {"mean": {"pca-1": 2.3556}, "min": {"pca-1": 2.1588}}, "1012": {"mean": {"pca-1": 2.5963}, "min": {"pca-1": 2.4675}}, "1013": {"mean": {"pca-1": 2.3827}, "min": {"pca-1": 2.2961}}, "1014": {"mean": {"pca-1": 1.8083}, "min": {"pca-1": 1.7122}}, "1015": {"mean": {"pca-1": 2.8909}, "min": {"pca-1": 2.7225}}}, "1008": {"1001": {"mean": {"pca-1": 2.1598}, "min": {"pca-1": 1.8698}}, "1002": {"mean": {"pca-1": 2.073}, "min": {"pca-1": 1.8557}}, "1003": {"mean": {"pca-1": 1.8725}, "min": {"pca-1": 1.6704}}, "1004": {"mean": {"pca-1": 2.2549}, "min": {"pca-1": 1.9654}}, "1005": {"mean": {"pca-1": 2.0936}, "min": {"pca-1": 1.7468}}, "1006": {"mean": {"pca-1": 2.225}, "min": {"pca-1": 1.9921}}, "1007": {"mean": {"pca-1": 2.0575}, "min": {"pca-1": 1.7743}}, "1008": {"mean": {"pca-1": 2.6008}, "min": {"pca-1": 2.2381}}, "1009": {"mean": {"pca-1": 2.0458}, "min": {"pca-1": 1.9944}}, "1010": {"mean": {"pca-1": 2.6088}, "min": {"pca-1": 2.2994}}, "1011": {"mean": {"pca-1": 2.2307}, "min": {"pca-1": 1.7891}}, "1012": {"mean": {"pca-1": 2.1953}, "min": {"pca-1": 2.0168}}, "1013": {"mean": {"pca-1": 2.3764}, "min": {"pca-1": 2.2095}}, "1014": {"mean": {"pca-1": 2.0748}, "min": {"pca-1": 1.781}}, "1015": {"mean": {"pca-1": 2.5254}, "min": {"pca-1": 2.1898}}}, "1009": {"1001": {"mean": {"pca-1": 2.7838}, "min": {"pca-1": 2.3741}}, "1002": {"mean": {"pca-1": 2.2976}, "min": {"pca-1": 1.9051}}, "1003": {"mean": {"pca-1": 2.2648}, "min": {"pca-1": 1.8354}}, "1004": {"mean": {"pca-1": 2.6973}, "min": {"pca-1": 2.356}}, "1005": {"mean": {"pca-1": 1.9968}, "min": {"pca-1": 1.587}}, "1006": {"mean": {"pca-1": 2.0826}, "min": {"pca-1": 1.944}}, "1007": {"mean": {"pca-1": 2.3158}, "min": {"pca-1": 1.8587}}, "1008": {"mean": {"pca-1": 2.5202}, "min": {"pca-1": 2.0054}}, "1009": {"mean": {"pca-1": 2.4943}, "min": {"pca-1": 2.177}}, "1010": {"mean": {"pca-1": 2.3599}, "min": {"pca-1": 2.1363}}, "1011": {"mean": {"pca-1": 2.1042}, "min": {"pca-1": 1.6011}}, "1012": {"mean": {"pca-1": 2.3167}, "min": {"pca-1": 2.0801}}, "1013": {"mean": {"pca-1": 2.2832}, "min": {"pca-1": 2.1847}}, "1014": {"mean": {"pca-1": 1.8635}, "min": {"pca-1": 1.6887}}, "1015": {"mean": {"pca-1": 2.5472}, "min": {"pca-1": 2.0853}}}, "1010": {"1001": {"mean": {"pca-1": 2.4145}, "min": {"pca-1": 2.1785}}, "1002": {"mean": {"pca-1": 2.1065}, "min": {"pca-1": 1.9409}}, "1003": {"mean": {"pca-1": 1.8935}, "min": {"pca-1": 1.6632}}, "1004": {"mean": {"pca-1": 2.289}, "min": {"pca-1": 2.0117}}, "1005": {"mean": {"pca-1": 1.6966}, "min": {"pca-1": 1.658}}, "1006": {"mean": {"pca-1": 1.9565}, "min": {"pca-1": 1.9116}}, "1007": {"mean": {"pca-1": 2.0452}, "min": {"pca-1": 1.7374}}, "1008": {"mean": {"pca-1": 2.1244}, "min": {"pca-1": 2.0516}}, "1009": {"mean": {"pca-1": 2.1296}, "min": {"pca-1": 2.0046}}, "1010": {"mean": {"pca-1": 2.197}, "min": {"pca-1": 2.1649}}, "1011": {"mean": {"pca-1": 1.7783}, "min": {"pca-1": 1.6191}}, "1012": {"mean": {"pca-1": 2.0897}, "min": {"pca-1": 1.9484}}, "1013": {"mean": {"pca-1": 2.1707}, "min": {"pca-1": 2.1133}}, "1014": {"mean": {"pca-1": 1.7385}, "min": {"pca-1": 1.7223}}, "1015": {"mean": {"pca-1": 2.2011}, "min": {"pca-1": 2.0676}}}, "1011": {"1001": {"mean": {"pca-1": 2.283}, "min": {"pca-1": 1.7852}}, "1002": {"mean": {"pca-1": 2.2804}, "min": {"pca-1": 1.9044}}, "1003": {"mean": {"pca-1": 1.9949}, "min": {"pca-1": 1.5097}}, "1004": {"mean": {"pca-1": 2.3792}, "min": {"pca-1": 1.7871}}, "1005": {"mean": {"pca-1": 2.0017}, "min": {"pca-1": 1.641}}, "1006": {"mean": {"pca-1": 2.2557}, "min": {"pca-1": 1.8634}}, "1007": {"mean": {"pca-1": 2.2717}, "min": {"pca-1": 1.7051}}, "1008": {"mean": {"pca-1": 2.4587}, "min": {"pca-1": 2.1789}}, "1009": {"mean": {"pca-1": 2.0921}, "min": {"pca-1": 1.9067}}, "1010": {"mean": {"pca-1": 2.5636}, "min": {"pca-1": 2.2234}}, "1011": {"mean": {"pca-1": 2.1475}, "min": {"pca-1": 1.8382}}, "1012": {"mean": {"pca-1": 2.1717}, "min": {"pca-1": 2.0868}}, "1013": {"mean": {"pca-1": 2.4095}, "min": {"pca-1": 2.0738}}, "1014": {"mean": {"pca-1": 2.0905}, "min": {"pca-1": 1.8325}}, "1015": {"mean": {"pca-1": 2.4339}, "min": {"pca-1": 2.2211}}}, "1012": {"1001": {"mean": {"pca-1": 2.7316}, "min": {"pca-1": 2.2408}}, "1002": {"mean": {"pca-1": 2.3224}, "min": {"pca-1": 1.9055}}, "1003": {"mean": {"pca-1": 2.2162}, "min": {"pca-1": 1.6452}}, "1004": {"mean": {"pca-1": 2.5927}, "min": {"pca-1": 2.1364}}, "1005": {"mean": {"pca-1": 1.7895}, "min": {"pca-1": 1.576}}, "1006": {"mean": {"pca-1": 2.0233}, "min": {"pca-1": 1.8234}}, "1007": {"mean": {"pca-1": 2.3334}, "min": {"pca-1": 1.8598}}, "1008": {"mean": {"pca-1": 2.167}, "min": {"pca-1": 1.9277}}, "1009": {"mean": {"pca-1": 2.4628}, "min": {"pca-1": 2.0641}}, "1010": {"mean": {"pca-1": 2.2496}, "min": {"pca-1": 2.0884}}, "1011": {"mean": {"pca-1": 1.8857}, "min": {"pca-1": 1.7615}}, "1012": {"mean": {"pca-1": 2.2397}, "min": {"pca-1": 2.1007}}, "1013": {"mean": {"pca-1": 2.2789}, "min": {"pca-1": 2.0458}}, "1014": {"mean": {"pca-1": 1.7619}, "min": {"pca-1": 1.6933}}, "1015": {"mean": {"pca-1": 2.3007}, "min": {"pca-1": 2.1071}}}, "1013": {"1001": {"mean": {"pca-1": 2.3582}, "min": {"pca-1": 2.0865}}, "1002": {"mean": {"pca-1": 2.0796}, "min": {"pca-1": 1.8536}}, "1003": {"mean": {"pca-1": 1.985}, "min": {"pca-1": 1.6854}}, "1004": {"mean": {"pca-1": 2.4326}, "min": {"pca-1": 2.1063}}, "1005": {"mean": {"pca-1": 2.0773}, "min": {"pca-1": 1.5961}}, "1006": {"mean": {"pca-1": 2.1989}, "min": {"pca-1": 1.9238}}, "1007": {"mean": {"pca-1": 2.017}, "min": {"pca-1": 1.7644}}, "1008": {"mean": {"pca-1": 2.4805}, "min": {"pca-1": 1.8489}}, "1009": {"mean": {"pca-1": 2.2016}, "min": {"pca-1": 2.0614}}, "1010": {"mean": {"pca-1": 2.5054}, "min": {"pca-1": 2.07}}, "1011": {"mean": {"pca-1": 2.1659}, "min": {"pca-1": 1.5717}}, "1012": {"mean": {"pca-1": 2.2625}, "min": {"pca-1": 2.0568}}, "1013": {"mean": {"pca-1": 2.3279}, "min": {"pca-1": 2.1304}}, "1014": {"mean": {"pca-1": 2.0166}, "min": {"pca-1": 1.562}}, "1015": {"mean": {"pca-1": 2.515}, "min": {"pca-1": 2.1154}}}, "1014": {"1001": {"mean": {"pca-1": 2.2859}, "min": {"pca-1": 1.9541}}, "1002": {"mean": {"pca-1": 2.209}, "min": {"pca-1": 1.977}}, "1003": {"mean": {"pca-1": 1.9678}, "min": {"pca-1": 1.6257}}, "1004": {"mean": {"pca-1": 2.2567}, "min": {"pca-1": 1.8452}}, "1005": {"mean": {"pca-1": 1.7291}, "min": {"pca-1": 1.5285}}, "1006": {"mean": {"pca-1": 2.0569}, "min": {"pca-1": 1.9976}}, "1007": {"mean": {"pca-1": 2.1431}, "min": {"pca-1": 1.74}}, "1008": {"mean": {"pca-1": 2.1254}, "min": {"pca-1": 1.8068}}, "1009": {"mean": {"pca-1": 2.1231}, "min": {"pca-1": 1.9508}}, "1010": {"mean": {"pca-1": 2.2865}, "min": {"pca-1": 2.0778}}, "1011": {"mean": {"pca-1": 1.8772}, "min": {"pca-1": 1.4922}}, "1012": {"mean": {"pca-1": 2.1799}, "min": {"pca-1": 2.1322}}, "1013": {"mean": {"pca-1": 2.28}, "min": {"pca-1": 2.1732}}, "1014": {"mean": {"pca-1": 1.92}, "min": {"pca-1": 1.7167}}, "1015": {"mean": {"pca-1": 2.2806}, "min": {"pca-1": 2.006}}}, "1015": {"1001": {"mean": {"pca-1": 2.508}, "min": {"pca-1": 2.1056}}, "1002": {"mean": {"pca-1": 2.2033}, "min": {"pca-1": 1.8358}}, "1003": {"mean": {"pca-1": 2.0368}, "min": {"pca-1": 1.6619}}, "1004": {"mean": {"pca-1": 2.4739}, "min": {"pca-1": 2.1158}}, "1005": {"mean": {"pca-1": 1.7003}, "min": {"pca-1": 1.5966}}, "1006": {"mean": {"pca-1": 2.0254}, "min": {"pca-1": 1.8673}}, "1007": {"mean": {"pca-1": 2.1939}, "min": {"pca-1": 1.7192}}, "1008": {"mean": {"pca-1": 2.1533}, "min": {"pca-1": 1.9891}}, "1009": {"mean": {"pca-1": 2.1672}, "min": {"pca-1": 2.0363}}, "1010": {"mean": {"pca-1": 2.2619}, "min": {"pca-1": 2.1634}}, "1011": {"mean": {"pca-1": 1.7539}, "min": {"pca-1": 1.5682}}, "1012": {"mean": {"pca-1": 2.1073}, "min": {"pca-1": 2.0642}}, "1013": {"mean": {"pca-1": 2.2378}, "min": {"pca-1": 2.1383}}, "1014": {"mean": {"pca-1": 1.8531}, "min": {"pca-1": 1.8266}}, "1015": {"mean": {"pca-1": 2.1501}, "min": {"pca-1": 2.0177}}}}