{"1001": {"1001": {"mean": {"pca-1": 2.9996}, "min": {"pca-1": 2.7305}}, "1002": {"mean": {"pca-1": 2.4985}, "min": {"pca-1": 2.3042}}, "1003": {"mean": {"pca-1": 2.5686}, "min": {"pca-1": 2.3908}}, "1004": {"mean": {"pca-1": 2.9657}, "min": {"pca-1": 2.8947}}, "1005": {"mean": {"pca-1": 2.3806}, "min": {"pca-1": 2.1616}}, "1006": {"mean": {"pca-1": 2.3014}, "min": {"pca-1": 2.1131}}, "1007": {"mean": {"pca-1": 2.4765}, "min": {"pca-1": 2.1081}}, "1008": {"mean": {"pca-1": 2.8287}, "min": {"pca-1": 2.5616}}, "1009": {"mean": {"pca-1": 2.7633}, "min": {"pca-1": 2.4567}}, "1010": {"mean": {"pca-1": 2.5785}, "min": {"pca-1": 2.3665}}, "1011": {"mean": {"pca-1": 2.451}, "min": {"pca-1": 2.2438}}, "1012": {"mean": {"pca-1": 2.5695}, "min": {"pca-1": 2.4779}}, "1013": {"mean": {"pca-1": 2.4511}, "min": {"pca-1": 2.3485}}, "1014": {"mean": {"pca-1": 2.1956}, "min": {"pca-1": 1.9651}}, "1015": {"mean": {"pca-1": 3.0006}, "min": {"pca-1": 2.8838}}}, "1002": {"1001": {"mean": {"pca-1": 2.5511}, "min": {"pca-1": 2.4052}}, "1002": {"mean": {"pca-1": 2.2298}, "min": {"pca-1": 1.971}}, "1003": {"mean": {"pca-1": 2.0997}, "min": {"pca-1": 1.9832}}, "1004": {"mean": {"pca-1": 2.5647}, "min": {"pca-1": 2.4283}}, "1005": {"mean": {"pca-1": 1.9941}, "min": {"pca-1": 1.6452}}, "1006": {"mean": {"pca-1": 2.163}, "min": {"pca-1": 2.0789}}, "1007": {"mean": {"pca-1": 2.2371}, "min": {"pca-1": 1.8799}}, "1008": {"mean": {"pca-1": 2.364}, "min": {"pca-1": 1.8349}}, "1009": {"mean": {"pca-1": 2.2386}, "min": {"pca-1": 2.2014}}, "1010": {"mean": {"pca-1": 2.4204}, "min": {"pca-1": 2.1288}}, "1011": {"mean": {"pca-1": 2.0272}, "min": {"pca-1": 1.6846}}, "1012": {"mean": {"pca-1": 2.2422}, "min": {"pca-1": 2.0728}}, "1013": {"mean": {"pca-1": 2.334}, "min": {"pca-1": 2.2663}}, "1014": {"mean": {"pca-1": 2.0139}, "min": {"pca-1": 1.8004}}, "1015": {"mean": {"pca-1": 2.5124}, "min": {"pca-1": 2.3135}}}, "1003": {"1001": {"mean": {"pca-1": 2.4841}, "min": {"pca-1": 2.1228}}, "1002": {"mean": {"pca-1": 2.3664}, "min": {"pca-1": 2.167}}, "1003": {"mean": {"pca-1": 2.1978}, "min": {"pca-1": 1.9196}}, "1004": {"mean": {"pca-1": 2.5541}, "min": {"pca-1": 2.3562}}, "1005": {"mean": {"pca-1": 2.2112}, "min": {"pca-1": 2.1465}}, "1006": {"mean": {"pca-1": 2.2633}, "min": {"pca-1": 2.1837}}, "1007": {"mean": {"pca-1": 2.3927}, "min": {"pca-1": 2.1789}}, "1008": {"mean": {"pca-1": 2.6978}, "min": {"pca-1": 2.6259}}, "1009": {"mean": {"pca-1": 2.3097}, "min": {"pca-1": 2.0446}}, "1010": {"mean": {"pca-1": 2.564}, "min": {"pca-1": 2.463}}, "1011": {"mean": {"pca-1": 2.3078}, "min": {"pca-1": 2.2331}}, "1012": {"mean": {"pca-1": 2.3591}, "min": {"pca-1": 2.2573}}, "1013": {"mean": {"pca-1": 2.423}, "min": {"pca-1": 2.3669}}, "1014": {"mean": {"pca-1": 2.1259}, "min": {"pca-1": 2.058}}, "1015": {"mean": {"pca-1": 2.7773}, "min": {"pca-1": 2.5783}}}, "1004": {"1001": {"mean": {"pca-1": 2.939}, "min": {"pca-1": 2.4173}}, "1002": {"mean": {"pca-1": 2.5673}, "min": {"pca-1": 2.3173}}, "1003": {"mean": {"pca-1": 2.4834}, "min": {"pca-1": 2.0795}}, "1004": {"mean": {"pca-1": 2.9158}, "min": {"pca-1": 2.552}}, "1005": {"mean": {"pca-1": 2.1341}, "min": {"pca-1": 1.8342}}, "1006": {"mean": {"pca-1": 2.1688}, "min": {"pca-1": 2.0218}}, "1007": {"mean": {"pca-1": 2.6498}, "min": {"pca-1": 2.4051}}, "1008": {"mean": {"pca-1": 2.5237}, "min": {"pca-1": 2.2342}}, "1009": {"mean": {"pca-1": 2.6401}, "min": {"pca-1": 2.0866}}, "1010": {"mean": {"pca-1": 2.3945}, "min": {"pca-1": 2.1446}}, "1011": {"mean": {"pca-1": 2.211}, "min": {"pca-1": 1.8587}}, "1012": {"mean": {"pca-1": 2.4429}, "min": {"pca-1": 2.1582}}, "1013": {"mean": {"pca-1": 2.3913}, "min": {"pca-1": 2.192}}, "1014": {"mean": {"pca-1": 2.0602}, "min": {"pca-1": 1.8636}}, "1015": {"mean": {"pca-1": 2.7754}, "min": {"pca-1": 2.4554}}}, "1005": {"1001": {"mean": {"pca-1": 2.9288}, "min": {"pca-1": 2.6223}}, "1002": {"mean": {"pca-1": 2.7339}, "min": {"pca-1": 2.3062}}, "1003": {"mean": {"pca-1": 2.5837}, "min": {"pca-1": 2.1645}}, "1004": {"mean": {"pca-1": 2.9663}, "min": {"pca-1": 2.5692}}, "1005": {"mean": {"pca-1": 2.4907}, "min": {"pca-1": 1.9577}}, "1006": {"mean": {"pca-1": 2.6354}, "min": {"pca-1": 2.1486}}, "1007": {"mean": {"pca-1": 2.8094}, "min": {"pca-1": 2.3902}}, "1008": {"mean": {"pca-1": 2.8923}, "min": {"pca-1": 2.3619}}, "1009": {"mean": {"pca-1": 2.587}, "min": {"pca-1": 2.2352}}, "1010": {"mean": {"pca-1": 2.9028}, "min": {"pca-1": 2.463}}, "1011": {"mean": {"pca-1": 2.5582}, "min": {"pca-1": 1.9928}}, "1012": {"mean": {"pca-1": 2.5985}, "min": {"pca-1": 2.0718}}, "1013": {"mean": {"pca-1": 2.7488}, "min": {"pca-1": 2.319}}, "1014": {"mean": {"pca-1": 2.4709}, "min": {"pca-1": 1.9852}}, "1015": {"mean": {"pca-1": 2.9359}, "min": {"pca-1": 2.3667}}}, "1006": {"1001": {"mean": {"pca-1": 2.5784}, "min": {"pca-1": 1.9739}}, "1002": {"mean": {"pca-1": 2.2512}, "min": {"pca-1": 1.9125}}, "1003": {"mean": {"pca-1": 2.1717}, "min": {"pca-1": 1.7076}}, "1004": {"mean": {"pca-1": 2.4973}, "min": {"pca-1": 1.9459}}, "1005": {"mean": {"pca-1": 1.857}, "min": {"pca-1": 1.7298}}, "1006": {"mean": {"pca-1": 2.0245}, "min": {"pca-1": 1.952}}, "1007": {"mean": {"pca-1": 2.1989}, "min": {"pca-1": 1.791}}, "1008": {"mean": {"pca-1": 2.2456}, "min": {"pca-1": 1.9012}}, "1009": {"mean": {"pca-1": 2.3219}, "min": {"pca-1": 2.0183}}, "1010": {"mean": {"pca-1": 2.2654}, "min": {"pca-1": 2.2477}}, "1011": {"mean": {"pca-1": 1.8781}, "min": {"pca-1": 1.6065}}, "1012": {"mean": {"pca-1": 2.2816}, "min": {"pca-1": 2.2556}}, "1013": {"mean": {"pca-1": 2.2694}, "min": {"pca-1": 2.1822}}, "1014": {"mean": {"pca-1": 1.9497}, "min": {"pca-1": 1.8843}}, "1015": {"mean": {"pca-1": 2.4651}, "min": {"pca-1": 2.19}}}, "1007": {"1001": {"mean": {"pca-1": 3.29}, "min": {"pca-1": 3.2036}}, "1002": {"mean": {"pca-1": 2.7068}, "min": {"pca-1": 2.6509}}, "1003": {"mean": {"pca-1": 2.7931}, "min": {"pca-1": 2.7126}}, "1004": {"mean": {"pca-1": 3.1533}, "min": {"pca-1": 3.0589}}, "1005": {"mean": {"pca-1": 2.4859}, "min": {"pca-1": 2.3325}}, "1006": {"mean": {"pca-1": 2.2738}, "min": {"pca-1": 2.1856}}, "1007": {"mean": {"pca-1": 2.7886}, "min": {"pca-1": 2.7573}}, "1008": {"mean": {"pca-1": 2.8708}, "min": {"pca-1": 2.6802}}, "1009": {"mean": {"pca-1": 3.0941}, "min": {"pca-1": 2.9556}}, "1010": {"mean": {"pca-1": 2.5303}, "min": {"pca-1": 2.4617}}, "1011": {"mean": {"pca-1": 2.557}, "min": {"pca-1": 2.4125}}, "1012": {"mean": {"pca-1": 2.7019}, "min": {"pca-1": 2.5953}}, "1013": {"mean": {"pca-1": 2.5047}, "min": {"pca-1": 2.4528}}, "1014": {"mean": {"pca-1": 2.1239}, "min": {"pca-1": 2.0549}}, "1015": {"mean": {"pca-1": 3.1786}, "min": {"pca-1": 3.0232}}}, "1008": {"1001": {"mean": {"pca-1": 2.4174}, "min": {"pca-1": 2.1335}}, "1002": {"mean": {"pca-1": 2.4954}, "min": {"pca-1": 2.433}}, "1003": {"mean": {"pca-1": 2.2495}, "min": {"pca-1": 2.2367}}, "1004": {"mean": {"pca-1": 2.6113}, "min": {"pca-1": 2.4728}}, "1005": {"mean": {"pca-1": 2.2423}, "min": {"pca-1": 1.8312}}, "1006": {"mean": {"pca-1": 2.4519}, "min": {"pca-1": 2.0975}}, "1007": {"mean": {"pca-1": 2.5712}, "min": {"pca-1": 2.5391}}, "1008": {"mean": {"pca-1": 2.7034}, "min": {"pca-1": 2.246}}, "1009": {"mean": {"pca-1": 2.1593}, "min": {"pca-1": 2.1196}}, "1010": {"mean": {"pca-1": 2.7413}, "min": {"pca-1": 2.2903}}, "1011": {"mean": {"pca-1": 2.3476}, "min": {"pca-1": 1.7835}}, "1012": {"mean": {"pca-1": 2.4166}, "min": {"pca-1": 2.1542}}, "1013": {"mean": {"pca-1": 2.5863}, "min": {"pca-1": 2.2813}}, "1014": {"mean": {"pca-1": 2.3952}, "min": {"pca-1": 1.9619}}, "1015": {"mean": {"pca-1": 2.6922}, "min": {"pca-1": 2.3016}}}, "1009": {"1001": {"mean": {"pca-1": 2.8566}, "min": {"pca-1": 2.3026}}, "1002": {"mean": {"pca-1": 2.3849}, "min": {"pca-1": 1.9485}}, "1003": {"mean": {"pca-1": 2.3876}, "min": {"pca-1": 1.8606}}, "1004": {"mean": {"pca-1": 2.765}, "min": {"pca-1": 2.2562}}, "1005": {"mean": {"pca-1": 2.3332}, "min": {"pca-1": 2.1466}}, "1006": {"mean": {"pca-1": 2.1927}, "min": {"pca-1": 2.1067}}, "1007": {"mean": {"pca-1": 2.3489}, "min": {"pca-1": 1.8149}}, "1008": {"mean": {"pca-1": 2.8072}, "min": {"pca-1": 2.537}}, "1009": {"mean": {"pca-1": 2.6825}, "min": {"pca-1": 2.198}}, "1010": {"mean": {"pca-1": 2.4785}, "min": {"pca-1": 2.3103}}, "1011": {"mean": {"pca-1": 2.4509}, "min": {"pca-1": 2.2379}}, "1012": {"mean": {"pca-1": 2.5515}, "min": {"pca-1": 2.4502}}, "1013": {"mean": {"pca-1": 2.4205}, "min": {"pca-1": 2.3389}}, "1014": {"mean": {"pca-1": 2.0705}, "min": {"pca-1": 1.9119}}, "1015": {"mean": {"pca-1": 3.0093}, "min": {"pca-1": 2.8585}}}, "1010": {"1001": {"mean": {"pca-1": 2.6534}, "min": {"pca-1": 2.3056}}, "1002": {"mean": {"pca-1": 2.262}, "min": {"pca-1": 2.0591}}, "1003": {"mean": {"pca-1": 2.1656}, "min": {"pca-1": 1.8434}}, "1004": {"mean": {"pca-1": 2.5716}, "min": {"pca-1": 2.2134}}, "1005": {"mean": {"pca-1": 2.0029}, "min": {"pca-1": 1.8518}}, "1006": {"mean": {"pca-1": 2.0632}, "min": {"pca-1": 2.0412}}, "1007": {"mean": {"pca-1": 2.2824}, "min": {"pca-1": 2.0639}}, "1008": {"mean": {"pca-1": 2.4094}, "min": {"pca-1": 2.2007}}, "1009": {"mean": {"pca-1": 2.3672}, "min": {"pca-1": 2.0394}}, "1010": {"mean": {"pca-1": 2.3141}, "min": {"pca-1": 2.2377}}, "1011": {"mean": {"pca-1": 2.0498}, "min": {"pca-1": 1.8395}}, "1012": {"mean": {"pca-1": 2.2805}, "min": {"pca-1": 2.1477}}, "1013": {"mean": {"pca-1": 2.2902}, "min": {"pca-1": 2.2756}}, "1014": {"mean": {"pca-1": 1.9403}, "min": {"pca-1": 1.8587}}, "1015": {"mean": {"pca-1": 2.6018}, "min": {"pca-1": 2.2987}}}, "1011": {"1001": {"mean": {"pca-1": 2.6498}, "min": {"pca-1": 2.3892}}, "1002": {"mean": {"pca-1": 2.4506}, "min": {"pca-1": 2.0119}}, "1003": {"mean": {"pca-1": 2.2647}, "min": {"pca-1": 1.9099}}, "1004": {"mean": {"pca-1": 2.6873}, "min": {"pca-1": 2.3598}}, "1005": {"mean": {"pca-1": 2.1744}, "min": {"pca-1": 1.7983}}, "1006": {"mean": {"pca-1": 2.4311}, "min": {"pca-1": 1.9339}}, "1007": {"mean": {"pca-1": 2.517}, "min": {"pca-1": 1.8745}}, "1008": {"mean": {"pca-1": 2.5643}, "min": {"pca-1": 2.22}}, "1009": {"mean": {"pca-1": 2.2596}, "min": {"pca-1": 2.2411}}, "1010": {"mean": {"pca-1": 2.6542}, "min": {"pca-1": 2.1741}}, "1011": {"mean": {"pca-1": 2.1953}, "min": {"pca-1": 1.7841}}, "1012": {"mean": {"pca-1": 2.325}, "min": {"pca-1": 2.2243}}, "1013": {"mean": {"pca-1": 2.5589}, "min": {"pca-1": 2.1709}}, "1014": {"mean": {"pca-1": 2.2382}, "min": {"pca-1": 1.932}}, "1015": {"mean": {"pca-1": 2.5829}, "min": {"pca-1": 2.3298}}}, "1012": {"1001": {"mean": {"pca-1": 2.4512}, "min": {"pca-1": 2.2712}}, "1002": {"mean": {"pca-1": 2.2763}, "min": {"pca-1": 2.0123}}, "1003": {"mean": {"pca-1": 2.0811}, "min": {"pca-1": 1.8311}}, "1004": {"mean": {"pca-1": 2.4904}, "min": {"pca-1": 2.2642}}, "1005": {"mean": {"pca-1": 1.8203}, "min": {"pca-1": 1.6937}}, "1006": {"mean": {"pca-1": 1.9639}, "min": {"pca-1": 1.8757}}, "1007": {"mean": {"pca-1": 2.2425}, "min": {"pca-1": 1.9098}}, "1008": {"mean": {"pca-1": 2.1845}, "min": {"pca-1": 1.8466}}, "1009": {"mean": {"pca-1": 2.299}, "min": {"pca-1": 2.0887}}, "1010": {"mean": {"pca-1": 2.188}, "min": {"pca-1": 2.103}}, "1011": {"mean": {"pca-1": 1.8677}, "min": {"pca-1": 1.675}}, "1012": {"mean": {"pca-1": 2.2679}, "min": {"pca-1": 2.1977}}, "1013": {"mean": {"pca-1": 2.2204}, "min": {"pca-1": 2.1495}}, "1014": {"mean": {"pca-1": 1.9335}, "min": {"pca-1": 1.8114}}, "1015": {"mean": {"pca-1": 2.4095}, "min": {"pca-1": 2.1826}}}, "1013": {"1001": {"mean": {"pca-1": 2.4009}, "min": {"pca-1": 2.0576}}, "1002": {"mean": {"pca-1": 2.2338}, "min": {"pca-1": 1.9811}}, "1003": {"mean": {"pca-1": 2.163}, "min": {"pca-1": 1.7931}}, "1004": {"mean": {"pca-1": 2.4945}, "min": {"pca-1": 2.0425}}, "1005": {"mean": {"pca-1": 2.102}, "min": {"pca-1": 1.8712}}, "1006": {"mean": {"pca-1": 2.2849}, "min": {"pca-1": 2.1035}}, "1007": {"mean": {"pca-1": 2.1945}, "min": {"pca-1": 1.8724}}, "1008": {"mean": {"pca-1": 2.4938}, "min": {"pca-1": 2.1949}}, "1009": {"mean": {"pca-1": 2.237}, "min": {"pca-1": 1.946}}, "1010": {"mean": {"pca-1": 2.5335}, "min": {"pca-1": 2.1571}}, "1011": {"mean": {"pca-1": 2.1504}, "min": {"pca-1": 1.865}}, "1012": {"mean": {"pca-1": 2.3635}, "min": {"pca-1": 2.1687}}, "1013": {"mean": {"pca-1": 2.4446}, "min": {"pca-1": 2.2207}}, "1014": {"mean": {"pca-1": 2.1824}, "min": {"pca-1": 1.7889}}, "1015": {"mean": {"pca-1": 2.5972}, "min": {"pca-1": 2.2952}}}, "1014": {"1001": {"mean": {"pca-1": 2.3166}, "min": {"pca-1": 1.9851}}, "1002": {"mean": {"pca-1": 2.1385}, "min": {"pca-1": 1.9264}}, "1003": {"mean": {"pca-1": 1.9928}, "min": {"pca-1": 1.7957}}, "1004": {"mean": {"pca-1": 2.3478}, "min": {"pca-1": 2.0122}}, "1005": {"mean": {"pca-1": 1.8973}, "min": {"pca-1": 1.7875}}, "1006": {"mean": {"pca-1": 2.0954}, "min": {"pca-1": 2.0175}}, "1007": {"mean": {"pca-1": 2.1446}, "min": {"pca-1": 1.7663}}, "1008": {"mean": {"pca-1": 2.2824}, "min": {"pca-1": 2.1095}}, "1009": {"mean": {"pca-1": 2.1442}, "min": {"pca-1": 1.9412}}, "1010": {"mean": {"pca-1": 2.2901}, "min": {"pca-1": 2.1435}}, "1011": {"mean": {"pca-1": 1.9449}, "min": {"pca-1": 1.7842}}, "1012": {"mean": {"pca-1": 2.2611}, "min": {"pca-1": 2.182}}, "1013": {"mean": {"pca-1": 2.2756}, "min": {"pca-1": 2.1884}}, "1014": {"mean": {"pca-1": 1.964}, "min": {"pca-1": 1.8529}}, "1015": {"mean": {"pca-1": 2.4892}, "min": {"pca-1": 2.4289}}}, "1015": {"1001": {"mean": {"pca-1": 2.6525}, "min": {"pca-1": 2.5116}}, "1002": {"mean": {"pca-1": 2.2961}, "min": {"pca-1": 2.0637}}, "1003": {"mean": {"pca-1": 2.1773}, "min": {"pca-1": 2.0005}}, "1004": {"mean": {"pca-1": 2.6175}, "min": {"pca-1": 2.4775}}, "1005": {"mean": {"pca-1": 1.882}, "min": {"pca-1": 1.673}}, "1006": {"mean": {"pca-1": 2.0936}, "min": {"pca-1": 1.8887}}, "1007": {"mean": {"pca-1": 2.3181}, "min": {"pca-1": 1.9765}}, "1008": {"mean": {"pca-1": 2.3021}, "min": {"pca-1": 2.0621}}, "1009": {"mean": {"pca-1": 2.2601}, "min": {"pca-1": 2.2045}}, "1010": {"mean": {"pca-1": 2.327}, "min": {"pca-1": 2.1563}}, "1011": {"mean": {"pca-1": 1.8951}, "min": {"pca-1": 1.6603}}, "1012": {"mean": {"pca-1": 2.1816}, "min": {"pca-1": 2.1491}}, "1013": {"mean": {"pca-1": 2.287}, "min": {"pca-1": 2.1587}}, "1014": {"mean": {"pca-1": 1.9781}, "min": {"pca-1": 1.8353}}, "1015": {"mean": {"pca-1": 2.4314}, "min": {"pca-1": 2.3129}}}}