{"1001": {"1001": {"mean": {"pca-1": 2.7635}, "min": {"pca-1": 2.4982}}, "1002": {"mean": {"pca-1": 2.2592}, "min": {"pca-1": 2.0519}}, "1003": {"mean": {"pca-1": 2.2349}, "min": {"pca-1": 1.9248}}, "1004": {"mean": {"pca-1": 2.8268}, "min": {"pca-1": 2.7204}}, "1005": {"mean": {"pca-1": 1.5569}, "min": {"pca-1": 1.2579}}, "1006": {"mean": {"pca-1": 1.9406}, "min": {"pca-1": 1.8332}}, "1007": {"mean": {"pca-1": 2.2547}, "min": {"pca-1": 2.0925}}, "1008": {"mean": {"pca-1": 2.0423}, "min": {"pca-1": 1.3748}}, "1009": {"mean": {"pca-1": 2.4979}, "min": {"pca-1": 2.1955}}, "1010": {"mean": {"pca-1": 2.0598}, "min": {"pca-1": 1.8945}}, "1011": {"mean": {"pca-1": 1.7157}, "min": {"pca-1": 1.2643}}, "1012": {"mean": {"pca-1": 2.2122}, "min": {"pca-1": 1.8875}}, "1013": {"mean": {"pca-1": 1.9394}, "min": {"pca-1": 1.8299}}, "1014": {"mean": {"pca-1": 1.5521}, "min": {"pca-1": 1.4877}}, "1015": {"mean": {"pca-1": 2.2155}, "min": {"pca-1": 1.6047}}}, "1002": {"1001": {"mean": {"pca-1": 2.3232}, "min": {"pca-1": 2.0532}}, "1002": {"mean": {"pca-1": 1.8582}, "min": {"pca-1": 1.6779}}, "1003": {"mean": {"pca-1": 1.8393}, "min": {"pca-1": 1.6045}}, "1004": {"mean": {"pca-1": 2.3268}, "min": {"pca-1": 2.0727}}, "1005": {"mean": {"pca-1": 1.7307}, "min": {"pca-1": 1.4846}}, "1006": {"mean": {"pca-1": 1.8455}, "min": {"pca-1": 1.6619}}, "1007": {"mean": {"pca-1": 1.7576}, "min": {"pca-1": 1.5421}}, "1008": {"mean": {"pca-1": 2.218}, "min": {"pca-1": 1.8778}}, "1009": {"mean": {"pca-1": 2.1708}, "min": {"pca-1": 1.9374}}, "1010": {"mean": {"pca-1": 2.1315}, "min": {"pca-1": 1.9642}}, "1011": {"mean": {"pca-1": 1.8794}, "min": {"pca-1": 1.5345}}, "1012": {"mean": {"pca-1": 2.1336}, "min": {"pca-1": 1.8232}}, "1013": {"mean": {"pca-1": 1.94}, "min": {"pca-1": 1.7572}}, "1014": {"mean": {"pca-1": 1.5987}, "min": {"pca-1": 1.3861}}, "1015": {"mean": {"pca-1": 2.3021}, "min": {"pca-1": 1.9461}}}, "1003": {"1001": {"mean": {"pca-1": 2.5309}, "min": {"pca-1": 1.9674}}, "1002": {"mean": {"pca-1": 2.0692}, "min": {"pca-1": 1.7337}}, "1003": {"mean": {"pca-1": 2.0683}, "min": {"pca-1": 1.6261}}, "1004": {"mean": {"pca-1": 2.4733}, "min": {"pca-1": 2.0761}}, "1005": {"mean": {"pca-1": 1.6764}, "min": {"pca-1": 1.4409}}, "1006": {"mean": {"pca-1": 1.9104}, "min": {"pca-1": 1.8348}}, "1007": {"mean": {"pca-1": 2.1124}, "min": {"pca-1": 1.6022}}, "1008": {"mean": {"pca-1": 2.0796}, "min": {"pca-1": 1.554}}, "1009": {"mean": {"pca-1": 2.2739}, "min": {"pca-1": 1.9673}}, "1010": {"mean": {"pca-1": 2.2192}, "min": {"pca-1": 2.0914}}, "1011": {"mean": {"pca-1": 1.7917}, "min": {"pca-1": 1.3762}}, "1012": {"mean": {"pca-1": 2.0523}, "min": {"pca-1": 1.8857}}, "1013": {"mean": {"pca-1": 1.9547}, "min": {"pca-1": 1.9143}}, "1014": {"mean": {"pca-1": 1.6345}, "min": {"pca-1": 1.5292}}, "1015": {"mean": {"pca-1": 2.0353}, "min": {"pca-1": 1.4849}}}, "1004": {"1001": {"mean": {"pca-1": 2.1926}, "min": {"pca-1": 1.9741}}, "1002": {"mean": {"pca-1": 1.8464}, "min": {"pca-1": 1.6556}}, "1003": {"mean": {"pca-1": 1.7105}, "min": {"pca-1": 1.5809}}, "1004": {"mean": {"pca-1": 2.1955}, "min": {"pca-1": 1.9451}}, "1005": {"mean": {"pca-1": 1.4569}, "min": {"pca-1": 1.2191}}, "1006": {"mean": {"pca-1": 1.7559}, "min": {"pca-1": 1.5367}}, "1007": {"mean": {"pca-1": 1.7428}, "min": {"pca-1": 1.558}}, "1008": {"mean": {"pca-1": 1.8963}, "min": {"pca-1": 1.627}}, "1009": {"mean": {"pca-1": 2.0465}, "min": {"pca-1": 1.9544}}, "1010": {"mean": {"pca-1": 1.9996}, "min": {"pca-1": 1.7686}}, "1011": {"mean": {"pca-1": 1.6006}, "min": {"pca-1": 1.2937}}, "1012": {"mean": {"pca-1": 1.9821}, "min": {"pca-1": 1.8169}}, "1013": {"mean": {"pca-1": 1.7798}, "min": {"pca-1": 1.6654}}, "1014": {"mean": {"pca-1": 1.4978}, "min": {"pca-1": 1.3056}}, "1015": {"mean": {"pca-1": 1.9083}, "min": {"pca-1": 1.7312}}}, "1005": {"1001": {"mean": {"pca-1": 2.0507}, "min": {"pca-1": 1.6274}}, "1002": {"mean": {"pca-1": 2.0094}, "min": {"pca-1": 1.4974}}, "1003": {"mean": {"pca-1": 1.8376}, "min": {"pca-1": 1.4971}}, "1004": {"mean": {"pca-1": 2.265}, "min": {"pca-1": 1.7603}}, "1005": {"mean": {"pca-1": 1.8397}, "min": {"pca-1": 1.413}}, "1006": {"mean": {"pca-1": 2.1403}, "min": {"pca-1": 1.8624}}, "1007": {"mean": {"pca-1": 1.9778}, "min": {"pca-1": 1.4569}}, "1008": {"mean": {"pca-1": 2.2775}, "min": {"pca-1": 1.7647}}, "1009": {"mean": {"pca-1": 2.061}, "min": {"pca-1": 1.8832}}, "1010": {"mean": {"pca-1": 2.4306}, "min": {"pca-1": 2.0322}}, "1011": {"mean": {"pca-1": 2.0225}, "min": {"pca-1": 1.4315}}, "1012": {"mean": {"pca-1": 2.0789}, "min": {"pca-1": 1.8139}}, "1013": {"mean": {"pca-1": 2.172}, "min": {"pca-1": 1.9206}}, "1014": {"mean": {"pca-1": 1.9681}, "min": {"pca-1": 1.5275}}, "1015": {"mean": {"pca-1": 2.2102}, "min": {"pca-1": 1.7183}}}, "1006": {"1001": {"mean": {"pca-1": 2.541}, "min": {"pca-1": 2.3642}}, "1002": {"mean": {"pca-1": 1.9795}, "min": {"pca-1": 1.8362}}, "1003": {"mean": {"pca-1": 1.9939}, "min": {"pca-1": 1.7137}}, "1004": {"mean": {"pca-1": 2.4344}, "min": {"pca-1": 2.2865}}, "1005": {"mean": {"pca-1": 1.4721}, "min": {"pca-1": 1.2086}}, "1006": {"mean": {"pca-1": 1.7419}, "min": {"pca-1": 1.5502}}, "1007": {"mean": {"pca-1": 2.0066}, "min": {"pca-1": 1.8383}}, "1008": {"mean": {"pca-1": 2.0563}, "min": {"pca-1": 1.5544}}, "1009": {"mean": {"pca-1": 2.2441}, "min": {"pca-1": 2.0171}}, "1010": {"mean": {"pca-1": 2.0244}, "min": {"pca-1": 1.8573}}, "1011": {"mean": {"pca-1": 1.681}, "min": {"pca-1": 1.3467}}, "1012": {"mean": {"pca-1": 2.0807}, "min": {"pca-1": 1.8325}}, "1013": {"mean": {"pca-1": 1.8372}, "min": {"pca-1": 1.6943}}, "1014": {"mean": {"pca-1": 1.491}, "min": {"pca-1": 1.3931}}, "1015": {"mean": {"pca-1": 2.0721}, "min": {"pca-1": 1.4943}}}, "1007": {"1001": {"mean": {"pca-1": 2.9749}, "min": {"pca-1": 2.9696}}, "1002": {"mean": {"pca-1": 2.4153}, "min": {"pca-1": 2.3567}}, "1003": {"mean": {"pca-1": 2.4813}, "min": {"pca-1": 2.3257}}, "1004": {"mean": {"pca-1": 2.8762}, "min": {"pca-1": 2.8197}}, "1005": {"mean": {"pca-1": 1.8067}, "min": {"pca-1": 1.4446}}, "1006": {"mean": {"pca-1": 2.0156}, "min": {"pca-1": 1.8498}}, "1007": {"mean": {"pca-1": 2.4774}, "min": {"pca-1": 2.4387}}, "1008": {"mean": {"pca-1": 2.4493}, "min": {"pca-1": 1.8705}}, "1009": {"mean": {"pca-1": 2.6984}, "min": {"pca-1": 2.4781}}, "1010": {"mean": {"pca-1": 2.2125}, "min": {"pca-1": 1.985}}, "1011": {"mean": {"pca-1": 2.0137}, "min": {"pca-1": 1.4706}}, "1012": {"mean": {"pca-1": 2.3948}, "min": {"pca-1": 2.0472}}, "1013": {"mean": {"pca-1": 2.0835}, "min": {"pca-1": 1.8498}}, "1014": {"mean": {"pca-1": 1.6741}, "min": {"pca-1": 1.4634}}, "1015": {"mean": {"pca-1": 2.5487}, "min": {"pca-1": 2.0091}}}, "1008": {"1001": {"mean": {"pca-1": 1.9099}, "min": {"pca-1": 1.8764}}, "1002": {"mean": {"pca-1": 1.819}, "min": {"pca-1": 1.6935}}, "1003": {"mean": {"pca-1": 1.6278}, "min": {"pca-1": 1.5824}}, "1004": {"mean": {"pca-1": 2.1349}, "min": {"pca-1": 1.9111}}, "1005": {"mean": {"pca-1": 1.5847}, "min": {"pca-1": 1.3102}}, "1006": {"mean": {"pca-1": 1.8937}, "min": {"pca-1": 1.66}}, "1007": {"mean": {"pca-1": 1.7429}, "min": {"pca-1": 1.6152}}, "1008": {"mean": {"pca-1": 1.9657}, "min": {"pca-1": 1.7337}}, "1009": {"mean": {"pca-1": 1.8898}, "min": {"pca-1": 1.7841}}, "1010": {"mean": {"pca-1": 2.1645}, "min": {"pca-1": 1.8601}}, "1011": {"mean": {"pca-1": 1.7114}, "min": {"pca-1": 1.4365}}, "1012": {"mean": {"pca-1": 1.8734}, "min": {"pca-1": 1.8337}}, "1013": {"mean": {"pca-1": 1.956}, "min": {"pca-1": 1.7092}}, "1014": {"mean": {"pca-1": 1.716}, "min": {"pca-1": 1.5142}}, "1015": {"mean": {"pca-1": 1.8207}, "min": {"pca-1": 1.7146}}}, "1009": {"1001": {"mean": {"pca-1": 2.3839}, "min": {"pca-1": 2.1506}}, "1002": {"mean": {"pca-1": 1.9909}, "min": {"pca-1": 1.7888}}, "1003": {"mean": {"pca-1": 1.8762}, "min": {"pca-1": 1.5751}}, "1004": {"mean": {"pca-1": 2.3117}, "min": {"pca-1": 2.0913}}, "1005": {"mean": {"pca-1": 1.4842}, "min": {"pca-1": 1.3071}}, "1006": {"mean": {"pca-1": 1.7914}, "min": {"pca-1": 1.6683}}, "1007": {"mean": {"pca-1": 1.9264}, "min": {"pca-1": 1.6282}}, "1008": {"mean": {"pca-1": 2.0133}, "min": {"pca-1": 1.7785}}, "1009": {"mean": {"pca-1": 2.1567}, "min": {"pca-1": 1.9404}}, "1010": {"mean": {"pca-1": 1.9743}, "min": {"pca-1": 1.7281}}, "1011": {"mean": {"pca-1": 1.6908}, "min": {"pca-1": 1.4423}}, "1012": {"mean": {"pca-1": 1.9693}, "min": {"pca-1": 1.767}}, "1013": {"mean": {"pca-1": 1.8746}, "min": {"pca-1": 1.7307}}, "1014": {"mean": {"pca-1": 1.5728}, "min": {"pca-1": 1.4986}}, "1015": {"mean": {"pca-1": 2.0196}, "min": {"pca-1": 1.6086}}}, "1010": {"1001": {"mean": {"pca-1": 2.0076}, "min": {"pca-1": 1.8725}}, "1002": {"mean": {"pca-1": 1.7301}, "min": {"pca-1": 1.625}}, "1003": {"mean": {"pca-1": 1.5817}, "min": {"pca-1": 1.4803}}, "1004": {"mean": {"pca-1": 2.0616}, "min": {"pca-1": 1.9005}}, "1005": {"mean": {"pca-1": 1.2463}, "min": {"pca-1": 1.1219}}, "1006": {"mean": {"pca-1": 1.6903}, "min": {"pca-1": 1.6542}}, "1007": {"mean": {"pca-1": 1.6487}, "min": {"pca-1": 1.556}}, "1008": {"mean": {"pca-1": 1.6808}, "min": {"pca-1": 1.464}}, "1009": {"mean": {"pca-1": 1.9211}, "min": {"pca-1": 1.8452}}, "1010": {"mean": {"pca-1": 1.8516}, "min": {"pca-1": 1.7433}}, "1011": {"mean": {"pca-1": 1.4296}, "min": {"pca-1": 1.2419}}, "1012": {"mean": {"pca-1": 1.8768}, "min": {"pca-1": 1.7929}}, "1013": {"mean": {"pca-1": 1.7091}, "min": {"pca-1": 1.623}}, "1014": {"mean": {"pca-1": 1.396}, "min": {"pca-1": 1.3548}}, "1015": {"mean": {"pca-1": 1.6824}, "min": {"pca-1": 1.5424}}}, "1011": {"1001": {"mean": {"pca-1": 1.5275}, "min": {"pca-1": 1.3542}}, "1002": {"mean": {"pca-1": 1.7731}, "min": {"pca-1": 1.6067}}, "1003": {"mean": {"pca-1": 1.5935}, "min": {"pca-1": 1.4342}}, "1004": {"mean": {"pca-1": 1.7519}, "min": {"pca-1": 1.5832}}, "1005": {"mean": {"pca-1": 1.737}, "min": {"pca-1": 1.5397}}, "1006": {"mean": {"pca-1": 1.9569}, "min": {"pca-1": 1.7747}}, "1007": {"mean": {"pca-1": 1.7223}, "min": {"pca-1": 1.5807}}, "1008": {"mean": {"pca-1": 2.2458}, "min": {"pca-1": 2.0047}}, "1009": {"mean": {"pca-1": 1.8319}, "min": {"pca-1": 1.7519}}, "1010": {"mean": {"pca-1": 2.4086}, "min": {"pca-1": 2.1732}}, "1011": {"mean": {"pca-1": 1.9686}, "min": {"pca-1": 1.6083}}, "1012": {"mean": {"pca-1": 1.9869}, "min": {"pca-1": 1.7835}}, "1013": {"mean": {"pca-1": 2.0637}, "min": {"pca-1": 1.8432}}, "1014": {"mean": {"pca-1": 1.9868}, "min": {"pca-1": 1.5956}}, "1015": {"mean": {"pca-1": 2.0494}, "min": {"pca-1": 1.8811}}}, "1012": {"1001": {"mean": {"pca-1": 1.9853}, "min": {"pca-1": 1.3837}}, "1002": {"mean": {"pca-1": 1.7201}, "min": {"pca-1": 1.609}}, "1003": {"mean": {"pca-1": 1.6767}, "min": {"pca-1": 1.3073}}, "1004": {"mean": {"pca-1": 2.0885}, "min": {"pca-1": 1.6635}}, "1005": {"mean": {"pca-1": 1.5849}, "min": {"pca-1": 1.5715}}, "1006": {"mean": {"pca-1": 1.8086}, "min": {"pca-1": 1.7362}}, "1007": {"mean": {"pca-1": 1.6371}, "min": {"pca-1": 1.4417}}, "1008": {"mean": {"pca-1": 2.1396}, "min": {"pca-1": 1.9588}}, "1009": {"mean": {"pca-1": 1.9872}, "min": {"pca-1": 1.7585}}, "1010": {"mean": {"pca-1": 2.1072}, "min": {"pca-1": 1.9166}}, "1011": {"mean": {"pca-1": 1.8615}, "min": {"pca-1": 1.6328}}, "1012": {"mean": {"pca-1": 2.079}, "min": {"pca-1": 1.9022}}, "1013": {"mean": {"pca-1": 1.9131}, "min": {"pca-1": 1.7821}}, "1014": {"mean": {"pca-1": 1.6761}, "min": {"pca-1": 1.5051}}, "1015": {"mean": {"pca-1": 2.0783}, "min": {"pca-1": 1.8145}}}, "1013": {"1001": {"mean": {"pca-1": 2.3001}, "min": {"pca-1": 1.9625}}, "1002": {"mean": {"pca-1": 1.8604}, "min": {"pca-1": 1.6312}}, "1003": {"mean": {"pca-1": 1.821}, "min": {"pca-1": 1.6283}}, "1004": {"mean": {"pca-1": 2.3005}, "min": {"pca-1": 2.1174}}, "1005": {"mean": {"pca-1": 1.4269}, "min": {"pca-1": 1.3825}}, "1006": {"mean": {"pca-1": 1.7046}, "min": {"pca-1": 1.4934}}, "1007": {"mean": {"pca-1": 1.8661}, "min": {"pca-1": 1.5703}}, "1008": {"mean": {"pca-1": 1.755}, "min": {"pca-1": 1.512}}, "1009": {"mean": {"pca-1": 2.0643}, "min": {"pca-1": 1.9747}}, "1010": {"mean": {"pca-1": 1.924}, "min": {"pca-1": 1.6799}}, "1011": {"mean": {"pca-1": 1.496}, "min": {"pca-1": 1.333}}, "1012": {"mean": {"pca-1": 1.8586}, "min": {"pca-1": 1.722}}, "1013": {"mean": {"pca-1": 1.7436}, "min": {"pca-1": 1.5762}}, "1014": {"mean": {"pca-1": 1.6379}, "min": {"pca-1": 1.5101}}, "1015": {"mean": {"pca-1": 1.6884}, "min": {"pca-1": 1.56}}}, "1014": {"1001": {"mean": {"pca-1": 2.1441}, "min": {"pca-1": 1.7798}}, "1002": {"mean": {"pca-1": 1.8581}, "min": {"pca-1": 1.5539}}, "1003": {"mean": {"pca-1": 1.6821}, "min": {"pca-1": 1.4291}}, "1004": {"mean": {"pca-1": 2.2552}, "min": {"pca-1": 1.9944}}, "1005": {"mean": {"pca-1": 1.3276}, "min": {"pca-1": 1.1445}}, "1006": {"mean": {"pca-1": 1.6985}, "min": {"pca-1": 1.5023}}, "1007": {"mean": {"pca-1": 1.8512}, "min": {"pca-1": 1.5569}}, "1008": {"mean": {"pca-1": 1.6353}, "min": {"pca-1": 1.4012}}, "1009": {"mean": {"pca-1": 1.9837}, "min": {"pca-1": 1.8868}}, "1010": {"mean": {"pca-1": 1.8242}, "min": {"pca-1": 1.6622}}, "1011": {"mean": {"pca-1": 1.4168}, "min": {"pca-1": 1.2334}}, "1012": {"mean": {"pca-1": 1.8124}, "min": {"pca-1": 1.7629}}, "1013": {"mean": {"pca-1": 1.7469}, "min": {"pca-1": 1.6763}}, "1014": {"mean": {"pca-1": 1.4697}, "min": {"pca-1": 1.3601}}, "1015": {"mean": {"pca-1": 1.6631}, "min": {"pca-1": 1.4972}}}, "1015": {"1001": {"mean": {"pca-1": 1.9707}, "min": {"pca-1": 1.7475}}, "1002": {"mean": {"pca-1": 1.7216}, "min": {"pca-1": 1.5531}}, "1003": {"mean": {"pca-1": 1.6894}, "min": {"pca-1": 1.49}}, "1004": {"mean": {"pca-1": 1.9245}, "min": {"pca-1": 1.8079}}, "1005": {"mean": {"pca-1": 1.4197}, "min": {"pca-1": 1.3635}}, "1006": {"mean": {"pca-1": 1.7699}, "min": {"pca-1": 1.7383}}, "1007": {"mean": {"pca-1": 1.714}, "min": {"pca-1": 1.5304}}, "1008": {"mean": {"pca-1": 1.907}, "min": {"pca-1": 1.7384}}, "1009": {"mean": {"pca-1": 1.8975}, "min": {"pca-1": 1.7661}}, "1010": {"mean": {"pca-1": 2.0622}, "min": {"pca-1": 1.9873}}, "1011": {"mean": {"pca-1": 1.5946}, "min": {"pca-1": 1.4681}}, "1012": {"mean": {"pca-1": 1.8356}, "min": {"pca-1": 1.7223}}, "1013": {"mean": {"pca-1": 1.7973}, "min": {"pca-1": 1.7671}}, "1014": {"mean": {"pca-1": 1.5813}, "min": {"pca-1": 1.5002}}, "1015": {"mean": {"pca-1": 1.8828}, "min": {"pca-1": 1.7753}}}}