{"1001": {"1001": {"mean": {"pca-1": 3.3921}, "min": {"pca-1": 3.0141}}, "1002": {"mean": {"pca-1": 2.8932}, "min": {"pca-1": 2.5614}}, "1003": {"mean": {"pca-1": 2.9718}, "min": {"pca-1": 2.5898}}, "1004": {"mean": {"pca-1": 3.2288}, "min": {"pca-1": 2.9029}}, "1005": {"mean": {"pca-1": 2.7917}, "min": {"pca-1": 2.479}}, "1006": {"mean": {"pca-1": 2.4267}, "min": {"pca-1": 2.1889}}, "1007": {"mean": {"pca-1": 2.9332}, "min": {"pca-1": 2.6027}}, "1008": {"mean": {"pca-1": 3.093}, "min": {"pca-1": 2.8215}}, "1009": {"mean": {"pca-1": 3.2151}, "min": {"pca-1": 2.7733}}, "1010": {"mean": {"pca-1": 2.716}, "min": {"pca-1": 2.5189}}, "1011": {"mean": {"pca-1": 2.976}, "min": {"pca-1": 2.6497}}, "1012": {"mean": {"pca-1": 2.8424}, "min": {"pca-1": 2.505}}, "1013": {"mean": {"pca-1": 2.7163}, "min": {"pca-1": 2.4265}}, "1014": {"mean": {"pca-1": 2.3639}, "min": {"pca-1": 2.1139}}, "1015": {"mean": {"pca-1": 3.3623}, "min": {"pca-1": 3.0366}}}, "1002": {"1001": {"mean": {"pca-1": 2.4835}, "min": {"pca-1": 2.374}}, "1002": {"mean": {"pca-1": 2.4443}, "min": {"pca-1": 2.3314}}, "1003": {"mean": {"pca-1": 2.1547}, "min": {"pca-1": 2.0333}}, "1004": {"mean": {"pca-1": 2.5104}, "min": {"pca-1": 2.427}}, "1005": {"mean": {"pca-1": 2.2664}, "min": {"pca-1": 2.0845}}, "1006": {"mean": {"pca-1": 2.3014}, "min": {"pca-1": 2.1296}}, "1007": {"mean": {"pca-1": 2.5184}, "min": {"pca-1": 2.3903}}, "1008": {"mean": {"pca-1": 2.6521}, "min": {"pca-1": 2.4527}}, "1009": {"mean": {"pca-1": 2.1611}, "min": {"pca-1": 2.1016}}, "1010": {"mean": {"pca-1": 2.6057}, "min": {"pca-1": 2.4372}}, "1011": {"mean": {"pca-1": 2.3768}, "min": {"pca-1": 2.1545}}, "1012": {"mean": {"pca-1": 2.3249}, "min": {"pca-1": 2.2206}}, "1013": {"mean": {"pca-1": 2.4222}, "min": {"pca-1": 2.3238}}, "1014": {"mean": {"pca-1": 2.1713}, "min": {"pca-1": 2.0433}}, "1015": {"mean": {"pca-1": 2.7019}, "min": {"pca-1": 2.5419}}}, "1003": {"1001": {"mean": {"pca-1": 2.6845}, "min": {"pca-1": 2.3822}}, "1002": {"mean": {"pca-1": 2.5948}, "min": {"pca-1": 2.2949}}, "1003": {"mean": {"pca-1": 2.3295}, "min": {"pca-1": 2.0365}}, "1004": {"mean": {"pca-1": 2.7168}, "min": {"pca-1": 2.4061}}, "1005": {"mean": {"pca-1": 2.4607}, "min": {"pca-1": 2.2691}}, "1006": {"mean": {"pca-1": 2.5058}, "min": {"pca-1": 2.1513}}, "1007": {"mean": {"pca-1": 2.6486}, "min": {"pca-1": 2.2765}}, "1008": {"mean": {"pca-1": 2.831}, "min": {"pca-1": 2.6665}}, "1009": {"mean": {"pca-1": 2.2947}, "min": {"pca-1": 2.0712}}, "1010": {"mean": {"pca-1": 2.7932}, "min": {"pca-1": 2.5099}}, "1011": {"mean": {"pca-1": 2.5522}, "min": {"pca-1": 2.3971}}, "1012": {"mean": {"pca-1": 2.4819}, "min": {"pca-1": 2.3106}}, "1013": {"mean": {"pca-1": 2.5688}, "min": {"pca-1": 2.317}}, "1014": {"mean": {"pca-1": 2.3455}, "min": {"pca-1": 2.0537}}, "1015": {"mean": {"pca-1": 2.8557}, "min": {"pca-1": 2.7307}}}, "1004": {"1001": {"mean": {"pca-1": 3.379}, "min": {"pca-1": 2.401}}, "1002": {"mean": {"pca-1": 2.9025}, "min": {"pca-1": 2.1039}}, "1003": {"mean": {"pca-1": 3.0558}, "min": {"pca-1": 2.1847}}, "1004": {"mean": {"pca-1": 3.2844}, "min": {"pca-1": 2.5357}}, "1005": {"mean": {"pca-1": 2.9908}, "min": {"pca-1": 2.3717}}, "1006": {"mean": {"pca-1": 2.6746}, "min": {"pca-1": 2.3929}}, "1007": {"mean": {"pca-1": 2.8583}, "min": {"pca-1": 1.8747}}, "1008": {"mean": {"pca-1": 3.3269}, "min": {"pca-1": 2.761}}, "1009": {"mean": {"pca-1": 3.2476}, "min": {"pca-1": 2.1475}}, "1010": {"mean": {"pca-1": 2.965}, "min": {"pca-1": 2.6588}}, "1011": {"mean": {"pca-1": 3.1547}, "min": {"pca-1": 2.4677}}, "1012": {"mean": {"pca-1": 3.0208}, "min": {"pca-1": 2.3862}}, "1013": {"mean": {"pca-1": 2.9084}, "min": {"pca-1": 2.398}}, "1014": {"mean": {"pca-1": 2.6544}, "min": {"pca-1": 2.252}}, "1015": {"mean": {"pca-1": 3.5057}, "min": {"pca-1": 2.7803}}}, "1005": {"1001": {"mean": {"pca-1": 3.0163}, "min": {"pca-1": 2.6612}}, "1002": {"mean": {"pca-1": 2.9415}, "min": {"pca-1": 2.4045}}, "1003": {"mean": {"pca-1": 2.654}, "min": {"pca-1": 2.2226}}, "1004": {"mean": {"pca-1": 3.0423}, "min": {"pca-1": 2.5828}}, "1005": {"mean": {"pca-1": 2.5472}, "min": {"pca-1": 2.0529}}, "1006": {"mean": {"pca-1": 2.7453}, "min": {"pca-1": 2.1449}}, "1007": {"mean": {"pca-1": 3.0458}, "min": {"pca-1": 2.4941}}, "1008": {"mean": {"pca-1": 2.8475}, "min": {"pca-1": 2.3689}}, "1009": {"mean": {"pca-1": 2.563}, "min": {"pca-1": 2.2532}}, "1010": {"mean": {"pca-1": 2.9272}, "min": {"pca-1": 2.2495}}, "1011": {"mean": {"pca-1": 2.5783}, "min": {"pca-1": 2.0795}}, "1012": {"mean": {"pca-1": 2.6759}, "min": {"pca-1": 2.1953}}, "1013": {"mean": {"pca-1": 2.7942}, "min": {"pca-1": 2.268}}, "1014": {"mean": {"pca-1": 2.5526}, "min": {"pca-1": 1.9253}}, "1015": {"mean": {"pca-1": 2.897}, "min": {"pca-1": 2.4624}}}, "1006": {"1001": {"mean": {"pca-1": 3.1206}, "min": {"pca-1": 3.0415}}, "1002": {"mean": {"pca-1": 2.8405}, "min": {"pca-1": 2.6788}}, "1003": {"mean": {"pca-1": 2.714}, "min": {"pca-1": 2.6409}}, "1004": {"mean": {"pca-1": 3.068}, "min": {"pca-1": 2.9744}}, "1005": {"mean": {"pca-1": 2.614}, "min": {"pca-1": 2.363}}, "1006": {"mean": {"pca-1": 2.5287}, "min": {"pca-1": 2.171}}, "1007": {"mean": {"pca-1": 2.9399}, "min": {"pca-1": 2.7395}}, "1008": {"mean": {"pca-1": 2.9129}, "min": {"pca-1": 2.5962}}, "1009": {"mean": {"pca-1": 2.7598}, "min": {"pca-1": 2.433}}, "1010": {"mean": {"pca-1": 2.7764}, "min": {"pca-1": 2.3932}}, "1011": {"mean": {"pca-1": 2.7326}, "min": {"pca-1": 2.5202}}, "1012": {"mean": {"pca-1": 2.6686}, "min": {"pca-1": 2.5211}}, "1013": {"mean": {"pca-1": 2.6724}, "min": {"pca-1": 2.4328}}, "1014": {"mean": {"pca-1": 2.3792}, "min": {"pca-1": 2.0037}}, "1015": {"mean": {"pca-1": 3.0644}, "min": {"pca-1": 2.953}}}, "1007": {"1001": {"mean": {"pca-1": 3.426}, "min": {"pca-1": 3.1899}}, "1002": {"mean": {"pca-1": 2.8803}, "min": {"pca-1": 2.6471}}, "1003": {"mean": {"pca-1": 3.004}, "min": {"pca-1": 2.7573}}, "1004": {"mean": {"pca-1": 3.2589}, "min": {"pca-1": 3.0584}}, "1005": {"mean": {"pca-1": 2.8439}, "min": {"pca-1": 2.6337}}, "1006": {"mean": {"pca-1": 2.4225}, "min": {"pca-1": 2.2589}}, "1007": {"mean": {"pca-1": 2.9498}, "min": {"pca-1": 2.7503}}, "1008": {"mean": {"pca-1": 3.1637}, "min": {"pca-1": 3.0139}}, "1009": {"mean": {"pca-1": 3.2731}, "min": {"pca-1": 2.9946}}, "1010": {"mean": {"pca-1": 2.7242}, "min": {"pca-1": 2.5803}}, "1011": {"mean": {"pca-1": 3.013}, "min": {"pca-1": 2.7965}}, "1012": {"mean": {"pca-1": 2.8727}, "min": {"pca-1": 2.6577}}, "1013": {"mean": {"pca-1": 2.7092}, "min": {"pca-1": 2.5041}}, "1014": {"mean": {"pca-1": 2.3866}, "min": {"pca-1": 2.2243}}, "1015": {"mean": {"pca-1": 3.4117}, "min": {"pca-1": 3.1877}}}, "1008": {"1001": {"mean": {"pca-1": 3.0364}, "min": {"pca-1": 2.7635}}, "1002": {"mean": {"pca-1": 3.1893}, "min": {"pca-1": 2.6979}}, "1003": {"mean": {"pca-1": 2.7758}, "min": {"pca-1": 2.3678}}, "1004": {"mean": {"pca-1": 3.176}, "min": {"pca-1": 2.7937}}, "1005": {"mean": {"pca-1": 2.8898}, "min": {"pca-1": 2.395}}, "1006": {"mean": {"pca-1": 3.1684}, "min": {"pca-1": 2.5509}}, "1007": {"mean": {"pca-1": 3.3366}, "min": {"pca-1": 2.846}}, "1008": {"mean": {"pca-1": 3.1855}, "min": {"pca-1": 2.7259}}, "1009": {"mean": {"pca-1": 2.5075}, "min": {"pca-1": 2.2166}}, "1010": {"mean": {"pca-1": 3.3904}, "min": {"pca-1": 2.8195}}, "1011": {"mean": {"pca-1": 2.9193}, "min": {"pca-1": 2.4349}}, "1012": {"mean": {"pca-1": 2.8662}, "min": {"pca-1": 2.317}}, "1013": {"mean": {"pca-1": 3.1143}, "min": {"pca-1": 2.5842}}, "1014": {"mean": {"pca-1": 2.9475}, "min": {"pca-1": 2.3043}}, "1015": {"mean": {"pca-1": 3.0929}, "min": {"pca-1": 2.6586}}}, "1009": {"1001": {"mean": {"pca-1": 3.4217}, "min": {"pca-1": 3.1936}}, "1002": {"mean": {"pca-1": 2.9111}, "min": {"pca-1": 2.7212}}, "1003": {"mean": {"pca-1": 2.9992}, "min": {"pca-1": 2.7588}}, "1004": {"mean": {"pca-1": 3.242}, "min": {"pca-1": 3.0399}}, "1005": {"mean": {"pca-1": 2.79}, "min": {"pca-1": 2.5396}}, "1006": {"mean": {"pca-1": 2.4105}, "min": {"pca-1": 2.2529}}, "1007": {"mean": {"pca-1": 2.9556}, "min": {"pca-1": 2.771}}, "1008": {"mean": {"pca-1": 3.0747}, "min": {"pca-1": 2.8408}}, "1009": {"mean": {"pca-1": 3.2598}, "min": {"pca-1": 2.9823}}, "1010": {"mean": {"pca-1": 2.6863}, "min": {"pca-1": 2.5121}}, "1011": {"mean": {"pca-1": 2.9726}, "min": {"pca-1": 2.7198}}, "1012": {"mean": {"pca-1": 2.8592}, "min": {"pca-1": 2.6439}}, "1013": {"mean": {"pca-1": 2.7205}, "min": {"pca-1": 2.5345}}, "1014": {"mean": {"pca-1": 2.3502}, "min": {"pca-1": 2.1512}}, "1015": {"mean": {"pca-1": 3.3742}, "min": {"pca-1": 3.1398}}}, "1010": {"1001": {"mean": {"pca-1": 2.7275}, "min": {"pca-1": 2.2707}}, "1002": {"mean": {"pca-1": 2.3727}, "min": {"pca-1": 2.0768}}, "1003": {"mean": {"pca-1": 2.3582}, "min": {"pca-1": 2.015}}, "1004": {"mean": {"pca-1": 2.664}, "min": {"pca-1": 2.2632}}, "1005": {"mean": {"pca-1": 2.4762}, "min": {"pca-1": 2.2766}}, "1006": {"mean": {"pca-1": 2.261}, "min": {"pca-1": 2.1362}}, "1007": {"mean": {"pca-1": 2.3263}, "min": {"pca-1": 1.8933}}, "1008": {"mean": {"pca-1": 2.7948}, "min": {"pca-1": 2.6506}}, "1009": {"mean": {"pca-1": 2.5623}, "min": {"pca-1": 2.3387}}, "1010": {"mean": {"pca-1": 2.5779}, "min": {"pca-1": 2.4273}}, "1011": {"mean": {"pca-1": 2.5818}, "min": {"pca-1": 2.411}}, "1012": {"mean": {"pca-1": 2.5464}, "min": {"pca-1": 2.34}}, "1013": {"mean": {"pca-1": 2.5198}, "min": {"pca-1": 2.2891}}, "1014": {"mean": {"pca-1": 2.2187}, "min": {"pca-1": 2.0301}}, "1015": {"mean": {"pca-1": 2.9266}, "min": {"pca-1": 2.7951}}}, "1011": {"1001": {"mean": {"pca-1": 2.5008}, "min": {"pca-1": 1.9556}}, "1002": {"mean": {"pca-1": 2.4875}, "min": {"pca-1": 2.2068}}, "1003": {"mean": {"pca-1": 2.2273}, "min": {"pca-1": 2.0015}}, "1004": {"mean": {"pca-1": 2.5385}, "min": {"pca-1": 2.0762}}, "1005": {"mean": {"pca-1": 2.2332}, "min": {"pca-1": 1.8594}}, "1006": {"mean": {"pca-1": 2.2889}, "min": {"pca-1": 2.1385}}, "1007": {"mean": {"pca-1": 2.5526}, "min": {"pca-1": 2.1666}}, "1008": {"mean": {"pca-1": 2.589}, "min": {"pca-1": 2.1418}}, "1009": {"mean": {"pca-1": 2.2552}, "min": {"pca-1": 2.2268}}, "1010": {"mean": {"pca-1": 2.5406}, "min": {"pca-1": 2.2132}}, "1011": {"mean": {"pca-1": 2.3402}, "min": {"pca-1": 1.8438}}, "1012": {"mean": {"pca-1": 2.3897}, "min": {"pca-1": 2.245}}, "1013": {"mean": {"pca-1": 2.4452}, "min": {"pca-1": 2.2519}}, "1014": {"mean": {"pca-1": 2.1897}, "min": {"pca-1": 1.9589}}, "1015": {"mean": {"pca-1": 2.6968}, "min": {"pca-1": 2.3267}}}, "1012": {"1001": {"mean": {"pca-1": 2.3645}, "min": {"pca-1": 1.9045}}, "1002": {"mean": {"pca-1": 2.2551}, "min": {"pca-1": 2.1124}}, "1003": {"mean": {"pca-1": 2.1361}, "min": {"pca-1": 1.9131}}, "1004": {"mean": {"pca-1": 2.3716}, "min": {"pca-1": 2.0843}}, "1005": {"mean": {"pca-1": 2.2168}, "min": {"pca-1": 1.9732}}, "1006": {"mean": {"pca-1": 2.1046}, "min": {"pca-1": 1.9192}}, "1007": {"mean": {"pca-1": 2.2729}, "min": {"pca-1": 2.0804}}, "1008": {"mean": {"pca-1": 2.5991}, "min": {"pca-1": 2.3661}}, "1009": {"mean": {"pca-1": 2.3508}, "min": {"pca-1": 2.2112}}, "1010": {"mean": {"pca-1": 2.4363}, "min": {"pca-1": 2.2594}}, "1011": {"mean": {"pca-1": 2.3159}, "min": {"pca-1": 2.0122}}, "1012": {"mean": {"pca-1": 2.3488}, "min": {"pca-1": 2.2173}}, "1013": {"mean": {"pca-1": 2.3581}, "min": {"pca-1": 2.2353}}, "1014": {"mean": {"pca-1": 2.0661}, "min": {"pca-1": 1.9216}}, "1015": {"mean": {"pca-1": 2.6762}, "min": {"pca-1": 2.4103}}}, "1013": {"1001": {"mean": {"pca-1": 3.4418}, "min": {"pca-1": 2.3602}}, "1002": {"mean": {"pca-1": 3.2347}, "min": {"pca-1": 2.7105}}, "1003": {"mean": {"pca-1": 3.2291}, "min": {"pca-1": 2.4295}}, "1004": {"mean": {"pca-1": 3.3735}, "min": {"pca-1": 2.614}}, "1005": {"mean": {"pca-1": 2.9764}, "min": {"pca-1": 2.081}}, "1006": {"mean": {"pca-1": 2.8933}, "min": {"pca-1": 2.2434}}, "1007": {"mean": {"pca-1": 3.3305}, "min": {"pca-1": 2.8303}}, "1008": {"mean": {"pca-1": 3.2596}, "min": {"pca-1": 2.2939}}, "1009": {"mean": {"pca-1": 3.2402}, "min": {"pca-1": 2.2257}}, "1010": {"mean": {"pca-1": 3.1736}, "min": {"pca-1": 2.5278}}, "1011": {"mean": {"pca-1": 3.0468}, "min": {"pca-1": 1.959}}, "1012": {"mean": {"pca-1": 3.0861}, "min": {"pca-1": 2.3526}}, "1013": {"mean": {"pca-1": 3.1417}, "min": {"pca-1": 2.5666}}, "1014": {"mean": {"pca-1": 2.8775}, "min": {"pca-1": 2.2037}}, "1015": {"mean": {"pca-1": 3.3672}, "min": {"pca-1": 2.3684}}}, "1014": {"1001": {"mean": {"pca-1": 2.9488}, "min": {"pca-1": 2.7311}}, "1002": {"mean": {"pca-1": 2.577}, "min": {"pca-1": 2.3234}}, "1003": {"mean": {"pca-1": 2.5259}, "min": {"pca-1": 2.329}}, "1004": {"mean": {"pca-1": 2.8516}, "min": {"pca-1": 2.6713}}, "1005": {"mean": {"pca-1": 2.3919}, "min": {"pca-1": 2.1671}}, "1006": {"mean": {"pca-1": 2.2621}, "min": {"pca-1": 2.1597}}, "1007": {"mean": {"pca-1": 2.635}, "min": {"pca-1": 2.3147}}, "1008": {"mean": {"pca-1": 2.718}, "min": {"pca-1": 2.4727}}, "1009": {"mean": {"pca-1": 2.631}, "min": {"pca-1": 2.2872}}, "1010": {"mean": {"pca-1": 2.5529}, "min": {"pca-1": 2.4962}}, "1011": {"mean": {"pca-1": 2.5044}, "min": {"pca-1": 2.1893}}, "1012": {"mean": {"pca-1": 2.425}, "min": {"pca-1": 2.1669}}, "1013": {"mean": {"pca-1": 2.4554}, "min": {"pca-1": 2.3154}}, "1014": {"mean": {"pca-1": 2.1255}, "min": {"pca-1": 2.0539}}, "1015": {"mean": {"pca-1": 2.8506}, "min": {"pca-1": 2.4491}}}, "1015": {"1001": {"mean": {"pca-1": 2.6922}, "min": {"pca-1": 2.2721}}, "1002": {"mean": {"pca-1": 2.4835}, "min": {"pca-1": 2.3059}}, "1003": {"mean": {"pca-1": 2.2927}, "min": {"pca-1": 1.9733}}, "1004": {"mean": {"pca-1": 2.6438}, "min": {"pca-1": 2.3089}}, "1005": {"mean": {"pca-1": 2.1648}, "min": {"pca-1": 1.9146}}, "1006": {"mean": {"pca-1": 2.1571}, "min": {"pca-1": 2.0851}}, "1007": {"mean": {"pca-1": 2.5544}, "min": {"pca-1": 2.3382}}, "1008": {"mean": {"pca-1": 2.5195}, "min": {"pca-1": 2.2329}}, "1009": {"mean": {"pca-1": 2.3378}, "min": {"pca-1": 2.0592}}, "1010": {"mean": {"pca-1": 2.4177}, "min": {"pca-1": 2.3031}}, "1011": {"mean": {"pca-1": 2.2736}, "min": {"pca-1": 1.9199}}, "1012": {"mean": {"pca-1": 2.3312}, "min": {"pca-1": 2.2222}}, "1013": {"mean": {"pca-1": 2.3495}, "min": {"pca-1": 2.291}}, "1014": {"mean": {"pca-1": 2.0414}, "min": {"pca-1": 1.9831}}, "1015": {"mean": {"pca-1": 2.6754}, "min": {"pca-1": 2.3739}}}}