{"1001": {"1001": {"mean": {"pca-1": 2.7402}, "min": {"pca-1": 2.382}}, "1002": {"mean": {"pca-1": 2.1998}, "min": {"pca-1": 1.9353}}, "1003": {"mean": {"pca-1": 2.2735}, "min": {"pca-1": 1.9552}}, "1004": {"mean": {"pca-1": 2.8249}, "min": {"pca-1": 2.6747}}, "1005": {"mean": {"pca-1": 1.6817}, "min": {"pca-1": 1.3921}}, "1006": {"mean": {"pca-1": 1.9512}, "min": {"pca-1": 1.8264}}, "1007": {"mean": {"pca-1": 2.2108}, "min": {"pca-1": 1.951}}, "1008": {"mean": {"pca-1": 2.1167}, "min": {"pca-1": 1.536}}, "1009": {"mean": {"pca-1": 2.543}, "min": {"pca-1": 2.2044}}, "1010": {"mean": {"pca-1": 2.0659}, "min": {"pca-1": 1.9044}}, "1011": {"mean": {"pca-1": 1.7859}, "min": {"pca-1": 1.4345}}, "1012": {"mean": {"pca-1": 2.2707}, "min": {"pca-1": 2.0079}}, "1013": {"mean": {"pca-1": 1.9556}, "min": {"pca-1": 1.8213}}, "1014": {"mean": {"pca-1": 1.6329}, "min": {"pca-1": 1.5887}}, "1015": {"mean": {"pca-1": 2.2769}, "min": {"pca-1": 1.7634}}}, "1002": {"1001": {"mean": {"pca-1": 2.6035}, "min": {"pca-1": 2.0419}}, "1002": {"mean": {"pca-1": 2.1653}, "min": {"pca-1": 1.746}}, "1003": {"mean": {"pca-1": 2.0534}, "min": {"pca-1": 1.6235}}, "1004": {"mean": {"pca-1": 2.5665}, "min": {"pca-1": 2.0687}}, "1005": {"mean": {"pca-1": 1.5773}, "min": {"pca-1": 1.5138}}, "1006": {"mean": {"pca-1": 1.853}, "min": {"pca-1": 1.7367}}, "1007": {"mean": {"pca-1": 2.078}, "min": {"pca-1": 1.5565}}, "1008": {"mean": {"pca-1": 2.0118}, "min": {"pca-1": 1.8953}}, "1009": {"mean": {"pca-1": 2.2753}, "min": {"pca-1": 1.9467}}, "1010": {"mean": {"pca-1": 2.0641}, "min": {"pca-1": 2.0298}}, "1011": {"mean": {"pca-1": 1.6918}, "min": {"pca-1": 1.5619}}, "1012": {"mean": {"pca-1": 2.0632}, "min": {"pca-1": 1.9019}}, "1013": {"mean": {"pca-1": 1.8789}, "min": {"pca-1": 1.8312}}, "1014": {"mean": {"pca-1": 1.6107}, "min": {"pca-1": 1.4771}}, "1015": {"mean": {"pca-1": 2.099}, "min": {"pca-1": 2.0115}}}, "1003": {"1001": {"mean": {"pca-1": 2.404}, "min": {"pca-1": 1.958}}, "1002": {"mean": {"pca-1": 2.0338}, "min": {"pca-1": 1.7852}}, "1003": {"mean": {"pca-1": 1.9723}, "min": {"pca-1": 1.6647}}, "1004": {"mean": {"pca-1": 2.5014}, "min": {"pca-1": 2.075}}, "1005": {"mean": {"pca-1": 1.6776}, "min": {"pca-1": 1.3269}}, "1006": {"mean": {"pca-1": 1.8745}, "min": {"pca-1": 1.7528}}, "1007": {"mean": {"pca-1": 1.9724}, "min": {"pca-1": 1.6201}}, "1008": {"mean": {"pca-1": 2.1224}, "min": {"pca-1": 1.4451}}, "1009": {"mean": {"pca-1": 2.2426}, "min": {"pca-1": 1.987}}, "1010": {"mean": {"pca-1": 2.1655}, "min": {"pca-1": 1.9062}}, "1011": {"mean": {"pca-1": 1.8201}, "min": {"pca-1": 1.2924}}, "1012": {"mean": {"pca-1": 2.1468}, "min": {"pca-1": 1.9802}}, "1013": {"mean": {"pca-1": 1.9314}, "min": {"pca-1": 1.7855}}, "1014": {"mean": {"pca-1": 1.6968}, "min": {"pca-1": 1.5622}}, "1015": {"mean": {"pca-1": 2.1781}, "min": {"pca-1": 1.6309}}}, "1004": {"1001": {"mean": {"pca-1": 2.1686}, "min": {"pca-1": 1.9352}}, "1002": {"mean": {"pca-1": 1.9504}, "min": {"pca-1": 1.7957}}, "1003": {"mean": {"pca-1": 1.7525}, "min": {"pca-1": 1.6769}}, "1004": {"mean": {"pca-1": 2.155}, "min": {"pca-1": 1.9351}}, "1005": {"mean": {"pca-1": 1.574}, "min": {"pca-1": 1.2787}}, "1006": {"mean": {"pca-1": 1.9082}, "min": {"pca-1": 1.7166}}, "1007": {"mean": {"pca-1": 1.7573}, "min": {"pca-1": 1.5639}}, "1008": {"mean": {"pca-1": 2.0724}, "min": {"pca-1": 1.6935}}, "1009": {"mean": {"pca-1": 2.0311}, "min": {"pca-1": 1.9813}}, "1010": {"mean": {"pca-1": 2.1012}, "min": {"pca-1": 1.9069}}, "1011": {"mean": {"pca-1": 1.7441}, "min": {"pca-1": 1.3408}}, "1012": {"mean": {"pca-1": 2.0894}, "min": {"pca-1": 1.8788}}, "1013": {"mean": {"pca-1": 1.9387}, "min": {"pca-1": 1.8275}}, "1014": {"mean": {"pca-1": 1.6146}, "min": {"pca-1": 1.4088}}, "1015": {"mean": {"pca-1": 2.0976}, "min": {"pca-1": 1.7413}}}, "1005": {"1001": {"mean": {"pca-1": 2.051}, "min": {"pca-1": 1.5717}}, "1002": {"mean": {"pca-1": 2.0955}, "min": {"pca-1": 1.6834}}, "1003": {"mean": {"pca-1": 1.8913}, "min": {"pca-1": 1.5604}}, "1004": {"mean": {"pca-1": 2.284}, "min": {"pca-1": 1.7394}}, "1005": {"mean": {"pca-1": 1.8643}, "min": {"pca-1": 1.4538}}, "1006": {"mean": {"pca-1": 2.1731}, "min": {"pca-1": 1.9162}}, "1007": {"mean": {"pca-1": 2.0397}, "min": {"pca-1": 1.5586}}, "1008": {"mean": {"pca-1": 2.3195}, "min": {"pca-1": 1.8205}}, "1009": {"mean": {"pca-1": 2.0942}, "min": {"pca-1": 1.9038}}, "1010": {"mean": {"pca-1": 2.4435}, "min": {"pca-1": 2.0339}}, "1011": {"mean": {"pca-1": 2.0591}, "min": {"pca-1": 1.4678}}, "1012": {"mean": {"pca-1": 2.1752}, "min": {"pca-1": 1.8829}}, "1013": {"mean": {"pca-1": 2.2431}, "min": {"pca-1": 2.0405}}, "1014": {"mean": {"pca-1": 2.0418}, "min": {"pca-1": 1.5961}}, "1015": {"mean": {"pca-1": 2.2408}, "min": {"pca-1": 1.7423}}}, "1006": {"1001": {"mean": {"pca-1": 2.5724}, "min": {"pca-1": 2.4422}}, "1002": {"mean": {"pca-1": 2.0614}, "min": {"pca-1": 1.9059}}, "1003": {"mean": {"pca-1": 1.9978}, "min": {"pca-1": 1.8712}}, "1004": {"mean": {"pca-1": 2.5063}, "min": {"pca-1": 2.3496}}, "1005": {"mean": {"pca-1": 1.4245}, "min": {"pca-1": 1.3011}}, "1006": {"mean": {"pca-1": 1.7491}, "min": {"pca-1": 1.6821}}, "1007": {"mean": {"pca-1": 2.0233}, "min": {"pca-1": 1.8514}}, "1008": {"mean": {"pca-1": 1.924}, "min": {"pca-1": 1.5822}}, "1009": {"mean": {"pca-1": 2.2482}, "min": {"pca-1": 2.181}}, "1010": {"mean": {"pca-1": 1.9646}, "min": {"pca-1": 1.8676}}, "1011": {"mean": {"pca-1": 1.5622}, "min": {"pca-1": 1.3749}}, "1012": {"mean": {"pca-1": 2.0874}, "min": {"pca-1": 2.0421}}, "1013": {"mean": {"pca-1": 1.8232}, "min": {"pca-1": 1.7378}}, "1014": {"mean": {"pca-1": 1.5077}, "min": {"pca-1": 1.4373}}, "1015": {"mean": {"pca-1": 1.9616}, "min": {"pca-1": 1.6127}}}, "1007": {"1001": {"mean": {"pca-1": 3.037}, "min": {"pca-1": 2.8552}}, "1002": {"mean": {"pca-1": 2.4666}, "min": {"pca-1": 2.3333}}, "1003": {"mean": {"pca-1": 2.5724}, "min": {"pca-1": 2.4449}}, "1004": {"mean": {"pca-1": 2.9252}, "min": {"pca-1": 2.7255}}, "1005": {"mean": {"pca-1": 1.9511}, "min": {"pca-1": 1.9048}}, "1006": {"mean": {"pca-1": 2.0845}, "min": {"pca-1": 2.0523}}, "1007": {"mean": {"pca-1": 2.513}, "min": {"pca-1": 2.3828}}, "1008": {"mean": {"pca-1": 2.594}, "min": {"pca-1": 2.5738}}, "1009": {"mean": {"pca-1": 2.7585}, "min": {"pca-1": 2.6167}}, "1010": {"mean": {"pca-1": 2.3063}, "min": {"pca-1": 2.2682}}, "1011": {"mean": {"pca-1": 2.2335}, "min": {"pca-1": 2.2202}}, "1012": {"mean": {"pca-1": 2.5248}, "min": {"pca-1": 2.4703}}, "1013": {"mean": {"pca-1": 2.2246}, "min": {"pca-1": 2.1882}}, "1014": {"mean": {"pca-1": 1.6767}, "min": {"pca-1": 1.6006}}, "1015": {"mean": {"pca-1": 2.8119}, "min": {"pca-1": 2.7923}}}, "1008": {"1001": {"mean": {"pca-1": 1.8703}, "min": {"pca-1": 1.8219}}, "1002": {"mean": {"pca-1": 1.8642}, "min": {"pca-1": 1.7514}}, "1003": {"mean": {"pca-1": 1.6497}, "min": {"pca-1": 1.6005}}, "1004": {"mean": {"pca-1": 2.1353}, "min": {"pca-1": 2.0182}}, "1005": {"mean": {"pca-1": 1.7521}, "min": {"pca-1": 1.3181}}, "1006": {"mean": {"pca-1": 1.9927}, "min": {"pca-1": 1.7562}}, "1007": {"mean": {"pca-1": 1.7672}, "min": {"pca-1": 1.6121}}, "1008": {"mean": {"pca-1": 2.2666}, "min": {"pca-1": 1.7287}}, "1009": {"mean": {"pca-1": 1.9287}, "min": {"pca-1": 1.8859}}, "1010": {"mean": {"pca-1": 2.2848}, "min": {"pca-1": 1.8938}}, "1011": {"mean": {"pca-1": 1.9692}, "min": {"pca-1": 1.4589}}, "1012": {"mean": {"pca-1": 2.0614}, "min": {"pca-1": 1.9688}}, "1013": {"mean": {"pca-1": 2.0317}, "min": {"pca-1": 1.7719}}, "1014": {"mean": {"pca-1": 1.8186}, "min": {"pca-1": 1.5252}}, "1015": {"mean": {"pca-1": 2.1184}, "min": {"pca-1": 1.7314}}}, "1009": {"1001": {"mean": {"pca-1": 2.4439}, "min": {"pca-1": 2.102}}, "1002": {"mean": {"pca-1": 2.1509}, "min": {"pca-1": 1.8367}}, "1003": {"mean": {"pca-1": 2.0095}, "min": {"pca-1": 1.6598}}, "1004": {"mean": {"pca-1": 2.4934}, "min": {"pca-1": 2.2164}}, "1005": {"mean": {"pca-1": 1.5616}, "min": {"pca-1": 1.3923}}, "1006": {"mean": {"pca-1": 1.8994}, "min": {"pca-1": 1.7378}}, "1007": {"mean": {"pca-1": 2.0971}, "min": {"pca-1": 1.6701}}, "1008": {"mean": {"pca-1": 2.0712}, "min": {"pca-1": 1.7964}}, "1009": {"mean": {"pca-1": 2.2551}, "min": {"pca-1": 1.9999}}, "1010": {"mean": {"pca-1": 2.1086}, "min": {"pca-1": 1.9656}}, "1011": {"mean": {"pca-1": 1.737}, "min": {"pca-1": 1.4997}}, "1012": {"mean": {"pca-1": 2.0601}, "min": {"pca-1": 1.8425}}, "1013": {"mean": {"pca-1": 1.9989}, "min": {"pca-1": 1.7565}}, "1014": {"mean": {"pca-1": 1.6609}, "min": {"pca-1": 1.615}}, "1015": {"mean": {"pca-1": 2.0539}, "min": {"pca-1": 1.6312}}}, "1010": {"1001": {"mean": {"pca-1": 1.8996}, "min": {"pca-1": 1.8193}}, "1002": {"mean": {"pca-1": 1.7275}, "min": {"pca-1": 1.6631}}, "1003": {"mean": {"pca-1": 1.5273}, "min": {"pca-1": 1.4907}}, "1004": {"mean": {"pca-1": 2.0185}, "min": {"pca-1": 1.8773}}, "1005": {"mean": {"pca-1": 1.358}, "min": {"pca-1": 1.2027}}, "1006": {"mean": {"pca-1": 1.6572}, "min": {"pca-1": 1.5875}}, "1007": {"mean": {"pca-1": 1.5939}, "min": {"pca-1": 1.5642}}, "1008": {"mean": {"pca-1": 1.8304}, "min": {"pca-1": 1.5998}}, "1009": {"mean": {"pca-1": 1.9399}, "min": {"pca-1": 1.9297}}, "1010": {"mean": {"pca-1": 1.868}, "min": {"pca-1": 1.7224}}, "1011": {"mean": {"pca-1": 1.5336}, "min": {"pca-1": 1.3534}}, "1012": {"mean": {"pca-1": 1.9259}, "min": {"pca-1": 1.8522}}, "1013": {"mean": {"pca-1": 1.7353}, "min": {"pca-1": 1.6539}}, "1014": {"mean": {"pca-1": 1.4925}, "min": {"pca-1": 1.4564}}, "1015": {"mean": {"pca-1": 1.7805}, "min": {"pca-1": 1.582}}}, "1011": {"1001": {"mean": {"pca-1": 1.5786}, "min": {"pca-1": 1.3625}}, "1002": {"mean": {"pca-1": 1.8897}, "min": {"pca-1": 1.8432}}, "1003": {"mean": {"pca-1": 1.6441}, "min": {"pca-1": 1.5365}}, "1004": {"mean": {"pca-1": 1.7965}, "min": {"pca-1": 1.6035}}, "1005": {"mean": {"pca-1": 1.7506}, "min": {"pca-1": 1.5474}}, "1006": {"mean": {"pca-1": 2.0291}, "min": {"pca-1": 1.9276}}, "1007": {"mean": {"pca-1": 1.7833}, "min": {"pca-1": 1.6728}}, "1008": {"mean": {"pca-1": 2.2502}, "min": {"pca-1": 1.9689}}, "1009": {"mean": {"pca-1": 1.8498}, "min": {"pca-1": 1.785}}, "1010": {"mean": {"pca-1": 2.4408}, "min": {"pca-1": 2.2733}}, "1011": {"mean": {"pca-1": 2.0181}, "min": {"pca-1": 1.7472}}, "1012": {"mean": {"pca-1": 2.0788}, "min": {"pca-1": 1.9469}}, "1013": {"mean": {"pca-1": 2.1793}, "min": {"pca-1": 2.05}}, "1014": {"mean": {"pca-1": 2.1065}, "min": {"pca-1": 1.9209}}, "1015": {"mean": {"pca-1": 2.0267}, "min": {"pca-1": 1.7643}}}, "1012": {"1001": {"mean": {"pca-1": 2.1814}, "min": {"pca-1": 1.3576}}, "1002": {"mean": {"pca-1": 2.0095}, "min": {"pca-1": 1.7005}}, "1003": {"mean": {"pca-1": 1.9499}, "min": {"pca-1": 1.5962}}, "1004": {"mean": {"pca-1": 2.2324}, "min": {"pca-1": 1.6726}}, "1005": {"mean": {"pca-1": 1.5986}, "min": {"pca-1": 1.5919}}, "1006": {"mean": {"pca-1": 1.8898}, "min": {"pca-1": 1.8298}}, "1007": {"mean": {"pca-1": 2.003}, "min": {"pca-1": 1.7191}}, "1008": {"mean": {"pca-1": 1.9495}, "min": {"pca-1": 1.715}}, "1009": {"mean": {"pca-1": 2.1423}, "min": {"pca-1": 1.9321}}, "1010": {"mean": {"pca-1": 2.1614}, "min": {"pca-1": 2.1012}}, "1011": {"mean": {"pca-1": 1.722}, "min": {"pca-1": 1.4956}}, "1012": {"mean": {"pca-1": 2.0491}, "min": {"pca-1": 1.9384}}, "1013": {"mean": {"pca-1": 2.0474}, "min": {"pca-1": 1.9963}}, "1014": {"mean": {"pca-1": 1.6644}, "min": {"pca-1": 1.46}}, "1015": {"mean": {"pca-1": 1.7914}, "min": {"pca-1": 1.6252}}}, "1013": {"1001": {"mean": {"pca-1": 2.2865}, "min": {"pca-1": 1.9335}}, "1002": {"mean": {"pca-1": 1.9678}, "min": {"pca-1": 1.7391}}, "1003": {"mean": {"pca-1": 1.8233}, "min": {"pca-1": 1.6268}}, "1004": {"mean": {"pca-1": 2.4079}, "min": {"pca-1": 2.1372}}, "1005": {"mean": {"pca-1": 1.4409}, "min": {"pca-1": 1.3876}}, "1006": {"mean": {"pca-1": 1.7806}, "min": {"pca-1": 1.5031}}, "1007": {"mean": {"pca-1": 1.8137}, "min": {"pca-1": 1.5955}}, "1008": {"mean": {"pca-1": 1.7562}, "min": {"pca-1": 1.4984}}, "1009": {"mean": {"pca-1": 2.1487}, "min": {"pca-1": 1.9646}}, "1010": {"mean": {"pca-1": 1.8922}, "min": {"pca-1": 1.6857}}, "1011": {"mean": {"pca-1": 1.5389}, "min": {"pca-1": 1.4226}}, "1012": {"mean": {"pca-1": 1.9909}, "min": {"pca-1": 1.7792}}, "1013": {"mean": {"pca-1": 1.8033}, "min": {"pca-1": 1.6147}}, "1014": {"mean": {"pca-1": 1.6856}, "min": {"pca-1": 1.5549}}, "1015": {"mean": {"pca-1": 1.748}, "min": {"pca-1": 1.6395}}}, "1014": {"1001": {"mean": {"pca-1": 2.0412}, "min": {"pca-1": 1.7132}}, "1002": {"mean": {"pca-1": 1.8204}, "min": {"pca-1": 1.689}}, "1003": {"mean": {"pca-1": 1.6679}, "min": {"pca-1": 1.3915}}, "1004": {"mean": {"pca-1": 2.1686}, "min": {"pca-1": 1.9347}}, "1005": {"mean": {"pca-1": 1.4263}, "min": {"pca-1": 1.2028}}, "1006": {"mean": {"pca-1": 1.6745}, "min": {"pca-1": 1.5217}}, "1007": {"mean": {"pca-1": 1.7502}, "min": {"pca-1": 1.5967}}, "1008": {"mean": {"pca-1": 1.7792}, "min": {"pca-1": 1.477}}, "1009": {"mean": {"pca-1": 1.9688}, "min": {"pca-1": 1.8308}}, "1010": {"mean": {"pca-1": 1.8366}, "min": {"pca-1": 1.6784}}, "1011": {"mean": {"pca-1": 1.5213}, "min": {"pca-1": 1.2743}}, "1012": {"mean": {"pca-1": 1.8637}, "min": {"pca-1": 1.8449}}, "1013": {"mean": {"pca-1": 1.7443}, "min": {"pca-1": 1.7091}}, "1014": {"mean": {"pca-1": 1.5694}, "min": {"pca-1": 1.4018}}, "1015": {"mean": {"pca-1": 1.7136}, "min": {"pca-1": 1.5869}}}, "1015": {"1001": {"mean": {"pca-1": 2.1319}, "min": {"pca-1": 1.731}}, "1002": {"mean": {"pca-1": 1.9592}, "min": {"pca-1": 1.698}}, "1003": {"mean": {"pca-1": 1.8051}, "min": {"pca-1": 1.508}}, "1004": {"mean": {"pca-1": 2.1523}, "min": {"pca-1": 1.8104}}, "1005": {"mean": {"pca-1": 1.4646}, "min": {"pca-1": 1.4259}}, "1006": {"mean": {"pca-1": 1.799}, "min": {"pca-1": 1.7242}}, "1007": {"mean": {"pca-1": 1.8652}, "min": {"pca-1": 1.5502}}, "1008": {"mean": {"pca-1": 1.9485}, "min": {"pca-1": 1.7564}}, "1009": {"mean": {"pca-1": 2.0143}, "min": {"pca-1": 1.7702}}, "1010": {"mean": {"pca-1": 2.0671}, "min": {"pca-1": 1.9823}}, "1011": {"mean": {"pca-1": 1.6342}, "min": {"pca-1": 1.4602}}, "1012": {"mean": {"pca-1": 1.9906}, "min": {"pca-1": 1.8647}}, "1013": {"mean": {"pca-1": 1.8756}, "min": {"pca-1": 1.8392}}, "1014": {"mean": {"pca-1": 1.6438}, "min": {"pca-1": 1.5646}}, "1015": {"mean": {"pca-1": 1.956}, "min": {"pca-1": 1.89}}}}