{"1001": {"1001": {"mean": {"pca-1": 4.0757}, "min": {"pca-1": 3.8865}}, "1002": {"mean": {"pca-1": 3.5624}, "min": {"pca-1": 3.3779}}, "1003": {"mean": {"pca-1": 3.774}, "min": {"pca-1": 3.5675}}, "1004": {"mean": {"pca-1": 3.8946}, "min": {"pca-1": 3.7089}}, "1005": {"mean": {"pca-1": 3.6212}, "min": {"pca-1": 3.4215}}, "1006": {"mean": {"pca-1": 3.0655}, "min": {"pca-1": 2.8843}}, "1007": {"mean": {"pca-1": 3.5271}, "min": {"pca-1": 3.3587}}, "1008": {"mean": {"pca-1": 3.9428}, "min": {"pca-1": 3.7527}}, "1009": {"mean": {"pca-1": 4.0453}, "min": {"pca-1": 3.8299}}, "1010": {"mean": {"pca-1": 3.353}, "min": {"pca-1": 3.1797}}, "1011": {"mean": {"pca-1": 3.9284}, "min": {"pca-1": 3.7273}}, "1012": {"mean": {"pca-1": 3.6986}, "min": {"pca-1": 3.499}}, "1013": {"mean": {"pca-1": 3.3953}, "min": {"pca-1": 3.2097}}, "1014": {"mean": {"pca-1": 3.1418}, "min": {"pca-1": 2.9456}}, "1015": {"mean": {"pca-1": 4.1498}, "min": {"pca-1": 3.9546}}}, "1002": {"1001": {"mean": {"pca-1": 2.8635}, "min": {"pca-1": 2.8358}}, "1002": {"mean": {"pca-1": 2.5861}, "min": {"pca-1": 2.5495}}, "1003": {"mean": {"pca-1": 2.3776}, "min": {"pca-1": 2.3433}}, "1004": {"mean": {"pca-1": 2.7868}, "min": {"pca-1": 2.7628}}, "1005": {"mean": {"pca-1": 2.389}, "min": {"pca-1": 2.3609}}, "1006": {"mean": {"pca-1": 2.3531}, "min": {"pca-1": 2.2303}}, "1007": {"mean": {"pca-1": 2.7884}, "min": {"pca-1": 2.7111}}, "1008": {"mean": {"pca-1": 2.7545}, "min": {"pca-1": 2.7276}}, "1009": {"mean": {"pca-1": 2.4106}, "min": {"pca-1": 2.3256}}, "1010": {"mean": {"pca-1": 2.6166}, "min": {"pca-1": 2.5249}}, "1011": {"mean": {"pca-1": 2.5714}, "min": {"pca-1": 2.5386}}, "1012": {"mean": {"pca-1": 2.4419}, "min": {"pca-1": 2.4128}}, "1013": {"mean": {"pca-1": 2.4682}, "min": {"pca-1": 2.4093}}, "1014": {"mean": {"pca-1": 2.1722}, "min": {"pca-1": 2.0936}}, "1015": {"mean": {"pca-1": 2.8247}, "min": {"pca-1": 2.7878}}}, "1003": {"1001": {"mean": {"pca-1": 2.9475}, "min": {"pca-1": 2.835}}, "1002": {"mean": {"pca-1": 2.7613}, "min": {"pca-1": 2.5586}}, "1003": {"mean": {"pca-1": 2.4691}, "min": {"pca-1": 2.341}}, "1004": {"mean": {"pca-1": 2.9063}, "min": {"pca-1": 2.7609}}, "1005": {"mean": {"pca-1": 2.5245}, "min": {"pca-1": 2.3587}}, "1006": {"mean": {"pca-1": 2.6185}, "min": {"pca-1": 2.3252}}, "1007": {"mean": {"pca-1": 2.9957}, "min": {"pca-1": 2.7637}}, "1008": {"mean": {"pca-1": 2.8565}, "min": {"pca-1": 2.7282}}, "1009": {"mean": {"pca-1": 2.4252}, "min": {"pca-1": 2.352}}, "1010": {"mean": {"pca-1": 2.8436}, "min": {"pca-1": 2.5906}}, "1011": {"mean": {"pca-1": 2.6488}, "min": {"pca-1": 2.535}}, "1012": {"mean": {"pca-1": 2.5638}, "min": {"pca-1": 2.4123}}, "1013": {"mean": {"pca-1": 2.6699}, "min": {"pca-1": 2.4398}}, "1014": {"mean": {"pca-1": 2.4055}, "min": {"pca-1": 2.1404}}, "1015": {"mean": {"pca-1": 2.8819}, "min": {"pca-1": 2.7874}}}, "1004": {"1001": {"mean": {"pca-1": 4.9193}, "min": {"pca-1": 4.3237}}, "1002": {"mean": {"pca-1": 4.3997}, "min": {"pca-1": 3.8046}}, "1003": {"mean": {"pca-1": 4.6731}, "min": {"pca-1": 4.0445}}, "1004": {"mean": {"pca-1": 4.7304}, "min": {"pca-1": 4.1383}}, "1005": {"mean": {"pca-1": 4.5025}, "min": {"pca-1": 3.8831}}, "1006": {"mean": {"pca-1": 3.9027}, "min": {"pca-1": 3.3037}}, "1007": {"mean": {"pca-1": 4.3175}, "min": {"pca-1": 3.7486}}, "1008": {"mean": {"pca-1": 4.7911}, "min": {"pca-1": 4.1922}}, "1009": {"mean": {"pca-1": 4.9684}, "min": {"pca-1": 4.3274}}, "1010": {"mean": {"pca-1": 4.1614}, "min": {"pca-1": 3.5809}}, "1011": {"mean": {"pca-1": 4.81}, "min": {"pca-1": 4.192}}, "1012": {"mean": {"pca-1": 4.5782}, "min": {"pca-1": 3.9602}}, "1013": {"mean": {"pca-1": 4.2389}, "min": {"pca-1": 3.6391}}, "1014": {"mean": {"pca-1": 4.0202}, "min": {"pca-1": 3.3994}}, "1015": {"mean": {"pca-1": 5.0109}, "min": {"pca-1": 4.4057}}}, "1005": {"1001": {"mean": {"pca-1": 2.8902}, "min": {"pca-1": 2.8354}}, "1002": {"mean": {"pca-1": 2.6484}, "min": {"pca-1": 2.5437}}, "1003": {"mean": {"pca-1": 2.4067}, "min": {"pca-1": 2.3424}}, "1004": {"mean": {"pca-1": 2.8273}, "min": {"pca-1": 2.7637}}, "1005": {"mean": {"pca-1": 2.4356}, "min": {"pca-1": 2.362}}, "1006": {"mean": {"pca-1": 2.4507}, "min": {"pca-1": 2.2404}}, "1007": {"mean": {"pca-1": 2.8632}, "min": {"pca-1": 2.7143}}, "1008": {"mean": {"pca-1": 2.7881}, "min": {"pca-1": 2.7277}}, "1009": {"mean": {"pca-1": 2.4091}, "min": {"pca-1": 2.3626}}, "1010": {"mean": {"pca-1": 2.6991}, "min": {"pca-1": 2.5302}}, "1011": {"mean": {"pca-1": 2.5951}, "min": {"pca-1": 2.5375}}, "1012": {"mean": {"pca-1": 2.4831}, "min": {"pca-1": 2.4134}}, "1013": {"mean": {"pca-1": 2.5409}, "min": {"pca-1": 2.4072}}, "1014": {"mean": {"pca-1": 2.2574}, "min": {"pca-1": 2.0935}}, "1015": {"mean": {"pca-1": 2.8408}, "min": {"pca-1": 2.7915}}}, "1006": {"1001": {"mean": {"pca-1": 3.8969}, "min": {"pca-1": 3.0609}}, "1002": {"mean": {"pca-1": 3.4119}, "min": {"pca-1": 2.6417}}, "1003": {"mean": {"pca-1": 3.5639}, "min": {"pca-1": 2.625}}, "1004": {"mean": {"pca-1": 3.729}, "min": {"pca-1": 2.9268}}, "1005": {"mean": {"pca-1": 3.4327}, "min": {"pca-1": 2.5518}}, "1006": {"mean": {"pca-1": 2.9476}, "min": {"pca-1": 2.2476}}, "1007": {"mean": {"pca-1": 3.4132}, "min": {"pca-1": 2.7528}}, "1008": {"mean": {"pca-1": 3.7658}, "min": {"pca-1": 2.931}}, "1009": {"mean": {"pca-1": 3.8057}, "min": {"pca-1": 2.7876}}, "1010": {"mean": {"pca-1": 3.2368}, "min": {"pca-1": 2.5598}}, "1011": {"mean": {"pca-1": 3.7265}, "min": {"pca-1": 2.8165}}, "1012": {"mean": {"pca-1": 3.5078}, "min": {"pca-1": 2.623}}, "1013": {"mean": {"pca-1": 3.2496}, "min": {"pca-1": 2.4854}}, "1014": {"mean": {"pca-1": 2.9834}, "min": {"pca-1": 2.1688}}, "1015": {"mean": {"pca-1": 3.9555}, "min": {"pca-1": 3.0746}}}, "1007": {"1001": {"mean": {"pca-1": 4.4944}, "min": {"pca-1": 3.6263}}, "1002": {"mean": {"pca-1": 3.9803}, "min": {"pca-1": 3.1305}}, "1003": {"mean": {"pca-1": 4.2199}, "min": {"pca-1": 3.2781}}, "1004": {"mean": {"pca-1": 4.3103}, "min": {"pca-1": 3.4562}}, "1005": {"mean": {"pca-1": 4.0595}, "min": {"pca-1": 3.1456}}, "1006": {"mean": {"pca-1": 3.4865}, "min": {"pca-1": 2.6489}}, "1007": {"mean": {"pca-1": 3.9229}, "min": {"pca-1": 3.1405}}, "1008": {"mean": {"pca-1": 4.3643}, "min": {"pca-1": 3.4918}}, "1009": {"mean": {"pca-1": 4.5017}, "min": {"pca-1": 3.5223}}, "1010": {"mean": {"pca-1": 3.7584}, "min": {"pca-1": 2.9548}}, "1011": {"mean": {"pca-1": 4.3656}, "min": {"pca-1": 3.4466}}, "1012": {"mean": {"pca-1": 4.1357}, "min": {"pca-1": 3.2229}}, "1013": {"mean": {"pca-1": 3.8171}, "min": {"pca-1": 2.9619}}, "1014": {"mean": {"pca-1": 3.5813}, "min": {"pca-1": 2.6809}}, "1015": {"mean": {"pca-1": 4.5767}, "min": {"pca-1": 3.6831}}}, "1008": {"1001": {"mean": {"pca-1": 5.4822}, "min": {"pca-1": 3.6552}}, "1002": {"mean": {"pca-1": 5.6921}, "min": {"pca-1": 3.7377}}, "1003": {"mean": {"pca-1": 5.1954}, "min": {"pca-1": 3.2635}}, "1004": {"mean": {"pca-1": 5.5904}, "min": {"pca-1": 3.7169}}, "1005": {"mean": {"pca-1": 5.3861}, "min": {"pca-1": 3.4274}}, "1006": {"mean": {"pca-1": 5.8921}, "min": {"pca-1": 3.8371}}, "1007": {"mean": {"pca-1": 5.9823}, "min": {"pca-1": 4.0307}}, "1008": {"mean": {"pca-1": 5.4899}, "min": {"pca-1": 3.6255}}, "1009": {"mean": {"pca-1": 4.8916}, "min": {"pca-1": 3.0149}}, "1010": {"mean": {"pca-1": 5.9362}, "min": {"pca-1": 3.9441}}, "1011": {"mean": {"pca-1": 5.2594}, "min": {"pca-1": 3.3778}}, "1012": {"mean": {"pca-1": 5.3644}, "min": {"pca-1": 3.4249}}, "1013": {"mean": {"pca-1": 5.7179}, "min": {"pca-1": 3.725}}, "1014": {"mean": {"pca-1": 5.6276}, "min": {"pca-1": 3.5709}}, "1015": {"mean": {"pca-1": 5.3337}, "min": {"pca-1": 3.5226}}}, "1009": {"1001": {"mean": {"pca-1": 3.7437}, "min": {"pca-1": 3.5247}}, "1002": {"mean": {"pca-1": 3.2439}, "min": {"pca-1": 3.0361}}, "1003": {"mean": {"pca-1": 3.4074}, "min": {"pca-1": 3.1636}}, "1004": {"mean": {"pca-1": 3.571}, "min": {"pca-1": 3.3585}}, "1005": {"mean": {"pca-1": 3.2699}, "min": {"pca-1": 3.0378}}, "1006": {"mean": {"pca-1": 2.759}, "min": {"pca-1": 2.562}}, "1007": {"mean": {"pca-1": 3.2425}, "min": {"pca-1": 3.0597}}, "1008": {"mean": {"pca-1": 3.6097}, "min": {"pca-1": 3.3901}}, "1009": {"mean": {"pca-1": 3.6582}, "min": {"pca-1": 3.3988}}, "1010": {"mean": {"pca-1": 3.06}, "min": {"pca-1": 2.8716}}, "1011": {"mean": {"pca-1": 3.5722}, "min": {"pca-1": 3.3358}}, "1012": {"mean": {"pca-1": 3.3472}, "min": {"pca-1": 3.1148}}, "1013": {"mean": {"pca-1": 3.0759}, "min": {"pca-1": 2.8679}}, "1014": {"mean": {"pca-1": 2.8021}, "min": {"pca-1": 2.58}}, "1015": {"mean": {"pca-1": 3.8049}, "min": {"pca-1": 3.5762}}}, "1010": {"1001": {"mean": {"pca-1": 3.8637}, "min": {"pca-1": 3.1021}}, "1002": {"mean": {"pca-1": 3.3768}, "min": {"pca-1": 2.6723}}, "1003": {"mean": {"pca-1": 3.5288}, "min": {"pca-1": 2.6743}}, "1004": {"mean": {"pca-1": 3.6954}, "min": {"pca-1": 2.9635}}, "1005": {"mean": {"pca-1": 3.3971}, "min": {"pca-1": 2.5938}}, "1006": {"mean": {"pca-1": 2.9095}, "min": {"pca-1": 2.2657}}, "1007": {"mean": {"pca-1": 3.3791}, "min": {"pca-1": 2.773}}, "1008": {"mean": {"pca-1": 3.7321}, "min": {"pca-1": 2.9712}}, "1009": {"mean": {"pca-1": 3.7713}, "min": {"pca-1": 2.8471}}, "1010": {"mean": {"pca-1": 3.2013}, "min": {"pca-1": 2.5796}}, "1011": {"mean": {"pca-1": 3.6922}, "min": {"pca-1": 2.864}}, "1012": {"mean": {"pca-1": 3.4725}, "min": {"pca-1": 2.6661}}, "1013": {"mean": {"pca-1": 3.2134}, "min": {"pca-1": 2.5137}}, "1014": {"mean": {"pca-1": 2.9449}, "min": {"pca-1": 2.1987}}, "1015": {"mean": {"pca-1": 3.9222}, "min": {"pca-1": 3.1206}}}, "1011": {"1001": {"mean": {"pca-1": 2.9383}, "min": {"pca-1": 2.8654}}, "1002": {"mean": {"pca-1": 2.8056}, "min": {"pca-1": 2.6799}}, "1003": {"mean": {"pca-1": 2.4552}, "min": {"pca-1": 2.3722}}, "1004": {"mean": {"pca-1": 2.9179}, "min": {"pca-1": 2.8247}}, "1005": {"mean": {"pca-1": 2.5397}, "min": {"pca-1": 2.4326}}, "1006": {"mean": {"pca-1": 2.7194}, "min": {"pca-1": 2.5439}}, "1007": {"mean": {"pca-1": 3.063}, "min": {"pca-1": 2.9227}}, "1008": {"mean": {"pca-1": 2.8567}, "min": {"pca-1": 2.7727}}, "1009": {"mean": {"pca-1": 2.3625}, "min": {"pca-1": 2.3237}}, "1010": {"mean": {"pca-1": 2.9219}, "min": {"pca-1": 2.7693}}, "1011": {"mean": {"pca-1": 2.63}, "min": {"pca-1": 2.5575}}, "1012": {"mean": {"pca-1": 2.5709}, "min": {"pca-1": 2.4721}}, "1013": {"mean": {"pca-1": 2.7299}, "min": {"pca-1": 2.5887}}, "1014": {"mean": {"pca-1": 2.483}, "min": {"pca-1": 2.3208}}, "1015": {"mean": {"pca-1": 2.8556}, "min": {"pca-1": 2.7972}}}, "1012": {"1001": {"mean": {"pca-1": 3.111}, "min": {"pca-1": 2.9411}}, "1002": {"mean": {"pca-1": 2.8507}, "min": {"pca-1": 2.5654}}, "1003": {"mean": {"pca-1": 2.6691}, "min": {"pca-1": 2.4793}}, "1004": {"mean": {"pca-1": 3.0396}, "min": {"pca-1": 2.8253}}, "1005": {"mean": {"pca-1": 2.6769}, "min": {"pca-1": 2.4343}}, "1006": {"mean": {"pca-1": 2.6194}, "min": {"pca-1": 2.223}}, "1007": {"mean": {"pca-1": 3.0317}, "min": {"pca-1": 2.713}}, "1008": {"mean": {"pca-1": 3.0104}, "min": {"pca-1": 2.8164}}, "1009": {"mean": {"pca-1": 2.6957}, "min": {"pca-1": 2.601}}, "1010": {"mean": {"pca-1": 2.8696}, "min": {"pca-1": 2.5241}}, "1011": {"mean": {"pca-1": 2.8436}, "min": {"pca-1": 2.6756}}, "1012": {"mean": {"pca-1": 2.7255}, "min": {"pca-1": 2.5007}}, "1013": {"mean": {"pca-1": 2.7393}, "min": {"pca-1": 2.4199}}, "1014": {"mean": {"pca-1": 2.4667}, "min": {"pca-1": 2.1023}}, "1015": {"mean": {"pca-1": 3.0746}, "min": {"pca-1": 2.9365}}}, "1013": {"1001": {"mean": {"pca-1": 4.4571}, "min": {"pca-1": 2.9162}}, "1002": {"mean": {"pca-1": 4.5612}, "min": {"pca-1": 2.7762}}, "1003": {"mean": {"pca-1": 4.1081}, "min": {"pca-1": 2.4296}}, "1004": {"mean": {"pca-1": 4.5258}, "min": {"pca-1": 2.893}}, "1005": {"mean": {"pca-1": 4.2666}, "min": {"pca-1": 2.5115}}, "1006": {"mean": {"pca-1": 4.6723}, "min": {"pca-1": 2.6839}}, "1007": {"mean": {"pca-1": 4.8423}, "min": {"pca-1": 3.0326}}, "1008": {"mean": {"pca-1": 4.4371}, "min": {"pca-1": 2.8328}}, "1009": {"mean": {"pca-1": 3.8682}, "min": {"pca-1": 2.3425}}, "1010": {"mean": {"pca-1": 4.7661}, "min": {"pca-1": 2.8896}}, "1011": {"mean": {"pca-1": 4.2066}, "min": {"pca-1": 2.6067}}, "1012": {"mean": {"pca-1": 4.2612}, "min": {"pca-1": 2.5439}}, "1013": {"mean": {"pca-1": 4.5554}, "min": {"pca-1": 2.6983}}, "1014": {"mean": {"pca-1": 4.416}, "min": {"pca-1": 2.4481}}, "1015": {"mean": {"pca-1": 4.3281}, "min": {"pca-1": 2.8352}}}, "1014": {"1001": {"mean": {"pca-1": 4.0686}, "min": {"pca-1": 3.3035}}, "1002": {"mean": {"pca-1": 3.5669}, "min": {"pca-1": 2.8378}}, "1003": {"mean": {"pca-1": 3.7569}, "min": {"pca-1": 2.9105}}, "1004": {"mean": {"pca-1": 3.8926}, "min": {"pca-1": 3.1486}}, "1005": {"mean": {"pca-1": 3.6121}, "min": {"pca-1": 2.8037}}, "1006": {"mean": {"pca-1": 3.0838}, "min": {"pca-1": 2.3889}}, "1007": {"mean": {"pca-1": 3.5446}, "min": {"pca-1": 2.8965}}, "1008": {"mean": {"pca-1": 3.9368}, "min": {"pca-1": 3.1697}}, "1009": {"mean": {"pca-1": 4.0175}, "min": {"pca-1": 3.1198}}, "1010": {"mean": {"pca-1": 3.3706}, "min": {"pca-1": 2.7041}}, "1011": {"mean": {"pca-1": 3.9138}, "min": {"pca-1": 3.0915}}, "1012": {"mean": {"pca-1": 3.6884}, "min": {"pca-1": 2.8792}}, "1013": {"mean": {"pca-1": 3.4021}, "min": {"pca-1": 2.6723}}, "1014": {"mean": {"pca-1": 3.1449}, "min": {"pca-1": 2.3691}}, "1015": {"mean": {"pca-1": 4.1372}, "min": {"pca-1": 3.3405}}}, "1015": {"1001": {"mean": {"pca-1": 2.9828}, "min": {"pca-1": 2.8833}}, "1002": {"mean": {"pca-1": 2.6577}, "min": {"pca-1": 2.5615}}, "1003": {"mean": {"pca-1": 2.5237}, "min": {"pca-1": 2.3921}}, "1004": {"mean": {"pca-1": 2.8863}, "min": {"pca-1": 2.8191}}, "1005": {"mean": {"pca-1": 2.5043}, "min": {"pca-1": 2.4271}}, "1006": {"mean": {"pca-1": 2.3676}, "min": {"pca-1": 2.2237}}, "1007": {"mean": {"pca-1": 2.822}, "min": {"pca-1": 2.712}}, "1008": {"mean": {"pca-1": 2.8679}, "min": {"pca-1": 2.7943}}, "1009": {"mean": {"pca-1": 2.6014}, "min": {"pca-1": 2.3276}}, "1010": {"mean": {"pca-1": 2.6449}, "min": {"pca-1": 2.5236}}, "1011": {"mean": {"pca-1": 2.7128}, "min": {"pca-1": 2.5743}}, "1012": {"mean": {"pca-1": 2.5628}, "min": {"pca-1": 2.493}}, "1013": {"mean": {"pca-1": 2.5276}, "min": {"pca-1": 2.417}}, "1014": {"mean": {"pca-1": 2.2304}, "min": {"pca-1": 2.0997}}, "1015": {"mean": {"pca-1": 2.9634}, "min": {"pca-1": 2.8097}}}}