{"1": {"non-stress": 0.934, "stress": 0.933}, "2": {"non-stress": 0.934, "stress": 0.934}, "3": {"non-stress": 0.935, "stress": 0.935}, "4": {"non-stress": 0.935, "stress": 0.935}, "5": {"non-stress": 0.936, "stress": 0.936}, "6": {"non-stress": 0.936, "stress": 0.936}, "7": {"non-stress": 0.937, "stress": 0.937}, "8": {"non-stress": 0.937, "stress": 0.937}, "9": {"non-stress": 0.938, "stress": 0.938}, "10": {"non-stress": 0.938, "stress": 0.938}, "11": {"non-stress": 0.938, "stress": 0.938}, "12": {"non-stress": 0.939, "stress": 0.939}, "13": {"non-stress": 0.939, "stress": 0.939}, "14": {"non-stress": 0.939, "stress": 0.94}, "15": {"non-stress": 0.939, "stress": 0.94}, "16": {"non-stress": 0.94, "stress": 0.941}, "17": {"non-stress": 0.94, "stress": 0.941}, "18": {"non-stress": 0.941, "stress": 0.941}, "19": {"non-stress": 0.941, "stress": 0.942}, "20": {"non-stress": 0.942, "stress": 0.942}, "21": {"non-stress": 0.942, "stress": 0.942}, "22": {"non-stress": 0.942, "stress": 0.943}, "23": {"non-stress": 0.943, "stress": 0.943}, "24": {"non-stress": 0.943, "stress": 0.943}, "25": {"non-stress": 0.943, "stress": 0.944}, "26": {"non-stress": 0.944, "stress": 0.944}, "27": {"non-stress": 0.944, "stress": 0.944}, "28": {"non-stress": 0.944, "stress": 0.944}, "29": {"non-stress": 0.945, "stress": 0.944}, "30": {"non-stress": 0.945, "stress": 0.944}, "31": {"non-stress": 0.945, "stress": 0.945}, "32": {"non-stress": 0.945, "stress": 0.945}, "33": {"non-stress": 0.946, "stress": 0.945}, "34": {"non-stress": 0.946, "stress": 0.945}, "35": {"non-stress": 0.946, "stress": 0.945}, "36": {"non-stress": 0.946, "stress": 0.946}, "37": {"non-stress": 0.947, "stress": 0.946}, "38": {"non-stress": 0.947, "stress": 0.946}, "39": {"non-stress": 0.947, "stress": 0.946}, "40": {"non-stress": 0.948, "stress": 0.947}, "41": {"non-stress": 0.948, "stress": 0.947}, "42": {"non-stress": 0.948, "stress": 0.947}, "43": {"non-stress": 0.948, "stress": 0.947}, "44": {"non-stress": 0.948, "stress": 0.947}, "45": {"non-stress": 0.949, "stress": 0.947}, "46": {"non-stress": 0.949, "stress": 0.948}, "47": {"non-stress": 0.949, "stress": 0.948}, "48": {"non-stress": 0.949, "stress": 0.948}, "49": {"non-stress": 0.949, "stress": 0.948}, "50": {"non-stress": 0.949, "stress": 0.949}, "51": {"non-stress": 0.95, "stress": 0.949}, "52": {"non-stress": 0.95, "stress": 0.949}, "53": {"non-stress": 0.951, "stress": 0.949}, "54": {"non-stress": 0.951, "stress": 0.95}, "55": {"non-stress": 0.951, "stress": 0.95}, "56": {"non-stress": 0.951, "stress": 0.95}, "57": {"non-stress": 0.952, "stress": 0.95}, "58": {"non-stress": 0.952, "stress": 0.95}, "59": {"non-stress": 0.952, "stress": 0.951}, "60": {"non-stress": 0.952, "stress": 0.951}, "61": {"non-stress": 0.953, "stress": 0.951}, "62": {"non-stress": 0.953, "stress": 0.951}, "63": {"non-stress": 0.953, "stress": 0.951}, "64": {"non-stress": 0.953, "stress": 0.952}, "65": {"non-stress": 0.953, "stress": 0.952}, "66": {"non-stress": 0.954, "stress": 0.952}, "67": {"non-stress": 0.954, "stress": 0.953}, "68": {"non-stress": 0.954, "stress": 0.953}, "69": {"non-stress": 0.955, "stress": 0.953}, "70": {"non-stress": 0.955, "stress": 0.953}, "71": {"non-stress": 0.955, "stress": 0.954}, "72": {"non-stress": 0.955, "stress": 0.954}, "73": {"non-stress": 0.955, "stress": 0.954}, "74": {"non-stress": 0.955, "stress": 0.954}, "75": {"non-stress": 0.956, "stress": 0.954}, "76": {"non-stress": 0.956, "stress": 0.954}, "77": {"non-stress": 0.956, "stress": 0.954}, "78": {"non-stress": 0.956, "stress": 0.955}, "79": {"non-stress": 0.957, "stress": 0.955}, "80": {"non-stress": 0.957, "stress": 0.955}, "81": {"non-stress": 0.957, "stress": 0.955}, "82": {"non-stress": 0.957, "stress": 0.955}, "83": {"non-stress": 0.957, "stress": 0.955}, "84": {"non-stress": 0.958, "stress": 0.956}, "85": {"non-stress": 0.958, "stress": 0.956}, "86": {"non-stress": 0.958, "stress": 0.956}, "87": {"non-stress": 0.958, "stress": 0.957}, "88": {"non-stress": 0.958, "stress": 0.957}, "89": {"non-stress": 0.959, "stress": 0.957}, "90": {"non-stress": 0.959, "stress": 0.957}, "91": {"non-stress": 0.959, "stress": 0.957}, "92": {"non-stress": 0.959, "stress": 0.957}, "93": {"non-stress": 0.959, "stress": 0.958}, "94": {"non-stress": 0.96, "stress": 0.958}, "95": {"non-stress": 0.96, "stress": 0.958}, "96": {"non-stress": 0.96, "stress": 0.958}, "97": {"non-stress": 0.96, "stress": 0.958}, "98": {"non-stress": 0.96, "stress": 0.959}, "99": {"non-stress": 0.96, "stress": 0.959}, "100": {"non-stress": 0.96, "stress": 0.959}, "101": {"non-stress": 0.961, "stress": 0.959}, "102": {"non-stress": 0.961, "stress": 0.959}, "103": {"non-stress": 0.961, "stress": 0.96}, "104": {"non-stress": 0.961, "stress": 0.96}, "105": {"non-stress": 0.961, "stress": 0.96}, "106": {"non-stress": 0.961, "stress": 0.96}, "107": {"non-stress": 0.962, "stress": 0.96}, "108": {"non-stress": 0.962, "stress": 0.96}, "109": {"non-stress": 0.962, "stress": 0.961}, "110": {"non-stress": 0.962, "stress": 0.961}, "111": {"non-stress": 0.963, "stress": 0.961}, "112": {"non-stress": 0.963, "stress": 0.961}, "113": {"non-stress": 0.963, "stress": 0.961}, "114": {"non-stress": 0.963, "stress": 0.962}, "115": {"non-stress": 0.963, "stress": 0.962}, "116": {"non-stress": 0.963, "stress": 0.962}, "117": {"non-stress": 0.964, "stress": 0.962}, "118": {"non-stress": 0.964, "stress": 0.962}, "119": {"non-stress": 0.964, "stress": 0.962}, "120": {"non-stress": 0.964, "stress": 0.963}, "121": {"non-stress": 0.964, "stress": 0.963}, "122": {"non-stress": 0.964, "stress": 0.963}, "123": {"non-stress": 0.965, "stress": 0.963}, "124": {"non-stress": 0.965, "stress": 0.963}, "125": {"non-stress": 0.965, "stress": 0.963}, "126": {"non-stress": 0.965, "stress": 0.963}, "127": {"non-stress": 0.965, "stress": 0.964}, "128": {"non-stress": 0.965, "stress": 0.964}, "129": {"non-stress": 0.965, "stress": 0.964}, "130": {"non-stress": 0.965, "stress": 0.964}, "131": {"non-stress": 0.966, "stress": 0.964}, "132": {"non-stress": 0.966, "stress": 0.964}, "133": {"non-stress": 0.966, "stress": 0.965}, "134": {"non-stress": 0.966, "stress": 0.965}, "135": {"non-stress": 0.966, "stress": 0.965}, "136": {"non-stress": 0.966, "stress": 0.965}, "137": {"non-stress": 0.966, "stress": 0.966}, "138": {"non-stress": 0.966, "stress": 0.966}, "139": {"non-stress": 0.967, "stress": 0.966}, "140": {"non-stress": 0.967, "stress": 0.966}, "141": {"non-stress": 0.967, "stress": 0.966}, "142": {"non-stress": 0.967, "stress": 0.967}, "143": {"non-stress": 0.967, "stress": 0.967}, "144": {"non-stress": 0.967, "stress": 0.967}, "145": {"non-stress": 0.968, "stress": 0.967}, "146": {"non-stress": 0.968, "stress": 0.967}, "147": {"non-stress": 0.968, "stress": 0.967}, "148": {"non-stress": 0.968, "stress": 0.967}, "149": {"non-stress": 0.968, "stress": 0.967}, "150": {"non-stress": 0.968, "stress": 0.967}, "151": {"non-stress": 0.968, "stress": 0.967}, "152": {"non-stress": 0.968, "stress": 0.967}, "153": {"non-stress": 0.969, "stress": 0.967}, "154": {"non-stress": 0.969, "stress": 0.968}, "155": {"non-stress": 0.969, "stress": 0.968}, "156": {"non-stress": 0.969, "stress": 0.968}, "157": {"non-stress": 0.969, "stress": 0.968}, "158": {"non-stress": 0.969, "stress": 0.968}, "159": {"non-stress": 0.969, "stress": 0.969}, "160": {"non-stress": 0.97, "stress": 0.969}, "161": {"non-stress": 0.97, "stress": 0.969}, "162": {"non-stress": 0.97, "stress": 0.969}, "163": {"non-stress": 0.97, "stress": 0.969}, "164": {"non-stress": 0.97, "stress": 0.969}, "165": {"non-stress": 0.97, "stress": 0.969}, "166": {"non-stress": 0.97, "stress": 0.969}, "167": {"non-stress": 0.97, "stress": 0.97}, "168": {"non-stress": 0.97, "stress": 0.97}, "169": {"non-stress": 0.97, "stress": 0.97}, "170": {"non-stress": 0.97, "stress": 0.97}, "171": {"non-stress": 0.971, "stress": 0.97}, "172": {"non-stress": 0.971, "stress": 0.97}, "173": {"non-stress": 0.971, "stress": 0.97}, "174": {"non-stress": 0.971, "stress": 0.97}, "175": {"non-stress": 0.971, "stress": 0.97}, "176": {"non-stress": 0.971, "stress": 0.971}, "177": {"non-stress": 0.971, "stress": 0.971}, "178": {"non-stress": 0.971, "stress": 0.971}, "179": {"non-stress": 0.972, "stress": 0.971}, "180": {"non-stress": 0.972, "stress": 0.971}, "181": {"non-stress": 0.972, "stress": 0.971}, "182": {"non-stress": 0.972, "stress": 0.971}, "183": {"non-stress": 0.972, "stress": 0.971}, "184": {"non-stress": 0.972, "stress": 0.971}, "185": {"non-stress": 0.972, "stress": 0.971}, "186": {"non-stress": 0.973, "stress": 0.971}, "187": {"non-stress": 0.973, "stress": 0.972}, "188": {"non-stress": 0.973, "stress": 0.972}, "189": {"non-stress": 0.973, "stress": 0.972}, "190": {"non-stress": 0.973, "stress": 0.972}, "191": {"non-stress": 0.973, "stress": 0.972}, "192": {"non-stress": 0.973, "stress": 0.972}, "193": {"non-stress": 0.973, "stress": 0.973}, "194": {"non-stress": 0.973, "stress": 0.973}, "195": {"non-stress": 0.973, "stress": 0.973}, "196": {"non-stress": 0.974, "stress": 0.973}, "197": {"non-stress": 0.974, "stress": 0.973}, "198": {"non-stress": 0.974, "stress": 0.973}, "199": {"non-stress": 0.974, "stress": 0.973}, "200": {"non-stress": 0.974, "stress": 0.973}, "201": {"non-stress": 0.974, "stress": 0.973}, "202": {"non-stress": 0.974, "stress": 0.974}, "203": {"non-stress": 0.974, "stress": 0.974}, "204": {"non-stress": 0.974, "stress": 0.974}, "205": {"non-stress": 0.975, "stress": 0.974}, "206": {"non-stress": 0.975, "stress": 0.974}, "207": {"non-stress": 0.975, "stress": 0.974}, "208": {"non-stress": 0.975, "stress": 0.974}, "209": {"non-stress": 0.975, "stress": 0.975}, "210": {"non-stress": 0.975, "stress": 0.975}, "211": {"non-stress": 0.976, "stress": 0.975}, "212": {"non-stress": 0.976, "stress": 0.975}, "213": {"non-stress": 0.976, "stress": 0.975}, "214": {"non-stress": 0.976, "stress": 0.975}, "215": {"non-stress": 0.976, "stress": 0.975}, "216": {"non-stress": 0.976, "stress": 0.975}, "217": {"non-stress": 0.976, "stress": 0.975}, "218": {"non-stress": 0.976, "stress": 0.976}, "219": {"non-stress": 0.977, "stress": 0.976}, "220": {"non-stress": 0.977, "stress": 0.976}, "221": {"non-stress": 0.977, "stress": 0.976}, "222": {"non-stress": 0.977, "stress": 0.976}, "223": {"non-stress": 0.977, "stress": 0.976}, "224": {"non-stress": 0.977, "stress": 0.976}, "225": {"non-stress": 0.977, "stress": 0.976}, "226": {"non-stress": 0.977, "stress": 0.977}, "227": {"non-stress": 0.977, "stress": 0.977}, "228": {"non-stress": 0.977, "stress": 0.977}, "229": {"non-stress": 0.978, "stress": 0.977}, "230": {"non-stress": 0.978, "stress": 0.977}, "231": {"non-stress": 0.978, "stress": 0.977}, "232": {"non-stress": 0.978, "stress": 0.977}, "233": {"non-stress": 0.978, "stress": 0.977}, "234": {"non-stress": 0.978, "stress": 0.977}, "235": {"non-stress": 0.978, "stress": 0.977}, "236": {"non-stress": 0.979, "stress": 0.977}, "237": {"non-stress": 0.979, "stress": 0.977}, "238": {"non-stress": 0.979, "stress": 0.977}, "239": {"non-stress": 0.979, "stress": 0.978}, "240": {"non-stress": 0.979, "stress": 0.978}, "241": {"non-stress": 0.979, "stress": 0.978}, "242": {"non-stress": 0.979, "stress": 0.978}, "243": {"non-stress": 0.98, "stress": 0.978}, "244": {"non-stress": 0.98, "stress": 0.978}, "245": {"non-stress": 0.98, "stress": 0.978}, "246": {"non-stress": 0.98, "stress": 0.979}, "247": {"non-stress": 0.98, "stress": 0.979}, "248": {"non-stress": 0.98, "stress": 0.979}, "249": {"non-stress": 0.98, "stress": 0.979}, "250": {"non-stress": 0.98, "stress": 0.979}, "251": {"non-stress": 0.98, "stress": 0.979}, "252": {"non-stress": 0.98, "stress": 0.979}, "253": {"non-stress": 0.98, "stress": 0.979}, "254": {"non-stress": 0.98, "stress": 0.979}, "255": {"non-stress": 0.98, "stress": 0.979}, "256": {"non-stress": 0.98, "stress": 0.979}, "257": {"non-stress": 0.981, "stress": 0.979}, "258": {"non-stress": 0.981, "stress": 0.979}, "259": {"non-stress": 0.981, "stress": 0.98}, "260": {"non-stress": 0.981, "stress": 0.98}, "261": {"non-stress": 0.981, "stress": 0.98}, "262": {"non-stress": 0.981, "stress": 0.98}, "263": {"non-stress": 0.981, "stress": 0.98}, "264": {"non-stress": 0.981, "stress": 0.98}, "265": {"non-stress": 0.981, "stress": 0.98}, "266": {"non-stress": 0.982, "stress": 0.98}, "267": {"non-stress": 0.982, "stress": 0.98}, "268": {"non-stress": 0.982, "stress": 0.98}, "269": {"non-stress": 0.982, "stress": 0.981}, "270": {"non-stress": 0.982, "stress": 0.981}, "271": {"non-stress": 0.982, "stress": 0.981}, "272": {"non-stress": 0.982, "stress": 0.981}, "273": {"non-stress": 0.982, "stress": 0.981}, "274": {"non-stress": 0.982, "stress": 0.981}, "275": {"non-stress": 0.983, "stress": 0.981}, "276": {"non-stress": 0.983, "stress": 0.981}, "277": {"non-stress": 0.983, "stress": 0.981}, "278": {"non-stress": 0.983, "stress": 0.981}, "279": {"non-stress": 0.983, "stress": 0.981}, "280": {"non-stress": 0.983, "stress": 0.981}, "281": {"non-stress": 0.983, "stress": 0.981}, "282": {"non-stress": 0.983, "stress": 0.981}, "283": {"non-stress": 0.983, "stress": 0.981}, "284": {"non-stress": 0.983, "stress": 0.981}, "285": {"non-stress": 0.983, "stress": 0.981}, "286": {"non-stress": 0.984, "stress": 0.981}, "287": {"non-stress": 0.984, "stress": 0.981}, "288": {"non-stress": 0.984, "stress": 0.981}, "289": {"non-stress": 0.984, "stress": 0.981}, "290": {"non-stress": 0.984, "stress": 0.982}, "291": {"non-stress": 0.984, "stress": 0.982}, "292": {"non-stress": 0.984, "stress": 0.982}, "293": {"non-stress": 0.984, "stress": 0.982}, "294": {"non-stress": 0.984, "stress": 0.982}, "295": {"non-stress": 0.984, "stress": 0.982}, "296": {"non-stress": 0.984, "stress": 0.982}, "297": {"non-stress": 0.984, "stress": 0.982}, "298": {"non-stress": 0.984, "stress": 0.982}, "299": {"non-stress": 0.984, "stress": 0.982}, "300": {"non-stress": 0.984, "stress": 0.982}, "301": {"non-stress": 0.984, "stress": 0.983}, "302": {"non-stress": 0.985, "stress": 0.983}, "303": {"non-stress": 0.985, "stress": 0.983}, "304": {"non-stress": 0.985, "stress": 0.983}, "305": {"non-stress": 0.985, "stress": 0.983}, "306": {"non-stress": 0.985, "stress": 0.983}, "307": {"non-stress": 0.985, "stress": 0.983}, "308": {"non-stress": 0.985, "stress": 0.983}, "309": {"non-stress": 0.985, "stress": 0.983}, "310": {"non-stress": 0.985, "stress": 0.983}, "311": {"non-stress": 0.985, "stress": 0.983}, "312": {"non-stress": 0.985, "stress": 0.983}, "313": {"non-stress": 0.985, "stress": 0.983}, "314": {"non-stress": 0.985, "stress": 0.983}, "315": {"non-stress": 0.985, "stress": 0.983}, "316": {"non-stress": 0.985, "stress": 0.983}, "317": {"non-stress": 0.985, "stress": 0.983}, "318": {"non-stress": 0.985, "stress": 0.983}, "319": {"non-stress": 0.986, "stress": 0.983}, "320": {"non-stress": 0.986, "stress": 0.983}, "321": {"non-stress": 0.986, "stress": 0.984}, "322": {"non-stress": 0.986, "stress": 0.984}, "323": {"non-stress": 0.986, "stress": 0.984}, "324": {"non-stress": 0.986, "stress": 0.984}, "325": {"non-stress": 0.986, "stress": 0.984}, "326": {"non-stress": 0.986, "stress": 0.984}, "327": {"non-stress": 0.986, "stress": 0.984}, "328": {"non-stress": 0.986, "stress": 0.984}, "329": {"non-stress": 0.987, "stress": 0.984}, "330": {"non-stress": 0.987, "stress": 0.984}, "331": {"non-stress": 0.987, "stress": 0.984}, "332": {"non-stress": 0.987, "stress": 0.984}, "333": {"non-stress": 0.987, "stress": 0.984}, "334": {"non-stress": 0.987, "stress": 0.984}, "335": {"non-stress": 0.987, "stress": 0.984}, "336": {"non-stress": 0.987, "stress": 0.984}, "337": {"non-stress": 0.987, "stress": 0.984}, "338": {"non-stress": 0.987, "stress": 0.984}, "339": {"non-stress": 0.987, "stress": 0.984}, "340": {"non-stress": 0.987, "stress": 0.984}, "341": {"non-stress": 0.987, "stress": 0.985}, "342": {"non-stress": 0.987, "stress": 0.985}, "343": {"non-stress": 0.987, "stress": 0.985}, "344": {"non-stress": 0.987, "stress": 0.985}, "345": {"non-stress": 0.987, "stress": 0.985}, "346": {"non-stress": 0.987, "stress": 0.985}, "347": {"non-stress": 0.988, "stress": 0.985}, "348": {"non-stress": 0.988, "stress": 0.985}, "349": {"non-stress": 0.988, "stress": 0.985}, "350": {"non-stress": 0.988, "stress": 0.985}, "351": {"non-stress": 0.988, "stress": 0.985}, "352": {"non-stress": 0.988, "stress": 0.985}, "353": {"non-stress": 0.988, "stress": 0.985}, "354": {"non-stress": 0.988, "stress": 0.985}, "355": {"non-stress": 0.988, "stress": 0.985}, "356": {"non-stress": 0.988, "stress": 0.985}, "357": {"non-stress": 0.988, "stress": 0.985}, "358": {"non-stress": 0.988, "stress": 0.985}, "359": {"non-stress": 0.988, "stress": 0.985}, "360": {"non-stress": 0.988, "stress": 0.985}, "361": {"non-stress": 0.988, "stress": 0.985}, "362": {"non-stress": 0.989, "stress": 0.985}, "363": {"non-stress": 0.989, "stress": 0.986}, "364": {"non-stress": 0.989, "stress": 0.986}, "365": {"non-stress": 0.989, "stress": 0.986}, "366": {"non-stress": 0.989, "stress": 0.986}, "367": {"non-stress": 0.989, "stress": 0.986}, "368": {"non-stress": 0.989, "stress": 0.986}, "369": {"non-stress": 0.989, "stress": 0.986}, "370": {"non-stress": 0.989, "stress": 0.986}, "371": {"non-stress": 0.989, "stress": 0.986}, "372": {"non-stress": 0.989, "stress": 0.986}, "373": {"non-stress": 0.989, "stress": 0.986}, "374": {"non-stress": 0.989, "stress": 0.986}, "375": {"non-stress": 0.989, "stress": 0.986}, "376": {"non-stress": 0.989, "stress": 0.986}, "377": {"non-stress": 0.989, "stress": 0.986}, "378": {"non-stress": 0.989, "stress": 0.986}, "379": {"non-stress": 0.989, "stress": 0.986}, "380": {"non-stress": 0.989, "stress": 0.987}, "381": {"non-stress": 0.989, "stress": 0.987}, "382": {"non-stress": 0.989, "stress": 0.987}, "383": {"non-stress": 0.989, "stress": 0.987}, "384": {"non-stress": 0.989, "stress": 0.987}, "385": {"non-stress": 0.99, "stress": 0.987}, "386": {"non-stress": 0.99, "stress": 0.987}, "387": {"non-stress": 0.99, "stress": 0.987}, "388": {"non-stress": 0.99, "stress": 0.987}, "389": {"non-stress": 0.99, "stress": 0.987}, "390": {"non-stress": 0.99, "stress": 0.987}, "391": {"non-stress": 0.99, "stress": 0.987}, "392": {"non-stress": 0.99, "stress": 0.987}, "393": {"non-stress": 0.99, "stress": 0.987}, "394": {"non-stress": 0.99, "stress": 0.987}, "395": {"non-stress": 0.99, "stress": 0.987}, "396": {"non-stress": 0.99, "stress": 0.987}, "397": {"non-stress": 0.99, "stress": 0.987}, "398": {"non-stress": 0.99, "stress": 0.987}, "399": {"non-stress": 0.99, "stress": 0.987}, "400": {"non-stress": 0.99, "stress": 0.987}, "401": {"non-stress": 0.99, "stress": 0.987}, "402": {"non-stress": 0.991, "stress": 0.988}, "403": {"non-stress": 0.991, "stress": 0.988}, "404": {"non-stress": 0.991, "stress": 0.988}, "405": {"non-stress": 0.991, "stress": 0.988}, "406": {"non-stress": 0.991, "stress": 0.988}, "407": {"non-stress": 0.991, "stress": 0.988}, "408": {"non-stress": 0.991, "stress": 0.988}, "409": {"non-stress": 0.991, "stress": 0.988}, "410": {"non-stress": 0.991, "stress": 0.988}, "411": {"non-stress": 0.991, "stress": 0.988}, "412": {"non-stress": 0.991, "stress": 0.988}, "413": {"non-stress": 0.991, "stress": 0.988}, "414": {"non-stress": 0.991, "stress": 0.988}, "415": {"non-stress": 0.991, "stress": 0.988}, "416": {"non-stress": 0.991, "stress": 0.988}, "417": {"non-stress": 0.991, "stress": 0.988}, "418": {"non-stress": 0.991, "stress": 0.988}, "419": {"non-stress": 0.991, "stress": 0.988}, "420": {"non-stress": 0.991, "stress": 0.988}, "421": {"non-stress": 0.991, "stress": 0.988}, "422": {"non-stress": 0.991, "stress": 0.988}, "423": {"non-stress": 0.991, "stress": 0.988}, "424": {"non-stress": 0.991, "stress": 0.988}, "425": {"non-stress": 0.991, "stress": 0.988}, "426": {"non-stress": 0.992, "stress": 0.988}, "427": {"non-stress": 0.992, "stress": 0.989}, "428": {"non-stress": 0.992, "stress": 0.989}, "429": {"non-stress": 0.992, "stress": 0.989}, "430": {"non-stress": 0.992, "stress": 0.989}, "431": {"non-stress": 0.992, "stress": 0.989}, "432": {"non-stress": 0.992, "stress": 0.989}, "433": {"non-stress": 0.992, "stress": 0.989}, "434": {"non-stress": 0.992, "stress": 0.989}, "435": {"non-stress": 0.992, "stress": 0.989}, "436": {"non-stress": 0.992, "stress": 0.989}, "437": {"non-stress": 0.992, "stress": 0.989}, "438": {"non-stress": 0.992, "stress": 0.989}, "439": {"non-stress": 0.992, "stress": 0.989}, "440": {"non-stress": 0.992, "stress": 0.989}, "441": {"non-stress": 0.992, "stress": 0.99}, "442": {"non-stress": 0.992, "stress": 0.99}, "443": {"non-stress": 0.992, "stress": 0.99}, "444": {"non-stress": 0.992, "stress": 0.99}, "445": {"non-stress": 0.992, "stress": 0.99}, "446": {"non-stress": 0.992, "stress": 0.99}, "447": {"non-stress": 0.992, "stress": 0.99}, "448": {"non-stress": 0.992, "stress": 0.99}, "449": {"non-stress": 0.992, "stress": 0.99}, "450": {"non-stress": 0.992, "stress": 0.99}, "451": {"non-stress": 0.992, "stress": 0.99}, "452": {"non-stress": 0.992, "stress": 0.99}, "453": {"non-stress": 0.993, "stress": 0.99}, "454": {"non-stress": 0.993, "stress": 0.99}, "455": {"non-stress": 0.993, "stress": 0.99}, "456": {"non-stress": 0.993, "stress": 0.99}, "457": {"non-stress": 0.993, "stress": 0.99}, "458": {"non-stress": 0.993, "stress": 0.99}, "459": {"non-stress": 0.993, "stress": 0.99}, "460": {"non-stress": 0.993, "stress": 0.99}, "461": {"non-stress": 0.993, "stress": 0.99}, "462": {"non-stress": 0.993, "stress": 0.99}, "463": {"non-stress": 0.993, "stress": 0.99}, "464": {"non-stress": 0.993, "stress": 0.99}, "465": {"non-stress": 0.993, "stress": 0.991}, "466": {"non-stress": 0.993, "stress": 0.991}, "467": {"non-stress": 0.993, "stress": 0.991}, "468": {"non-stress": 0.993, "stress": 0.991}, "469": {"non-stress": 0.993, "stress": 0.991}, "470": {"non-stress": 0.993, "stress": 0.991}, "471": {"non-stress": 0.993, "stress": 0.991}, "472": {"non-stress": 0.993, "stress": 0.991}, "473": {"non-stress": 0.993, "stress": 0.991}, "474": {"non-stress": 0.994, "stress": 0.991}, "475": {"non-stress": 0.994, "stress": 0.991}, "476": {"non-stress": 0.994, "stress": 0.991}, "477": {"non-stress": 0.994, "stress": 0.991}, "478": {"non-stress": 0.994, "stress": 0.991}, "479": {"non-stress": 0.994, "stress": 0.991}, "480": {"non-stress": 0.994, "stress": 0.991}, "481": {"non-stress": 0.994, "stress": 0.991}, "482": {"non-stress": 0.994, "stress": 0.991}, "483": {"non-stress": 0.994, "stress": 0.991}, "484": {"non-stress": 0.994, "stress": 0.991}, "485": {"non-stress": 0.994, "stress": 0.991}, "486": {"non-stress": 0.994, "stress": 0.991}, "487": {"non-stress": 0.994, "stress": 0.991}, "488": {"non-stress": 0.994, "stress": 0.991}, "489": {"non-stress": 0.994, "stress": 0.991}, "490": {"non-stress": 0.994, "stress": 0.991}, "491": {"non-stress": 0.994, "stress": 0.991}, "492": {"non-stress": 0.994, "stress": 0.991}, "493": {"non-stress": 0.994, "stress": 0.991}, "494": {"non-stress": 0.994, "stress": 0.991}, "495": {"non-stress": 0.994, "stress": 0.991}, "496": {"non-stress": 0.994, "stress": 0.991}, "497": {"non-stress": 0.994, "stress": 0.991}, "498": {"non-stress": 0.994, "stress": 0.991}, "499": {"non-stress": 0.995, "stress": 0.991}, "500": {"non-stress": 0.995, "stress": 0.991}, "501": {"non-stress": 0.995, "stress": 0.991}, "502": {"non-stress": 0.995, "stress": 0.992}, "503": {"non-stress": 0.995, "stress": 0.992}, "504": {"non-stress": 0.995, "stress": 0.992}, "505": {"non-stress": 0.995, "stress": 0.992}, "506": {"non-stress": 0.995, "stress": 0.992}, "507": {"non-stress": 0.995, "stress": 0.992}, "508": {"non-stress": 0.995, "stress": 0.992}, "509": {"non-stress": 0.995, "stress": 0.992}, "510": {"non-stress": 0.995, "stress": 0.992}, "511": {"non-stress": 0.995, "stress": 0.992}, "512": {"non-stress": 0.995, "stress": 0.992}, "513": {"non-stress": 0.995, "stress": 0.992}, "514": {"non-stress": 0.995, "stress": 0.992}, "515": {"non-stress": 0.995, "stress": 0.992}, "516": {"non-stress": 0.995, "stress": 0.992}, "517": {"non-stress": 0.995, "stress": 0.992}, "518": {"non-stress": 0.995, "stress": 0.992}, "519": {"non-stress": 0.995, "stress": 0.992}, "520": {"non-stress": 0.996, "stress": 0.993}, "521": {"non-stress": 0.996, "stress": 0.993}, "522": {"non-stress": 0.996, "stress": 0.993}, "523": {"non-stress": 0.996, "stress": 0.993}, "524": {"non-stress": 0.996, "stress": 0.993}, "525": {"non-stress": 0.996, "stress": 0.993}, "526": {"non-stress": 0.996, "stress": 0.993}, "527": {"non-stress": 0.996, "stress": 0.993}, "528": {"non-stress": 0.996, "stress": 0.993}, "529": {"non-stress": 0.996, "stress": 0.993}, "530": {"non-stress": 0.996, "stress": 0.993}, "531": {"non-stress": 0.996, "stress": 0.993}, "532": {"non-stress": 0.996, "stress": 0.993}, "533": {"non-stress": 0.996, "stress": 0.993}, "534": {"non-stress": 0.996, "stress": 0.993}, "535": {"non-stress": 0.996, "stress": 0.993}, "536": {"non-stress": 0.996, "stress": 0.993}, "537": {"non-stress": 0.996, "stress": 0.993}, "538": {"non-stress": 0.996, "stress": 0.993}, "539": {"non-stress": 0.996, "stress": 0.993}, "540": {"non-stress": 0.996, "stress": 0.993}, "541": {"non-stress": 0.996, "stress": 0.993}, "542": {"non-stress": 0.996, "stress": 0.993}, "543": {"non-stress": 0.996, "stress": 0.993}, "544": {"non-stress": 0.996, "stress": 0.993}, "545": {"non-stress": 0.996, "stress": 0.994}, "546": {"non-stress": 0.996, "stress": 0.994}, "547": {"non-stress": 0.996, "stress": 0.994}, "548": {"non-stress": 0.996, "stress": 0.994}, "549": {"non-stress": 0.996, "stress": 0.994}, "550": {"non-stress": 0.996, "stress": 0.994}, "551": {"non-stress": 0.996, "stress": 0.994}, "552": {"non-stress": 0.996, "stress": 0.994}, "553": {"non-stress": 0.996, "stress": 0.994}, "554": {"non-stress": 0.996, "stress": 0.994}, "555": {"non-stress": 0.997, "stress": 0.994}, "556": {"non-stress": 0.997, "stress": 0.994}, "557": {"non-stress": 0.997, "stress": 0.994}, "558": {"non-stress": 0.997, "stress": 0.994}, "559": {"non-stress": 0.997, "stress": 0.994}, "560": {"non-stress": 0.997, "stress": 0.994}, "561": {"non-stress": 0.997, "stress": 0.994}, "562": {"non-stress": 0.997, "stress": 0.994}, "563": {"non-stress": 0.997, "stress": 0.994}, "564": {"non-stress": 0.997, "stress": 0.994}, "565": {"non-stress": 0.997, "stress": 0.994}, "566": {"non-stress": 0.997, "stress": 0.994}, "567": {"non-stress": 0.997, "stress": 0.994}, "568": {"non-stress": 0.997, "stress": 0.994}, "569": {"non-stress": 0.997, "stress": 0.995}, "570": {"non-stress": 0.997, "stress": 0.995}, "571": {"non-stress": 0.997, "stress": 0.995}, "572": {"non-stress": 0.997, "stress": 0.995}, "573": {"non-stress": 0.997, "stress": 0.995}, "574": {"non-stress": 0.997, "stress": 0.995}, "575": {"non-stress": 0.997, "stress": 0.995}, "576": {"non-stress": 0.997, "stress": 0.995}, "577": {"non-stress": 0.997, "stress": 0.995}, "578": {"non-stress": 0.997, "stress": 0.995}, "579": {"non-stress": 0.997, "stress": 0.995}, "580": {"non-stress": 0.997, "stress": 0.995}, "581": {"non-stress": 0.997, "stress": 0.995}, "582": {"non-stress": 0.997, "stress": 0.995}, "583": {"non-stress": 0.997, "stress": 0.995}, "584": {"non-stress": 0.997, "stress": 0.995}, "585": {"non-stress": 0.997, "stress": 0.995}, "586": {"non-stress": 0.997, "stress": 0.995}, "587": {"non-stress": 0.997, "stress": 0.995}, "588": {"non-stress": 0.997, "stress": 0.995}, "589": {"non-stress": 0.997, "stress": 0.995}, "590": {"non-stress": 0.997, "stress": 0.995}, "591": {"non-stress": 0.997, "stress": 0.995}, "592": {"non-stress": 0.997, "stress": 0.995}, "593": {"non-stress": 0.998, "stress": 0.995}, "594": {"non-stress": 0.998, "stress": 0.995}, "595": {"non-stress": 0.998, "stress": 0.995}, "596": {"non-stress": 0.998, "stress": 0.995}, "597": {"non-stress": 0.998, "stress": 0.995}, "598": {"non-stress": 0.998, "stress": 0.995}, "599": {"non-stress": 0.998, "stress": 0.995}, "600": {"non-stress": 0.998, "stress": 0.995}, "601": {"non-stress": 0.998, "stress": 0.995}, "602": {"non-stress": 0.998, "stress": 0.995}, "603": {"non-stress": 0.998, "stress": 0.995}, "604": {"non-stress": 0.998, "stress": 0.996}, "605": {"non-stress": 0.998, "stress": 0.996}, "606": {"non-stress": 0.998, "stress": 0.996}, "607": {"non-stress": 0.998, "stress": 0.996}, "608": {"non-stress": 0.998, "stress": 0.996}, "609": {"non-stress": 0.998, "stress": 0.996}, "610": {"non-stress": 0.998, "stress": 0.996}, "611": {"non-stress": 0.998, "stress": 0.996}, "612": {"non-stress": 0.998, "stress": 0.996}, "613": {"non-stress": 0.998, "stress": 0.996}, "614": {"non-stress": 0.998, "stress": 0.996}, "615": {"non-stress": 0.998, "stress": 0.996}, "616": {"non-stress": 0.998, "stress": 0.996}, "617": {"non-stress": 0.998, "stress": 0.996}, "618": {"non-stress": 0.998, "stress": 0.996}, "619": {"non-stress": 0.998, "stress": 0.996}, "620": {"non-stress": 0.998, "stress": 0.996}, "621": {"non-stress": 0.998, "stress": 0.996}, "622": {"non-stress": 0.998, "stress": 0.996}, "623": {"non-stress": 0.998, "stress": 0.996}, "624": {"non-stress": 0.998, "stress": 0.996}, "625": {"non-stress": 0.998, "stress": 0.996}, "626": {"non-stress": 0.998, "stress": 0.996}, "627": {"non-stress": 0.998, "stress": 0.996}, "628": {"non-stress": 0.998, "stress": 0.996}, "629": {"non-stress": 0.998, "stress": 0.996}, "630": {"non-stress": 0.998, "stress": 0.996}, "631": {"non-stress": 0.998, "stress": 0.996}, "632": {"non-stress": 0.998, "stress": 0.996}, "633": {"non-stress": 0.998, "stress": 0.996}, "634": {"non-stress": 0.998, "stress": 0.996}, "635": {"non-stress": 0.998, "stress": 0.996}, "636": {"non-stress": 0.998, "stress": 0.996}, "637": {"non-stress": 0.998, "stress": 0.997}, "638": {"non-stress": 0.998, "stress": 0.997}, "639": {"non-stress": 0.998, "stress": 0.997}, "640": {"non-stress": 0.998, "stress": 0.997}, "641": {"non-stress": 0.998, "stress": 0.997}, "642": {"non-stress": 0.998, "stress": 0.997}, "643": {"non-stress": 0.998, "stress": 0.997}, "644": {"non-stress": 0.998, "stress": 0.997}, "645": {"non-stress": 0.998, "stress": 0.997}, "646": {"non-stress": 0.998, "stress": 0.997}, "647": {"non-stress": 0.998, "stress": 0.997}, "648": {"non-stress": 0.998, "stress": 0.997}, "649": {"non-stress": 0.998, "stress": 0.997}, "650": {"non-stress": 0.998, "stress": 0.997}, "651": {"non-stress": 0.998, "stress": 0.997}, "652": {"non-stress": 0.998, "stress": 0.997}, "653": {"non-stress": 0.998, "stress": 0.997}, "654": {"non-stress": 0.998, "stress": 0.997}, "655": {"non-stress": 0.998, "stress": 0.997}, "656": {"non-stress": 0.998, "stress": 0.997}, "657": {"non-stress": 0.998, "stress": 0.997}, "658": {"non-stress": 0.998, "stress": 0.997}, "659": {"non-stress": 0.998, "stress": 0.997}, "660": {"non-stress": 0.998, "stress": 0.997}, "661": {"non-stress": 0.999, "stress": 0.997}, "662": {"non-stress": 0.999, "stress": 0.997}, "663": {"non-stress": 0.999, "stress": 0.997}, "664": {"non-stress": 0.999, "stress": 0.997}, "665": {"non-stress": 0.999, "stress": 0.997}, "666": {"non-stress": 0.999, "stress": 0.997}, "667": {"non-stress": 0.999, "stress": 0.998}, "668": {"non-stress": 0.999, "stress": 0.998}, "669": {"non-stress": 0.999, "stress": 0.998}, "670": {"non-stress": 0.999, "stress": 0.998}, "671": {"non-stress": 0.999, "stress": 0.998}, "672": {"non-stress": 0.999, "stress": 0.998}, "673": {"non-stress": 0.999, "stress": 0.998}, "674": {"non-stress": 0.999, "stress": 0.998}, "675": {"non-stress": 0.999, "stress": 0.998}, "676": {"non-stress": 0.999, "stress": 0.998}, "677": {"non-stress": 0.999, "stress": 0.998}, "678": {"non-stress": 0.999, "stress": 0.998}, "679": {"non-stress": 0.999, "stress": 0.998}, "680": {"non-stress": 0.999, "stress": 0.998}, "681": {"non-stress": 0.999, "stress": 0.998}, "682": {"non-stress": 0.999, "stress": 0.998}, "683": {"non-stress": 0.999, "stress": 0.998}, "684": {"non-stress": 0.999, "stress": 0.998}, "685": {"non-stress": 0.999, "stress": 0.998}, "686": {"non-stress": 0.999, "stress": 0.998}, "687": {"non-stress": 0.999, "stress": 0.998}, "688": {"non-stress": 0.999, "stress": 0.998}, "689": {"non-stress": 0.999, "stress": 0.998}, "690": {"non-stress": 0.999, "stress": 0.998}, "691": {"non-stress": 0.999, "stress": 0.998}, "692": {"non-stress": 0.999, "stress": 0.998}, "693": {"non-stress": 0.999, "stress": 0.998}, "694": {"non-stress": 0.999, "stress": 0.998}, "695": {"non-stress": 0.999, "stress": 0.998}, "696": {"non-stress": 0.999, "stress": 0.998}, "697": {"non-stress": 0.999, "stress": 0.998}, "698": {"non-stress": 0.999, "stress": 0.998}, "699": {"non-stress": 0.999, "stress": 0.998}, "700": {"non-stress": 0.999, "stress": 0.998}, "701": {"non-stress": 0.999, "stress": 0.998}, "702": {"non-stress": 0.999, "stress": 0.998}, "703": {"non-stress": 0.999, "stress": 0.998}, "704": {"non-stress": 0.999, "stress": 0.998}, "705": {"non-stress": 0.999, "stress": 0.998}, "706": {"non-stress": 0.999, "stress": 0.998}, "707": {"non-stress": 0.999, "stress": 0.998}, "708": {"non-stress": 0.999, "stress": 0.998}, "709": {"non-stress": 0.999, "stress": 0.998}, "710": {"non-stress": 0.999, "stress": 0.998}, "711": {"non-stress": 0.999, "stress": 0.998}, "712": {"non-stress": 0.999, "stress": 0.998}, "713": {"non-stress": 0.999, "stress": 0.998}, "714": {"non-stress": 0.999, "stress": 0.998}, "715": {"non-stress": 0.999, "stress": 0.998}, "716": {"non-stress": 0.999, "stress": 0.998}, "717": {"non-stress": 0.999, "stress": 0.998}, "718": {"non-stress": 0.999, "stress": 0.998}, "719": {"non-stress": 0.999, "stress": 0.998}, "720": {"non-stress": 0.999, "stress": 0.999}, "721": {"non-stress": 0.999, "stress": 0.999}, "722": {"non-stress": 0.999, "stress": 0.999}, "723": {"non-stress": 0.999, "stress": 0.999}, "724": {"non-stress": 0.999, "stress": 0.999}, "725": {"non-stress": 0.999, "stress": 0.999}, "726": {"non-stress": 0.999, "stress": 0.999}, "727": {"non-stress": 0.999, "stress": 0.999}, "728": {"non-stress": 0.999, "stress": 0.999}, "729": {"non-stress": 0.999, "stress": 0.999}, "730": {"non-stress": 0.999, "stress": 0.999}, "731": {"non-stress": 0.999, "stress": 0.999}, "732": {"non-stress": 0.999, "stress": 0.999}, "733": {"non-stress": 0.999, "stress": 0.999}, "734": {"non-stress": 0.999, "stress": 0.999}, "735": {"non-stress": 0.999, "stress": 0.999}, "736": {"non-stress": 0.999, "stress": 0.999}, "737": {"non-stress": 0.999, "stress": 0.999}, "738": {"non-stress": 0.999, "stress": 0.999}, "739": {"non-stress": 0.999, "stress": 0.999}, "740": {"non-stress": 0.999, "stress": 0.999}, "741": {"non-stress": 0.999, "stress": 0.999}, "742": {"non-stress": 0.999, "stress": 0.999}, "743": {"non-stress": 0.999, "stress": 0.999}, "744": {"non-stress": 0.999, "stress": 0.999}, "745": {"non-stress": 0.999, "stress": 0.999}, "746": {"non-stress": 0.999, "stress": 0.999}, "747": {"non-stress": 0.999, "stress": 0.999}, "748": {"non-stress": 0.999, "stress": 0.999}, "749": {"non-stress": 0.999, "stress": 0.999}, "750": {"non-stress": 0.999, "stress": 0.999}, "751": {"non-stress": 0.999, "stress": 0.999}, "752": {"non-stress": 0.999, "stress": 0.999}, "753": {"non-stress": 0.999, "stress": 0.999}, "754": {"non-stress": 0.999, "stress": 0.999}, "755": {"non-stress": 0.999, "stress": 0.999}, "756": {"non-stress": 0.999, "stress": 0.999}, "757": {"non-stress": 0.999, "stress": 0.999}, "758": {"non-stress": 1.0, "stress": 0.999}, "759": {"non-stress": 1.0, "stress": 0.999}, "760": {"non-stress": 1.0, "stress": 0.999}, "761": {"non-stress": 1.0, "stress": 0.999}, "762": {"non-stress": 1.0, "stress": 0.999}, "763": {"non-stress": 1.0, "stress": 1.0}, "764": {"non-stress": 1.0, "stress": 1.0}, "765": {"non-stress": 1.0, "stress": 1.0}, "766": {"non-stress": 1.0, "stress": 1.0}, "767": {"non-stress": 1.0, "stress": 1.0}, "768": {"non-stress": 1.0, "stress": 1.0}, "769": {"non-stress": 1.0, "stress": 1.0}, "770": {"non-stress": 1.0, "stress": 1.0}, "771": {"non-stress": 1.0, "stress": 1.0}, "772": {"non-stress": 1.0, "stress": 1.0}, "773": {"non-stress": 1.0, "stress": 1.0}, "774": {"non-stress": 1.0, "stress": 1.0}, "775": {"non-stress": 1.0, "stress": 1.0}, "776": {"non-stress": 1.0, "stress": 1.0}, "777": {"non-stress": 1.0, "stress": 1.0}, "778": {"non-stress": 1.0, "stress": 1.0}, "779": {"non-stress": 1.0, "stress": 1.0}, "780": {"non-stress": 1.0, "stress": 1.0}, "781": {"non-stress": 1.0, "stress": 1.0}, "782": {"non-stress": 1.0, "stress": 1.0}, "783": {"non-stress": 1.0, "stress": 1.0}, "784": {"non-stress": 1.0, "stress": 1.0}, "785": {"non-stress": 1.0, "stress": 1.0}, "786": {"non-stress": 1.0, "stress": 1.0}, "787": {"non-stress": 1.0, "stress": 1.0}, "788": {"non-stress": 1.0, "stress": 1.0}, "789": {"non-stress": 1.0, "stress": 1.0}, "790": {"non-stress": 1.0, "stress": 1.0}, "791": {"non-stress": 1.0, "stress": 1.0}, "792": {"non-stress": 1.0, "stress": 1.0}, "793": {"non-stress": 1.0, "stress": 1.0}, "794": {"non-stress": 1.0, "stress": 1.0}, "795": {"non-stress": 1.0, "stress": 1.0}, "796": {"non-stress": 1.0, "stress": 1.0}, "797": {"non-stress": 1.0, "stress": 1.0}, "798": {"non-stress": 1.0, "stress": 1.0}, "799": {"non-stress": 1.0, "stress": 1.0}, "800": {"non-stress": 1.0, "stress": 1.0}, "801": {"non-stress": 1.0, "stress": 1.0}, "802": {"non-stress": 1.0, "stress": 1.0}, "803": {"non-stress": 1.0, "stress": 1.0}, "804": {"non-stress": 1.0, "stress": 1.0}, "805": {"non-stress": 1.0, "stress": 1.0}, "806": {"non-stress": 1.0, "stress": 1.0}, "807": {"non-stress": 1.0, "stress": 1.0}, "808": {"non-stress": 1.0, "stress": 1.0}, "809": {"non-stress": 1.0, "stress": 1.0}, "810": {"non-stress": 1.0, "stress": 1.0}, "811": {"non-stress": 1.0, "stress": 1.0}, "812": {"non-stress": 1.0, "stress": 1.0}, "813": {"non-stress": 1.0, "stress": 1.0}, "814": {"non-stress": 1.0, "stress": 1.0}, "815": {"non-stress": 1.0, "stress": 1.0}, "816": {"non-stress": 1.0, "stress": 1.0}, "817": {"non-stress": 1.0, "stress": 1.0}, "818": {"non-stress": 1.0, "stress": 1.0}, "819": {"non-stress": 1.0, "stress": 1.0}, "820": {"non-stress": 1.0, "stress": 1.0}, "821": {"non-stress": 1.0, "stress": 1.0}, "822": {"non-stress": 1.0, "stress": 1.0}, "823": {"non-stress": 1.0, "stress": 1.0}, "824": {"non-stress": 1.0, "stress": 1.0}, "825": {"non-stress": 1.0, "stress": 1.0}, "826": {"non-stress": 1.0, "stress": 1.0}, "827": {"non-stress": 1.0, "stress": 1.0}, "828": {"non-stress": 1.0, "stress": 1.0}, "829": {"non-stress": 1.0, "stress": 1.0}, "830": {"non-stress": 1.0, "stress": 1.0}, "831": {"non-stress": 1.0, "stress": 1.0}, "832": {"non-stress": 1.0, "stress": 1.0}, "833": {"non-stress": 1.0, "stress": 1.0}, "834": {"non-stress": 1.0, "stress": 1.0}, "835": {"non-stress": 1.0, "stress": 1.0}, "836": {"non-stress": 1.0, "stress": 1.0}, "837": {"non-stress": 1.0, "stress": 1.0}, "838": {"non-stress": 1.0, "stress": 1.0}, "839": {"non-stress": 1.0, "stress": 1.0}, "840": {"non-stress": 1.0, "stress": 1.0}, "841": {"non-stress": 1.0, "stress": 1.0}, "842": {"non-stress": 1.0, "stress": 1.0}, "843": {"non-stress": 1.0, "stress": 1.0}, "844": {"non-stress": 1.0, "stress": 1.0}, "845": {"non-stress": 1.0, "stress": 1.0}, "846": {"non-stress": 1.0, "stress": 1.0}, "847": {"non-stress": 1.0, "stress": 1.0}, "848": {"non-stress": 1.0, "stress": 1.0}, "849": {"non-stress": 1.0, "stress": 1.0}, "850": {"non-stress": 1.0, "stress": 1.0}, "851": {"non-stress": 1.0, "stress": 1.0}, "852": {"non-stress": 1.0, "stress": 1.0}, "853": {"non-stress": 1.0, "stress": 1.0}, "854": {"non-stress": 1.0, "stress": 1.0}, "855": {"non-stress": 1.0, "stress": 1.0}, "856": {"non-stress": 1.0, "stress": 1.0}, "857": {"non-stress": 1.0, "stress": 1.0}, "858": {"non-stress": 1.0, "stress": 1.0}, "859": {"non-stress": 1.0, "stress": 1.0}, "860": {"non-stress": 1.0, "stress": 1.0}, "861": {"non-stress": 1.0, "stress": 1.0}, "862": {"non-stress": 1.0, "stress": 1.0}, "863": {"non-stress": 1.0, "stress": 1.0}, "864": {"non-stress": 1.0, "stress": 1.0}, "865": {"non-stress": 1.0, "stress": 1.0}, "866": {"non-stress": 1.0, "stress": 1.0}, "867": {"non-stress": 1.0, "stress": 1.0}, "868": {"non-stress": 1.0, "stress": 1.0}, "869": {"non-stress": 1.0, "stress": 1.0}, "870": {"non-stress": 1.0, "stress": 1.0}, "871": {"non-stress": 1.0, "stress": 1.0}, "872": {"non-stress": 1.0, "stress": 1.0}, "873": {"non-stress": 1.0, "stress": 1.0}, "874": {"non-stress": 1.0, "stress": 1.0}, "875": {"non-stress": 1.0, "stress": 1.0}, "876": {"non-stress": 1.0, "stress": 1.0}, "877": {"non-stress": 1.0, "stress": 1.0}, "878": {"non-stress": 1.0, "stress": 1.0}, "879": {"non-stress": 1.0, "stress": 1.0}, "880": {"non-stress": 1.0, "stress": 1.0}, "881": {"non-stress": 1.0, "stress": 1.0}, "882": {"non-stress": 1.0, "stress": 1.0}, "883": {"non-stress": 1.0, "stress": 1.0}, "884": {"non-stress": 1.0, "stress": 1.0}, "885": {"non-stress": 1.0, "stress": 1.0}, "886": {"non-stress": 1.0, "stress": 1.0}, "887": {"non-stress": 1.0, "stress": 1.0}, "888": {"non-stress": 1.0, "stress": 1.0}, "889": {"non-stress": 1.0, "stress": 1.0}, "890": {"non-stress": 1.0, "stress": 1.0}, "891": {"non-stress": 1.0, "stress": 1.0}, "892": {"non-stress": 1.0, "stress": 1.0}, "893": {"non-stress": 1.0, "stress": 1.0}, "894": {"non-stress": 1.0, "stress": 1.0}, "895": {"non-stress": 1.0, "stress": 1.0}, "896": {"non-stress": 1.0, "stress": 1.0}, "897": {"non-stress": 1.0, "stress": 1.0}, "898": {"non-stress": 1.0, "stress": 1.0}, "899": {"non-stress": 1.0, "stress": 1.0}, "900": {"non-stress": 1.0, "stress": 1.0}, "901": {"non-stress": 1.0, "stress": 1.0}, "902": {"non-stress": 1.0, "stress": 1.0}, "903": {"non-stress": 1.0, "stress": 1.0}, "904": {"non-stress": 1.0, "stress": 1.0}, "905": {"non-stress": 1.0, "stress": 1.0}, "906": {"non-stress": 1.0, "stress": 1.0}, "907": {"non-stress": 1.0, "stress": 1.0}, "908": {"non-stress": 1.0, "stress": 1.0}, "909": {"non-stress": 1.0, "stress": 1.0}, "910": {"non-stress": 1.0, "stress": 1.0}, "911": {"non-stress": 1.0, "stress": 1.0}, "912": {"non-stress": 1.0, "stress": 1.0}, "913": {"non-stress": 1.0, "stress": 1.0}, "914": {"non-stress": 1.0, "stress": 1.0}, "915": {"non-stress": 1.0, "stress": 1.0}, "916": {"non-stress": 1.0, "stress": 1.0}, "917": {"non-stress": 1.0, "stress": 1.0}, "918": {"non-stress": 1.0, "stress": 1.0}, "919": {"non-stress": 1.0, "stress": 1.0}, "920": {"non-stress": 1.0, "stress": 1.0}, "921": {"non-stress": 1.0, "stress": 1.0}, "922": {"non-stress": 1.0, "stress": 1.0}, "923": {"non-stress": 1.0, "stress": 1.0}, "924": {"non-stress": 1.0, "stress": 1.0}, "925": {"non-stress": 1.0, "stress": 1.0}, "926": {"non-stress": 1.0, "stress": 1.0}, "927": {"non-stress": 1.0, "stress": 1.0}, "928": {"non-stress": 1.0, "stress": 1.0}, "929": {"non-stress": 1.0, "stress": 1.0}, "930": {"non-stress": 1.0, "stress": 1.0}, "931": {"non-stress": 1.0, "stress": 1.0}, "932": {"non-stress": 1.0, "stress": 1.0}, "933": {"non-stress": 1.0, "stress": 1.0}, "934": {"non-stress": 1.0, "stress": 1.0}, "935": {"non-stress": 1.0, "stress": 1.0}, "936": {"non-stress": 1.0, "stress": 1.0}, "937": {"non-stress": 1.0, "stress": 1.0}, "938": {"non-stress": 1.0, "stress": 1.0}, "939": {"non-stress": 1.0, "stress": 1.0}, "940": {"non-stress": 1.0, "stress": 1.0}, "941": {"non-stress": 1.0, "stress": 1.0}, "942": {"non-stress": 1.0, "stress": 1.0}, "943": {"non-stress": 1.0, "stress": 1.0}, "944": {"non-stress": 1.0, "stress": 1.0}, "945": {"non-stress": 1.0, "stress": 1.0}, "946": {"non-stress": 1.0, "stress": 1.0}, "947": {"non-stress": 1.0, "stress": 1.0}, "948": {"non-stress": 1.0, "stress": 1.0}, "949": {"non-stress": 1.0, "stress": 1.0}, "950": {"non-stress": 1.0, "stress": 1.0}, "951": {"non-stress": 1.0, "stress": 1.0}, "952": {"non-stress": 1.0, "stress": 1.0}, "953": {"non-stress": 1.0, "stress": 1.0}, "954": {"non-stress": 1.0, "stress": 1.0}, "955": {"non-stress": 1.0, "stress": 1.0}, "956": {"non-stress": 1.0, "stress": 1.0}, "957": {"non-stress": 1.0, "stress": 1.0}, "958": {"non-stress": 1.0, "stress": 1.0}, "959": {"non-stress": 1.0, "stress": 1.0}, "960": {"non-stress": 1.0, "stress": 1.0}, "961": {"non-stress": 1.0, "stress": 1.0}, "962": {"non-stress": 1.0, "stress": 1.0}, "963": {"non-stress": 1.0, "stress": 1.0}, "964": {"non-stress": 1.0, "stress": 1.0}, "965": {"non-stress": 1.0, "stress": 1.0}, "966": {"non-stress": 1.0, "stress": 1.0}, "967": {"non-stress": 1.0, "stress": 1.0}, "968": {"non-stress": 1.0, "stress": 1.0}, "969": {"non-stress": 1.0, "stress": 1.0}, "970": {"non-stress": 1.0, "stress": 1.0}, "971": {"non-stress": 1.0, "stress": 1.0}, "972": {"non-stress": 1.0, "stress": 1.0}, "973": {"non-stress": 1.0, "stress": 1.0}, "974": {"non-stress": 1.0, "stress": 1.0}, "975": {"non-stress": 1.0, "stress": 1.0}, "976": {"non-stress": 1.0, "stress": 1.0}, "977": {"non-stress": 1.0, "stress": 1.0}, "978": {"non-stress": 1.0, "stress": 1.0}, "979": {"non-stress": 1.0, "stress": 1.0}, "980": {"non-stress": 1.0, "stress": 1.0}, "981": {"non-stress": 1.0, "stress": 1.0}, "982": {"non-stress": 1.0, "stress": 1.0}, "983": {"non-stress": 1.0, "stress": 1.0}, "984": {"non-stress": 1.0, "stress": 1.0}, "985": {"non-stress": 1.0, "stress": 1.0}, "986": {"non-stress": 1.0, "stress": 1.0}, "987": {"non-stress": 1.0, "stress": 1.0}, "988": {"non-stress": 1.0, "stress": 1.0}, "989": {"non-stress": 1.0, "stress": 1.0}, "990": {"non-stress": 1.0, "stress": 1.0}, "991": {"non-stress": 1.0, "stress": 1.0}, "992": {"non-stress": 1.0, "stress": 1.0}, "993": {"non-stress": 1.0, "stress": 1.0}, "994": {"non-stress": 1.0, "stress": 1.0}, "995": {"non-stress": 1.0, "stress": 1.0}, "996": {"non-stress": 1.0, "stress": 1.0}, "997": {"non-stress": 1.0, "stress": 1.0}, "998": {"non-stress": 1.0, "stress": 1.0}, "999": {"non-stress": 1.0, "stress": 1.0}, "1000": {"non-stress": 1.0, "stress": 1.0}}