{"1": {"34": 1.0}, "2": {"34": 1.0}, "3": {"34": 1.0}, "4": {"34": 1.0}, "5": {"34": 1.0}, "6": {"34": 1.0}, "7": {"34": 1.0}, "8": {"34": 1.0}, "9": {"34": 1.0}, "10": {"34": 1.0}, "11": {"34": 1.0}, "12": {"34": 1.0}, "13": {"34": 1.0}, "14": {"34": 1.0}, "15": {"34": 1.0}, "16": {"34": 1.0}, "17": {"34": 1.0}, "18": {"34": 1.0}, "19": {"34": 1.0}, "20": {"34": 1.0}, "21": {"34": 1.0}, "22": {"34": 1.0}, "23": {"34": 1.0}, "24": {"34": 1.0}, "25": {"34": 1.0}, "26": {"34": 1.0}, "27": {"34": 1.0}, "28": {"34": 1.0}, "29": {"34": 1.0}, "30": {"34": 1.0}, "31": {"34": 1.0}, "32": {"34": 1.0}, "33": {"34": 1.0}, "34": {"34": 1.0}, "35": {"34": 1.0}, "36": {"34": 1.0}, "37": {"34": 1.0}, "38": {"34": 1.0}, "39": {"34": 1.0}, "40": {"34": 1.0}, "41": {"34": 1.0}, "42": {"34": 1.0}, "43": {"34": 1.0}, "44": {"34": 1.0}, "45": {"34": 1.0}, "46": {"34": 1.0}, "47": {"34": 1.0}, "48": {"34": 1.0}, "49": {"34": 1.0}, "50": {"34": 1.0}, "51": {"34": 1.0}, "52": {"34": 1.0}, "53": {"34": 1.0}, "54": {"34": 1.0}, "55": {"34": 1.0}, "56": {"34": 1.0}, "57": {"34": 1.0}, "58": {"34": 1.0}, "59": {"34": 1.0}, "60": {"34": 1.0}, "61": {"34": 1.0}, "62": {"34": 1.0}, "63": {"34": 1.0}, "64": {"34": 1.0}, "65": {"34": 1.0}, "66": {"34": 1.0}, "67": {"34": 1.0}, "68": {"34": 1.0}, "69": {"34": 1.0}, "70": {"34": 1.0}, "71": {"34": 1.0}, "72": {"34": 1.0}, "73": {"34": 1.0}, "74": {"34": 1.0}, "75": {"34": 1.0}, "76": {"34": 1.0}, "77": {"34": 1.0}, "78": {"34": 1.0}, "79": {"34": 1.0}, "80": {"34": 1.0}, "81": {"34": 1.0}, "82": {"34": 1.0}, "83": {"34": 1.0}, "84": {"34": 1.0}, "85": {"34": 1.0}, "86": {"34": 1.0}, "87": {"34": 1.0}, "88": {"34": 1.0}, "89": {"34": 1.0}, "90": {"34": 1.0}, "91": {"34": 1.0}, "92": {"34": 1.0}, "93": {"34": 1.0}, "94": {"34": 1.0}, "95": {"34": 1.0}, "96": {"34": 1.0}, "97": {"34": 1.0}, "98": {"34": 1.0}, "99": {"34": 1.0}, "100": {"34": 1.0}, "101": {"34": 1.0}, "102": {"34": 1.0}, "103": {"34": 1.0}, "104": {"34": 1.0}, "105": {"34": 1.0}, "106": {"34": 1.0}, "107": {"34": 1.0}, "108": {"34": 1.0}, "109": {"34": 1.0}, "110": {"34": 1.0}, "111": {"34": 1.0}, "112": {"34": 1.0}, "113": {"34": 1.0}, "114": {"34": 1.0}, "115": {"34": 1.0}, "116": {"34": 1.0}, "117": {"34": 1.0}, "118": {"34": 1.0}, "119": {"34": 1.0}, "120": {"34": 1.0}, "121": {"34": 1.0}, "122": {"34": 1.0}, "123": {"34": 1.0}, "124": {"34": 1.0}, "125": {"34": 1.0}, "126": {"34": 1.0}, "127": {"34": 1.0}, "128": {"34": 1.0}, "129": {"34": 1.0}, "130": {"34": 1.0}, "131": {"34": 1.0}, "132": {"34": 1.0}, "133": {"34": 1.0}, "134": {"34": 1.0}, "135": {"34": 1.0}, "136": {"34": 1.0}, "137": {"34": 1.0}, "138": {"34": 1.0}, "139": {"34": 1.0}, "140": {"34": 1.0}, "141": {"34": 1.0}, "142": {"34": 1.0}, "143": {"34": 1.0}, "144": {"34": 1.0}, "145": {"34": 1.0}, "146": {"34": 1.0}, "147": {"34": 1.0}, "148": {"34": 1.0}, "149": {"34": 1.0}, "150": {"34": 1.0}, "151": {"34": 1.0}, "152": {"34": 1.0}, "153": {"34": 1.0}, "154": {"34": 1.0}, "155": {"34": 1.0}, "156": {"34": 1.0}, "157": {"34": 1.0}, "158": {"34": 1.0}, "159": {"34": 1.0}, "160": {"34": 1.0}, "161": {"34": 1.0}, "162": {"34": 1.0}, "163": {"34": 1.0}, "164": {"34": 1.0}, "165": {"34": 1.0}, "166": {"34": 1.0}, "167": {"34": 1.0}, "168": {"34": 1.0}, "169": {"34": 1.0}, "170": {"34": 1.0}, "171": {"34": 1.0}, "172": {"34": 1.0}, "173": {"34": 1.0}, "174": {"34": 1.0}, "175": {"34": 1.0}, "176": {"34": 1.0}, "177": {"34": 1.0}, "178": {"34": 1.0}, "179": {"34": 1.0}, "180": {"34": 1.0}, "181": {"34": 1.0}, "182": {"34": 1.0}, "183": {"34": 1.0}, "184": {"34": 1.0}, "185": {"34": 1.0}, "186": {"34": 1.0}, "187": {"34": 1.0}, "188": {"34": 1.0}, "189": {"34": 1.0}, "190": {"34": 1.0}, "191": {"34": 1.0}, "192": {"34": 1.0}, "193": {"34": 1.0}, "194": {"34": 1.0}, "195": {"34": 1.0}, "196": {"34": 1.0}, "197": {"34": 1.0}, "198": {"34": 1.0}, "199": {"34": 1.0}, "200": {"34": 1.0}, "201": {"34": 1.0}, "202": {"34": 1.0}, "203": {"34": 1.0}, "204": {"34": 1.0}, "205": {"34": 1.0}, "206": {"34": 1.0}, "207": {"34": 1.0}, "208": {"34": 1.0}, "209": {"34": 1.0}, "210": {"34": 1.0}, "211": {"34": 1.0}, "212": {"34": 1.0}, "213": {"34": 1.0}, "214": {"34": 1.0}, "215": {"34": 1.0}, "216": {"34": 1.0}, "217": {"34": 1.0}, "218": {"34": 1.0}, "219": {"34": 1.0}, "220": {"34": 1.0}, "221": {"34": 1.0}, "222": {"34": 1.0}, "223": {"34": 1.0}, "224": {"34": 1.0}, "225": {"34": 1.0}, "226": {"34": 1.0}, "227": {"34": 1.0}, "228": {"34": 1.0}, "229": {"34": 1.0}, "230": {"34": 1.0}, "231": {"34": 1.0}, "232": {"34": 1.0}, "233": {"34": 1.0}, "234": {"34": 1.0}, "235": {"34": 1.0}, "236": {"34": 1.0}, "237": {"34": 1.0}, "238": {"34": 1.0}, "239": {"34": 1.0}, "240": {"34": 1.0}, "241": {"34": 1.0}, "242": {"34": 1.0}, "243": {"34": 1.0}, "244": {"34": 1.0}, "245": {"34": 1.0}, "246": {"34": 1.0}, "247": {"34": 1.0}, "248": {"34": 1.0}, "249": {"34": 1.0}, "250": {"34": 1.0}, "251": {"34": 1.0}, "252": {"34": 1.0}, "253": {"34": 1.0}, "254": {"34": 1.0}, "255": {"34": 1.0}, "256": {"34": 1.0}, "257": {"34": 1.0}, "258": {"34": 1.0}, "259": {"34": 1.0}, "260": {"34": 1.0}, "261": {"34": 1.0}, "262": {"34": 1.0}, "263": {"34": 1.0}, "264": {"34": 1.0}, "265": {"34": 1.0}, "266": {"34": 1.0}, "267": {"34": 1.0}, "268": {"34": 1.0}, "269": {"34": 1.0}, "270": {"34": 1.0}, "271": {"34": 1.0}, "272": {"34": 1.0}, "273": {"34": 1.0}, "274": {"34": 1.0}, "275": {"34": 1.0}, "276": {"34": 1.0}, "277": {"34": 1.0}, "278": {"34": 1.0}, "279": {"34": 1.0}, "280": {"34": 1.0}, "281": {"34": 1.0}, "282": {"34": 1.0}, "283": {"34": 1.0}, "284": {"34": 1.0}, "285": {"34": 1.0}, "286": {"34": 1.0}, "287": {"34": 1.0}, "288": {"34": 1.0}, "289": {"34": 1.0}, "290": {"34": 1.0}, "291": {"34": 1.0}, "292": {"34": 1.0}, "293": {"34": 1.0}, "294": {"34": 1.0}, "295": {"34": 1.0}, "296": {"34": 1.0}, "297": {"34": 1.0}, "298": {"34": 1.0}, "299": {"34": 1.0}, "300": {"34": 1.0}, "301": {"34": 1.0}, "302": {"34": 1.0}, "303": {"34": 1.0}, "304": {"34": 1.0}, "305": {"34": 1.0}, "306": {"34": 1.0}, "307": {"34": 1.0}, "308": {"34": 1.0}, "309": {"34": 1.0}, "310": {"34": 1.0}, "311": {"34": 1.0}, "312": {"34": 1.0}, "313": {"34": 1.0}, "314": {"34": 1.0}, "315": {"34": 1.0}, "316": {"34": 1.0}, "317": {"34": 1.0}, "318": {"34": 1.0}, "319": {"34": 1.0}, "320": {"34": 1.0}, "321": {"34": 1.0}, "322": {"34": 1.0}, "323": {"34": 1.0}, "324": {"34": 1.0}, "325": {"34": 1.0}, "326": {"34": 1.0}, "327": {"34": 1.0}, "328": {"34": 1.0}, "329": {"34": 1.0}, "330": {"34": 1.0}, "331": {"34": 1.0}, "332": {"34": 1.0}, "333": {"34": 1.0}, "334": {"34": 1.0}, "335": {"34": 1.0}, "336": {"34": 1.0}, "337": {"34": 1.0}, "338": {"34": 1.0}, "339": {"34": 1.0}, "340": {"34": 1.0}, "341": {"34": 1.0}, "342": {"34": 1.0}, "343": {"34": 1.0}, "344": {"34": 1.0}, "345": {"34": 1.0}, "346": {"34": 1.0}, "347": {"34": 1.0}, "348": {"34": 1.0}, "349": {"34": 1.0}, "350": {"34": 1.0}, "351": {"34": 1.0}, "352": {"34": 1.0}, "353": {"34": 1.0}, "354": {"34": 1.0}, "355": {"34": 1.0}, "356": {"34": 1.0}, "357": {"34": 1.0}, "358": {"34": 1.0}, "359": {"34": 1.0}, "360": {"34": 1.0}, "361": {"34": 1.0}, "362": {"34": 1.0}, "363": {"34": 1.0}, "364": {"34": 1.0}, "365": {"34": 1.0}, "366": {"34": 1.0}, "367": {"34": 1.0}, "368": {"34": 1.0}, "369": {"34": 1.0}, "370": {"34": 1.0}, "371": {"34": 1.0}, "372": {"34": 1.0}, "373": {"34": 1.0}, "374": {"34": 1.0}, "375": {"34": 1.0}, "376": {"34": 1.0}, "377": {"34": 1.0}, "378": {"34": 1.0}, "379": {"34": 1.0}, "380": {"34": 1.0}, "381": {"34": 1.0}, "382": {"34": 1.0}, "383": {"34": 1.0}, "384": {"34": 1.0}, "385": {"34": 1.0}, "386": {"34": 1.0}, "387": {"34": 1.0}, "388": {"34": 1.0}, "389": {"34": 1.0}, "390": {"34": 1.0}, "391": {"34": 1.0}, "392": {"34": 1.0}, "393": {"34": 1.0}, "394": {"34": 1.0}, "395": {"34": 1.0}, "396": {"34": 1.0}, "397": {"34": 1.0}, "398": {"34": 1.0}, "399": {"34": 1.0}, "400": {"34": 1.0}, "401": {"34": 1.0}, "402": {"34": 1.0}, "403": {"34": 1.0}, "404": {"34": 1.0}, "405": {"34": 1.0}, "406": {"34": 1.0}, "407": {"34": 1.0}, "408": {"34": 1.0}, "409": {"34": 1.0}, "410": {"34": 1.0}, "411": {"34": 1.0}, "412": {"34": 1.0}, "413": {"34": 1.0}, "414": {"34": 1.0}, "415": {"34": 1.0}, "416": {"34": 1.0}, "417": {"34": 1.0}, "418": {"34": 1.0}, "419": {"34": 1.0}, "420": {"34": 1.0}, "421": {"34": 1.0}, "422": {"34": 1.0}, "423": {"34": 1.0}, "424": {"34": 1.0}, "425": {"34": 1.0}, "426": {"34": 1.0}, "427": {"34": 1.0}, "428": {"34": 1.0}, "429": {"34": 1.0}, "430": {"34": 1.0}, "431": {"34": 1.0}, "432": {"34": 1.0}, "433": {"34": 1.0}, "434": {"34": 1.0}, "435": {"34": 1.0}, "436": {"34": 1.0}, "437": {"34": 1.0}, "438": {"34": 1.0}, "439": {"34": 1.0}, "440": {"34": 1.0}, "441": {"34": 1.0}, "442": {"34": 1.0}, "443": {"34": 1.0}, "444": {"34": 1.0}, "445": {"34": 1.0}, "446": {"34": 1.0}, "447": {"34": 1.0}, "448": {"34": 1.0}, "449": {"34": 1.0}, "450": {"34": 1.0}, "451": {"34": 1.0}, "452": {"34": 1.0}, "453": {"34": 1.0}, "454": {"34": 1.0}, "455": {"34": 1.0}, "456": {"34": 1.0}, "457": {"34": 1.0}, "458": {"34": 1.0}, "459": {"34": 1.0}, "460": {"34": 1.0}, "461": {"34": 1.0}, "462": {"34": 1.0}, "463": {"34": 1.0}, "464": {"34": 1.0}, "465": {"34": 1.0}, "466": {"34": 1.0}, "467": {"34": 1.0}, "468": {"34": 1.0}, "469": {"34": 1.0}, "470": {"34": 1.0}, "471": {"34": 1.0}, "472": {"34": 1.0}, "473": {"34": 1.0}, "474": {"34": 1.0}, "475": {"34": 1.0}, "476": {"34": 1.0}, "477": {"34": 1.0}, "478": {"34": 1.0}, "479": {"34": 1.0}, "480": {"34": 1.0}, "481": {"34": 1.0}, "482": {"34": 1.0}, "483": {"34": 1.0}, "484": {"34": 1.0}, "485": {"34": 1.0}, "486": {"34": 1.0}, "487": {"34": 1.0}, "488": {"34": 1.0}, "489": {"34": 1.0}, "490": {"34": 1.0}, "491": {"34": 1.0}, "492": {"34": 1.0}, "493": {"34": 1.0}, "494": {"34": 1.0}, "495": {"34": 1.0}, "496": {"34": 1.0}, "497": {"34": 1.0}, "498": {"34": 1.0}, "499": {"34": 1.0}, "500": {"34": 1.0}, "501": {"34": 1.0}, "502": {"34": 1.0}, "503": {"34": 1.0}, "504": {"34": 1.0}, "505": {"34": 1.0}, "506": {"34": 1.0}, "507": {"34": 1.0}, "508": {"34": 1.0}, "509": {"34": 1.0}, "510": {"34": 1.0}, "511": {"34": 1.0}, "512": {"34": 1.0}, "513": {"34": 1.0}, "514": {"34": 1.0}, "515": {"34": 1.0}, "516": {"34": 1.0}, "517": {"34": 1.0}, "518": {"34": 1.0}, "519": {"34": 1.0}, "520": {"34": 1.0}, "521": {"34": 1.0}, "522": {"34": 1.0}, "523": {"34": 1.0}, "524": {"34": 1.0}, "525": {"34": 1.0}, "526": {"34": 1.0}, "527": {"34": 1.0}, "528": {"34": 1.0}, "529": {"34": 1.0}, "530": {"34": 1.0}, "531": {"34": 1.0}, "532": {"34": 1.0}, "533": {"34": 1.0}, "534": {"34": 1.0}, "535": {"34": 1.0}, "536": {"34": 1.0}, "537": {"34": 1.0}, "538": {"34": 1.0}, "539": {"34": 1.0}, "540": {"34": 1.0}, "541": {"34": 1.0}, "542": {"34": 1.0}, "543": {"34": 1.0}, "544": {"34": 1.0}, "545": {"34": 1.0}, "546": {"34": 1.0}, "547": {"34": 1.0}, "548": {"34": 1.0}, "549": {"34": 1.0}, "550": {"34": 1.0}, "551": {"34": 1.0}, "552": {"34": 1.0}, "553": {"34": 1.0}, "554": {"34": 1.0}, "555": {"34": 1.0}, "556": {"34": 1.0}, "557": {"34": 1.0}, "558": {"34": 1.0}, "559": {"34": 1.0}, "560": {"34": 1.0}, "561": {"34": 1.0}, "562": {"34": 1.0}, "563": {"34": 1.0}, "564": {"34": 1.0}, "565": {"34": 1.0}, "566": {"34": 1.0}, "567": {"34": 1.0}, "568": {"34": 1.0}, "569": {"34": 1.0}, "570": {"34": 1.0}, "571": {"34": 1.0}, "572": {"34": 1.0}, "573": {"34": 1.0}, "574": {"34": 1.0}, "575": {"34": 1.0}, "576": {"34": 1.0}, "577": {"34": 1.0}, "578": {"34": 1.0}, "579": {"34": 1.0}, "580": {"34": 1.0}, "581": {"34": 1.0}, "582": {"34": 1.0}, "583": {"34": 1.0}, "584": {"34": 1.0}, "585": {"34": 1.0}, "586": {"34": 1.0}, "587": {"34": 1.0}, "588": {"34": 1.0}, "589": {"34": 1.0}, "590": {"34": 1.0}, "591": {"34": 1.0}, "592": {"34": 1.0}, "593": {"34": 1.0}, "594": {"34": 1.0}, "595": {"34": 1.0}, "596": {"34": 1.0}, "597": {"34": 1.0}, "598": {"34": 1.0}, "599": {"34": 1.0}, "600": {"34": 1.0}, "601": {"34": 1.0}, "602": {"34": 1.0}, "603": {"34": 1.0}, "604": {"34": 1.0}, "605": {"34": 1.0}, "606": {"34": 1.0}, "607": {"34": 1.0}, "608": {"34": 1.0}, "609": {"34": 1.0}, "610": {"34": 1.0}, "611": {"34": 1.0}, "612": {"34": 1.0}, "613": {"34": 1.0}, "614": {"34": 1.0}, "615": {"34": 1.0}, "616": {"34": 1.0}, "617": {"34": 1.0}, "618": {"34": 1.0}, "619": {"34": 1.0}, "620": {"34": 1.0}, "621": {"34": 1.0}, "622": {"34": 1.0}, "623": {"34": 1.0}, "624": {"34": 1.0}, "625": {"34": 1.0}, "626": {"34": 1.0}, "627": {"34": 1.0}, "628": {"34": 1.0}, "629": {"34": 1.0}, "630": {"34": 1.0}, "631": {"34": 1.0}, "632": {"34": 1.0}, "633": {"34": 1.0}, "634": {"34": 1.0}, "635": {"34": 1.0}, "636": {"34": 1.0}, "637": {"34": 1.0}, "638": {"34": 1.0}, "639": {"34": 1.0}, "640": {"34": 1.0}, "641": {"34": 1.0}, "642": {"34": 1.0}, "643": {"34": 1.0}, "644": {"34": 1.0}, "645": {"34": 1.0}, "646": {"34": 1.0}, "647": {"34": 1.0}, "648": {"34": 1.0}, "649": {"34": 1.0}, "650": {"34": 1.0}, "651": {"34": 1.0}, "652": {"34": 1.0}, "653": {"34": 1.0}, "654": {"34": 1.0}, "655": {"34": 1.0}, "656": {"34": 1.0}, "657": {"34": 1.0}, "658": {"34": 1.0}, "659": {"34": 1.0}, "660": {"34": 1.0}, "661": {"34": 1.0}, "662": {"34": 1.0}, "663": {"34": 1.0}, "664": {"34": 1.0}, "665": {"34": 1.0}, "666": {"34": 1.0}, "667": {"34": 1.0}, "668": {"34": 1.0}, "669": {"34": 1.0}, "670": {"34": 1.0}, "671": {"34": 1.0}, "672": {"34": 1.0}, "673": {"34": 1.0}, "674": {"34": 1.0}, "675": {"34": 1.0}, "676": {"34": 1.0}, "677": {"34": 1.0}, "678": {"34": 1.0}, "679": {"34": 1.0}, "680": {"34": 1.0}, "681": {"34": 1.0}, "682": {"34": 1.0}, "683": {"34": 1.0}, "684": {"34": 1.0}, "685": {"34": 1.0}, "686": {"34": 1.0}, "687": {"34": 1.0}, "688": {"34": 1.0}, "689": {"34": 1.0}, "690": {"34": 1.0}, "691": {"34": 1.0}, "692": {"34": 1.0}, "693": {"34": 1.0}, "694": {"34": 1.0}, "695": {"34": 1.0}, "696": {"34": 1.0}, "697": {"34": 1.0}, "698": {"34": 1.0}, "699": {"34": 1.0}, "700": {"34": 1.0}, "701": {"34": 1.0}, "702": {"34": 1.0}, "703": {"34": 1.0}, "704": {"34": 1.0}, "705": {"34": 1.0}, "706": {"34": 1.0}, "707": {"34": 1.0}, "708": {"34": 1.0}, "709": {"34": 1.0}, "710": {"34": 1.0}, "711": {"34": 1.0}, "712": {"34": 1.0}, "713": {"34": 1.0}, "714": {"34": 1.0}, "715": {"34": 1.0}, "716": {"34": 1.0}, "717": {"34": 1.0}, "718": {"34": 1.0}, "719": {"34": 1.0}, "720": {"34": 1.0}, "721": {"34": 1.0}, "722": {"34": 1.0}, "723": {"34": 1.0}, "724": {"34": 1.0}, "725": {"34": 1.0}, "726": {"34": 1.0}, "727": {"34": 1.0}, "728": {"34": 1.0}, "729": {"34": 1.0}, "730": {"34": 1.0}, "731": {"34": 1.0}, "732": {"34": 1.0}, "733": {"34": 1.0}, "734": {"34": 1.0}, "735": {"34": 1.0}, "736": {"34": 1.0}, "737": {"34": 1.0}, "738": {"34": 1.0}, "739": {"34": 1.0}, "740": {"34": 1.0}, "741": {"34": 1.0}, "742": {"34": 1.0}, "743": {"34": 1.0}, "744": {"34": 1.0}, "745": {"34": 1.0}, "746": {"34": 1.0}, "747": {"34": 1.0}, "748": {"34": 1.0}, "749": {"34": 1.0}, "750": {"34": 1.0}, "751": {"34": 1.0}, "752": {"34": 1.0}, "753": {"34": 1.0}, "754": {"34": 1.0}, "755": {"34": 1.0}, "756": {"34": 1.0}, "757": {"34": 1.0}, "758": {"34": 1.0}, "759": {"34": 1.0}, "760": {"34": 1.0}, "761": {"34": 1.0}, "762": {"34": 1.0}, "763": {"34": 1.0}, "764": {"34": 1.0}, "765": {"34": 1.0}, "766": {"34": 1.0}, "767": {"34": 1.0}, "768": {"34": 1.0}, "769": {"34": 1.0}, "770": {"34": 1.0}, "771": {"34": 1.0}, "772": {"34": 1.0}, "773": {"34": 1.0}, "774": {"34": 1.0}, "775": {"34": 1.0}, "776": {"34": 1.0}, "777": {"34": 1.0}, "778": {"34": 1.0}, "779": {"34": 1.0}, "780": {"34": 1.0}, "781": {"34": 1.0}, "782": {"34": 1.0}, "783": {"34": 1.0}, "784": {"34": 1.0}, "785": {"34": 1.0}, "786": {"34": 1.0}, "787": {"34": 1.0}, "788": {"34": 1.0}, "789": {"34": 1.0}, "790": {"34": 1.0}, "791": {"34": 1.0}, "792": {"34": 1.0}, "793": {"34": 1.0}, "794": {"34": 1.0}, "795": {"34": 1.0}, "796": {"34": 1.0}, "797": {"34": 1.0}, "798": {"34": 1.0}, "799": {"34": 1.0}, "800": {"34": 1.0}, "801": {"34": 1.0}, "802": {"34": 1.0}, "803": {"34": 1.0}, "804": {"34": 1.0}, "805": {"34": 1.0}, "806": {"34": 1.0}, "807": {"34": 1.0}, "808": {"34": 1.0}, "809": {"34": 1.0}, "810": {"34": 1.0}, "811": {"34": 1.0}, "812": {"34": 1.0}, "813": {"34": 1.0}, "814": {"34": 1.0}, "815": {"34": 1.0}, "816": {"34": 1.0}, "817": {"34": 1.0}, "818": {"34": 1.0}, "819": {"34": 1.0}, "820": {"34": 1.0}, "821": {"34": 1.0}, "822": {"34": 1.0}, "823": {"34": 1.0}, "824": {"34": 1.0}, "825": {"34": 1.0}, "826": {"34": 1.0}, "827": {"34": 1.0}, "828": {"34": 1.0}, "829": {"34": 1.0}, "830": {"34": 1.0}, "831": {"34": 1.0}, "832": {"34": 1.0}, "833": {"34": 1.0}, "834": {"34": 1.0}, "835": {"34": 1.0}, "836": {"34": 1.0}, "837": {"34": 1.0}, "838": {"34": 1.0}, "839": {"34": 1.0}, "840": {"34": 1.0}, "841": {"34": 1.0}, "842": {"34": 1.0}, "843": {"34": 1.0}, "844": {"34": 1.0}, "845": {"34": 1.0}, "846": {"34": 1.0}, "847": {"34": 1.0}, "848": {"34": 1.0}, "849": {"34": 1.0}, "850": {"34": 1.0}, "851": {"34": 1.0}, "852": {"34": 1.0}, "853": {"34": 1.0}, "854": {"34": 1.0}, "855": {"34": 1.0}, "856": {"34": 1.0}, "857": {"34": 1.0}, "858": {"34": 1.0}, "859": {"34": 1.0}, "860": {"34": 1.0}, "861": {"34": 1.0}, "862": {"34": 1.0}, "863": {"34": 1.0}, "864": {"34": 1.0}, "865": {"34": 1.0}, "866": {"34": 1.0}, "867": {"34": 1.0}, "868": {"34": 1.0}, "869": {"34": 1.0}, "870": {"34": 1.0}, "871": {"34": 1.0}, "872": {"34": 1.0}, "873": {"34": 1.0}, "874": {"34": 1.0}, "875": {"34": 1.0}, "876": {"34": 1.0}, "877": {"34": 1.0}, "878": {"34": 1.0}, "879": {"34": 1.0}, "880": {"34": 1.0}, "881": {"34": 1.0}, "882": {"34": 1.0}, "883": {"34": 1.0}, "884": {"34": 1.0}, "885": {"34": 1.0}, "886": {"34": 1.0}, "887": {"34": 1.0}, "888": {"34": 1.0}, "889": {"34": 1.0}, "890": {"34": 1.0}, "891": {"34": 1.0}, "892": {"34": 1.0}, "893": {"34": 1.0}, "894": {"34": 1.0}, "895": {"34": 1.0}, "896": {"34": 1.0}, "897": {"34": 1.0}, "898": {"34": 1.0}, "899": {"34": 1.0}, "900": {"34": 1.0}, "901": {"34": 1.0}, "902": {"34": 1.0}, "903": {"34": 1.0}, "904": {"34": 1.0}, "905": {"34": 1.0}, "906": {"34": 1.0}, "907": {"34": 1.0}, "908": {"34": 1.0}, "909": {"34": 1.0}, "910": {"34": 1.0}, "911": {"34": 1.0}, "912": {"34": 1.0}, "913": {"34": 1.0}, "914": {"34": 1.0}, "915": {"34": 1.0}, "916": {"34": 1.0}, "917": {"34": 1.0}, "918": {"34": 1.0}, "919": {"34": 1.0}, "920": {"34": 1.0}, "921": {"34": 1.0}, "922": {"34": 1.0}, "923": {"34": 1.0}, "924": {"34": 1.0}, "925": {"34": 1.0}, "926": {"34": 1.0}, "927": {"34": 1.0}, "928": {"34": 1.0}, "929": {"34": 1.0}, "930": {"34": 1.0}, "931": {"34": 1.0}, "932": {"34": 1.0}, "933": {"34": 1.0}, "934": {"34": 1.0}, "935": {"34": 1.0}, "936": {"34": 1.0}, "937": {"34": 1.0}, "938": {"34": 1.0}, "939": {"34": 1.0}, "940": {"34": 1.0}, "941": {"34": 1.0}, "942": {"34": 1.0}, "943": {"34": 1.0}, "944": {"34": 1.0}, "945": {"34": 1.0}, "946": {"34": 1.0}, "947": {"34": 1.0}, "948": {"34": 1.0}, "949": {"34": 1.0}, "950": {"34": 1.0}, "951": {"34": 1.0}, "952": {"34": 1.0}, "953": {"34": 1.0}, "954": {"34": 1.0}, "955": {"34": 1.0}, "956": {"34": 1.0}, "957": {"34": 1.0}, "958": {"34": 1.0}, "959": {"34": 1.0}, "960": {"34": 1.0}, "961": {"34": 1.0}, "962": {"34": 1.0}, "963": {"34": 1.0}, "964": {"34": 1.0}, "965": {"34": 1.0}, "966": {"34": 1.0}, "967": {"34": 1.0}, "968": {"34": 1.0}, "969": {"34": 1.0}, "970": {"34": 1.0}, "971": {"34": 1.0}, "972": {"34": 1.0}, "973": {"34": 1.0}, "974": {"34": 1.0}, "975": {"34": 1.0}, "976": {"34": 1.0}, "977": {"34": 1.0}, "978": {"34": 1.0}, "979": {"34": 1.0}, "980": {"34": 1.0}, "981": {"34": 1.0}, "982": {"34": 1.0}, "983": {"34": 1.0}, "984": {"34": 1.0}, "985": {"34": 1.0}, "986": {"34": 1.0}, "987": {"34": 1.0}, "988": {"34": 1.0}, "989": {"34": 1.0}, "990": {"34": 1.0}, "991": {"34": 1.0}, "992": {"34": 1.0}, "993": {"34": 1.0}, "994": {"34": 1.0}, "995": {"34": 1.0}, "996": {"34": 1.0}, "997": {"34": 1.0}, "998": {"34": 1.0}, "999": {"34": 1.0}, "1000": {"34": 1.0}}