{"1": {"rank": 0.658, "score": 0.934, "mean": 0.796}, "2": {"rank": 0.699, "score": 0.934, "mean": 0.817}, "3": {"rank": 0.723, "score": 0.935, "mean": 0.829}, "4": {"rank": 0.742, "score": 0.935, "mean": 0.839}, "5": {"rank": 0.755, "score": 0.936, "mean": 0.846}, "6": {"rank": 0.766, "score": 0.936, "mean": 0.851}, "7": {"rank": 0.776, "score": 0.937, "mean": 0.856}, "8": {"rank": 0.784, "score": 0.937, "mean": 0.861}, "9": {"rank": 0.791, "score": 0.938, "mean": 0.864}, "10": {"rank": 0.797, "score": 0.938, "mean": 0.868}, "11": {"rank": 0.803, "score": 0.938, "mean": 0.871}, "12": {"rank": 0.809, "score": 0.939, "mean": 0.874}, "13": {"rank": 0.813, "score": 0.939, "mean": 0.876}, "14": {"rank": 0.817, "score": 0.94, "mean": 0.878}, "15": {"rank": 0.821, "score": 0.94, "mean": 0.88}, "16": {"rank": 0.825, "score": 0.94, "mean": 0.882}, "17": {"rank": 0.828, "score": 0.94, "mean": 0.884}, "18": {"rank": 0.832, "score": 0.941, "mean": 0.886}, "19": {"rank": 0.836, "score": 0.941, "mean": 0.888}, "20": {"rank": 0.839, "score": 0.942, "mean": 0.891}, "21": {"rank": 0.843, "score": 0.942, "mean": 0.892}, "22": {"rank": 0.846, "score": 0.943, "mean": 0.894}, "23": {"rank": 0.848, "score": 0.943, "mean": 0.896}, "24": {"rank": 0.852, "score": 0.943, "mean": 0.897}, "25": {"rank": 0.854, "score": 0.943, "mean": 0.899}, "26": {"rank": 0.857, "score": 0.944, "mean": 0.9}, "27": {"rank": 0.86, "score": 0.944, "mean": 0.902}, "28": {"rank": 0.861, "score": 0.944, "mean": 0.903}, "29": {"rank": 0.863, "score": 0.944, "mean": 0.904}, "30": {"rank": 0.866, "score": 0.945, "mean": 0.905}, "31": {"rank": 0.868, "score": 0.945, "mean": 0.906}, "32": {"rank": 0.87, "score": 0.945, "mean": 0.908}, "33": {"rank": 0.872, "score": 0.945, "mean": 0.909}, "34": {"rank": 0.874, "score": 0.946, "mean": 0.91}, "35": {"rank": 0.876, "score": 0.946, "mean": 0.911}, "36": {"rank": 0.878, "score": 0.946, "mean": 0.912}, "37": {"rank": 0.879, "score": 0.946, "mean": 0.913}, "38": {"rank": 0.881, "score": 0.947, "mean": 0.914}, "39": {"rank": 0.882, "score": 0.947, "mean": 0.914}, "40": {"rank": 0.883, "score": 0.947, "mean": 0.915}, "41": {"rank": 0.884, "score": 0.947, "mean": 0.916}, "42": {"rank": 0.886, "score": 0.948, "mean": 0.917}, "43": {"rank": 0.887, "score": 0.948, "mean": 0.917}, "44": {"rank": 0.888, "score": 0.948, "mean": 0.918}, "45": {"rank": 0.889, "score": 0.948, "mean": 0.919}, "46": {"rank": 0.891, "score": 0.948, "mean": 0.919}, "47": {"rank": 0.892, "score": 0.948, "mean": 0.92}, "48": {"rank": 0.893, "score": 0.949, "mean": 0.921}, "49": {"rank": 0.894, "score": 0.949, "mean": 0.921}, "50": {"rank": 0.895, "score": 0.949, "mean": 0.922}, "51": {"rank": 0.896, "score": 0.949, "mean": 0.923}, "52": {"rank": 0.897, "score": 0.95, "mean": 0.923}, "53": {"rank": 0.899, "score": 0.95, "mean": 0.924}, "54": {"rank": 0.9, "score": 0.95, "mean": 0.925}, "55": {"rank": 0.901, "score": 0.951, "mean": 0.926}, "56": {"rank": 0.902, "score": 0.951, "mean": 0.926}, "57": {"rank": 0.903, "score": 0.951, "mean": 0.927}, "58": {"rank": 0.903, "score": 0.951, "mean": 0.927}, "59": {"rank": 0.905, "score": 0.951, "mean": 0.928}, "60": {"rank": 0.905, "score": 0.952, "mean": 0.929}, "61": {"rank": 0.906, "score": 0.952, "mean": 0.929}, "62": {"rank": 0.907, "score": 0.952, "mean": 0.93}, "63": {"rank": 0.908, "score": 0.952, "mean": 0.93}, "64": {"rank": 0.909, "score": 0.952, "mean": 0.93}, "65": {"rank": 0.91, "score": 0.953, "mean": 0.931}, "66": {"rank": 0.91, "score": 0.953, "mean": 0.932}, "67": {"rank": 0.912, "score": 0.953, "mean": 0.932}, "68": {"rank": 0.912, "score": 0.954, "mean": 0.933}, "69": {"rank": 0.913, "score": 0.954, "mean": 0.933}, "70": {"rank": 0.914, "score": 0.954, "mean": 0.934}, "71": {"rank": 0.915, "score": 0.954, "mean": 0.934}, "72": {"rank": 0.915, "score": 0.954, "mean": 0.935}, "73": {"rank": 0.916, "score": 0.955, "mean": 0.935}, "74": {"rank": 0.917, "score": 0.955, "mean": 0.936}, "75": {"rank": 0.917, "score": 0.955, "mean": 0.936}, "76": {"rank": 0.918, "score": 0.955, "mean": 0.936}, "77": {"rank": 0.918, "score": 0.955, "mean": 0.937}, "78": {"rank": 0.919, "score": 0.956, "mean": 0.937}, "79": {"rank": 0.92, "score": 0.956, "mean": 0.938}, "80": {"rank": 0.921, "score": 0.956, "mean": 0.938}, "81": {"rank": 0.921, "score": 0.956, "mean": 0.939}, "82": {"rank": 0.922, "score": 0.956, "mean": 0.939}, "83": {"rank": 0.922, "score": 0.956, "mean": 0.939}, "84": {"rank": 0.923, "score": 0.957, "mean": 0.94}, "85": {"rank": 0.924, "score": 0.957, "mean": 0.94}, "86": {"rank": 0.924, "score": 0.957, "mean": 0.941}, "87": {"rank": 0.925, "score": 0.957, "mean": 0.941}, "88": {"rank": 0.925, "score": 0.958, "mean": 0.942}, "89": {"rank": 0.926, "score": 0.958, "mean": 0.942}, "90": {"rank": 0.927, "score": 0.958, "mean": 0.942}, "91": {"rank": 0.927, "score": 0.958, "mean": 0.943}, "92": {"rank": 0.928, "score": 0.958, "mean": 0.943}, "93": {"rank": 0.928, "score": 0.958, "mean": 0.943}, "94": {"rank": 0.929, "score": 0.959, "mean": 0.944}, "95": {"rank": 0.929, "score": 0.959, "mean": 0.944}, "96": {"rank": 0.93, "score": 0.959, "mean": 0.944}, "97": {"rank": 0.93, "score": 0.959, "mean": 0.945}, "98": {"rank": 0.931, "score": 0.959, "mean": 0.945}, "99": {"rank": 0.932, "score": 0.96, "mean": 0.946}, "100": {"rank": 0.932, "score": 0.96, "mean": 0.946}, "101": {"rank": 0.933, "score": 0.96, "mean": 0.946}, "102": {"rank": 0.933, "score": 0.96, "mean": 0.947}, "103": {"rank": 0.933, "score": 0.96, "mean": 0.947}, "104": {"rank": 0.934, "score": 0.96, "mean": 0.947}, "105": {"rank": 0.934, "score": 0.961, "mean": 0.947}, "106": {"rank": 0.935, "score": 0.961, "mean": 0.948}, "107": {"rank": 0.935, "score": 0.961, "mean": 0.948}, "108": {"rank": 0.936, "score": 0.961, "mean": 0.948}, "109": {"rank": 0.936, "score": 0.961, "mean": 0.949}, "110": {"rank": 0.936, "score": 0.961, "mean": 0.949}, "111": {"rank": 0.937, "score": 0.962, "mean": 0.949}, "112": {"rank": 0.937, "score": 0.962, "mean": 0.95}, "113": {"rank": 0.938, "score": 0.962, "mean": 0.95}, "114": {"rank": 0.938, "score": 0.962, "mean": 0.95}, "115": {"rank": 0.938, "score": 0.963, "mean": 0.95}, "116": {"rank": 0.939, "score": 0.963, "mean": 0.951}, "117": {"rank": 0.939, "score": 0.963, "mean": 0.951}, "118": {"rank": 0.94, "score": 0.963, "mean": 0.951}, "119": {"rank": 0.94, "score": 0.963, "mean": 0.952}, "120": {"rank": 0.941, "score": 0.963, "mean": 0.952}, "121": {"rank": 0.941, "score": 0.963, "mean": 0.952}, "122": {"rank": 0.942, "score": 0.963, "mean": 0.953}, "123": {"rank": 0.942, "score": 0.964, "mean": 0.953}, "124": {"rank": 0.943, "score": 0.964, "mean": 0.953}, "125": {"rank": 0.943, "score": 0.964, "mean": 0.954}, "126": {"rank": 0.944, "score": 0.964, "mean": 0.954}, "127": {"rank": 0.944, "score": 0.964, "mean": 0.954}, "128": {"rank": 0.945, "score": 0.965, "mean": 0.955}, "129": {"rank": 0.945, "score": 0.965, "mean": 0.955}, "130": {"rank": 0.945, "score": 0.965, "mean": 0.955}, "131": {"rank": 0.946, "score": 0.965, "mean": 0.955}, "132": {"rank": 0.946, "score": 0.965, "mean": 0.956}, "133": {"rank": 0.947, "score": 0.965, "mean": 0.956}, "134": {"rank": 0.947, "score": 0.965, "mean": 0.956}, "135": {"rank": 0.947, "score": 0.966, "mean": 0.956}, "136": {"rank": 0.948, "score": 0.966, "mean": 0.957}, "137": {"rank": 0.948, "score": 0.966, "mean": 0.957}, "138": {"rank": 0.949, "score": 0.966, "mean": 0.957}, "139": {"rank": 0.949, "score": 0.966, "mean": 0.958}, "140": {"rank": 0.949, "score": 0.967, "mean": 0.958}, "141": {"rank": 0.95, "score": 0.967, "mean": 0.958}, "142": {"rank": 0.95, "score": 0.967, "mean": 0.958}, "143": {"rank": 0.95, "score": 0.967, "mean": 0.959}, "144": {"rank": 0.951, "score": 0.967, "mean": 0.959}, "145": {"rank": 0.951, "score": 0.967, "mean": 0.959}, "146": {"rank": 0.951, "score": 0.967, "mean": 0.959}, "147": {"rank": 0.951, "score": 0.967, "mean": 0.959}, "148": {"rank": 0.952, "score": 0.967, "mean": 0.96}, "149": {"rank": 0.952, "score": 0.967, "mean": 0.96}, "150": {"rank": 0.952, "score": 0.968, "mean": 0.96}, "151": {"rank": 0.953, "score": 0.968, "mean": 0.96}, "152": {"rank": 0.953, "score": 0.968, "mean": 0.96}, "153": {"rank": 0.953, "score": 0.968, "mean": 0.961}, "154": {"rank": 0.954, "score": 0.968, "mean": 0.961}, "155": {"rank": 0.954, "score": 0.968, "mean": 0.961}, "156": {"rank": 0.954, "score": 0.968, "mean": 0.961}, "157": {"rank": 0.955, "score": 0.969, "mean": 0.962}, "158": {"rank": 0.955, "score": 0.969, "mean": 0.962}, "159": {"rank": 0.956, "score": 0.969, "mean": 0.962}, "160": {"rank": 0.956, "score": 0.969, "mean": 0.962}, "161": {"rank": 0.956, "score": 0.969, "mean": 0.963}, "162": {"rank": 0.956, "score": 0.969, "mean": 0.963}, "163": {"rank": 0.957, "score": 0.97, "mean": 0.963}, "164": {"rank": 0.957, "score": 0.97, "mean": 0.963}, "165": {"rank": 0.957, "score": 0.97, "mean": 0.963}, "166": {"rank": 0.957, "score": 0.97, "mean": 0.964}, "167": {"rank": 0.958, "score": 0.97, "mean": 0.964}, "168": {"rank": 0.958, "score": 0.97, "mean": 0.964}, "169": {"rank": 0.958, "score": 0.97, "mean": 0.964}, "170": {"rank": 0.958, "score": 0.97, "mean": 0.964}, "171": {"rank": 0.959, "score": 0.97, "mean": 0.964}, "172": {"rank": 0.959, "score": 0.97, "mean": 0.965}, "173": {"rank": 0.959, "score": 0.971, "mean": 0.965}, "174": {"rank": 0.959, "score": 0.971, "mean": 0.965}, "175": {"rank": 0.96, "score": 0.971, "mean": 0.965}, "176": {"rank": 0.96, "score": 0.971, "mean": 0.966}, "177": {"rank": 0.96, "score": 0.971, "mean": 0.966}, "178": {"rank": 0.96, "score": 0.971, "mean": 0.966}, "179": {"rank": 0.961, "score": 0.971, "mean": 0.966}, "180": {"rank": 0.961, "score": 0.971, "mean": 0.966}, "181": {"rank": 0.961, "score": 0.971, "mean": 0.966}, "182": {"rank": 0.961, "score": 0.971, "mean": 0.966}, "183": {"rank": 0.961, "score": 0.972, "mean": 0.966}, "184": {"rank": 0.962, "score": 0.972, "mean": 0.967}, "185": {"rank": 0.962, "score": 0.972, "mean": 0.967}, "186": {"rank": 0.962, "score": 0.972, "mean": 0.967}, "187": {"rank": 0.962, "score": 0.972, "mean": 0.967}, "188": {"rank": 0.963, "score": 0.972, "mean": 0.968}, "189": {"rank": 0.963, "score": 0.972, "mean": 0.968}, "190": {"rank": 0.963, "score": 0.973, "mean": 0.968}, "191": {"rank": 0.963, "score": 0.973, "mean": 0.968}, "192": {"rank": 0.963, "score": 0.973, "mean": 0.968}, "193": {"rank": 0.964, "score": 0.973, "mean": 0.968}, "194": {"rank": 0.964, "score": 0.973, "mean": 0.969}, "195": {"rank": 0.964, "score": 0.973, "mean": 0.969}, "196": {"rank": 0.964, "score": 0.973, "mean": 0.969}, "197": {"rank": 0.964, "score": 0.973, "mean": 0.969}, "198": {"rank": 0.965, "score": 0.973, "mean": 0.969}, "199": {"rank": 0.965, "score": 0.974, "mean": 0.969}, "200": {"rank": 0.965, "score": 0.974, "mean": 0.969}, "201": {"rank": 0.966, "score": 0.974, "mean": 0.97}, "202": {"rank": 0.966, "score": 0.974, "mean": 0.97}, "203": {"rank": 0.966, "score": 0.974, "mean": 0.97}, "204": {"rank": 0.966, "score": 0.974, "mean": 0.97}, "205": {"rank": 0.966, "score": 0.974, "mean": 0.97}, "206": {"rank": 0.967, "score": 0.975, "mean": 0.971}, "207": {"rank": 0.967, "score": 0.975, "mean": 0.971}, "208": {"rank": 0.967, "score": 0.975, "mean": 0.971}, "209": {"rank": 0.967, "score": 0.975, "mean": 0.971}, "210": {"rank": 0.967, "score": 0.975, "mean": 0.971}, "211": {"rank": 0.968, "score": 0.975, "mean": 0.971}, "212": {"rank": 0.968, "score": 0.975, "mean": 0.972}, "213": {"rank": 0.968, "score": 0.975, "mean": 0.972}, "214": {"rank": 0.968, "score": 0.976, "mean": 0.972}, "215": {"rank": 0.968, "score": 0.976, "mean": 0.972}, "216": {"rank": 0.969, "score": 0.976, "mean": 0.972}, "217": {"rank": 0.969, "score": 0.976, "mean": 0.972}, "218": {"rank": 0.969, "score": 0.976, "mean": 0.973}, "219": {"rank": 0.97, "score": 0.976, "mean": 0.973}, "220": {"rank": 0.97, "score": 0.976, "mean": 0.973}, "221": {"rank": 0.97, "score": 0.976, "mean": 0.973}, "222": {"rank": 0.97, "score": 0.977, "mean": 0.973}, "223": {"rank": 0.971, "score": 0.977, "mean": 0.974}, "224": {"rank": 0.971, "score": 0.977, "mean": 0.974}, "225": {"rank": 0.971, "score": 0.977, "mean": 0.974}, "226": {"rank": 0.971, "score": 0.977, "mean": 0.974}, "227": {"rank": 0.971, "score": 0.977, "mean": 0.974}, "228": {"rank": 0.971, "score": 0.977, "mean": 0.974}, "229": {"rank": 0.972, "score": 0.977, "mean": 0.974}, "230": {"rank": 0.972, "score": 0.977, "mean": 0.975}, "231": {"rank": 0.972, "score": 0.978, "mean": 0.975}, "232": {"rank": 0.972, "score": 0.978, "mean": 0.975}, "233": {"rank": 0.972, "score": 0.978, "mean": 0.975}, "234": {"rank": 0.973, "score": 0.978, "mean": 0.975}, "235": {"rank": 0.973, "score": 0.978, "mean": 0.975}, "236": {"rank": 0.973, "score": 0.978, "mean": 0.976}, "237": {"rank": 0.973, "score": 0.978, "mean": 0.976}, "238": {"rank": 0.973, "score": 0.978, "mean": 0.976}, "239": {"rank": 0.973, "score": 0.978, "mean": 0.976}, "240": {"rank": 0.973, "score": 0.978, "mean": 0.976}, "241": {"rank": 0.974, "score": 0.978, "mean": 0.976}, "242": {"rank": 0.974, "score": 0.979, "mean": 0.976}, "243": {"rank": 0.974, "score": 0.979, "mean": 0.976}, "244": {"rank": 0.974, "score": 0.979, "mean": 0.977}, "245": {"rank": 0.974, "score": 0.979, "mean": 0.977}, "246": {"rank": 0.975, "score": 0.979, "mean": 0.977}, "247": {"rank": 0.975, "score": 0.979, "mean": 0.977}, "248": {"rank": 0.975, "score": 0.979, "mean": 0.977}, "249": {"rank": 0.975, "score": 0.979, "mean": 0.977}, "250": {"rank": 0.975, "score": 0.979, "mean": 0.977}, "251": {"rank": 0.975, "score": 0.979, "mean": 0.977}, "252": {"rank": 0.975, "score": 0.98, "mean": 0.977}, "253": {"rank": 0.975, "score": 0.98, "mean": 0.977}, "254": {"rank": 0.976, "score": 0.98, "mean": 0.978}, "255": {"rank": 0.976, "score": 0.98, "mean": 0.978}, "256": {"rank": 0.976, "score": 0.98, "mean": 0.978}, "257": {"rank": 0.976, "score": 0.98, "mean": 0.978}, "258": {"rank": 0.976, "score": 0.98, "mean": 0.978}, "259": {"rank": 0.976, "score": 0.98, "mean": 0.978}, "260": {"rank": 0.977, "score": 0.98, "mean": 0.978}, "261": {"rank": 0.977, "score": 0.98, "mean": 0.979}, "262": {"rank": 0.977, "score": 0.981, "mean": 0.979}, "263": {"rank": 0.977, "score": 0.981, "mean": 0.979}, "264": {"rank": 0.977, "score": 0.981, "mean": 0.979}, "265": {"rank": 0.978, "score": 0.981, "mean": 0.979}, "266": {"rank": 0.978, "score": 0.981, "mean": 0.979}, "267": {"rank": 0.978, "score": 0.981, "mean": 0.98}, "268": {"rank": 0.978, "score": 0.981, "mean": 0.98}, "269": {"rank": 0.979, "score": 0.981, "mean": 0.98}, "270": {"rank": 0.979, "score": 0.981, "mean": 0.98}, "271": {"rank": 0.979, "score": 0.981, "mean": 0.98}, "272": {"rank": 0.979, "score": 0.981, "mean": 0.98}, "273": {"rank": 0.979, "score": 0.982, "mean": 0.98}, "274": {"rank": 0.979, "score": 0.982, "mean": 0.98}, "275": {"rank": 0.979, "score": 0.982, "mean": 0.981}, "276": {"rank": 0.979, "score": 0.982, "mean": 0.981}, "277": {"rank": 0.98, "score": 0.982, "mean": 0.981}, "278": {"rank": 0.98, "score": 0.982, "mean": 0.981}, "279": {"rank": 0.98, "score": 0.982, "mean": 0.981}, "280": {"rank": 0.98, "score": 0.982, "mean": 0.981}, "281": {"rank": 0.98, "score": 0.982, "mean": 0.981}, "282": {"rank": 0.98, "score": 0.982, "mean": 0.981}, "283": {"rank": 0.98, "score": 0.982, "mean": 0.981}, "284": {"rank": 0.98, "score": 0.982, "mean": 0.981}, "285": {"rank": 0.981, "score": 0.982, "mean": 0.981}, "286": {"rank": 0.981, "score": 0.982, "mean": 0.982}, "287": {"rank": 0.981, "score": 0.982, "mean": 0.982}, "288": {"rank": 0.981, "score": 0.983, "mean": 0.982}, "289": {"rank": 0.981, "score": 0.983, "mean": 0.982}, "290": {"rank": 0.981, "score": 0.983, "mean": 0.982}, "291": {"rank": 0.981, "score": 0.983, "mean": 0.982}, "292": {"rank": 0.981, "score": 0.983, "mean": 0.982}, "293": {"rank": 0.981, "score": 0.983, "mean": 0.982}, "294": {"rank": 0.981, "score": 0.983, "mean": 0.982}, "295": {"rank": 0.982, "score": 0.983, "mean": 0.982}, "296": {"rank": 0.982, "score": 0.983, "mean": 0.982}, "297": {"rank": 0.982, "score": 0.983, "mean": 0.982}, "298": {"rank": 0.982, "score": 0.983, "mean": 0.983}, "299": {"rank": 0.982, "score": 0.983, "mean": 0.983}, "300": {"rank": 0.982, "score": 0.983, "mean": 0.983}, "301": {"rank": 0.982, "score": 0.984, "mean": 0.983}, "302": {"rank": 0.982, "score": 0.984, "mean": 0.983}, "303": {"rank": 0.983, "score": 0.984, "mean": 0.983}, "304": {"rank": 0.983, "score": 0.984, "mean": 0.983}, "305": {"rank": 0.983, "score": 0.984, "mean": 0.983}, "306": {"rank": 0.983, "score": 0.984, "mean": 0.983}, "307": {"rank": 0.983, "score": 0.984, "mean": 0.983}, "308": {"rank": 0.983, "score": 0.984, "mean": 0.983}, "309": {"rank": 0.983, "score": 0.984, "mean": 0.983}, "310": {"rank": 0.983, "score": 0.984, "mean": 0.984}, "311": {"rank": 0.983, "score": 0.984, "mean": 0.984}, "312": {"rank": 0.983, "score": 0.984, "mean": 0.984}, "313": {"rank": 0.983, "score": 0.984, "mean": 0.984}, "314": {"rank": 0.983, "score": 0.984, "mean": 0.984}, "315": {"rank": 0.984, "score": 0.984, "mean": 0.984}, "316": {"rank": 0.984, "score": 0.984, "mean": 0.984}, "317": {"rank": 0.984, "score": 0.984, "mean": 0.984}, "318": {"rank": 0.984, "score": 0.984, "mean": 0.984}, "319": {"rank": 0.984, "score": 0.985, "mean": 0.984}, "320": {"rank": 0.984, "score": 0.985, "mean": 0.984}, "321": {"rank": 0.984, "score": 0.985, "mean": 0.984}, "322": {"rank": 0.984, "score": 0.985, "mean": 0.984}, "323": {"rank": 0.984, "score": 0.985, "mean": 0.985}, "324": {"rank": 0.984, "score": 0.985, "mean": 0.985}, "325": {"rank": 0.984, "score": 0.985, "mean": 0.985}, "326": {"rank": 0.984, "score": 0.985, "mean": 0.985}, "327": {"rank": 0.985, "score": 0.985, "mean": 0.985}, "328": {"rank": 0.985, "score": 0.985, "mean": 0.985}, "329": {"rank": 0.985, "score": 0.985, "mean": 0.985}, "330": {"rank": 0.985, "score": 0.985, "mean": 0.985}, "331": {"rank": 0.985, "score": 0.985, "mean": 0.985}, "332": {"rank": 0.985, "score": 0.985, "mean": 0.985}, "333": {"rank": 0.985, "score": 0.985, "mean": 0.985}, "334": {"rank": 0.985, "score": 0.986, "mean": 0.985}, "335": {"rank": 0.985, "score": 0.986, "mean": 0.985}, "336": {"rank": 0.985, "score": 0.986, "mean": 0.985}, "337": {"rank": 0.985, "score": 0.986, "mean": 0.985}, "338": {"rank": 0.985, "score": 0.986, "mean": 0.986}, "339": {"rank": 0.986, "score": 0.986, "mean": 0.986}, "340": {"rank": 0.986, "score": 0.986, "mean": 0.986}, "341": {"rank": 0.986, "score": 0.986, "mean": 0.986}, "342": {"rank": 0.986, "score": 0.986, "mean": 0.986}, "343": {"rank": 0.986, "score": 0.986, "mean": 0.986}, "344": {"rank": 0.986, "score": 0.986, "mean": 0.986}, "345": {"rank": 0.986, "score": 0.986, "mean": 0.986}, "346": {"rank": 0.986, "score": 0.986, "mean": 0.986}, "347": {"rank": 0.986, "score": 0.986, "mean": 0.986}, "348": {"rank": 0.986, "score": 0.986, "mean": 0.986}, "349": {"rank": 0.986, "score": 0.986, "mean": 0.986}, "350": {"rank": 0.986, "score": 0.986, "mean": 0.986}, "351": {"rank": 0.986, "score": 0.986, "mean": 0.986}, "352": {"rank": 0.986, "score": 0.987, "mean": 0.986}, "353": {"rank": 0.986, "score": 0.987, "mean": 0.986}, "354": {"rank": 0.986, "score": 0.987, "mean": 0.986}, "355": {"rank": 0.986, "score": 0.987, "mean": 0.986}, "356": {"rank": 0.986, "score": 0.987, "mean": 0.987}, "357": {"rank": 0.986, "score": 0.987, "mean": 0.987}, "358": {"rank": 0.987, "score": 0.987, "mean": 0.987}, "359": {"rank": 0.987, "score": 0.987, "mean": 0.987}, "360": {"rank": 0.987, "score": 0.987, "mean": 0.987}, "361": {"rank": 0.987, "score": 0.987, "mean": 0.987}, "362": {"rank": 0.987, "score": 0.987, "mean": 0.987}, "363": {"rank": 0.987, "score": 0.987, "mean": 0.987}, "364": {"rank": 0.987, "score": 0.987, "mean": 0.987}, "365": {"rank": 0.987, "score": 0.987, "mean": 0.987}, "366": {"rank": 0.987, "score": 0.987, "mean": 0.987}, "367": {"rank": 0.987, "score": 0.987, "mean": 0.987}, "368": {"rank": 0.987, "score": 0.987, "mean": 0.987}, "369": {"rank": 0.987, "score": 0.987, "mean": 0.987}, "370": {"rank": 0.987, "score": 0.987, "mean": 0.987}, "371": {"rank": 0.987, "score": 0.987, "mean": 0.987}, "372": {"rank": 0.987, "score": 0.988, "mean": 0.987}, "373": {"rank": 0.987, "score": 0.988, "mean": 0.987}, "374": {"rank": 0.988, "score": 0.988, "mean": 0.988}, "375": {"rank": 0.988, "score": 0.988, "mean": 0.988}, "376": {"rank": 0.988, "score": 0.988, "mean": 0.988}, "377": {"rank": 0.988, "score": 0.988, "mean": 0.988}, "378": {"rank": 0.988, "score": 0.988, "mean": 0.988}, "379": {"rank": 0.988, "score": 0.988, "mean": 0.988}, "380": {"rank": 0.988, "score": 0.988, "mean": 0.988}, "381": {"rank": 0.988, "score": 0.988, "mean": 0.988}, "382": {"rank": 0.988, "score": 0.988, "mean": 0.988}, "383": {"rank": 0.988, "score": 0.988, "mean": 0.988}, "384": {"rank": 0.988, "score": 0.988, "mean": 0.988}, "385": {"rank": 0.988, "score": 0.988, "mean": 0.988}, "386": {"rank": 0.988, "score": 0.988, "mean": 0.988}, "387": {"rank": 0.988, "score": 0.988, "mean": 0.988}, "388": {"rank": 0.988, "score": 0.988, "mean": 0.988}, "389": {"rank": 0.988, "score": 0.988, "mean": 0.988}, "390": {"rank": 0.988, "score": 0.988, "mean": 0.988}, "391": {"rank": 0.988, "score": 0.988, "mean": 0.988}, "392": {"rank": 0.988, "score": 0.988, "mean": 0.988}, "393": {"rank": 0.988, "score": 0.988, "mean": 0.988}, "394": {"rank": 0.988, "score": 0.989, "mean": 0.988}, "395": {"rank": 0.988, "score": 0.989, "mean": 0.989}, "396": {"rank": 0.988, "score": 0.989, "mean": 0.989}, "397": {"rank": 0.989, "score": 0.989, "mean": 0.989}, "398": {"rank": 0.989, "score": 0.989, "mean": 0.989}, "399": {"rank": 0.989, "score": 0.989, "mean": 0.989}, "400": {"rank": 0.989, "score": 0.989, "mean": 0.989}, "401": {"rank": 0.989, "score": 0.989, "mean": 0.989}, "402": {"rank": 0.989, "score": 0.989, "mean": 0.989}, "403": {"rank": 0.989, "score": 0.989, "mean": 0.989}, "404": {"rank": 0.989, "score": 0.989, "mean": 0.989}, "405": {"rank": 0.989, "score": 0.989, "mean": 0.989}, "406": {"rank": 0.989, "score": 0.989, "mean": 0.989}, "407": {"rank": 0.989, "score": 0.989, "mean": 0.989}, "408": {"rank": 0.989, "score": 0.989, "mean": 0.989}, "409": {"rank": 0.989, "score": 0.989, "mean": 0.989}, "410": {"rank": 0.989, "score": 0.989, "mean": 0.989}, "411": {"rank": 0.989, "score": 0.989, "mean": 0.989}, "412": {"rank": 0.989, "score": 0.989, "mean": 0.989}, "413": {"rank": 0.989, "score": 0.989, "mean": 0.989}, "414": {"rank": 0.989, "score": 0.989, "mean": 0.989}, "415": {"rank": 0.989, "score": 0.99, "mean": 0.989}, "416": {"rank": 0.989, "score": 0.99, "mean": 0.99}, "417": {"rank": 0.989, "score": 0.99, "mean": 0.99}, "418": {"rank": 0.99, "score": 0.99, "mean": 0.99}, "419": {"rank": 0.99, "score": 0.99, "mean": 0.99}, "420": {"rank": 0.99, "score": 0.99, "mean": 0.99}, "421": {"rank": 0.99, "score": 0.99, "mean": 0.99}, "422": {"rank": 0.99, "score": 0.99, "mean": 0.99}, "423": {"rank": 0.99, "score": 0.99, "mean": 0.99}, "424": {"rank": 0.99, "score": 0.99, "mean": 0.99}, "425": {"rank": 0.99, "score": 0.99, "mean": 0.99}, "426": {"rank": 0.99, "score": 0.99, "mean": 0.99}, "427": {"rank": 0.99, "score": 0.99, "mean": 0.99}, "428": {"rank": 0.99, "score": 0.99, "mean": 0.99}, "429": {"rank": 0.99, "score": 0.99, "mean": 0.99}, "430": {"rank": 0.99, "score": 0.99, "mean": 0.99}, "431": {"rank": 0.99, "score": 0.99, "mean": 0.99}, "432": {"rank": 0.99, "score": 0.99, "mean": 0.99}, "433": {"rank": 0.99, "score": 0.99, "mean": 0.99}, "434": {"rank": 0.99, "score": 0.99, "mean": 0.99}, "435": {"rank": 0.99, "score": 0.99, "mean": 0.99}, "436": {"rank": 0.99, "score": 0.99, "mean": 0.99}, "437": {"rank": 0.99, "score": 0.99, "mean": 0.99}, "438": {"rank": 0.99, "score": 0.99, "mean": 0.99}, "439": {"rank": 0.99, "score": 0.991, "mean": 0.99}, "440": {"rank": 0.991, "score": 0.991, "mean": 0.991}, "441": {"rank": 0.991, "score": 0.991, "mean": 0.991}, "442": {"rank": 0.991, "score": 0.991, "mean": 0.991}, "443": {"rank": 0.991, "score": 0.991, "mean": 0.991}, "444": {"rank": 0.991, "score": 0.991, "mean": 0.991}, "445": {"rank": 0.991, "score": 0.991, "mean": 0.991}, "446": {"rank": 0.991, "score": 0.991, "mean": 0.991}, "447": {"rank": 0.991, "score": 0.991, "mean": 0.991}, "448": {"rank": 0.991, "score": 0.991, "mean": 0.991}, "449": {"rank": 0.991, "score": 0.991, "mean": 0.991}, "450": {"rank": 0.991, "score": 0.991, "mean": 0.991}, "451": {"rank": 0.991, "score": 0.991, "mean": 0.991}, "452": {"rank": 0.991, "score": 0.991, "mean": 0.991}, "453": {"rank": 0.991, "score": 0.991, "mean": 0.991}, "454": {"rank": 0.991, "score": 0.991, "mean": 0.991}, "455": {"rank": 0.991, "score": 0.991, "mean": 0.991}, "456": {"rank": 0.991, "score": 0.991, "mean": 0.991}, "457": {"rank": 0.991, "score": 0.991, "mean": 0.991}, "458": {"rank": 0.991, "score": 0.991, "mean": 0.991}, "459": {"rank": 0.992, "score": 0.992, "mean": 0.992}, "460": {"rank": 0.992, "score": 0.992, "mean": 0.992}, "461": {"rank": 0.992, "score": 0.992, "mean": 0.992}, "462": {"rank": 0.992, "score": 0.992, "mean": 0.992}, "463": {"rank": 0.992, "score": 0.992, "mean": 0.992}, "464": {"rank": 0.992, "score": 0.992, "mean": 0.992}, "465": {"rank": 0.992, "score": 0.992, "mean": 0.992}, "466": {"rank": 0.992, "score": 0.992, "mean": 0.992}, "467": {"rank": 0.992, "score": 0.992, "mean": 0.992}, "468": {"rank": 0.992, "score": 0.992, "mean": 0.992}, "469": {"rank": 0.992, "score": 0.992, "mean": 0.992}, "470": {"rank": 0.992, "score": 0.992, "mean": 0.992}, "471": {"rank": 0.992, "score": 0.992, "mean": 0.992}, "472": {"rank": 0.992, "score": 0.992, "mean": 0.992}, "473": {"rank": 0.992, "score": 0.992, "mean": 0.992}, "474": {"rank": 0.992, "score": 0.992, "mean": 0.992}, "475": {"rank": 0.992, "score": 0.992, "mean": 0.992}, "476": {"rank": 0.992, "score": 0.992, "mean": 0.992}, "477": {"rank": 0.992, "score": 0.992, "mean": 0.992}, "478": {"rank": 0.992, "score": 0.992, "mean": 0.992}, "479": {"rank": 0.992, "score": 0.992, "mean": 0.992}, "480": {"rank": 0.992, "score": 0.992, "mean": 0.992}, "481": {"rank": 0.992, "score": 0.992, "mean": 0.992}, "482": {"rank": 0.992, "score": 0.992, "mean": 0.992}, "483": {"rank": 0.992, "score": 0.992, "mean": 0.992}, "484": {"rank": 0.992, "score": 0.992, "mean": 0.992}, "485": {"rank": 0.993, "score": 0.993, "mean": 0.993}, "486": {"rank": 0.993, "score": 0.993, "mean": 0.993}, "487": {"rank": 0.993, "score": 0.993, "mean": 0.993}, "488": {"rank": 0.993, "score": 0.993, "mean": 0.993}, "489": {"rank": 0.993, "score": 0.993, "mean": 0.993}, "490": {"rank": 0.993, "score": 0.993, "mean": 0.993}, "491": {"rank": 0.993, "score": 0.993, "mean": 0.993}, "492": {"rank": 0.993, "score": 0.993, "mean": 0.993}, "493": {"rank": 0.993, "score": 0.993, "mean": 0.993}, "494": {"rank": 0.993, "score": 0.993, "mean": 0.993}, "495": {"rank": 0.993, "score": 0.993, "mean": 0.993}, "496": {"rank": 0.993, "score": 0.993, "mean": 0.993}, "497": {"rank": 0.993, "score": 0.993, "mean": 0.993}, "498": {"rank": 0.993, "score": 0.993, "mean": 0.993}, "499": {"rank": 0.993, "score": 0.993, "mean": 0.993}, "500": {"rank": 0.993, "score": 0.993, "mean": 0.993}, "501": {"rank": 0.993, "score": 0.993, "mean": 0.993}, "502": {"rank": 0.993, "score": 0.993, "mean": 0.993}, "503": {"rank": 0.993, "score": 0.993, "mean": 0.993}, "504": {"rank": 0.993, "score": 0.993, "mean": 0.993}, "505": {"rank": 0.993, "score": 0.993, "mean": 0.993}, "506": {"rank": 0.993, "score": 0.993, "mean": 0.993}, "507": {"rank": 0.993, "score": 0.993, "mean": 0.993}, "508": {"rank": 0.993, "score": 0.993, "mean": 0.993}, "509": {"rank": 0.993, "score": 0.993, "mean": 0.993}, "510": {"rank": 0.993, "score": 0.993, "mean": 0.993}, "511": {"rank": 0.994, "score": 0.994, "mean": 0.994}, "512": {"rank": 0.994, "score": 0.994, "mean": 0.994}, "513": {"rank": 0.994, "score": 0.994, "mean": 0.994}, "514": {"rank": 0.994, "score": 0.994, "mean": 0.994}, "515": {"rank": 0.994, "score": 0.994, "mean": 0.994}, "516": {"rank": 0.994, "score": 0.994, "mean": 0.994}, "517": {"rank": 0.994, "score": 0.994, "mean": 0.994}, "518": {"rank": 0.994, "score": 0.994, "mean": 0.994}, "519": {"rank": 0.994, "score": 0.994, "mean": 0.994}, "520": {"rank": 0.994, "score": 0.994, "mean": 0.994}, "521": {"rank": 0.994, "score": 0.994, "mean": 0.994}, "522": {"rank": 0.994, "score": 0.994, "mean": 0.994}, "523": {"rank": 0.994, "score": 0.994, "mean": 0.994}, "524": {"rank": 0.994, "score": 0.994, "mean": 0.994}, "525": {"rank": 0.994, "score": 0.994, "mean": 0.994}, "526": {"rank": 0.994, "score": 0.994, "mean": 0.994}, "527": {"rank": 0.994, "score": 0.994, "mean": 0.994}, "528": {"rank": 0.994, "score": 0.994, "mean": 0.994}, "529": {"rank": 0.994, "score": 0.994, "mean": 0.994}, "530": {"rank": 0.994, "score": 0.994, "mean": 0.994}, "531": {"rank": 0.994, "score": 0.994, "mean": 0.994}, "532": {"rank": 0.994, "score": 0.994, "mean": 0.994}, "533": {"rank": 0.994, "score": 0.994, "mean": 0.994}, "534": {"rank": 0.995, "score": 0.995, "mean": 0.995}, "535": {"rank": 0.995, "score": 0.995, "mean": 0.995}, "536": {"rank": 0.995, "score": 0.995, "mean": 0.995}, "537": {"rank": 0.995, "score": 0.995, "mean": 0.995}, "538": {"rank": 0.995, "score": 0.995, "mean": 0.995}, "539": {"rank": 0.995, "score": 0.995, "mean": 0.995}, "540": {"rank": 0.995, "score": 0.995, "mean": 0.995}, "541": {"rank": 0.995, "score": 0.995, "mean": 0.995}, "542": {"rank": 0.995, "score": 0.995, "mean": 0.995}, "543": {"rank": 0.995, "score": 0.995, "mean": 0.995}, "544": {"rank": 0.995, "score": 0.995, "mean": 0.995}, "545": {"rank": 0.995, "score": 0.995, "mean": 0.995}, "546": {"rank": 0.995, "score": 0.995, "mean": 0.995}, "547": {"rank": 0.995, "score": 0.995, "mean": 0.995}, "548": {"rank": 0.995, "score": 0.995, "mean": 0.995}, "549": {"rank": 0.995, "score": 0.995, "mean": 0.995}, "550": {"rank": 0.995, "score": 0.995, "mean": 0.995}, "551": {"rank": 0.995, "score": 0.995, "mean": 0.995}, "552": {"rank": 0.995, "score": 0.995, "mean": 0.995}, "553": {"rank": 0.995, "score": 0.995, "mean": 0.995}, "554": {"rank": 0.995, "score": 0.995, "mean": 0.995}, "555": {"rank": 0.995, "score": 0.995, "mean": 0.995}, "556": {"rank": 0.995, "score": 0.995, "mean": 0.995}, "557": {"rank": 0.995, "score": 0.995, "mean": 0.995}, "558": {"rank": 0.995, "score": 0.995, "mean": 0.995}, "559": {"rank": 0.995, "score": 0.995, "mean": 0.995}, "560": {"rank": 0.995, "score": 0.995, "mean": 0.995}, "561": {"rank": 0.995, "score": 0.995, "mean": 0.995}, "562": {"rank": 0.995, "score": 0.995, "mean": 0.995}, "563": {"rank": 0.995, "score": 0.995, "mean": 0.995}, "564": {"rank": 0.996, "score": 0.996, "mean": 0.996}, "565": {"rank": 0.996, "score": 0.996, "mean": 0.996}, "566": {"rank": 0.996, "score": 0.996, "mean": 0.996}, "567": {"rank": 0.996, "score": 0.996, "mean": 0.996}, "568": {"rank": 0.996, "score": 0.996, "mean": 0.996}, "569": {"rank": 0.996, "score": 0.996, "mean": 0.996}, "570": {"rank": 0.996, "score": 0.996, "mean": 0.996}, "571": {"rank": 0.996, "score": 0.996, "mean": 0.996}, "572": {"rank": 0.996, "score": 0.996, "mean": 0.996}, "573": {"rank": 0.996, "score": 0.996, "mean": 0.996}, "574": {"rank": 0.996, "score": 0.996, "mean": 0.996}, "575": {"rank": 0.996, "score": 0.996, "mean": 0.996}, "576": {"rank": 0.996, "score": 0.996, "mean": 0.996}, "577": {"rank": 0.996, "score": 0.996, "mean": 0.996}, "578": {"rank": 0.996, "score": 0.996, "mean": 0.996}, "579": {"rank": 0.996, "score": 0.996, "mean": 0.996}, "580": {"rank": 0.996, "score": 0.996, "mean": 0.996}, "581": {"rank": 0.996, "score": 0.996, "mean": 0.996}, "582": {"rank": 0.996, "score": 0.996, "mean": 0.996}, "583": {"rank": 0.996, "score": 0.996, "mean": 0.996}, "584": {"rank": 0.996, "score": 0.996, "mean": 0.996}, "585": {"rank": 0.996, "score": 0.996, "mean": 0.996}, "586": {"rank": 0.996, "score": 0.996, "mean": 0.996}, "587": {"rank": 0.996, "score": 0.996, "mean": 0.996}, "588": {"rank": 0.996, "score": 0.996, "mean": 0.996}, "589": {"rank": 0.996, "score": 0.996, "mean": 0.996}, "590": {"rank": 0.996, "score": 0.996, "mean": 0.996}, "591": {"rank": 0.996, "score": 0.996, "mean": 0.996}, "592": {"rank": 0.996, "score": 0.996, "mean": 0.996}, "593": {"rank": 0.996, "score": 0.996, "mean": 0.996}, "594": {"rank": 0.996, "score": 0.996, "mean": 0.996}, "595": {"rank": 0.996, "score": 0.996, "mean": 0.996}, "596": {"rank": 0.996, "score": 0.996, "mean": 0.996}, "597": {"rank": 0.996, "score": 0.996, "mean": 0.996}, "598": {"rank": 0.996, "score": 0.996, "mean": 0.996}, "599": {"rank": 0.997, "score": 0.997, "mean": 0.997}, "600": {"rank": 0.997, "score": 0.997, "mean": 0.997}, "601": {"rank": 0.997, "score": 0.997, "mean": 0.997}, "602": {"rank": 0.997, "score": 0.997, "mean": 0.997}, "603": {"rank": 0.997, "score": 0.997, "mean": 0.997}, "604": {"rank": 0.997, "score": 0.997, "mean": 0.997}, "605": {"rank": 0.997, "score": 0.997, "mean": 0.997}, "606": {"rank": 0.997, "score": 0.997, "mean": 0.997}, "607": {"rank": 0.997, "score": 0.997, "mean": 0.997}, "608": {"rank": 0.997, "score": 0.997, "mean": 0.997}, "609": {"rank": 0.997, "score": 0.997, "mean": 0.997}, "610": {"rank": 0.997, "score": 0.997, "mean": 0.997}, "611": {"rank": 0.997, "score": 0.997, "mean": 0.997}, "612": {"rank": 0.997, "score": 0.997, "mean": 0.997}, "613": {"rank": 0.997, "score": 0.997, "mean": 0.997}, "614": {"rank": 0.997, "score": 0.997, "mean": 0.997}, "615": {"rank": 0.997, "score": 0.997, "mean": 0.997}, "616": {"rank": 0.997, "score": 0.997, "mean": 0.997}, "617": {"rank": 0.997, "score": 0.997, "mean": 0.997}, "618": {"rank": 0.997, "score": 0.997, "mean": 0.997}, "619": {"rank": 0.997, "score": 0.997, "mean": 0.997}, "620": {"rank": 0.997, "score": 0.997, "mean": 0.997}, "621": {"rank": 0.997, "score": 0.997, "mean": 0.997}, "622": {"rank": 0.997, "score": 0.997, "mean": 0.997}, "623": {"rank": 0.997, "score": 0.997, "mean": 0.997}, "624": {"rank": 0.997, "score": 0.997, "mean": 0.997}, "625": {"rank": 0.997, "score": 0.997, "mean": 0.997}, "626": {"rank": 0.997, "score": 0.997, "mean": 0.997}, "627": {"rank": 0.997, "score": 0.997, "mean": 0.997}, "628": {"rank": 0.997, "score": 0.997, "mean": 0.997}, "629": {"rank": 0.997, "score": 0.997, "mean": 0.997}, "630": {"rank": 0.997, "score": 0.997, "mean": 0.997}, "631": {"rank": 0.997, "score": 0.997, "mean": 0.997}, "632": {"rank": 0.997, "score": 0.997, "mean": 0.997}, "633": {"rank": 0.997, "score": 0.997, "mean": 0.997}, "634": {"rank": 0.997, "score": 0.997, "mean": 0.997}, "635": {"rank": 0.997, "score": 0.997, "mean": 0.997}, "636": {"rank": 0.997, "score": 0.997, "mean": 0.997}, "637": {"rank": 0.997, "score": 0.997, "mean": 0.997}, "638": {"rank": 0.997, "score": 0.997, "mean": 0.997}, "639": {"rank": 0.997, "score": 0.997, "mean": 0.997}, "640": {"rank": 0.997, "score": 0.997, "mean": 0.997}, "641": {"rank": 0.997, "score": 0.997, "mean": 0.997}, "642": {"rank": 0.997, "score": 0.997, "mean": 0.997}, "643": {"rank": 0.997, "score": 0.997, "mean": 0.997}, "644": {"rank": 0.997, "score": 0.997, "mean": 0.997}, "645": {"rank": 0.997, "score": 0.997, "mean": 0.997}, "646": {"rank": 0.998, "score": 0.998, "mean": 0.998}, "647": {"rank": 0.998, "score": 0.998, "mean": 0.998}, "648": {"rank": 0.998, "score": 0.998, "mean": 0.998}, "649": {"rank": 0.998, "score": 0.998, "mean": 0.998}, "650": {"rank": 0.998, "score": 0.998, "mean": 0.998}, "651": {"rank": 0.998, "score": 0.998, "mean": 0.998}, "652": {"rank": 0.998, "score": 0.998, "mean": 0.998}, "653": {"rank": 0.998, "score": 0.998, "mean": 0.998}, "654": {"rank": 0.998, "score": 0.998, "mean": 0.998}, "655": {"rank": 0.998, "score": 0.998, "mean": 0.998}, "656": {"rank": 0.998, "score": 0.998, "mean": 0.998}, "657": {"rank": 0.998, "score": 0.998, "mean": 0.998}, "658": {"rank": 0.998, "score": 0.998, "mean": 0.998}, "659": {"rank": 0.998, "score": 0.998, "mean": 0.998}, "660": {"rank": 0.998, "score": 0.998, "mean": 0.998}, "661": {"rank": 0.998, "score": 0.998, "mean": 0.998}, "662": {"rank": 0.998, "score": 0.998, "mean": 0.998}, "663": {"rank": 0.998, "score": 0.998, "mean": 0.998}, "664": {"rank": 0.998, "score": 0.998, "mean": 0.998}, "665": {"rank": 0.998, "score": 0.998, "mean": 0.998}, "666": {"rank": 0.998, "score": 0.998, "mean": 0.998}, "667": {"rank": 0.998, "score": 0.998, "mean": 0.998}, "668": {"rank": 0.998, "score": 0.998, "mean": 0.998}, "669": {"rank": 0.998, "score": 0.998, "mean": 0.998}, "670": {"rank": 0.998, "score": 0.998, "mean": 0.998}, "671": {"rank": 0.998, "score": 0.998, "mean": 0.998}, "672": {"rank": 0.998, "score": 0.998, "mean": 0.998}, "673": {"rank": 0.998, "score": 0.998, "mean": 0.998}, "674": {"rank": 0.998, "score": 0.998, "mean": 0.998}, "675": {"rank": 0.998, "score": 0.998, "mean": 0.998}, "676": {"rank": 0.998, "score": 0.998, "mean": 0.998}, "677": {"rank": 0.998, "score": 0.998, "mean": 0.998}, "678": {"rank": 0.998, "score": 0.998, "mean": 0.998}, "679": {"rank": 0.998, "score": 0.998, "mean": 0.998}, "680": {"rank": 0.998, "score": 0.998, "mean": 0.998}, "681": {"rank": 0.998, "score": 0.998, "mean": 0.998}, "682": {"rank": 0.998, "score": 0.998, "mean": 0.998}, "683": {"rank": 0.998, "score": 0.998, "mean": 0.998}, "684": {"rank": 0.998, "score": 0.998, "mean": 0.998}, "685": {"rank": 0.998, "score": 0.998, "mean": 0.998}, "686": {"rank": 0.998, "score": 0.998, "mean": 0.998}, "687": {"rank": 0.998, "score": 0.998, "mean": 0.998}, "688": {"rank": 0.998, "score": 0.998, "mean": 0.998}, "689": {"rank": 0.998, "score": 0.998, "mean": 0.998}, "690": {"rank": 0.998, "score": 0.998, "mean": 0.998}, "691": {"rank": 0.998, "score": 0.998, "mean": 0.998}, "692": {"rank": 0.998, "score": 0.998, "mean": 0.998}, "693": {"rank": 0.998, "score": 0.998, "mean": 0.998}, "694": {"rank": 0.998, "score": 0.998, "mean": 0.998}, "695": {"rank": 0.998, "score": 0.998, "mean": 0.998}, "696": {"rank": 0.998, "score": 0.998, "mean": 0.998}, "697": {"rank": 0.998, "score": 0.998, "mean": 0.998}, "698": {"rank": 0.998, "score": 0.998, "mean": 0.998}, "699": {"rank": 0.998, "score": 0.998, "mean": 0.998}, "700": {"rank": 0.998, "score": 0.998, "mean": 0.998}, "701": {"rank": 0.998, "score": 0.998, "mean": 0.998}, "702": {"rank": 0.998, "score": 0.998, "mean": 0.998}, "703": {"rank": 0.998, "score": 0.998, "mean": 0.998}, "704": {"rank": 0.998, "score": 0.998, "mean": 0.998}, "705": {"rank": 0.999, "score": 0.999, "mean": 0.999}, "706": {"rank": 0.999, "score": 0.999, "mean": 0.999}, "707": {"rank": 0.999, "score": 0.999, "mean": 0.999}, "708": {"rank": 0.999, "score": 0.999, "mean": 0.999}, "709": {"rank": 0.999, "score": 0.999, "mean": 0.999}, "710": {"rank": 0.999, "score": 0.999, "mean": 0.999}, "711": {"rank": 0.999, "score": 0.999, "mean": 0.999}, "712": {"rank": 0.999, "score": 0.999, "mean": 0.999}, "713": {"rank": 0.999, "score": 0.999, "mean": 0.999}, "714": {"rank": 0.999, "score": 0.999, "mean": 0.999}, "715": {"rank": 0.999, "score": 0.999, "mean": 0.999}, "716": {"rank": 0.999, "score": 0.999, "mean": 0.999}, "717": {"rank": 0.999, "score": 0.999, "mean": 0.999}, "718": {"rank": 0.999, "score": 0.999, "mean": 0.999}, "719": {"rank": 0.999, "score": 0.999, "mean": 0.999}, "720": {"rank": 0.999, "score": 0.999, "mean": 0.999}, "721": {"rank": 0.999, "score": 0.999, "mean": 0.999}, "722": {"rank": 0.999, "score": 0.999, "mean": 0.999}, "723": {"rank": 0.999, "score": 0.999, "mean": 0.999}, "724": {"rank": 0.999, "score": 0.999, "mean": 0.999}, "725": {"rank": 0.999, "score": 0.999, "mean": 0.999}, "726": {"rank": 0.999, "score": 0.999, "mean": 0.999}, "727": {"rank": 0.999, "score": 0.999, "mean": 0.999}, "728": {"rank": 0.999, "score": 0.999, "mean": 0.999}, "729": {"rank": 0.999, "score": 0.999, "mean": 0.999}, "730": {"rank": 0.999, "score": 0.999, "mean": 0.999}, "731": {"rank": 0.999, "score": 0.999, "mean": 0.999}, "732": {"rank": 0.999, "score": 0.999, "mean": 0.999}, "733": {"rank": 0.999, "score": 0.999, "mean": 0.999}, "734": {"rank": 0.999, "score": 0.999, "mean": 0.999}, "735": {"rank": 0.999, "score": 0.999, "mean": 0.999}, "736": {"rank": 0.999, "score": 0.999, "mean": 0.999}, "737": {"rank": 0.999, "score": 0.999, "mean": 0.999}, "738": {"rank": 0.999, "score": 0.999, "mean": 0.999}, "739": {"rank": 0.999, "score": 0.999, "mean": 0.999}, "740": {"rank": 0.999, "score": 0.999, "mean": 0.999}, "741": {"rank": 0.999, "score": 0.999, "mean": 0.999}, "742": {"rank": 0.999, "score": 0.999, "mean": 0.999}, "743": {"rank": 0.999, "score": 0.999, "mean": 0.999}, "744": {"rank": 0.999, "score": 0.999, "mean": 0.999}, "745": {"rank": 0.999, "score": 0.999, "mean": 0.999}, "746": {"rank": 0.999, "score": 0.999, "mean": 0.999}, "747": {"rank": 0.999, "score": 0.999, "mean": 0.999}, "748": {"rank": 0.999, "score": 0.999, "mean": 0.999}, "749": {"rank": 0.999, "score": 0.999, "mean": 0.999}, "750": {"rank": 0.999, "score": 0.999, "mean": 0.999}, "751": {"rank": 0.999, "score": 0.999, "mean": 0.999}, "752": {"rank": 0.999, "score": 0.999, "mean": 0.999}, "753": {"rank": 0.999, "score": 0.999, "mean": 0.999}, "754": {"rank": 0.999, "score": 0.999, "mean": 0.999}, "755": {"rank": 0.999, "score": 0.999, "mean": 0.999}, "756": {"rank": 0.999, "score": 0.999, "mean": 0.999}, "757": {"rank": 0.999, "score": 0.999, "mean": 0.999}, "758": {"rank": 1.0, "score": 1.0, "mean": 1.0}, "759": {"rank": 1.0, "score": 1.0, "mean": 1.0}, "760": {"rank": 1.0, "score": 1.0, "mean": 1.0}, "761": {"rank": 1.0, "score": 1.0, "mean": 1.0}, "762": {"rank": 1.0, "score": 1.0, "mean": 1.0}, "763": {"rank": 1.0, "score": 1.0, "mean": 1.0}, "764": {"rank": 1.0, "score": 1.0, "mean": 1.0}, "765": {"rank": 1.0, "score": 1.0, "mean": 1.0}, "766": {"rank": 1.0, "score": 1.0, "mean": 1.0}, "767": {"rank": 1.0, "score": 1.0, "mean": 1.0}, "768": {"rank": 1.0, "score": 1.0, "mean": 1.0}, "769": {"rank": 1.0, "score": 1.0, "mean": 1.0}, "770": {"rank": 1.0, "score": 1.0, "mean": 1.0}, "771": {"rank": 1.0, "score": 1.0, "mean": 1.0}, "772": {"rank": 1.0, "score": 1.0, "mean": 1.0}, "773": {"rank": 1.0, "score": 1.0, "mean": 1.0}, "774": {"rank": 1.0, "score": 1.0, "mean": 1.0}, "775": {"rank": 1.0, "score": 1.0, "mean": 1.0}, "776": {"rank": 1.0, "score": 1.0, "mean": 1.0}, "777": {"rank": 1.0, "score": 1.0, "mean": 1.0}, "778": {"rank": 1.0, "score": 1.0, "mean": 1.0}, "779": {"rank": 1.0, "score": 1.0, "mean": 1.0}, "780": {"rank": 1.0, "score": 1.0, "mean": 1.0}, "781": {"rank": 1.0, "score": 1.0, "mean": 1.0}, "782": {"rank": 1.0, "score": 1.0, "mean": 1.0}, "783": {"rank": 1.0, "score": 1.0, "mean": 1.0}, "784": {"rank": 1.0, "score": 1.0, "mean": 1.0}, "785": {"rank": 1.0, "score": 1.0, "mean": 1.0}, "786": {"rank": 1.0, "score": 1.0, "mean": 1.0}, "787": {"rank": 1.0, "score": 1.0, "mean": 1.0}, "788": {"rank": 1.0, "score": 1.0, "mean": 1.0}, "789": {"rank": 1.0, "score": 1.0, "mean": 1.0}, "790": {"rank": 1.0, "score": 1.0, "mean": 1.0}, "791": {"rank": 1.0, "score": 1.0, "mean": 1.0}, "792": {"rank": 1.0, "score": 1.0, "mean": 1.0}, "793": {"rank": 1.0, "score": 1.0, "mean": 1.0}, "794": {"rank": 1.0, "score": 1.0, "mean": 1.0}, "795": {"rank": 1.0, "score": 1.0, "mean": 1.0}, "796": {"rank": 1.0, "score": 1.0, "mean": 1.0}, "797": {"rank": 1.0, "score": 1.0, "mean": 1.0}, "798": {"rank": 1.0, "score": 1.0, "mean": 1.0}, "799": {"rank": 1.0, "score": 1.0, "mean": 1.0}, "800": {"rank": 1.0, "score": 1.0, "mean": 1.0}, "801": {"rank": 1.0, "score": 1.0, "mean": 1.0}, "802": {"rank": 1.0, "score": 1.0, "mean": 1.0}, "803": {"rank": 1.0, "score": 1.0, "mean": 1.0}, "804": {"rank": 1.0, "score": 1.0, "mean": 1.0}, "805": {"rank": 1.0, "score": 1.0, "mean": 1.0}, "806": {"rank": 1.0, "score": 1.0, "mean": 1.0}, "807": {"rank": 1.0, "score": 1.0, "mean": 1.0}, "808": {"rank": 1.0, "score": 1.0, "mean": 1.0}, "809": {"rank": 1.0, "score": 1.0, "mean": 1.0}, "810": {"rank": 1.0, "score": 1.0, "mean": 1.0}, "811": {"rank": 1.0, "score": 1.0, "mean": 1.0}, "812": {"rank": 1.0, "score": 1.0, "mean": 1.0}, "813": {"rank": 1.0, "score": 1.0, "mean": 1.0}, "814": {"rank": 1.0, "score": 1.0, "mean": 1.0}, "815": {"rank": 1.0, "score": 1.0, "mean": 1.0}, "816": {"rank": 1.0, "score": 1.0, "mean": 1.0}, "817": {"rank": 1.0, "score": 1.0, "mean": 1.0}, "818": {"rank": 1.0, "score": 1.0, "mean": 1.0}, "819": {"rank": 1.0, "score": 1.0, "mean": 1.0}, "820": {"rank": 1.0, "score": 1.0, "mean": 1.0}, "821": {"rank": 1.0, "score": 1.0, "mean": 1.0}, "822": {"rank": 1.0, "score": 1.0, "mean": 1.0}, "823": {"rank": 1.0, "score": 1.0, "mean": 1.0}, "824": {"rank": 1.0, "score": 1.0, "mean": 1.0}, "825": {"rank": 1.0, "score": 1.0, "mean": 1.0}, "826": {"rank": 1.0, "score": 1.0, "mean": 1.0}, "827": {"rank": 1.0, "score": 1.0, "mean": 1.0}, "828": {"rank": 1.0, "score": 1.0, "mean": 1.0}, "829": {"rank": 1.0, "score": 1.0, "mean": 1.0}, "830": {"rank": 1.0, "score": 1.0, "mean": 1.0}, "831": {"rank": 1.0, "score": 1.0, "mean": 1.0}, "832": {"rank": 1.0, "score": 1.0, "mean": 1.0}, "833": {"rank": 1.0, "score": 1.0, "mean": 1.0}, "834": {"rank": 1.0, "score": 1.0, "mean": 1.0}, "835": {"rank": 1.0, "score": 1.0, "mean": 1.0}, "836": {"rank": 1.0, "score": 1.0, "mean": 1.0}, "837": {"rank": 1.0, "score": 1.0, "mean": 1.0}, "838": {"rank": 1.0, "score": 1.0, "mean": 1.0}, "839": {"rank": 1.0, "score": 1.0, "mean": 1.0}, "840": {"rank": 1.0, "score": 1.0, "mean": 1.0}, "841": {"rank": 1.0, "score": 1.0, "mean": 1.0}, "842": {"rank": 1.0, "score": 1.0, "mean": 1.0}, "843": {"rank": 1.0, "score": 1.0, "mean": 1.0}, "844": {"rank": 1.0, "score": 1.0, "mean": 1.0}, "845": {"rank": 1.0, "score": 1.0, "mean": 1.0}, "846": {"rank": 1.0, "score": 1.0, "mean": 1.0}, "847": {"rank": 1.0, "score": 1.0, "mean": 1.0}, "848": {"rank": 1.0, "score": 1.0, "mean": 1.0}, "849": {"rank": 1.0, "score": 1.0, "mean": 1.0}, "850": {"rank": 1.0, "score": 1.0, "mean": 1.0}, "851": {"rank": 1.0, "score": 1.0, "mean": 1.0}, "852": {"rank": 1.0, "score": 1.0, "mean": 1.0}, "853": {"rank": 1.0, "score": 1.0, "mean": 1.0}, "854": {"rank": 1.0, "score": 1.0, "mean": 1.0}, "855": {"rank": 1.0, "score": 1.0, "mean": 1.0}, "856": {"rank": 1.0, "score": 1.0, "mean": 1.0}, "857": {"rank": 1.0, "score": 1.0, "mean": 1.0}, "858": {"rank": 1.0, "score": 1.0, "mean": 1.0}, "859": {"rank": 1.0, "score": 1.0, "mean": 1.0}, "860": {"rank": 1.0, "score": 1.0, "mean": 1.0}, "861": {"rank": 1.0, "score": 1.0, "mean": 1.0}, "862": {"rank": 1.0, "score": 1.0, "mean": 1.0}, "863": {"rank": 1.0, "score": 1.0, "mean": 1.0}, "864": {"rank": 1.0, "score": 1.0, "mean": 1.0}, "865": {"rank": 1.0, "score": 1.0, "mean": 1.0}, "866": {"rank": 1.0, "score": 1.0, "mean": 1.0}, "867": {"rank": 1.0, "score": 1.0, "mean": 1.0}, "868": {"rank": 1.0, "score": 1.0, "mean": 1.0}, "869": {"rank": 1.0, "score": 1.0, "mean": 1.0}, "870": {"rank": 1.0, "score": 1.0, "mean": 1.0}, "871": {"rank": 1.0, "score": 1.0, "mean": 1.0}, "872": {"rank": 1.0, "score": 1.0, "mean": 1.0}, "873": {"rank": 1.0, "score": 1.0, "mean": 1.0}, "874": {"rank": 1.0, "score": 1.0, "mean": 1.0}, "875": {"rank": 1.0, "score": 1.0, "mean": 1.0}, "876": {"rank": 1.0, "score": 1.0, "mean": 1.0}, "877": {"rank": 1.0, "score": 1.0, "mean": 1.0}, "878": {"rank": 1.0, "score": 1.0, "mean": 1.0}, "879": {"rank": 1.0, "score": 1.0, "mean": 1.0}, "880": {"rank": 1.0, "score": 1.0, "mean": 1.0}, "881": {"rank": 1.0, "score": 1.0, "mean": 1.0}, "882": {"rank": 1.0, "score": 1.0, "mean": 1.0}, "883": {"rank": 1.0, "score": 1.0, "mean": 1.0}, "884": {"rank": 1.0, "score": 1.0, "mean": 1.0}, "885": {"rank": 1.0, "score": 1.0, "mean": 1.0}, "886": {"rank": 1.0, "score": 1.0, "mean": 1.0}, "887": {"rank": 1.0, "score": 1.0, "mean": 1.0}, "888": {"rank": 1.0, "score": 1.0, "mean": 1.0}, "889": {"rank": 1.0, "score": 1.0, "mean": 1.0}, "890": {"rank": 1.0, "score": 1.0, "mean": 1.0}, "891": {"rank": 1.0, "score": 1.0, "mean": 1.0}, "892": {"rank": 1.0, "score": 1.0, "mean": 1.0}, "893": {"rank": 1.0, "score": 1.0, "mean": 1.0}, "894": {"rank": 1.0, "score": 1.0, "mean": 1.0}, "895": {"rank": 1.0, "score": 1.0, "mean": 1.0}, "896": {"rank": 1.0, "score": 1.0, "mean": 1.0}, "897": {"rank": 1.0, "score": 1.0, "mean": 1.0}, "898": {"rank": 1.0, "score": 1.0, "mean": 1.0}, "899": {"rank": 1.0, "score": 1.0, "mean": 1.0}, "900": {"rank": 1.0, "score": 1.0, "mean": 1.0}, "901": {"rank": 1.0, "score": 1.0, "mean": 1.0}, "902": {"rank": 1.0, "score": 1.0, "mean": 1.0}, "903": {"rank": 1.0, "score": 1.0, "mean": 1.0}, "904": {"rank": 1.0, "score": 1.0, "mean": 1.0}, "905": {"rank": 1.0, "score": 1.0, "mean": 1.0}, "906": {"rank": 1.0, "score": 1.0, "mean": 1.0}, "907": {"rank": 1.0, "score": 1.0, "mean": 1.0}, "908": {"rank": 1.0, "score": 1.0, "mean": 1.0}, "909": {"rank": 1.0, "score": 1.0, "mean": 1.0}, "910": {"rank": 1.0, "score": 1.0, "mean": 1.0}, "911": {"rank": 1.0, "score": 1.0, "mean": 1.0}, "912": {"rank": 1.0, "score": 1.0, "mean": 1.0}, "913": {"rank": 1.0, "score": 1.0, "mean": 1.0}, "914": {"rank": 1.0, "score": 1.0, "mean": 1.0}, "915": {"rank": 1.0, "score": 1.0, "mean": 1.0}, "916": {"rank": 1.0, "score": 1.0, "mean": 1.0}, "917": {"rank": 1.0, "score": 1.0, "mean": 1.0}, "918": {"rank": 1.0, "score": 1.0, "mean": 1.0}, "919": {"rank": 1.0, "score": 1.0, "mean": 1.0}, "920": {"rank": 1.0, "score": 1.0, "mean": 1.0}, "921": {"rank": 1.0, "score": 1.0, "mean": 1.0}, "922": {"rank": 1.0, "score": 1.0, "mean": 1.0}, "923": {"rank": 1.0, "score": 1.0, "mean": 1.0}, "924": {"rank": 1.0, "score": 1.0, "mean": 1.0}, "925": {"rank": 1.0, "score": 1.0, "mean": 1.0}, "926": {"rank": 1.0, "score": 1.0, "mean": 1.0}, "927": {"rank": 1.0, "score": 1.0, "mean": 1.0}, "928": {"rank": 1.0, "score": 1.0, "mean": 1.0}, "929": {"rank": 1.0, "score": 1.0, "mean": 1.0}, "930": {"rank": 1.0, "score": 1.0, "mean": 1.0}, "931": {"rank": 1.0, "score": 1.0, "mean": 1.0}, "932": {"rank": 1.0, "score": 1.0, "mean": 1.0}, "933": {"rank": 1.0, "score": 1.0, "mean": 1.0}, "934": {"rank": 1.0, "score": 1.0, "mean": 1.0}, "935": {"rank": 1.0, "score": 1.0, "mean": 1.0}, "936": {"rank": 1.0, "score": 1.0, "mean": 1.0}, "937": {"rank": 1.0, "score": 1.0, "mean": 1.0}, "938": {"rank": 1.0, "score": 1.0, "mean": 1.0}, "939": {"rank": 1.0, "score": 1.0, "mean": 1.0}, "940": {"rank": 1.0, "score": 1.0, "mean": 1.0}, "941": {"rank": 1.0, "score": 1.0, "mean": 1.0}, "942": {"rank": 1.0, "score": 1.0, "mean": 1.0}, "943": {"rank": 1.0, "score": 1.0, "mean": 1.0}, "944": {"rank": 1.0, "score": 1.0, "mean": 1.0}, "945": {"rank": 1.0, "score": 1.0, "mean": 1.0}, "946": {"rank": 1.0, "score": 1.0, "mean": 1.0}, "947": {"rank": 1.0, "score": 1.0, "mean": 1.0}, "948": {"rank": 1.0, "score": 1.0, "mean": 1.0}, "949": {"rank": 1.0, "score": 1.0, "mean": 1.0}, "950": {"rank": 1.0, "score": 1.0, "mean": 1.0}, "951": {"rank": 1.0, "score": 1.0, "mean": 1.0}, "952": {"rank": 1.0, "score": 1.0, "mean": 1.0}, "953": {"rank": 1.0, "score": 1.0, "mean": 1.0}, "954": {"rank": 1.0, "score": 1.0, "mean": 1.0}, "955": {"rank": 1.0, "score": 1.0, "mean": 1.0}, "956": {"rank": 1.0, "score": 1.0, "mean": 1.0}, "957": {"rank": 1.0, "score": 1.0, "mean": 1.0}, "958": {"rank": 1.0, "score": 1.0, "mean": 1.0}, "959": {"rank": 1.0, "score": 1.0, "mean": 1.0}, "960": {"rank": 1.0, "score": 1.0, "mean": 1.0}, "961": {"rank": 1.0, "score": 1.0, "mean": 1.0}, "962": {"rank": 1.0, "score": 1.0, "mean": 1.0}, "963": {"rank": 1.0, "score": 1.0, "mean": 1.0}, "964": {"rank": 1.0, "score": 1.0, "mean": 1.0}, "965": {"rank": 1.0, "score": 1.0, "mean": 1.0}, "966": {"rank": 1.0, "score": 1.0, "mean": 1.0}, "967": {"rank": 1.0, "score": 1.0, "mean": 1.0}, "968": {"rank": 1.0, "score": 1.0, "mean": 1.0}, "969": {"rank": 1.0, "score": 1.0, "mean": 1.0}, "970": {"rank": 1.0, "score": 1.0, "mean": 1.0}, "971": {"rank": 1.0, "score": 1.0, "mean": 1.0}, "972": {"rank": 1.0, "score": 1.0, "mean": 1.0}, "973": {"rank": 1.0, "score": 1.0, "mean": 1.0}, "974": {"rank": 1.0, "score": 1.0, "mean": 1.0}, "975": {"rank": 1.0, "score": 1.0, "mean": 1.0}, "976": {"rank": 1.0, "score": 1.0, "mean": 1.0}, "977": {"rank": 1.0, "score": 1.0, "mean": 1.0}, "978": {"rank": 1.0, "score": 1.0, "mean": 1.0}, "979": {"rank": 1.0, "score": 1.0, "mean": 1.0}, "980": {"rank": 1.0, "score": 1.0, "mean": 1.0}, "981": {"rank": 1.0, "score": 1.0, "mean": 1.0}, "982": {"rank": 1.0, "score": 1.0, "mean": 1.0}, "983": {"rank": 1.0, "score": 1.0, "mean": 1.0}, "984": {"rank": 1.0, "score": 1.0, "mean": 1.0}, "985": {"rank": 1.0, "score": 1.0, "mean": 1.0}, "986": {"rank": 1.0, "score": 1.0, "mean": 1.0}, "987": {"rank": 1.0, "score": 1.0, "mean": 1.0}, "988": {"rank": 1.0, "score": 1.0, "mean": 1.0}, "989": {"rank": 1.0, "score": 1.0, "mean": 1.0}, "990": {"rank": 1.0, "score": 1.0, "mean": 1.0}, "991": {"rank": 1.0, "score": 1.0, "mean": 1.0}, "992": {"rank": 1.0, "score": 1.0, "mean": 1.0}, "993": {"rank": 1.0, "score": 1.0, "mean": 1.0}, "994": {"rank": 1.0, "score": 1.0, "mean": 1.0}, "995": {"rank": 1.0, "score": 1.0, "mean": 1.0}, "996": {"rank": 1.0, "score": 1.0, "mean": 1.0}, "997": {"rank": 1.0, "score": 1.0, "mean": 1.0}, "998": {"rank": 1.0, "score": 1.0, "mean": 1.0}, "999": {"rank": 1.0, "score": 1.0, "mean": 1.0}, "1000": {"rank": 1.0, "score": 1.0, "mean": 1.0}}