{"rank": {"bvp": [1, 12, 11, 10, 13, 6, 0, 6, 1, 3, 11, 6, 1, 0, 0], "eda": [13, 6, 1, 9, 10, 3, 11, 5, 10, 13, 6, 3, 3, 1, 0], "temp": [2, 3, 6, 10, 1, 6, 5, 2, 10, 13, 14, 0, 11, 8, 12], "acc": [11, 1, 7, 10, 4, 14, 5, 11, 4, 11, 8, 12, 4, 0, 1], "bvp+eda": [8, 10, 4, 13, 14, 3, 6, 6, 5, 8, 9, 3, 0, 1, 0], "bvp+temp": [0, 11, 10, 13, 9, 6, 0, 2, 5, 10, 14, 0, 5, 2, 6], "bvp+acc": [6, 6, 9, 13, 10, 13, 1, 10, 0, 6, 11, 11, 1, 0, 0], "eda+temp": [10, 4, 3, 12, 5, 3, 8, 3, 12, 14, 12, 1, 6, 3, 4], "eda+acc": [13, 2, 3, 11, 8, 9, 10, 8, 8, 14, 7, 8, 4, 0, 0], "temp+acc": [7, 0, 6, 11, 0, 12, 4, 7, 8, 14, 12, 6, 9, 3, 6], "bvp+eda+temp": [3, 8, 7, 13, 9, 3, 3, 1, 9, 12, 12, 1, 3, 1, 1], "bvp+eda+acc": [9, 5, 5, 12, 12, 9, 4, 8, 3, 12, 10, 6, 1, 0, 0], "bvp+temp+acc": [4, 3, 11, 13, 5, 12, 0, 5, 3, 12, 13, 4, 4, 1, 1], "eda+temp+acc": [11, 1, 3, 12, 3, 9, 7, 4, 9, 14, 11, 4, 6, 1, 2], "bvp+eda+temp+acc": [7, 5, 4, 13, 7, 6, 2, 5, 5, 13, 12, 2, 3, 1, 1]}, "score": {"bvp": [1, 12, 11, 10, 13, 6, 0, 6, 1, 3, 11, 6, 1, 0, 0], "eda": [13, 6, 1, 9, 10, 3, 11, 5, 10, 13, 6, 3, 3, 1, 0], "temp": [2, 3, 6, 10, 1, 6, 5, 2, 10, 13, 14, 0, 11, 8, 12], "acc": [11, 1, 7, 10, 4, 14, 5, 11, 4, 11, 8, 12, 4, 0, 1], "bvp+eda": [10, 9, 3, 11, 14, 2, 8, 1, 3, 11, 7, 3, 2, 1, 0], "bvp+temp": [0, 6, 8, 12, 3, 2, 2, 2, 3, 11, 14, 0, 6, 0, 8], "bvp+acc": [4, 7, 10, 11, 11, 12, 1, 5, 0, 5, 8, 9, 1, 0, 0], "eda+temp": [10, 4, 0, 10, 3, 2, 8, 3, 12, 14, 13, 1, 6, 3, 4], "eda+acc": [13, 5, 2, 10, 10, 6, 10, 4, 10, 14, 6, 5, 5, 0, 0], "temp+acc": [6, 1, 6, 12, 0, 7, 5, 5, 10, 14, 14, 3, 11, 0, 9], "bvp+eda+temp": [7, 6, 3, 11, 6, 0, 6, 2, 9, 12, 14, 0, 5, 1, 1], "bvp+eda+acc": [11, 8, 3, 11, 13, 4, 7, 4, 3, 13, 6, 3, 2, 0, 0], "bvp+temp+acc": [1, 1, 6, 11, 2, 7, 3, 3, 3, 11, 14, 0, 7, 0, 4], "eda+temp+acc": [11, 3, 2, 10, 3, 5, 8, 3, 12, 14, 12, 1, 7, 0, 2], "bvp+eda+temp+acc": [8, 5, 4, 10, 5, 3, 6, 3, 7, 13, 13, 1, 6, 0, 0]}}