{"rank": {"bvp": [1, 11, 6, 5, 1, 3, 1, 3, 0, 3, 6, 1, 0, 0, 2], "eda": [2, 14, 12, 2, 4, 2, 2, 7, 6, 0, 10, 5, 14, 10, 9], "temp": [10, 2, 1, 13, 7, 14, 10, 9, 9, 11, 2, 3, 0, 6, 1], "acc": [13, 8, 11, 0, 8, 9, 4, 13, 5, 12, 4, 8, 11, 0, 1], "bvp+eda": [2, 14, 11, 4, 1, 1, 0, 4, 1, 1, 9, 3, 8, 5, 5], "bvp+temp": [4, 6, 2, 10, 3, 8, 7, 5, 3, 7, 4, 1, 0, 2, 2], "bvp+acc": [7, 12, 8, 1, 2, 5, 0, 10, 0, 8, 3, 3, 6, 0, 0], "eda+temp": [4, 10, 5, 8, 5, 7, 4, 9, 10, 4, 5, 3, 8, 8, 3], "eda+acc": [9, 13, 13, 0, 5, 5, 0, 12, 5, 5, 7, 5, 14, 2, 2], "temp+acc": [13, 4, 6, 6, 9, 13, 8, 12, 8, 13, 2, 5, 5, 1, 0], "bvp+eda+temp": [2, 12, 5, 7, 1, 5, 1, 6, 2, 3, 7, 1, 2, 3, 2], "bvp+eda+acc": [3, 14, 14, 0, 1, 3, 0, 10, 0, 2, 7, 4, 9, 1, 1], "bvp+temp+acc": [9, 7, 5, 4, 3, 11, 3, 10, 3, 12, 2, 1, 2, 1, 0], "eda+temp+acc": [9, 10, 9, 2, 6, 9, 2, 13, 8, 11, 3, 3, 8, 2, 0], "bvp+eda+temp+acc": [4, 13, 9, 3, 2, 6, 0, 11, 1, 4, 5, 1, 5, 1, 0]}, "score": {"bvp": [1, 11, 6, 5, 1, 3, 1, 3, 0, 3, 6, 1, 0, 0, 2], "eda": [2, 14, 12, 2, 4, 2, 2, 7, 6, 0, 10, 5, 14, 10, 9], "temp": [10, 2, 1, 13, 7, 14, 10, 9, 9, 11, 2, 3, 0, 6, 1], "acc": [13, 8, 11, 0, 8, 9, 4, 13, 5, 12, 4, 8, 11, 0, 1], "bvp+eda": [1, 12, 9, 4, 1, 1, 0, 4, 1, 0, 7, 3, 4, 3, 2], "bvp+temp": [3, 6, 6, 8, 1, 8, 2, 5, 1, 6, 4, 3, 0, 2, 1], "bvp+acc": [4, 9, 7, 2, 1, 4, 1, 7, 0, 6, 7, 2, 3, 0, 0], "eda+temp": [6, 7, 6, 6, 3, 12, 5, 6, 10, 3, 6, 4, 0, 8, 0], "eda+acc": [7, 13, 12, 0, 5, 3, 1, 11, 6, 1, 11, 6, 14, 3, 2], "temp+acc": [13, 3, 4, 5, 6, 14, 9, 12, 8, 13, 2, 5, 0, 2, 1], "bvp+eda+temp": [3, 9, 7, 5, 1, 6, 1, 5, 1, 1, 5, 3, 0, 3, 0], "bvp+eda+acc": [2, 13, 8, 2, 1, 2, 0, 5, 0, 1, 6, 3, 5, 1, 1], "bvp+temp+acc": [6, 7, 7, 4, 1, 9, 2, 8, 0, 7, 4, 1, 0, 1, 1], "eda+temp+acc": [11, 7, 9, 4, 4, 13, 4, 11, 9, 3, 5, 4, 1, 4, 0], "bvp+eda+temp+acc": [4, 9, 7, 4, 1, 6, 0, 7, 1, 2, 5, 2, 0, 1, 0]}}