{"rank": {"bvp": [0, 13, 11, 6, 14, 7, 2, 7, 2, 5, 9, 5, 1, 1, 0], "eda": [12, 6, 2, 10, 9, 0, 8, 8, 9, 12, 5, 1, 4, 3, 4], "temp": [9, 2, 2, 11, 7, 11, 4, 8, 9, 11, 14, 0, 5, 5, 13], "acc": [13, 2, 11, 5, 7, 13, 1, 6, 7, 12, 9, 10, 10, 0, 1], "bvp+eda": [7, 12, 6, 8, 14, 3, 5, 10, 5, 9, 9, 3, 1, 1, 1], "bvp+temp": [3, 10, 6, 8, 12, 11, 0, 9, 6, 11, 13, 0, 1, 2, 6], "bvp+acc": [5, 8, 14, 5, 12, 11, 0, 5, 3, 9, 9, 7, 6, 0, 0], "eda+temp": [11, 3, 1, 12, 9, 6, 5, 9, 10, 14, 11, 0, 3, 3, 9], "eda+acc": [14, 2, 5, 10, 10, 5, 2, 6, 9, 13, 7, 5, 7, 1, 1], "temp+acc": [13, 0, 6, 10, 9, 14, 0, 10, 8, 14, 13, 4, 10, 1, 7], "bvp+eda+temp": [9, 9, 4, 11, 12, 6, 4, 10, 8, 11, 11, 1, 1, 2, 6], "bvp+eda+acc": [9, 7, 10, 7, 14, 7, 2, 6, 6, 13, 9, 2, 2, 1, 1], "bvp+temp+acc": [8, 5, 10, 7, 11, 13, 0, 7, 4, 12, 14, 3, 3, 0, 3], "eda+temp+acc": [13, 1, 3, 12, 8, 10, 2, 8, 9, 14, 11, 2, 6, 0, 6], "bvp+eda+temp+acc": [9, 6, 6, 8, 11, 9, 1, 8, 8, 14, 12, 2, 3, 0, 1]}, "score": {"bvp": [0, 13, 11, 6, 14, 7, 2, 7, 2, 5, 9, 5, 1, 1, 0], "eda": [12, 6, 2, 10, 9, 0, 8, 8, 9, 12, 5, 1, 4, 3, 4], "temp": [9, 2, 2, 11, 7, 11, 4, 8, 9, 11, 14, 0, 5, 5, 13], "acc": [13, 2, 11, 5, 7, 13, 1, 6, 7, 12, 9, 10, 10, 0, 1], "bvp+eda": [8, 10, 4, 7, 13, 1, 5, 9, 3, 11, 10, 3, 1, 1, 2], "bvp+temp": [4, 9, 8, 9, 11, 12, 2, 6, 5, 10, 14, 0, 2, 2, 8], "bvp+acc": [5, 8, 13, 4, 12, 9, 0, 4, 1, 6, 8, 4, 5, 0, 0], "eda+temp": [12, 5, 1, 12, 8, 5, 5, 10, 9, 13, 14, 0, 2, 4, 9], "eda+acc": [14, 4, 3, 10, 9, 2, 6, 7, 9, 13, 5, 3, 5, 1, 1], "temp+acc": [11, 1, 7, 11, 7, 14, 4, 7, 9, 13, 14, 1, 9, 0, 9], "bvp+eda+temp": [9, 8, 2, 9, 12, 5, 4, 9, 6, 12, 13, 0, 1, 3, 6], "bvp+eda+acc": [11, 9, 7, 7, 14, 2, 3, 7, 3, 12, 8, 2, 2, 1, 1], "bvp+temp+acc": [8, 5, 10, 7, 11, 12, 1, 7, 5, 11, 14, 0, 3, 0, 4], "eda+temp+acc": [12, 2, 2, 12, 8, 6, 5, 7, 9, 14, 12, 0, 5, 0, 6], "bvp+eda+temp+acc": [10, 8, 4, 8, 10, 7, 3, 8, 6, 12, 13, 0, 3, 0, 4]}}