{"1": {"rank": 0.233, "score": 0.233, "mean": 0.233}, "2": {"rank": 0.356, "score": 0.356, "mean": 0.356}, "3": {"rank": 0.464, "score": 0.464, "mean": 0.464}, "4": {"rank": 0.564, "score": 0.564, "mean": 0.564}, "5": {"rank": 0.708, "score": 0.708, "mean": 0.708}, "6": {"rank": 0.814, "score": 0.814, "mean": 0.814}, "7": {"rank": 0.853, "score": 0.853, "mean": 0.853}, "8": {"rank": 0.897, "score": 0.897, "mean": 0.897}, "9": {"rank": 0.942, "score": 0.942, "mean": 0.942}, "10": {"rank": 0.978, "score": 0.978, "mean": 0.978}, "11": {"rank": 0.98, "score": 0.98, "mean": 0.98}, "12": {"rank": 0.992, "score": 0.992, "mean": 0.992}, "13": {"rank": 0.997, "score": 0.997, "mean": 0.997}, "14": {"rank": 1.0, "score": 1.0, "mean": 1.0}, "15": {"rank": 1.0, "score": 1.0, "mean": 1.0}}