{"rank": {"bvp": [0, 12, 10, 9, 7, 4, 1, 5, 0, 4, 10, 5, 2, 0, 1], "eda": [14, 9, 11, 10, 8, 4, 8, 12, 5, 7, 13, 7, 1, 9, 3], "temp": [10, 8, 4, 11, 1, 14, 0, 7, 9, 3, 13, 0, 13, 4, 11], "acc": [12, 3, 6, 1, 5, 13, 2, 8, 5, 12, 4, 8, 10, 0, 2], "bvp+eda": [7, 10, 12, 12, 8, 2, 4, 9, 1, 5, 14, 6, 1, 4, 1], "bvp+temp": [5, 13, 9, 12, 3, 12, 0, 6, 2, 1, 14, 0, 9, 1, 5], "bvp+acc": [5, 8, 8, 2, 5, 9, 0, 5, 0, 8, 8, 5, 5, 0, 0], "eda+temp": [13, 10, 9, 12, 3, 11, 2, 11, 8, 5, 14, 1, 7, 4, 7], "eda+acc": [14, 7, 10, 5, 5, 9, 3, 11, 3, 12, 10, 10, 6, 3, 0], "temp+acc": [12, 7, 5, 7, 1, 14, 0, 10, 7, 9, 10, 4, 13, 1, 6], "bvp+eda+temp": [10, 12, 9, 13, 4, 6, 1, 9, 3, 3, 14, 1, 4, 1, 4], "bvp+eda+acc": [11, 9, 12, 6, 6, 6, 2, 9, 0, 10, 12, 7, 2, 1, 0], "bvp+temp+acc": [8, 11, 8, 6, 2, 13, 0, 8, 2, 6, 11, 2, 10, 0, 3], "eda+temp+acc": [14, 8, 8, 8, 3, 12, 0, 12, 6, 8, 12, 2, 11, 2, 2], "bvp+eda+temp+acc": [12, 10, 8, 9, 2, 12, 0, 10, 1, 5, 13, 2, 4, 1, 1]}, "score": {"bvp": [0, 12, 10, 9, 7, 4, 1, 5, 0, 4, 10, 5, 2, 0, 1], "eda": [14, 9, 11, 10, 8, 4, 8, 12, 5, 7, 13, 7, 1, 9, 3], "temp": [10, 8, 4, 11, 1, 14, 0, 7, 9, 3, 13, 0, 13, 4, 11], "acc": [12, 3, 6, 1, 5, 13, 2, 8, 5, 12, 4, 8, 10, 0, 2], "bvp+eda": [8, 12, 10, 7, 5, 2, 5, 10, 1, 4, 12, 5, 0, 4, 2], "bvp+temp": [3, 11, 7, 11, 3, 12, 0, 5, 1, 2, 12, 0, 7, 2, 5], "bvp+acc": [4, 9, 9, 3, 7, 11, 0, 5, 0, 9, 8, 6, 3, 0, 1], "eda+temp": [12, 10, 8, 10, 3, 12, 1, 11, 6, 6, 14, 0, 7, 6, 7], "eda+acc": [14, 10, 10, 7, 5, 9, 8, 12, 5, 12, 10, 7, 3, 6, 1], "temp+acc": [11, 8, 5, 9, 2, 14, 0, 9, 6, 10, 11, 0, 13, 3, 9], "bvp+eda+temp": [8, 11, 8, 9, 3, 10, 0, 8, 1, 3, 14, 0, 5, 2, 4], "bvp+eda+acc": [10, 10, 10, 7, 6, 7, 3, 10, 1, 8, 13, 5, 1, 2, 0], "bvp+temp+acc": [5, 10, 7, 8, 2, 12, 0, 7, 1, 6, 12, 0, 9, 1, 4], "eda+temp+acc": [12, 10, 8, 10, 3, 13, 0, 11, 6, 9, 13, 0, 10, 3, 8], "bvp+eda+temp+acc": [10, 11, 7, 7, 2, 11, 0, 10, 1, 7, 13, 0, 5, 1, 4]}}