{"rank": {"bvp": [0, 9, 7, 4, 0, 6, 2, 4, 0, 4, 6, 4, 1, 2, 2], "eda": [12, 6, 5, 7, 14, 0, 11, 9, 8, 12, 12, 1, 2, 1, 4], "temp": [11, 12, 2, 9, 7, 7, 3, 6, 9, 12, 14, 0, 0, 6, 6], "acc": [12, 4, 10, 4, 9, 14, 2, 3, 1, 5, 6, 12, 7, 2, 4], "bvp+eda": [5, 11, 6, 6, 6, 2, 5, 6, 1, 9, 12, 2, 0, 1, 1], "bvp+temp": [6, 11, 1, 5, 2, 6, 0, 4, 2, 7, 12, 1, 0, 2, 2], "bvp+acc": [5, 5, 10, 2, 2, 13, 1, 2, 0, 2, 5, 9, 1, 1, 1], "eda+temp": [13, 11, 4, 8, 11, 3, 5, 8, 8, 14, 14, 0, 0, 2, 5], "eda+acc": [14, 3, 9, 5, 14, 7, 4, 7, 4, 9, 12, 5, 2, 1, 3], "temp+acc": [13, 9, 5, 7, 9, 12, 1, 3, 5, 10, 12, 7, 2, 3, 5], "bvp+eda+temp": [9, 10, 3, 6, 8, 2, 2, 6, 5, 11, 14, 1, 0, 1, 2], "bvp+eda+acc": [9, 4, 7, 3, 9, 7, 3, 3, 0, 7, 10, 4, 0, 1, 0], "bvp+temp+acc": [10, 10, 4, 5, 3, 12, 0, 2, 0, 8, 11, 3, 0, 1, 0], "eda+temp+acc": [14, 6, 5, 6, 12, 8, 3, 6, 6, 13, 13, 3, 1, 1, 4], "bvp+eda+temp+acc": [11, 10, 5, 5, 10, 8, 1, 6, 1, 10, 14, 2, 0, 1, 1]}, "score": {"bvp": [0, 9, 7, 4, 0, 6, 2, 4, 0, 4, 6, 4, 1, 2, 2], "eda": [12, 6, 5, 7, 14, 0, 11, 9, 8, 12, 12, 1, 2, 1, 4], "temp": [11, 12, 2, 9, 7, 7, 3, 6, 9, 12, 14, 0, 0, 6, 6], "acc": [12, 4, 10, 4, 9, 14, 2, 3, 1, 5, 6, 12, 7, 2, 4], "bvp+eda": [8, 10, 8, 4, 1, 0, 5, 4, 1, 12, 9, 2, 0, 1, 1], "bvp+temp": [3, 10, 2, 5, 0, 7, 0, 4, 5, 7, 11, 0, 0, 2, 2], "bvp+acc": [4, 9, 8, 1, 1, 12, 0, 1, 0, 3, 7, 7, 1, 1, 0], "eda+temp": [13, 8, 2, 7, 10, 4, 5, 7, 7, 14, 14, 0, 0, 2, 5], "eda+acc": [14, 4, 9, 7, 14, 3, 5, 8, 6, 13, 12, 1, 1, 1, 3], "temp+acc": [12, 11, 2, 7, 8, 10, 0, 5, 7, 11, 13, 1, 0, 3, 5], "bvp+eda+temp": [9, 11, 2, 5, 3, 2, 3, 5, 4, 12, 13, 0, 0, 1, 2], "bvp+eda+acc": [10, 7, 8, 3, 1, 4, 2, 2, 0, 10, 9, 2, 0, 0, 1], "bvp+temp+acc": [9, 11, 2, 4, 0, 10, 0, 2, 3, 7, 12, 0, 0, 1, 1], "eda+temp+acc": [14, 7, 3, 6, 11, 5, 4, 6, 6, 13, 14, 0, 0, 1, 4], "bvp+eda+temp+acc": [11, 10, 3, 4, 3, 5, 1, 4, 3, 12, 13, 0, 0, 0, 2]}}