{"0.0": {"non-stress": {"recall": 0.0, "precision": 0.0, "f1": 0.0}, "stress": {"recall": 0.0, "precision": 0.0, "f1": 0.0}, "mean": {"recall": 0.0, "precision": 0.0, "f1": 0.0}}, "0.01": {"non-stress": {"recall": 0.0, "precision": 0.0, "f1": 0.0}, "stress": {"recall": 0.0, "precision": 0.0, "f1": 0.0}, "mean": {"recall": 0.0, "precision": 0.0, "f1": 0.0}}, "0.02": {"non-stress": {"recall": 0.0, "precision": 0.0, "f1": 0.0}, "stress": {"recall": 0.0, "precision": 0.0, "f1": 0.0}, "mean": {"recall": 0.0, "precision": 0.0, "f1": 0.0}}, "0.03": {"non-stress": {"recall": 0.0, "precision": 0.0, "f1": 0.0}, "stress": {"recall": 0.06666666666666667, "precision": 1.0, "f1": 0.125}, "mean": {"recall": 0.018666666666666668, "precision": 0.28, "f1": 0.035}}, "0.04": {"non-stress": {"recall": 0.13333333333333333, "precision": 1.0, "f1": 0.23529411764705882}, "stress": {"recall": 0.4666666666666667, "precision": 1.0, "f1": 0.6363636363636364}, "mean": {"recall": 0.22666666666666668, "precision": 1.0, "f1": 0.34759358288770054}}, "0.05": {"non-stress": {"recall": 0.5333333333333333, "precision": 1.0, "f1": 0.6956521739130436}, "stress": {"recall": 0.6, "precision": 1.0, "f1": 0.7499999999999999}, "mean": {"recall": 0.552, "precision": 1.0, "f1": 0.7108695652173913}}, "0.06": {"non-stress": {"recall": 0.6666666666666666, "precision": 1.0, "f1": 0.8}, "stress": {"recall": 0.8666666666666667, "precision": 1.0, "f1": 0.9285714285714286}, "mean": {"recall": 0.7226666666666667, "precision": 1.0, "f1": 0.836}}, "0.07": {"non-stress": {"recall": 0.8, "precision": 1.0, "f1": 0.888888888888889}, "stress": {"recall": 0.9333333333333333, "precision": 1.0, "f1": 0.9655172413793104}, "mean": {"recall": 0.8373333333333333, "precision": 1.0, "f1": 0.9103448275862069}}, "0.08": {"non-stress": {"recall": 0.8, "precision": 1.0, "f1": 0.888888888888889}, "stress": {"recall": 0.9333333333333333, "precision": 1.0, "f1": 0.9655172413793104}, "mean": {"recall": 0.8373333333333333, "precision": 1.0, "f1": 0.9103448275862069}}, "0.09": {"non-stress": {"recall": 0.8666666666666667, "precision": 1.0, "f1": 0.9285714285714286}, "stress": {"recall": 0.9333333333333333, "precision": 1.0, "f1": 0.9655172413793104}, "mean": {"recall": 0.8853333333333333, "precision": 1.0, "f1": 0.9389162561576355}}, "0.1": {"non-stress": {"recall": 1.0, "precision": 1.0, "f1": 1.0}, "stress": {"recall": 1.0, "precision": 1.0, "f1": 1.0}, "mean": {"recall": 1.0, "precision": 1.0, "f1": 1.0}}, "0.11": {"non-stress": {"recall": 1.0, "precision": 1.0, "f1": 1.0}, "stress": {"recall": 1.0, "precision": 1.0, "f1": 1.0}, "mean": {"recall": 1.0, "precision": 1.0, "f1": 1.0}}, "0.12": {"non-stress": {"recall": 1.0, "precision": 1.0, "f1": 1.0}, "stress": {"recall": 1.0, "precision": 1.0, "f1": 1.0}, "mean": {"recall": 1.0, "precision": 1.0, "f1": 1.0}}, "0.13": {"non-stress": {"recall": 1.0, "precision": 1.0, "f1": 1.0}, "stress": {"recall": 1.0, "precision": 1.0, "f1": 1.0}, "mean": {"recall": 1.0, "precision": 1.0, "f1": 1.0}}, "0.14": {"non-stress": {"recall": 1.0, "precision": 1.0, "f1": 1.0}, "stress": {"recall": 1.0, "precision": 1.0, "f1": 1.0}, "mean": {"recall": 1.0, "precision": 1.0, "f1": 1.0}}, "0.15": {"non-stress": {"recall": 1.0, "precision": 1.0, "f1": 1.0}, "stress": {"recall": 1.0, "precision": 1.0, "f1": 1.0}, "mean": {"recall": 1.0, "precision": 1.0, "f1": 1.0}}, "0.16": {"non-stress": {"recall": 1.0, "precision": 1.0, "f1": 1.0}, "stress": {"recall": 1.0, "precision": 1.0, "f1": 1.0}, "mean": {"recall": 1.0, "precision": 1.0, "f1": 1.0}}, "0.17": {"non-stress": {"recall": 1.0, "precision": 1.0, "f1": 1.0}, "stress": {"recall": 1.0, "precision": 1.0, "f1": 1.0}, "mean": {"recall": 1.0, "precision": 1.0, "f1": 1.0}}, "0.18": {"non-stress": {"recall": 1.0, "precision": 1.0, "f1": 1.0}, "stress": {"recall": 1.0, "precision": 1.0, "f1": 1.0}, "mean": {"recall": 1.0, "precision": 1.0, "f1": 1.0}}, "0.19": {"non-stress": {"recall": 1.0, "precision": 1.0, "f1": 1.0}, "stress": {"recall": 1.0, "precision": 1.0, "f1": 1.0}, "mean": {"recall": 1.0, "precision": 1.0, "f1": 1.0}}, "0.2": {"non-stress": {"recall": 1.0, "precision": 1.0, "f1": 1.0}, "stress": {"recall": 1.0, "precision": 1.0, "f1": 1.0}, "mean": {"recall": 1.0, "precision": 1.0, "f1": 1.0}}, "0.21": {"non-stress": {"recall": 1.0, "precision": 1.0, "f1": 1.0}, "stress": {"recall": 1.0, "precision": 1.0, "f1": 1.0}, "mean": {"recall": 1.0, "precision": 1.0, "f1": 1.0}}, "0.22": {"non-stress": {"recall": 1.0, "precision": 1.0, "f1": 1.0}, "stress": {"recall": 1.0, "precision": 1.0, "f1": 1.0}, "mean": {"recall": 1.0, "precision": 1.0, "f1": 1.0}}, "0.23": {"non-stress": {"recall": 1.0, "precision": 1.0, "f1": 1.0}, "stress": {"recall": 1.0, "precision": 1.0, "f1": 1.0}, "mean": {"recall": 1.0, "precision": 1.0, "f1": 1.0}}, "0.24": {"non-stress": {"recall": 1.0, "precision": 1.0, "f1": 1.0}, "stress": {"recall": 1.0, "precision": 1.0, "f1": 1.0}, "mean": {"recall": 1.0, "precision": 1.0, "f1": 1.0}}, "0.25": {"non-stress": {"recall": 1.0, "precision": 1.0, "f1": 1.0}, "stress": {"recall": 1.0, "precision": 1.0, "f1": 1.0}, "mean": {"recall": 1.0, "precision": 1.0, "f1": 1.0}}, "0.26": {"non-stress": {"recall": 1.0, "precision": 1.0, "f1": 1.0}, "stress": {"recall": 1.0, "precision": 1.0, "f1": 1.0}, "mean": {"recall": 1.0, "precision": 1.0, "f1": 1.0}}, "0.27": {"non-stress": {"recall": 1.0, "precision": 1.0, "f1": 1.0}, "stress": {"recall": 1.0, "precision": 1.0, "f1": 1.0}, "mean": {"recall": 1.0, "precision": 1.0, "f1": 1.0}}, "0.28": {"non-stress": {"recall": 1.0, "precision": 1.0, "f1": 1.0}, "stress": {"recall": 1.0, "precision": 1.0, "f1": 1.0}, "mean": {"recall": 1.0, "precision": 1.0, "f1": 1.0}}, "0.29": {"non-stress": {"recall": 1.0, "precision": 1.0, "f1": 1.0}, "stress": {"recall": 1.0, "precision": 1.0, "f1": 1.0}, "mean": {"recall": 1.0, "precision": 1.0, "f1": 1.0}}, "0.3": {"non-stress": {"recall": 1.0, "precision": 1.0, "f1": 1.0}, "stress": {"recall": 1.0, "precision": 1.0, "f1": 1.0}, "mean": {"recall": 1.0, "precision": 1.0, "f1": 1.0}}, "0.31": {"non-stress": {"recall": 1.0, "precision": 1.0, "f1": 1.0}, "stress": {"recall": 1.0, "precision": 1.0, "f1": 1.0}, "mean": {"recall": 1.0, "precision": 1.0, "f1": 1.0}}, "0.32": {"non-stress": {"recall": 1.0, "precision": 1.0, "f1": 1.0}, "stress": {"recall": 1.0, "precision": 1.0, "f1": 1.0}, "mean": {"recall": 1.0, "precision": 1.0, "f1": 1.0}}, "0.33": {"non-stress": {"recall": 1.0, "precision": 1.0, "f1": 1.0}, "stress": {"recall": 1.0, "precision": 0.9375, "f1": 0.967741935483871}, "mean": {"recall": 1.0, "precision": 0.9824999999999999, "f1": 0.9909677419354839}}, "0.34": {"non-stress": {"recall": 1.0, "precision": 1.0, "f1": 1.0}, "stress": {"recall": 1.0, "precision": 0.8823529411764706, "f1": 0.9375}, "mean": {"recall": 1.0, "precision": 0.9670588235294117, "f1": 0.9824999999999999}}, "0.35": {"non-stress": {"recall": 1.0, "precision": 0.9375, "f1": 0.967741935483871}, "stress": {"recall": 1.0, "precision": 0.8823529411764706, "f1": 0.9375}, "mean": {"recall": 1.0, "precision": 0.9220588235294117, "f1": 0.959274193548387}}, "0.36": {"non-stress": {"recall": 1.0, "precision": 0.9375, "f1": 0.967741935483871}, "stress": {"recall": 1.0, "precision": 0.8333333333333334, "f1": 0.9090909090909091}, "mean": {"recall": 1.0, "precision": 0.9083333333333333, "f1": 0.9513196480938417}}, "0.37": {"non-stress": {"recall": 1.0, "precision": 0.9375, "f1": 0.967741935483871}, "stress": {"recall": 1.0, "precision": 0.7142857142857143, "f1": 0.8333333333333333}, "mean": {"recall": 1.0, "precision": 0.875, "f1": 0.9301075268817205}}, "0.38": {"non-stress": {"recall": 1.0, "precision": 0.9375, "f1": 0.967741935483871}, "stress": {"recall": 1.0, "precision": 0.6818181818181818, "f1": 0.8108108108108109}, "mean": {"recall": 1.0, "precision": 0.8659090909090909, "f1": 0.9238012205754141}}, "0.39": {"non-stress": {"recall": 1.0, "precision": 0.9375, "f1": 0.967741935483871}, "stress": {"recall": 1.0, "precision": 0.5357142857142857, "f1": 0.6976744186046512}, "mean": {"recall": 1.0, "precision": 0.825, "f1": 0.8921230307576895}}, "0.4": {"non-stress": {"recall": 1.0, "precision": 0.7894736842105263, "f1": 0.8823529411764706}, "stress": {"recall": 1.0, "precision": 0.4166666666666667, "f1": 0.5882352941176471}, "mean": {"recall": 1.0, "precision": 0.6850877192982456, "f1": 0.8}}, "0.41": {"non-stress": {"recall": 1.0, "precision": 0.6521739130434783, "f1": 0.7894736842105263}, "stress": {"recall": 1.0, "precision": 0.3, "f1": 0.4615384615384615}, "mean": {"recall": 1.0, "precision": 0.5535652173913044, "f1": 0.6976518218623482}}, "0.42": {"non-stress": {"recall": 1.0, "precision": 0.5555555555555556, "f1": 0.7142857142857143}, "stress": {"recall": 1.0, "precision": 0.23076923076923078, "f1": 0.375}, "mean": {"recall": 1.0, "precision": 0.46461538461538465, "f1": 0.6192857142857142}}, "0.43": {"non-stress": {"recall": 1.0, "precision": 0.46875, "f1": 0.6382978723404256}, "stress": {"recall": 1.0, "precision": 0.19736842105263158, "f1": 0.32967032967032966}, "mean": {"recall": 1.0, "precision": 0.3927631578947368, "f1": 0.5518821603927987}}, "0.44": {"non-stress": {"recall": 1.0, "precision": 0.36585365853658536, "f1": 0.5357142857142857}, "stress": {"recall": 1.0, "precision": 0.18072289156626506, "f1": 0.30612244897959184}, "mean": {"recall": 1.0, "precision": 0.3140170437848957, "f1": 0.4714285714285714}}, "0.45": {"non-stress": {"recall": 1.0, "precision": 0.3, "f1": 0.4615384615384615}, "stress": {"recall": 1.0, "precision": 0.16666666666666666, "f1": 0.2857142857142857}, "mean": {"recall": 1.0, "precision": 0.26266666666666666, "f1": 0.41230769230769226}}, "0.46": {"non-stress": {"recall": 1.0, "precision": 0.2727272727272727, "f1": 0.42857142857142855}, "stress": {"recall": 1.0, "precision": 0.1595744680851064, "f1": 0.27522935779816515}, "mean": {"recall": 1.0, "precision": 0.24104448742746615, "f1": 0.3856356487549148}}, "0.47": {"non-stress": {"recall": 1.0, "precision": 0.21739130434782608, "f1": 0.3571428571428571}, "stress": {"recall": 1.0, "precision": 0.15306122448979592, "f1": 0.2654867256637168}, "mean": {"recall": 1.0, "precision": 0.19937888198757764, "f1": 0.33147914032869785}}, "0.48": {"non-stress": {"recall": 1.0, "precision": 0.19480519480519481, "f1": 0.32608695652173914}, "stress": {"recall": 1.0, "precision": 0.14150943396226415, "f1": 0.24793388429752064}, "mean": {"recall": 1.0, "precision": 0.1798823817691742, "f1": 0.30420409629895795}}, "0.49": {"non-stress": {"recall": 1.0, "precision": 0.16853932584269662, "f1": 0.28846153846153844}, "stress": {"recall": 1.0, "precision": 0.13761467889908258, "f1": 0.24193548387096775}, "mean": {"recall": 1.0, "precision": 0.15988042469848468, "f1": 0.27543424317617865}}, "0.5": {"non-stress": {"recall": 1.0, "precision": 0.15625, "f1": 0.2702702702702703}, "stress": {"recall": 1.0, "precision": 0.13513513513513514, "f1": 0.2380952380952381}, "mean": {"recall": 1.0, "precision": 0.15033783783783783, "f1": 0.26126126126126126}}, "0.51": {"non-stress": {"recall": 1.0, "precision": 0.14563106796116504, "f1": 0.2542372881355932}, "stress": {"recall": 1.0, "precision": 0.13274336283185842, "f1": 0.23437500000000003}, "mean": {"recall": 1.0, "precision": 0.14202251052495918, "f1": 0.2486758474576271}}, "0.52": {"non-stress": {"recall": 1.0, "precision": 0.13761467889908258, "f1": 0.24193548387096775}, "stress": {"recall": 1.0, "precision": 0.13157894736842105, "f1": 0.23255813953488372}, "mean": {"recall": 1.0, "precision": 0.13592467407049735, "f1": 0.23930982745686422}}, "0.53": {"non-stress": {"recall": 1.0, "precision": 0.13157894736842105, "f1": 0.23255813953488372}, "stress": {"recall": 1.0, "precision": 0.12931034482758622, "f1": 0.22900763358778625}, "mean": {"recall": 1.0, "precision": 0.13094373865698727, "f1": 0.23156399786969645}}, "0.54": {"non-stress": {"recall": 1.0, "precision": 0.12931034482758622, "f1": 0.22900763358778625}, "stress": {"recall": 1.0, "precision": 0.1271186440677966, "f1": 0.22556390977443605}, "mean": {"recall": 1.0, "precision": 0.12869666861484513, "f1": 0.22804339092004822}}, "0.55": {"non-stress": {"recall": 1.0, "precision": 0.1282051282051282, "f1": 0.22727272727272727}, "stress": {"recall": 1.0, "precision": 0.1271186440677966, "f1": 0.22556390977443605}, "mean": {"recall": 1.0, "precision": 0.12790091264667536, "f1": 0.22679425837320571}}, "0.56": {"non-stress": {"recall": 1.0, "precision": 0.125, "f1": 0.2222222222222222}, "stress": {"recall": 1.0, "precision": 0.12605042016806722, "f1": 0.22388059701492538}, "mean": {"recall": 1.0, "precision": 0.12529411764705883, "f1": 0.2226865671641791}}, "0.57": {"non-stress": {"recall": 1.0, "precision": 0.125, "f1": 0.2222222222222222}, "stress": {"recall": 1.0, "precision": 0.12605042016806722, "f1": 0.22388059701492538}, "mean": {"recall": 1.0, "precision": 0.12529411764705883, "f1": 0.2226865671641791}}, "0.58": {"non-stress": {"recall": 1.0, "precision": 0.125, "f1": 0.2222222222222222}, "stress": {"recall": 1.0, "precision": 0.12605042016806722, "f1": 0.22388059701492538}, "mean": {"recall": 1.0, "precision": 0.12529411764705883, "f1": 0.2226865671641791}}, "0.59": {"non-stress": {"recall": 1.0, "precision": 0.125, "f1": 0.2222222222222222}, "stress": {"recall": 1.0, "precision": 0.125, "f1": 0.2222222222222222}, "mean": {"recall": 1.0, "precision": 0.125, "f1": 0.2222222222222222}}, "0.6": {"non-stress": {"recall": 1.0, "precision": 0.125, "f1": 0.2222222222222222}, "stress": {"recall": 1.0, "precision": 0.125, "f1": 0.2222222222222222}, "mean": {"recall": 1.0, "precision": 0.125, "f1": 0.2222222222222222}}, "0.61": {"non-stress": {"recall": 1.0, "precision": 0.125, "f1": 0.2222222222222222}, "stress": {"recall": 1.0, "precision": 0.125, "f1": 0.2222222222222222}, "mean": {"recall": 1.0, "precision": 0.125, "f1": 0.2222222222222222}}, "0.62": {"non-stress": {"recall": 1.0, "precision": 0.125, "f1": 0.2222222222222222}, "stress": {"recall": 1.0, "precision": 0.125, "f1": 0.2222222222222222}, "mean": {"recall": 1.0, "precision": 0.125, "f1": 0.2222222222222222}}, "0.63": {"non-stress": {"recall": 1.0, "precision": 0.125, "f1": 0.2222222222222222}, "stress": {"recall": 1.0, "precision": 0.125, "f1": 0.2222222222222222}, "mean": {"recall": 1.0, "precision": 0.125, "f1": 0.2222222222222222}}, "0.64": {"non-stress": {"recall": 1.0, "precision": 0.125, "f1": 0.2222222222222222}, "stress": {"recall": 1.0, "precision": 0.125, "f1": 0.2222222222222222}, "mean": {"recall": 1.0, "precision": 0.125, "f1": 0.2222222222222222}}, "0.65": {"non-stress": {"recall": 1.0, "precision": 0.125, "f1": 0.2222222222222222}, "stress": {"recall": 1.0, "precision": 0.125, "f1": 0.2222222222222222}, "mean": {"recall": 1.0, "precision": 0.125, "f1": 0.2222222222222222}}, "0.66": {"non-stress": {"recall": 1.0, "precision": 0.125, "f1": 0.2222222222222222}, "stress": {"recall": 1.0, "precision": 0.125, "f1": 0.2222222222222222}, "mean": {"recall": 1.0, "precision": 0.125, "f1": 0.2222222222222222}}, "0.67": {"non-stress": {"recall": 1.0, "precision": 0.125, "f1": 0.2222222222222222}, "stress": {"recall": 1.0, "precision": 0.125, "f1": 0.2222222222222222}, "mean": {"recall": 1.0, "precision": 0.125, "f1": 0.2222222222222222}}, "0.68": {"non-stress": {"recall": 1.0, "precision": 0.125, "f1": 0.2222222222222222}, "stress": {"recall": 1.0, "precision": 0.125, "f1": 0.2222222222222222}, "mean": {"recall": 1.0, "precision": 0.125, "f1": 0.2222222222222222}}, "0.69": {"non-stress": {"recall": 1.0, "precision": 0.125, "f1": 0.2222222222222222}, "stress": {"recall": 1.0, "precision": 0.125, "f1": 0.2222222222222222}, "mean": {"recall": 1.0, "precision": 0.125, "f1": 0.2222222222222222}}, "0.7": {"non-stress": {"recall": 1.0, "precision": 0.125, "f1": 0.2222222222222222}, "stress": {"recall": 1.0, "precision": 0.125, "f1": 0.2222222222222222}, "mean": {"recall": 1.0, "precision": 0.125, "f1": 0.2222222222222222}}, "0.71": {"non-stress": {"recall": 1.0, "precision": 0.125, "f1": 0.2222222222222222}, "stress": {"recall": 1.0, "precision": 0.125, "f1": 0.2222222222222222}, "mean": {"recall": 1.0, "precision": 0.125, "f1": 0.2222222222222222}}, "0.72": {"non-stress": {"recall": 1.0, "precision": 0.125, "f1": 0.2222222222222222}, "stress": {"recall": 1.0, "precision": 0.125, "f1": 0.2222222222222222}, "mean": {"recall": 1.0, "precision": 0.125, "f1": 0.2222222222222222}}, "0.73": {"non-stress": {"recall": 1.0, "precision": 0.125, "f1": 0.2222222222222222}, "stress": {"recall": 1.0, "precision": 0.125, "f1": 0.2222222222222222}, "mean": {"recall": 1.0, "precision": 0.125, "f1": 0.2222222222222222}}, "0.74": {"non-stress": {"recall": 1.0, "precision": 0.125, "f1": 0.2222222222222222}, "stress": {"recall": 1.0, "precision": 0.125, "f1": 0.2222222222222222}, "mean": {"recall": 1.0, "precision": 0.125, "f1": 0.2222222222222222}}, "0.75": {"non-stress": {"recall": 1.0, "precision": 0.125, "f1": 0.2222222222222222}, "stress": {"recall": 1.0, "precision": 0.125, "f1": 0.2222222222222222}, "mean": {"recall": 1.0, "precision": 0.125, "f1": 0.2222222222222222}}, "0.76": {"non-stress": {"recall": 1.0, "precision": 0.125, "f1": 0.2222222222222222}, "stress": {"recall": 1.0, "precision": 0.125, "f1": 0.2222222222222222}, "mean": {"recall": 1.0, "precision": 0.125, "f1": 0.2222222222222222}}, "0.77": {"non-stress": {"recall": 1.0, "precision": 0.125, "f1": 0.2222222222222222}, "stress": {"recall": 1.0, "precision": 0.125, "f1": 0.2222222222222222}, "mean": {"recall": 1.0, "precision": 0.125, "f1": 0.2222222222222222}}, "0.78": {"non-stress": {"recall": 1.0, "precision": 0.125, "f1": 0.2222222222222222}, "stress": {"recall": 1.0, "precision": 0.125, "f1": 0.2222222222222222}, "mean": {"recall": 1.0, "precision": 0.125, "f1": 0.2222222222222222}}, "0.79": {"non-stress": {"recall": 1.0, "precision": 0.125, "f1": 0.2222222222222222}, "stress": {"recall": 1.0, "precision": 0.125, "f1": 0.2222222222222222}, "mean": {"recall": 1.0, "precision": 0.125, "f1": 0.2222222222222222}}, "0.8": {"non-stress": {"recall": 1.0, "precision": 0.125, "f1": 0.2222222222222222}, "stress": {"recall": 1.0, "precision": 0.125, "f1": 0.2222222222222222}, "mean": {"recall": 1.0, "precision": 0.125, "f1": 0.2222222222222222}}, "0.81": {"non-stress": {"recall": 1.0, "precision": 0.125, "f1": 0.2222222222222222}, "stress": {"recall": 1.0, "precision": 0.125, "f1": 0.2222222222222222}, "mean": {"recall": 1.0, "precision": 0.125, "f1": 0.2222222222222222}}, "0.82": {"non-stress": {"recall": 1.0, "precision": 0.125, "f1": 0.2222222222222222}, "stress": {"recall": 1.0, "precision": 0.125, "f1": 0.2222222222222222}, "mean": {"recall": 1.0, "precision": 0.125, "f1": 0.2222222222222222}}, "0.83": {"non-stress": {"recall": 1.0, "precision": 0.125, "f1": 0.2222222222222222}, "stress": {"recall": 1.0, "precision": 0.125, "f1": 0.2222222222222222}, "mean": {"recall": 1.0, "precision": 0.125, "f1": 0.2222222222222222}}, "0.84": {"non-stress": {"recall": 1.0, "precision": 0.125, "f1": 0.2222222222222222}, "stress": {"recall": 1.0, "precision": 0.125, "f1": 0.2222222222222222}, "mean": {"recall": 1.0, "precision": 0.125, "f1": 0.2222222222222222}}, "0.85": {"non-stress": {"recall": 1.0, "precision": 0.125, "f1": 0.2222222222222222}, "stress": {"recall": 1.0, "precision": 0.125, "f1": 0.2222222222222222}, "mean": {"recall": 1.0, "precision": 0.125, "f1": 0.2222222222222222}}, "0.86": {"non-stress": {"recall": 1.0, "precision": 0.125, "f1": 0.2222222222222222}, "stress": {"recall": 1.0, "precision": 0.125, "f1": 0.2222222222222222}, "mean": {"recall": 1.0, "precision": 0.125, "f1": 0.2222222222222222}}, "0.87": {"non-stress": {"recall": 1.0, "precision": 0.125, "f1": 0.2222222222222222}, "stress": {"recall": 1.0, "precision": 0.125, "f1": 0.2222222222222222}, "mean": {"recall": 1.0, "precision": 0.125, "f1": 0.2222222222222222}}, "0.88": {"non-stress": {"recall": 1.0, "precision": 0.125, "f1": 0.2222222222222222}, "stress": {"recall": 1.0, "precision": 0.125, "f1": 0.2222222222222222}, "mean": {"recall": 1.0, "precision": 0.125, "f1": 0.2222222222222222}}, "0.89": {"non-stress": {"recall": 1.0, "precision": 0.125, "f1": 0.2222222222222222}, "stress": {"recall": 1.0, "precision": 0.125, "f1": 0.2222222222222222}, "mean": {"recall": 1.0, "precision": 0.125, "f1": 0.2222222222222222}}, "0.9": {"non-stress": {"recall": 1.0, "precision": 0.125, "f1": 0.2222222222222222}, "stress": {"recall": 1.0, "precision": 0.125, "f1": 0.2222222222222222}, "mean": {"recall": 1.0, "precision": 0.125, "f1": 0.2222222222222222}}, "0.91": {"non-stress": {"recall": 1.0, "precision": 0.125, "f1": 0.2222222222222222}, "stress": {"recall": 1.0, "precision": 0.125, "f1": 0.2222222222222222}, "mean": {"recall": 1.0, "precision": 0.125, "f1": 0.2222222222222222}}, "0.92": {"non-stress": {"recall": 1.0, "precision": 0.125, "f1": 0.2222222222222222}, "stress": {"recall": 1.0, "precision": 0.125, "f1": 0.2222222222222222}, "mean": {"recall": 1.0, "precision": 0.125, "f1": 0.2222222222222222}}, "0.93": {"non-stress": {"recall": 1.0, "precision": 0.125, "f1": 0.2222222222222222}, "stress": {"recall": 1.0, "precision": 0.125, "f1": 0.2222222222222222}, "mean": {"recall": 1.0, "precision": 0.125, "f1": 0.2222222222222222}}, "0.94": {"non-stress": {"recall": 1.0, "precision": 0.125, "f1": 0.2222222222222222}, "stress": {"recall": 1.0, "precision": 0.125, "f1": 0.2222222222222222}, "mean": {"recall": 1.0, "precision": 0.125, "f1": 0.2222222222222222}}, "0.95": {"non-stress": {"recall": 1.0, "precision": 0.125, "f1": 0.2222222222222222}, "stress": {"recall": 1.0, "precision": 0.125, "f1": 0.2222222222222222}, "mean": {"recall": 1.0, "precision": 0.125, "f1": 0.2222222222222222}}, "0.96": {"non-stress": {"recall": 1.0, "precision": 0.125, "f1": 0.2222222222222222}, "stress": {"recall": 1.0, "precision": 0.125, "f1": 0.2222222222222222}, "mean": {"recall": 1.0, "precision": 0.125, "f1": 0.2222222222222222}}, "0.97": {"non-stress": {"recall": 1.0, "precision": 0.125, "f1": 0.2222222222222222}, "stress": {"recall": 1.0, "precision": 0.125, "f1": 0.2222222222222222}, "mean": {"recall": 1.0, "precision": 0.125, "f1": 0.2222222222222222}}, "0.98": {"non-stress": {"recall": 1.0, "precision": 0.125, "f1": 0.2222222222222222}, "stress": {"recall": 1.0, "precision": 0.125, "f1": 0.2222222222222222}, "mean": {"recall": 1.0, "precision": 0.125, "f1": 0.2222222222222222}}, "0.99": {"non-stress": {"recall": 1.0, "precision": 0.125, "f1": 0.2222222222222222}, "stress": {"recall": 1.0, "precision": 0.125, "f1": 0.2222222222222222}, "mean": {"recall": 1.0, "precision": 0.125, "f1": 0.2222222222222222}}, "1.0": {"non-stress": {"recall": 1.0, "precision": 0.125, "f1": 0.2222222222222222}, "stress": {"recall": 1.0, "precision": 0.125, "f1": 0.2222222222222222}, "mean": {"recall": 1.0, "precision": 0.125, "f1": 0.2222222222222222}}}