{"0.0": {"non-stress": {"recall": 0.0, "precision": 0.0, "f1": 0.0}, "stress": {"recall": 0.0, "precision": 0.0, "f1": 0.0}, "mean": {"recall": 0.0, "precision": 0.0, "f1": 0.0}}, "0.01": {"non-stress": {"recall": 0.0, "precision": 0.0, "f1": 0.0}, "stress": {"recall": 0.0, "precision": 0.0, "f1": 0.0}, "mean": {"recall": 0.0, "precision": 0.0, "f1": 0.0}}, "0.02": {"non-stress": {"recall": 0.0, "precision": 0.0, "f1": 0.0}, "stress": {"recall": 0.0, "precision": 0.0, "f1": 0.0}, "mean": {"recall": 0.0, "precision": 0.0, "f1": 0.0}}, "0.03": {"non-stress": {"recall": 0.0, "precision": 0.0, "f1": 0.0}, "stress": {"recall": 0.06666666666666667, "precision": 1.0, "f1": 0.125}, "mean": {"recall": 0.018666666666666668, "precision": 0.28, "f1": 0.035}}, "0.04": {"non-stress": {"recall": 0.23333333333333334, "precision": 1.0, "f1": 0.37837837837837834}, "stress": {"recall": 0.35, "precision": 1.0, "f1": 0.5185185185185185}, "mean": {"recall": 0.266, "precision": 1.0, "f1": 0.41761761761761756}}, "0.05": {"non-stress": {"recall": 0.6, "precision": 1.0, "f1": 0.7499999999999999}, "stress": {"recall": 0.65, "precision": 1.0, "f1": 0.787878787878788}, "mean": {"recall": 0.614, "precision": 1.0, "f1": 0.7606060606060605}}, "0.06": {"non-stress": {"recall": 0.6833333333333333, "precision": 1.0, "f1": 0.8118811881188119}, "stress": {"recall": 0.8333333333333334, "precision": 1.0, "f1": 0.9090909090909091}, "mean": {"recall": 0.7253333333333334, "precision": 1.0, "f1": 0.839099909990999}}, "0.07": {"non-stress": {"recall": 0.8166666666666667, "precision": 1.0, "f1": 0.8990825688073394}, "stress": {"recall": 0.8833333333333333, "precision": 1.0, "f1": 0.9380530973451328}, "mean": {"recall": 0.8353333333333333, "precision": 1.0, "f1": 0.9099943167979214}}, "0.08": {"non-stress": {"recall": 0.8833333333333333, "precision": 1.0, "f1": 0.9380530973451328}, "stress": {"recall": 0.9666666666666667, "precision": 1.0, "f1": 0.983050847457627}, "mean": {"recall": 0.9066666666666667, "precision": 1.0, "f1": 0.9506524673766311}}, "0.09": {"non-stress": {"recall": 0.9333333333333333, "precision": 1.0, "f1": 0.9655172413793104}, "stress": {"recall": 0.9666666666666667, "precision": 1.0, "f1": 0.983050847457627}, "mean": {"recall": 0.9426666666666667, "precision": 1.0, "f1": 0.970426651081239}}, "0.1": {"non-stress": {"recall": 1.0, "precision": 1.0, "f1": 1.0}, "stress": {"recall": 1.0, "precision": 1.0, "f1": 1.0}, "mean": {"recall": 1.0, "precision": 1.0, "f1": 1.0}}, "0.11": {"non-stress": {"recall": 1.0, "precision": 1.0, "f1": 1.0}, "stress": {"recall": 1.0, "precision": 1.0, "f1": 1.0}, "mean": {"recall": 1.0, "precision": 1.0, "f1": 1.0}}, "0.12": {"non-stress": {"recall": 1.0, "precision": 1.0, "f1": 1.0}, "stress": {"recall": 1.0, "precision": 1.0, "f1": 1.0}, "mean": {"recall": 1.0, "precision": 1.0, "f1": 1.0}}, "0.13": {"non-stress": {"recall": 1.0, "precision": 1.0, "f1": 1.0}, "stress": {"recall": 1.0, "precision": 1.0, "f1": 1.0}, "mean": {"recall": 1.0, "precision": 1.0, "f1": 1.0}}, "0.14": {"non-stress": {"recall": 1.0, "precision": 1.0, "f1": 1.0}, "stress": {"recall": 1.0, "precision": 1.0, "f1": 1.0}, "mean": {"recall": 1.0, "precision": 1.0, "f1": 1.0}}, "0.15": {"non-stress": {"recall": 1.0, "precision": 1.0, "f1": 1.0}, "stress": {"recall": 1.0, "precision": 1.0, "f1": 1.0}, "mean": {"recall": 1.0, "precision": 1.0, "f1": 1.0}}, "0.16": {"non-stress": {"recall": 1.0, "precision": 1.0, "f1": 1.0}, "stress": {"recall": 1.0, "precision": 1.0, "f1": 1.0}, "mean": {"recall": 1.0, "precision": 1.0, "f1": 1.0}}, "0.17": {"non-stress": {"recall": 1.0, "precision": 1.0, "f1": 1.0}, "stress": {"recall": 1.0, "precision": 1.0, "f1": 1.0}, "mean": {"recall": 1.0, "precision": 1.0, "f1": 1.0}}, "0.18": {"non-stress": {"recall": 1.0, "precision": 1.0, "f1": 1.0}, "stress": {"recall": 1.0, "precision": 1.0, "f1": 1.0}, "mean": {"recall": 1.0, "precision": 1.0, "f1": 1.0}}, "0.19": {"non-stress": {"recall": 1.0, "precision": 1.0, "f1": 1.0}, "stress": {"recall": 1.0, "precision": 1.0, "f1": 1.0}, "mean": {"recall": 1.0, "precision": 1.0, "f1": 1.0}}, "0.2": {"non-stress": {"recall": 1.0, "precision": 1.0, "f1": 1.0}, "stress": {"recall": 1.0, "precision": 1.0, "f1": 1.0}, "mean": {"recall": 1.0, "precision": 1.0, "f1": 1.0}}, "0.21": {"non-stress": {"recall": 1.0, "precision": 1.0, "f1": 1.0}, "stress": {"recall": 1.0, "precision": 1.0, "f1": 1.0}, "mean": {"recall": 1.0, "precision": 1.0, "f1": 1.0}}, "0.22": {"non-stress": {"recall": 1.0, "precision": 1.0, "f1": 1.0}, "stress": {"recall": 1.0, "precision": 1.0, "f1": 1.0}, "mean": {"recall": 1.0, "precision": 1.0, "f1": 1.0}}, "0.23": {"non-stress": {"recall": 1.0, "precision": 1.0, "f1": 1.0}, "stress": {"recall": 1.0, "precision": 1.0, "f1": 1.0}, "mean": {"recall": 1.0, "precision": 1.0, "f1": 1.0}}, "0.24": {"non-stress": {"recall": 1.0, "precision": 1.0, "f1": 1.0}, "stress": {"recall": 1.0, "precision": 1.0, "f1": 1.0}, "mean": {"recall": 1.0, "precision": 1.0, "f1": 1.0}}, "0.25": {"non-stress": {"recall": 1.0, "precision": 1.0, "f1": 1.0}, "stress": {"recall": 1.0, "precision": 1.0, "f1": 1.0}, "mean": {"recall": 1.0, "precision": 1.0, "f1": 1.0}}, "0.26": {"non-stress": {"recall": 1.0, "precision": 1.0, "f1": 1.0}, "stress": {"recall": 1.0, "precision": 1.0, "f1": 1.0}, "mean": {"recall": 1.0, "precision": 1.0, "f1": 1.0}}, "0.27": {"non-stress": {"recall": 1.0, "precision": 1.0, "f1": 1.0}, "stress": {"recall": 1.0, "precision": 1.0, "f1": 1.0}, "mean": {"recall": 1.0, "precision": 1.0, "f1": 1.0}}, "0.28": {"non-stress": {"recall": 1.0, "precision": 1.0, "f1": 1.0}, "stress": {"recall": 1.0, "precision": 1.0, "f1": 1.0}, "mean": {"recall": 1.0, "precision": 1.0, "f1": 1.0}}, "0.29": {"non-stress": {"recall": 1.0, "precision": 1.0, "f1": 1.0}, "stress": {"recall": 1.0, "precision": 1.0, "f1": 1.0}, "mean": {"recall": 1.0, "precision": 1.0, "f1": 1.0}}, "0.3": {"non-stress": {"recall": 1.0, "precision": 1.0, "f1": 1.0}, "stress": {"recall": 1.0, "precision": 1.0, "f1": 1.0}, "mean": {"recall": 1.0, "precision": 1.0, "f1": 1.0}}, "0.31": {"non-stress": {"recall": 1.0, "precision": 1.0, "f1": 1.0}, "stress": {"recall": 1.0, "precision": 1.0, "f1": 1.0}, "mean": {"recall": 1.0, "precision": 1.0, "f1": 1.0}}, "0.32": {"non-stress": {"recall": 1.0, "precision": 1.0, "f1": 1.0}, "stress": {"recall": 1.0, "precision": 1.0, "f1": 1.0}, "mean": {"recall": 1.0, "precision": 1.0, "f1": 1.0}}, "0.33": {"non-stress": {"recall": 1.0, "precision": 1.0, "f1": 1.0}, "stress": {"recall": 1.0, "precision": 0.9836065573770492, "f1": 0.9917355371900827}, "mean": {"recall": 1.0, "precision": 0.9954098360655738, "f1": 0.9976859504132232}}, "0.34": {"non-stress": {"recall": 1.0, "precision": 1.0, "f1": 1.0}, "stress": {"recall": 1.0, "precision": 0.9836065573770492, "f1": 0.9917355371900827}, "mean": {"recall": 1.0, "precision": 0.9954098360655738, "f1": 0.9976859504132232}}, "0.35": {"non-stress": {"recall": 1.0, "precision": 0.9836065573770492, "f1": 0.9917355371900827}, "stress": {"recall": 1.0, "precision": 0.9836065573770492, "f1": 0.9917355371900827}, "mean": {"recall": 1.0, "precision": 0.9836065573770492, "f1": 0.9917355371900827}}, "0.36": {"non-stress": {"recall": 1.0, "precision": 0.9836065573770492, "f1": 0.9917355371900827}, "stress": {"recall": 1.0, "precision": 0.9836065573770492, "f1": 0.9917355371900827}, "mean": {"recall": 1.0, "precision": 0.9836065573770492, "f1": 0.9917355371900827}}, "0.37": {"non-stress": {"recall": 1.0, "precision": 0.9836065573770492, "f1": 0.9917355371900827}, "stress": {"recall": 1.0, "precision": 0.9375, "f1": 0.967741935483871}, "mean": {"recall": 1.0, "precision": 0.9706967213114754, "f1": 0.9850173287123434}}, "0.38": {"non-stress": {"recall": 1.0, "precision": 0.9836065573770492, "f1": 0.9917355371900827}, "stress": {"recall": 1.0, "precision": 0.9230769230769231, "f1": 0.9600000000000001}, "mean": {"recall": 1.0, "precision": 0.9666582597730139, "f1": 0.9828495867768595}}, "0.39": {"non-stress": {"recall": 1.0, "precision": 0.9836065573770492, "f1": 0.9917355371900827}, "stress": {"recall": 1.0, "precision": 0.8695652173913043, "f1": 0.9302325581395349}, "mean": {"recall": 1.0, "precision": 0.9516749821810406, "f1": 0.9745147030559292}}, "0.4": {"non-stress": {"recall": 1.0, "precision": 0.9375, "f1": 0.967741935483871}, "stress": {"recall": 1.0, "precision": 0.8333333333333334, "f1": 0.9090909090909091}, "mean": {"recall": 1.0, "precision": 0.9083333333333333, "f1": 0.9513196480938417}}, "0.41": {"non-stress": {"recall": 1.0, "precision": 0.9090909090909091, "f1": 0.9523809523809523}, "stress": {"recall": 1.0, "precision": 0.7692307692307693, "f1": 0.8695652173913044}, "mean": {"recall": 1.0, "precision": 0.8699300699300699, "f1": 0.9291925465838509}}, "0.42": {"non-stress": {"recall": 1.0, "precision": 0.8695652173913043, "f1": 0.9302325581395349}, "stress": {"recall": 1.0, "precision": 0.6818181818181818, "f1": 0.8108108108108109}, "mean": {"recall": 1.0, "precision": 0.81699604743083, "f1": 0.8967944688874921}}, "0.43": {"non-stress": {"recall": 1.0, "precision": 0.8108108108108109, "f1": 0.8955223880597014}, "stress": {"recall": 1.0, "precision": 0.625, "f1": 0.7692307692307693}, "mean": {"recall": 1.0, "precision": 0.7587837837837839, "f1": 0.8601607347876004}}, "0.44": {"non-stress": {"recall": 1.0, "precision": 0.759493670886076, "f1": 0.8633093525179857}, "stress": {"recall": 1.0, "precision": 0.594059405940594, "f1": 0.7453416149068323}, "mean": {"recall": 1.0, "precision": 0.7131720767013411, "f1": 0.8302783859868628}}, "0.45": {"non-stress": {"recall": 1.0, "precision": 0.7142857142857143, "f1": 0.8333333333333333}, "stress": {"recall": 1.0, "precision": 0.5714285714285714, "f1": 0.7272727272727273}, "mean": {"recall": 1.0, "precision": 0.6742857142857143, "f1": 0.8036363636363637}}, "0.46": {"non-stress": {"recall": 1.0, "precision": 0.6976744186046512, "f1": 0.8219178082191781}, "stress": {"recall": 1.0, "precision": 0.5607476635514018, "f1": 0.7185628742514969}, "mean": {"recall": 1.0, "precision": 0.6593349271897414, "f1": 0.7929784267082274}}, "0.47": {"non-stress": {"recall": 1.0, "precision": 0.631578947368421, "f1": 0.7741935483870968}, "stress": {"recall": 1.0, "precision": 0.5504587155963303, "f1": 0.7100591715976332}, "mean": {"recall": 1.0, "precision": 0.6088652824722356, "f1": 0.7562359228860469}}, "0.48": {"non-stress": {"recall": 1.0, "precision": 0.6122448979591837, "f1": 0.759493670886076}, "stress": {"recall": 1.0, "precision": 0.5309734513274337, "f1": 0.6936416184971099}, "mean": {"recall": 1.0, "precision": 0.5894888929022937, "f1": 0.7410550962171655}}, "0.49": {"non-stress": {"recall": 1.0, "precision": 0.5825242718446602, "f1": 0.7361963190184049}, "stress": {"recall": 1.0, "precision": 0.5217391304347826, "f1": 0.6857142857142856}, "mean": {"recall": 1.0, "precision": 0.5655044322498944, "f1": 0.7220613496932514}}, "0.5": {"non-stress": {"recall": 1.0, "precision": 0.5555555555555556, "f1": 0.7142857142857143}, "stress": {"recall": 1.0, "precision": 0.5128205128205128, "f1": 0.6779661016949152}, "mean": {"recall": 1.0, "precision": 0.5435897435897437, "f1": 0.7041162227602905}}, "0.51": {"non-stress": {"recall": 1.0, "precision": 0.5504587155963303, "f1": 0.7100591715976332}, "stress": {"recall": 1.0, "precision": 0.5042016806722689, "f1": 0.6703910614525139}, "mean": {"recall": 1.0, "precision": 0.5375067458175931, "f1": 0.6989521007569999}}, "0.52": {"non-stress": {"recall": 1.0, "precision": 0.5309734513274337, "f1": 0.6936416184971099}, "stress": {"recall": 1.0, "precision": 0.5042016806722689, "f1": 0.6703910614525139}, "mean": {"recall": 1.0, "precision": 0.5234773555439876, "f1": 0.687131462524623}}, "0.53": {"non-stress": {"recall": 1.0, "precision": 0.5217391304347826, "f1": 0.6857142857142856}, "stress": {"recall": 1.0, "precision": 0.5042016806722689, "f1": 0.6703910614525139}, "mean": {"recall": 1.0, "precision": 0.5168286445012787, "f1": 0.6814237829209895}}, "0.54": {"non-stress": {"recall": 1.0, "precision": 0.5128205128205128, "f1": 0.6779661016949152}, "stress": {"recall": 1.0, "precision": 0.5, "f1": 0.6666666666666666}, "mean": {"recall": 1.0, "precision": 0.5092307692307692, "f1": 0.6748022598870056}}, "0.55": {"non-stress": {"recall": 1.0, "precision": 0.5084745762711864, "f1": 0.6741573033707865}, "stress": {"recall": 1.0, "precision": 0.5, "f1": 0.6666666666666666}, "mean": {"recall": 1.0, "precision": 0.5061016949152541, "f1": 0.6720599250936329}}, "0.56": {"non-stress": {"recall": 1.0, "precision": 0.5, "f1": 0.6666666666666666}, "stress": {"recall": 1.0, "precision": 0.5, "f1": 0.6666666666666666}, "mean": {"recall": 1.0, "precision": 0.5, "f1": 0.6666666666666666}}, "0.57": {"non-stress": {"recall": 1.0, "precision": 0.5, "f1": 0.6666666666666666}, "stress": {"recall": 1.0, "precision": 0.5, "f1": 0.6666666666666666}, "mean": {"recall": 1.0, "precision": 0.5, "f1": 0.6666666666666666}}, "0.58": {"non-stress": {"recall": 1.0, "precision": 0.5, "f1": 0.6666666666666666}, "stress": {"recall": 1.0, "precision": 0.5, "f1": 0.6666666666666666}, "mean": {"recall": 1.0, "precision": 0.5, "f1": 0.6666666666666666}}, "0.59": {"non-stress": {"recall": 1.0, "precision": 0.5, "f1": 0.6666666666666666}, "stress": {"recall": 1.0, "precision": 0.5, "f1": 0.6666666666666666}, "mean": {"recall": 1.0, "precision": 0.5, "f1": 0.6666666666666666}}, "0.6": {"non-stress": {"recall": 1.0, "precision": 0.5, "f1": 0.6666666666666666}, "stress": {"recall": 1.0, "precision": 0.5, "f1": 0.6666666666666666}, "mean": {"recall": 1.0, "precision": 0.5, "f1": 0.6666666666666666}}, "0.61": {"non-stress": {"recall": 1.0, "precision": 0.5, "f1": 0.6666666666666666}, "stress": {"recall": 1.0, "precision": 0.5, "f1": 0.6666666666666666}, "mean": {"recall": 1.0, "precision": 0.5, "f1": 0.6666666666666666}}, "0.62": {"non-stress": {"recall": 1.0, "precision": 0.5, "f1": 0.6666666666666666}, "stress": {"recall": 1.0, "precision": 0.5, "f1": 0.6666666666666666}, "mean": {"recall": 1.0, "precision": 0.5, "f1": 0.6666666666666666}}, "0.63": {"non-stress": {"recall": 1.0, "precision": 0.5, "f1": 0.6666666666666666}, "stress": {"recall": 1.0, "precision": 0.5, "f1": 0.6666666666666666}, "mean": {"recall": 1.0, "precision": 0.5, "f1": 0.6666666666666666}}, "0.64": {"non-stress": {"recall": 1.0, "precision": 0.5, "f1": 0.6666666666666666}, "stress": {"recall": 1.0, "precision": 0.5, "f1": 0.6666666666666666}, "mean": {"recall": 1.0, "precision": 0.5, "f1": 0.6666666666666666}}, "0.65": {"non-stress": {"recall": 1.0, "precision": 0.5, "f1": 0.6666666666666666}, "stress": {"recall": 1.0, "precision": 0.5, "f1": 0.6666666666666666}, "mean": {"recall": 1.0, "precision": 0.5, "f1": 0.6666666666666666}}, "0.66": {"non-stress": {"recall": 1.0, "precision": 0.5, "f1": 0.6666666666666666}, "stress": {"recall": 1.0, "precision": 0.5, "f1": 0.6666666666666666}, "mean": {"recall": 1.0, "precision": 0.5, "f1": 0.6666666666666666}}, "0.67": {"non-stress": {"recall": 1.0, "precision": 0.5, "f1": 0.6666666666666666}, "stress": {"recall": 1.0, "precision": 0.5, "f1": 0.6666666666666666}, "mean": {"recall": 1.0, "precision": 0.5, "f1": 0.6666666666666666}}, "0.68": {"non-stress": {"recall": 1.0, "precision": 0.5, "f1": 0.6666666666666666}, "stress": {"recall": 1.0, "precision": 0.5, "f1": 0.6666666666666666}, "mean": {"recall": 1.0, "precision": 0.5, "f1": 0.6666666666666666}}, "0.69": {"non-stress": {"recall": 1.0, "precision": 0.5, "f1": 0.6666666666666666}, "stress": {"recall": 1.0, "precision": 0.5, "f1": 0.6666666666666666}, "mean": {"recall": 1.0, "precision": 0.5, "f1": 0.6666666666666666}}, "0.7": {"non-stress": {"recall": 1.0, "precision": 0.5, "f1": 0.6666666666666666}, "stress": {"recall": 1.0, "precision": 0.5, "f1": 0.6666666666666666}, "mean": {"recall": 1.0, "precision": 0.5, "f1": 0.6666666666666666}}, "0.71": {"non-stress": {"recall": 1.0, "precision": 0.5, "f1": 0.6666666666666666}, "stress": {"recall": 1.0, "precision": 0.5, "f1": 0.6666666666666666}, "mean": {"recall": 1.0, "precision": 0.5, "f1": 0.6666666666666666}}, "0.72": {"non-stress": {"recall": 1.0, "precision": 0.5, "f1": 0.6666666666666666}, "stress": {"recall": 1.0, "precision": 0.5, "f1": 0.6666666666666666}, "mean": {"recall": 1.0, "precision": 0.5, "f1": 0.6666666666666666}}, "0.73": {"non-stress": {"recall": 1.0, "precision": 0.5, "f1": 0.6666666666666666}, "stress": {"recall": 1.0, "precision": 0.5, "f1": 0.6666666666666666}, "mean": {"recall": 1.0, "precision": 0.5, "f1": 0.6666666666666666}}, "0.74": {"non-stress": {"recall": 1.0, "precision": 0.5, "f1": 0.6666666666666666}, "stress": {"recall": 1.0, "precision": 0.5, "f1": 0.6666666666666666}, "mean": {"recall": 1.0, "precision": 0.5, "f1": 0.6666666666666666}}, "0.75": {"non-stress": {"recall": 1.0, "precision": 0.5, "f1": 0.6666666666666666}, "stress": {"recall": 1.0, "precision": 0.5, "f1": 0.6666666666666666}, "mean": {"recall": 1.0, "precision": 0.5, "f1": 0.6666666666666666}}, "0.76": {"non-stress": {"recall": 1.0, "precision": 0.5, "f1": 0.6666666666666666}, "stress": {"recall": 1.0, "precision": 0.5, "f1": 0.6666666666666666}, "mean": {"recall": 1.0, "precision": 0.5, "f1": 0.6666666666666666}}, "0.77": {"non-stress": {"recall": 1.0, "precision": 0.5, "f1": 0.6666666666666666}, "stress": {"recall": 1.0, "precision": 0.5, "f1": 0.6666666666666666}, "mean": {"recall": 1.0, "precision": 0.5, "f1": 0.6666666666666666}}, "0.78": {"non-stress": {"recall": 1.0, "precision": 0.5, "f1": 0.6666666666666666}, "stress": {"recall": 1.0, "precision": 0.5, "f1": 0.6666666666666666}, "mean": {"recall": 1.0, "precision": 0.5, "f1": 0.6666666666666666}}, "0.79": {"non-stress": {"recall": 1.0, "precision": 0.5, "f1": 0.6666666666666666}, "stress": {"recall": 1.0, "precision": 0.5, "f1": 0.6666666666666666}, "mean": {"recall": 1.0, "precision": 0.5, "f1": 0.6666666666666666}}, "0.8": {"non-stress": {"recall": 1.0, "precision": 0.5, "f1": 0.6666666666666666}, "stress": {"recall": 1.0, "precision": 0.5, "f1": 0.6666666666666666}, "mean": {"recall": 1.0, "precision": 0.5, "f1": 0.6666666666666666}}, "0.81": {"non-stress": {"recall": 1.0, "precision": 0.5, "f1": 0.6666666666666666}, "stress": {"recall": 1.0, "precision": 0.5, "f1": 0.6666666666666666}, "mean": {"recall": 1.0, "precision": 0.5, "f1": 0.6666666666666666}}, "0.82": {"non-stress": {"recall": 1.0, "precision": 0.5, "f1": 0.6666666666666666}, "stress": {"recall": 1.0, "precision": 0.5, "f1": 0.6666666666666666}, "mean": {"recall": 1.0, "precision": 0.5, "f1": 0.6666666666666666}}, "0.83": {"non-stress": {"recall": 1.0, "precision": 0.5, "f1": 0.6666666666666666}, "stress": {"recall": 1.0, "precision": 0.5, "f1": 0.6666666666666666}, "mean": {"recall": 1.0, "precision": 0.5, "f1": 0.6666666666666666}}, "0.84": {"non-stress": {"recall": 1.0, "precision": 0.5, "f1": 0.6666666666666666}, "stress": {"recall": 1.0, "precision": 0.5, "f1": 0.6666666666666666}, "mean": {"recall": 1.0, "precision": 0.5, "f1": 0.6666666666666666}}, "0.85": {"non-stress": {"recall": 1.0, "precision": 0.5, "f1": 0.6666666666666666}, "stress": {"recall": 1.0, "precision": 0.5, "f1": 0.6666666666666666}, "mean": {"recall": 1.0, "precision": 0.5, "f1": 0.6666666666666666}}, "0.86": {"non-stress": {"recall": 1.0, "precision": 0.5, "f1": 0.6666666666666666}, "stress": {"recall": 1.0, "precision": 0.5, "f1": 0.6666666666666666}, "mean": {"recall": 1.0, "precision": 0.5, "f1": 0.6666666666666666}}, "0.87": {"non-stress": {"recall": 1.0, "precision": 0.5, "f1": 0.6666666666666666}, "stress": {"recall": 1.0, "precision": 0.5, "f1": 0.6666666666666666}, "mean": {"recall": 1.0, "precision": 0.5, "f1": 0.6666666666666666}}, "0.88": {"non-stress": {"recall": 1.0, "precision": 0.5, "f1": 0.6666666666666666}, "stress": {"recall": 1.0, "precision": 0.5, "f1": 0.6666666666666666}, "mean": {"recall": 1.0, "precision": 0.5, "f1": 0.6666666666666666}}, "0.89": {"non-stress": {"recall": 1.0, "precision": 0.5, "f1": 0.6666666666666666}, "stress": {"recall": 1.0, "precision": 0.5, "f1": 0.6666666666666666}, "mean": {"recall": 1.0, "precision": 0.5, "f1": 0.6666666666666666}}, "0.9": {"non-stress": {"recall": 1.0, "precision": 0.5, "f1": 0.6666666666666666}, "stress": {"recall": 1.0, "precision": 0.5, "f1": 0.6666666666666666}, "mean": {"recall": 1.0, "precision": 0.5, "f1": 0.6666666666666666}}, "0.91": {"non-stress": {"recall": 1.0, "precision": 0.5, "f1": 0.6666666666666666}, "stress": {"recall": 1.0, "precision": 0.5, "f1": 0.6666666666666666}, "mean": {"recall": 1.0, "precision": 0.5, "f1": 0.6666666666666666}}, "0.92": {"non-stress": {"recall": 1.0, "precision": 0.5, "f1": 0.6666666666666666}, "stress": {"recall": 1.0, "precision": 0.5, "f1": 0.6666666666666666}, "mean": {"recall": 1.0, "precision": 0.5, "f1": 0.6666666666666666}}, "0.93": {"non-stress": {"recall": 1.0, "precision": 0.5, "f1": 0.6666666666666666}, "stress": {"recall": 1.0, "precision": 0.5, "f1": 0.6666666666666666}, "mean": {"recall": 1.0, "precision": 0.5, "f1": 0.6666666666666666}}, "0.94": {"non-stress": {"recall": 1.0, "precision": 0.5, "f1": 0.6666666666666666}, "stress": {"recall": 1.0, "precision": 0.5, "f1": 0.6666666666666666}, "mean": {"recall": 1.0, "precision": 0.5, "f1": 0.6666666666666666}}, "0.95": {"non-stress": {"recall": 1.0, "precision": 0.5, "f1": 0.6666666666666666}, "stress": {"recall": 1.0, "precision": 0.5, "f1": 0.6666666666666666}, "mean": {"recall": 1.0, "precision": 0.5, "f1": 0.6666666666666666}}, "0.96": {"non-stress": {"recall": 1.0, "precision": 0.5, "f1": 0.6666666666666666}, "stress": {"recall": 1.0, "precision": 0.5, "f1": 0.6666666666666666}, "mean": {"recall": 1.0, "precision": 0.5, "f1": 0.6666666666666666}}, "0.97": {"non-stress": {"recall": 1.0, "precision": 0.5, "f1": 0.6666666666666666}, "stress": {"recall": 1.0, "precision": 0.5, "f1": 0.6666666666666666}, "mean": {"recall": 1.0, "precision": 0.5, "f1": 0.6666666666666666}}, "0.98": {"non-stress": {"recall": 1.0, "precision": 0.5, "f1": 0.6666666666666666}, "stress": {"recall": 1.0, "precision": 0.5, "f1": 0.6666666666666666}, "mean": {"recall": 1.0, "precision": 0.5, "f1": 0.6666666666666666}}, "0.99": {"non-stress": {"recall": 1.0, "precision": 0.5, "f1": 0.6666666666666666}, "stress": {"recall": 1.0, "precision": 0.5, "f1": 0.6666666666666666}, "mean": {"recall": 1.0, "precision": 0.5, "f1": 0.6666666666666666}}, "1.0": {"non-stress": {"recall": 1.0, "precision": 0.5, "f1": 0.6666666666666666}, "stress": {"recall": 1.0, "precision": 0.5, "f1": 0.6666666666666666}, "mean": {"recall": 1.0, "precision": 0.5, "f1": 0.6666666666666666}}}