{"0.0": {"non-stress": {"recall": 0.0, "precision": 0.0, "f1": 0.0}, "stress": {"recall": 0.0, "precision": 0.0, "f1": 0.0}, "mean": {"recall": 0.0, "precision": 0.0, "f1": 0.0}}, "0.01": {"non-stress": {"recall": 0.0, "precision": 0.0, "f1": 0.0}, "stress": {"recall": 0.0, "precision": 0.0, "f1": 0.0}, "mean": {"recall": 0.0, "precision": 0.0, "f1": 0.0}}, "0.02": {"non-stress": {"recall": 0.0, "precision": 0.0, "f1": 0.0}, "stress": {"recall": 0.0, "precision": 0.0, "f1": 0.0}, "mean": {"recall": 0.0, "precision": 0.0, "f1": 0.0}}, "0.03": {"non-stress": {"recall": 0.024793388429752067, "precision": 1.0, "f1": 0.048387096774193554}, "stress": {"recall": 0.06611570247933884, "precision": 1.0, "f1": 0.12403100775193798}, "mean": {"recall": 0.03636363636363636, "precision": 1.0, "f1": 0.069567391847962}}, "0.04": {"non-stress": {"recall": 0.2066115702479339, "precision": 1.0, "f1": 0.34246575342465757}, "stress": {"recall": 0.3140495867768595, "precision": 1.0, "f1": 0.4779874213836478}, "mean": {"recall": 0.2366942148760331, "precision": 1.0, "f1": 0.38041182045317484}}, "0.05": {"non-stress": {"recall": 0.5289256198347108, "precision": 1.0, "f1": 0.6918918918918919}, "stress": {"recall": 0.6115702479338843, "precision": 1.0, "f1": 0.7589743589743589}, "mean": {"recall": 0.5520661157024793, "precision": 1.0, "f1": 0.7106749826749827}}, "0.06": {"non-stress": {"recall": 0.6859504132231405, "precision": 1.0, "f1": 0.8137254901960784}, "stress": {"recall": 0.7933884297520661, "precision": 1.0, "f1": 0.8847926267281107}, "mean": {"recall": 0.7160330578512397, "precision": 1.0, "f1": 0.8336242884250474}}, "0.07": {"non-stress": {"recall": 0.8016528925619835, "precision": 1.0, "f1": 0.8899082568807339}, "stress": {"recall": 0.8181818181818182, "precision": 1.0, "f1": 0.9}, "mean": {"recall": 0.8062809917355372, "precision": 1.0, "f1": 0.8927339449541285}}, "0.08": {"non-stress": {"recall": 0.7465753424657534, "precision": 1.0, "f1": 0.8549019607843137}, "stress": {"recall": 0.7548387096774194, "precision": 1.0, "f1": 0.8602941176470589}, "mean": {"recall": 0.7488890852850199, "precision": 1.0, "f1": 0.8564117647058824}}, "0.09": {"non-stress": {"recall": 0.71875, "precision": 1.0, "f1": 0.8363636363636363}, "stress": {"recall": 0.6113989637305699, "precision": 1.0, "f1": 0.7588424437299035}, "mean": {"recall": 0.6886917098445595, "precision": 1.0, "f1": 0.8146577024261912}}, "0.1": {"non-stress": {"recall": 1.0, "precision": 1.0, "f1": 1.0}, "stress": {"recall": 1.0, "precision": 1.0, "f1": 1.0}, "mean": {"recall": 1.0, "precision": 1.0, "f1": 1.0}}, "0.11": {"non-stress": {"recall": 1.0, "precision": 1.0, "f1": 1.0}, "stress": {"recall": 1.0, "precision": 1.0, "f1": 1.0}, "mean": {"recall": 1.0, "precision": 1.0, "f1": 1.0}}, "0.12": {"non-stress": {"recall": 1.0, "precision": 1.0, "f1": 1.0}, "stress": {"recall": 1.0, "precision": 1.0, "f1": 1.0}, "mean": {"recall": 1.0, "precision": 1.0, "f1": 1.0}}, "0.13": {"non-stress": {"recall": 1.0, "precision": 1.0, "f1": 1.0}, "stress": {"recall": 1.0, "precision": 1.0, "f1": 1.0}, "mean": {"recall": 1.0, "precision": 1.0, "f1": 1.0}}, "0.14": {"non-stress": {"recall": 1.0, "precision": 1.0, "f1": 1.0}, "stress": {"recall": 1.0, "precision": 1.0, "f1": 1.0}, "mean": {"recall": 1.0, "precision": 1.0, "f1": 1.0}}, "0.15": {"non-stress": {"recall": 1.0, "precision": 1.0, "f1": 1.0}, "stress": {"recall": 1.0, "precision": 1.0, "f1": 1.0}, "mean": {"recall": 1.0, "precision": 1.0, "f1": 1.0}}, "0.16": {"non-stress": {"recall": 1.0, "precision": 1.0, "f1": 1.0}, "stress": {"recall": 1.0, "precision": 1.0, "f1": 1.0}, "mean": {"recall": 1.0, "precision": 1.0, "f1": 1.0}}, "0.17": {"non-stress": {"recall": 1.0, "precision": 1.0, "f1": 1.0}, "stress": {"recall": 1.0, "precision": 1.0, "f1": 1.0}, "mean": {"recall": 1.0, "precision": 1.0, "f1": 1.0}}, "0.18": {"non-stress": {"recall": 1.0, "precision": 1.0, "f1": 1.0}, "stress": {"recall": 1.0, "precision": 1.0, "f1": 1.0}, "mean": {"recall": 1.0, "precision": 1.0, "f1": 1.0}}, "0.19": {"non-stress": {"recall": 1.0, "precision": 1.0, "f1": 1.0}, "stress": {"recall": 1.0, "precision": 1.0, "f1": 1.0}, "mean": {"recall": 1.0, "precision": 1.0, "f1": 1.0}}, "0.2": {"non-stress": {"recall": 1.0, "precision": 1.0, "f1": 1.0}, "stress": {"recall": 1.0, "precision": 1.0, "f1": 1.0}, "mean": {"recall": 1.0, "precision": 1.0, "f1": 1.0}}, "0.21": {"non-stress": {"recall": 1.0, "precision": 1.0, "f1": 1.0}, "stress": {"recall": 1.0, "precision": 1.0, "f1": 1.0}, "mean": {"recall": 1.0, "precision": 1.0, "f1": 1.0}}, "0.22": {"non-stress": {"recall": 1.0, "precision": 1.0, "f1": 1.0}, "stress": {"recall": 1.0, "precision": 1.0, "f1": 1.0}, "mean": {"recall": 1.0, "precision": 1.0, "f1": 1.0}}, "0.23": {"non-stress": {"recall": 1.0, "precision": 1.0, "f1": 1.0}, "stress": {"recall": 1.0, "precision": 1.0, "f1": 1.0}, "mean": {"recall": 1.0, "precision": 1.0, "f1": 1.0}}, "0.24": {"non-stress": {"recall": 1.0, "precision": 1.0, "f1": 1.0}, "stress": {"recall": 1.0, "precision": 1.0, "f1": 1.0}, "mean": {"recall": 1.0, "precision": 1.0, "f1": 1.0}}, "0.25": {"non-stress": {"recall": 1.0, "precision": 1.0, "f1": 1.0}, "stress": {"recall": 1.0, "precision": 1.0, "f1": 1.0}, "mean": {"recall": 1.0, "precision": 1.0, "f1": 1.0}}, "0.26": {"non-stress": {"recall": 1.0, "precision": 1.0, "f1": 1.0}, "stress": {"recall": 1.0, "precision": 1.0, "f1": 1.0}, "mean": {"recall": 1.0, "precision": 1.0, "f1": 1.0}}, "0.27": {"non-stress": {"recall": 1.0, "precision": 1.0, "f1": 1.0}, "stress": {"recall": 1.0, "precision": 1.0, "f1": 1.0}, "mean": {"recall": 1.0, "precision": 1.0, "f1": 1.0}}, "0.28": {"non-stress": {"recall": 1.0, "precision": 1.0, "f1": 1.0}, "stress": {"recall": 1.0, "precision": 1.0, "f1": 1.0}, "mean": {"recall": 1.0, "precision": 1.0, "f1": 1.0}}, "0.29": {"non-stress": {"recall": 1.0, "precision": 1.0, "f1": 1.0}, "stress": {"recall": 1.0, "precision": 1.0, "f1": 1.0}, "mean": {"recall": 1.0, "precision": 1.0, "f1": 1.0}}, "0.3": {"non-stress": {"recall": 1.0, "precision": 1.0, "f1": 1.0}, "stress": {"recall": 1.0, "precision": 1.0, "f1": 1.0}, "mean": {"recall": 1.0, "precision": 1.0, "f1": 1.0}}, "0.31": {"non-stress": {"recall": 1.0, "precision": 1.0, "f1": 1.0}, "stress": {"recall": 1.0, "precision": 1.0, "f1": 1.0}, "mean": {"recall": 1.0, "precision": 1.0, "f1": 1.0}}, "0.32": {"non-stress": {"recall": 1.0, "precision": 1.0, "f1": 1.0}, "stress": {"recall": 1.0, "precision": 1.0, "f1": 1.0}, "mean": {"recall": 1.0, "precision": 1.0, "f1": 1.0}}, "0.33": {"non-stress": {"recall": 1.0, "precision": 1.0, "f1": 1.0}, "stress": {"recall": 1.0, "precision": 1.0, "f1": 1.0}, "mean": {"recall": 1.0, "precision": 1.0, "f1": 1.0}}, "0.34": {"non-stress": {"recall": 1.0, "precision": 1.0, "f1": 1.0}, "stress": {"recall": 1.0, "precision": 1.0, "f1": 1.0}, "mean": {"recall": 1.0, "precision": 1.0, "f1": 1.0}}, "0.35": {"non-stress": {"recall": 1.0, "precision": 1.0, "f1": 1.0}, "stress": {"recall": 1.0, "precision": 1.0, "f1": 1.0}, "mean": {"recall": 1.0, "precision": 1.0, "f1": 1.0}}, "0.36": {"non-stress": {"recall": 1.0, "precision": 1.0, "f1": 1.0}, "stress": {"recall": 1.0, "precision": 1.0, "f1": 1.0}, "mean": {"recall": 1.0, "precision": 1.0, "f1": 1.0}}, "0.37": {"non-stress": {"recall": 1.0, "precision": 1.0, "f1": 1.0}, "stress": {"recall": 1.0, "precision": 1.0, "f1": 1.0}, "mean": {"recall": 1.0, "precision": 1.0, "f1": 1.0}}, "0.38": {"non-stress": {"recall": 1.0, "precision": 1.0, "f1": 1.0}, "stress": {"recall": 1.0, "precision": 1.0, "f1": 1.0}, "mean": {"recall": 1.0, "precision": 1.0, "f1": 1.0}}, "0.39": {"non-stress": {"recall": 1.0, "precision": 1.0, "f1": 1.0}, "stress": {"recall": 1.0, "precision": 1.0, "f1": 1.0}, "mean": {"recall": 1.0, "precision": 1.0, "f1": 1.0}}, "0.4": {"non-stress": {"recall": 1.0, "precision": 1.0, "f1": 1.0}, "stress": {"recall": 1.0, "precision": 1.0, "f1": 1.0}, "mean": {"recall": 1.0, "precision": 1.0, "f1": 1.0}}, "0.41": {"non-stress": {"recall": 1.0, "precision": 1.0, "f1": 1.0}, "stress": {"recall": 1.0, "precision": 1.0, "f1": 1.0}, "mean": {"recall": 1.0, "precision": 1.0, "f1": 1.0}}, "0.42": {"non-stress": {"recall": 1.0, "precision": 1.0, "f1": 1.0}, "stress": {"recall": 1.0, "precision": 1.0, "f1": 1.0}, "mean": {"recall": 1.0, "precision": 1.0, "f1": 1.0}}, "0.43": {"non-stress": {"recall": 1.0, "precision": 1.0, "f1": 1.0}, "stress": {"recall": 1.0, "precision": 1.0, "f1": 1.0}, "mean": {"recall": 1.0, "precision": 1.0, "f1": 1.0}}, "0.44": {"non-stress": {"recall": 1.0, "precision": 1.0, "f1": 1.0}, "stress": {"recall": 1.0, "precision": 1.0, "f1": 1.0}, "mean": {"recall": 1.0, "precision": 1.0, "f1": 1.0}}, "0.45": {"non-stress": {"recall": 1.0, "precision": 1.0, "f1": 1.0}, "stress": {"recall": 1.0, "precision": 1.0, "f1": 1.0}, "mean": {"recall": 1.0, "precision": 1.0, "f1": 1.0}}, "0.46": {"non-stress": {"recall": 1.0, "precision": 1.0, "f1": 1.0}, "stress": {"recall": 1.0, "precision": 1.0, "f1": 1.0}, "mean": {"recall": 1.0, "precision": 1.0, "f1": 1.0}}, "0.47": {"non-stress": {"recall": 1.0, "precision": 1.0, "f1": 1.0}, "stress": {"recall": 1.0, "precision": 1.0, "f1": 1.0}, "mean": {"recall": 1.0, "precision": 1.0, "f1": 1.0}}, "0.48": {"non-stress": {"recall": 1.0, "precision": 1.0, "f1": 1.0}, "stress": {"recall": 1.0, "precision": 1.0, "f1": 1.0}, "mean": {"recall": 1.0, "precision": 1.0, "f1": 1.0}}, "0.49": {"non-stress": {"recall": 1.0, "precision": 1.0, "f1": 1.0}, "stress": {"recall": 1.0, "precision": 1.0, "f1": 1.0}, "mean": {"recall": 1.0, "precision": 1.0, "f1": 1.0}}, "0.5": {"non-stress": {"recall": 1.0, "precision": 1.0, "f1": 1.0}, "stress": {"recall": 1.0, "precision": 1.0, "f1": 1.0}, "mean": {"recall": 1.0, "precision": 1.0, "f1": 1.0}}, "0.51": {"non-stress": {"recall": 1.0, "precision": 1.0, "f1": 1.0}, "stress": {"recall": 1.0, "precision": 1.0, "f1": 1.0}, "mean": {"recall": 1.0, "precision": 1.0, "f1": 1.0}}, "0.52": {"non-stress": {"recall": 1.0, "precision": 1.0, "f1": 1.0}, "stress": {"recall": 1.0, "precision": 1.0, "f1": 1.0}, "mean": {"recall": 1.0, "precision": 1.0, "f1": 1.0}}, "0.53": {"non-stress": {"recall": 1.0, "precision": 1.0, "f1": 1.0}, "stress": {"recall": 1.0, "precision": 1.0, "f1": 1.0}, "mean": {"recall": 1.0, "precision": 1.0, "f1": 1.0}}, "0.54": {"non-stress": {"recall": 1.0, "precision": 1.0, "f1": 1.0}, "stress": {"recall": 1.0, "precision": 1.0, "f1": 1.0}, "mean": {"recall": 1.0, "precision": 1.0, "f1": 1.0}}, "0.55": {"non-stress": {"recall": 1.0, "precision": 1.0, "f1": 1.0}, "stress": {"recall": 1.0, "precision": 1.0, "f1": 1.0}, "mean": {"recall": 1.0, "precision": 1.0, "f1": 1.0}}, "0.56": {"non-stress": {"recall": 1.0, "precision": 1.0, "f1": 1.0}, "stress": {"recall": 1.0, "precision": 1.0, "f1": 1.0}, "mean": {"recall": 1.0, "precision": 1.0, "f1": 1.0}}, "0.57": {"non-stress": {"recall": 1.0, "precision": 1.0, "f1": 1.0}, "stress": {"recall": 1.0, "precision": 1.0, "f1": 1.0}, "mean": {"recall": 1.0, "precision": 1.0, "f1": 1.0}}, "0.58": {"non-stress": {"recall": 1.0, "precision": 1.0, "f1": 1.0}, "stress": {"recall": 1.0, "precision": 1.0, "f1": 1.0}, "mean": {"recall": 1.0, "precision": 1.0, "f1": 1.0}}, "0.59": {"non-stress": {"recall": 1.0, "precision": 1.0, "f1": 1.0}, "stress": {"recall": 1.0, "precision": 1.0, "f1": 1.0}, "mean": {"recall": 1.0, "precision": 1.0, "f1": 1.0}}, "0.6": {"non-stress": {"recall": 1.0, "precision": 1.0, "f1": 1.0}, "stress": {"recall": 1.0, "precision": 1.0, "f1": 1.0}, "mean": {"recall": 1.0, "precision": 1.0, "f1": 1.0}}, "0.61": {"non-stress": {"recall": 1.0, "precision": 1.0, "f1": 1.0}, "stress": {"recall": 1.0, "precision": 1.0, "f1": 1.0}, "mean": {"recall": 1.0, "precision": 1.0, "f1": 1.0}}, "0.62": {"non-stress": {"recall": 1.0, "precision": 1.0, "f1": 1.0}, "stress": {"recall": 1.0, "precision": 1.0, "f1": 1.0}, "mean": {"recall": 1.0, "precision": 1.0, "f1": 1.0}}, "0.63": {"non-stress": {"recall": 1.0, "precision": 1.0, "f1": 1.0}, "stress": {"recall": 1.0, "precision": 1.0, "f1": 1.0}, "mean": {"recall": 1.0, "precision": 1.0, "f1": 1.0}}, "0.64": {"non-stress": {"recall": 1.0, "precision": 1.0, "f1": 1.0}, "stress": {"recall": 1.0, "precision": 1.0, "f1": 1.0}, "mean": {"recall": 1.0, "precision": 1.0, "f1": 1.0}}, "0.65": {"non-stress": {"recall": 1.0, "precision": 1.0, "f1": 1.0}, "stress": {"recall": 1.0, "precision": 1.0, "f1": 1.0}, "mean": {"recall": 1.0, "precision": 1.0, "f1": 1.0}}, "0.66": {"non-stress": {"recall": 1.0, "precision": 1.0, "f1": 1.0}, "stress": {"recall": 1.0, "precision": 1.0, "f1": 1.0}, "mean": {"recall": 1.0, "precision": 1.0, "f1": 1.0}}, "0.67": {"non-stress": {"recall": 1.0, "precision": 1.0, "f1": 1.0}, "stress": {"recall": 1.0, "precision": 1.0, "f1": 1.0}, "mean": {"recall": 1.0, "precision": 1.0, "f1": 1.0}}, "0.68": {"non-stress": {"recall": 1.0, "precision": 1.0, "f1": 1.0}, "stress": {"recall": 1.0, "precision": 1.0, "f1": 1.0}, "mean": {"recall": 1.0, "precision": 1.0, "f1": 1.0}}, "0.69": {"non-stress": {"recall": 1.0, "precision": 1.0, "f1": 1.0}, "stress": {"recall": 1.0, "precision": 1.0, "f1": 1.0}, "mean": {"recall": 1.0, "precision": 1.0, "f1": 1.0}}, "0.7": {"non-stress": {"recall": 1.0, "precision": 1.0, "f1": 1.0}, "stress": {"recall": 1.0, "precision": 1.0, "f1": 1.0}, "mean": {"recall": 1.0, "precision": 1.0, "f1": 1.0}}, "0.71": {"non-stress": {"recall": 1.0, "precision": 1.0, "f1": 1.0}, "stress": {"recall": 1.0, "precision": 1.0, "f1": 1.0}, "mean": {"recall": 1.0, "precision": 1.0, "f1": 1.0}}, "0.72": {"non-stress": {"recall": 1.0, "precision": 1.0, "f1": 1.0}, "stress": {"recall": 1.0, "precision": 1.0, "f1": 1.0}, "mean": {"recall": 1.0, "precision": 1.0, "f1": 1.0}}, "0.73": {"non-stress": {"recall": 1.0, "precision": 1.0, "f1": 1.0}, "stress": {"recall": 1.0, "precision": 1.0, "f1": 1.0}, "mean": {"recall": 1.0, "precision": 1.0, "f1": 1.0}}, "0.74": {"non-stress": {"recall": 1.0, "precision": 1.0, "f1": 1.0}, "stress": {"recall": 1.0, "precision": 1.0, "f1": 1.0}, "mean": {"recall": 1.0, "precision": 1.0, "f1": 1.0}}, "0.75": {"non-stress": {"recall": 1.0, "precision": 1.0, "f1": 1.0}, "stress": {"recall": 1.0, "precision": 1.0, "f1": 1.0}, "mean": {"recall": 1.0, "precision": 1.0, "f1": 1.0}}, "0.76": {"non-stress": {"recall": 1.0, "precision": 1.0, "f1": 1.0}, "stress": {"recall": 1.0, "precision": 1.0, "f1": 1.0}, "mean": {"recall": 1.0, "precision": 1.0, "f1": 1.0}}, "0.77": {"non-stress": {"recall": 1.0, "precision": 1.0, "f1": 1.0}, "stress": {"recall": 1.0, "precision": 1.0, "f1": 1.0}, "mean": {"recall": 1.0, "precision": 1.0, "f1": 1.0}}, "0.78": {"non-stress": {"recall": 1.0, "precision": 1.0, "f1": 1.0}, "stress": {"recall": 1.0, "precision": 1.0, "f1": 1.0}, "mean": {"recall": 1.0, "precision": 1.0, "f1": 1.0}}, "0.79": {"non-stress": {"recall": 1.0, "precision": 1.0, "f1": 1.0}, "stress": {"recall": 1.0, "precision": 1.0, "f1": 1.0}, "mean": {"recall": 1.0, "precision": 1.0, "f1": 1.0}}, "0.8": {"non-stress": {"recall": 1.0, "precision": 1.0, "f1": 1.0}, "stress": {"recall": 1.0, "precision": 1.0, "f1": 1.0}, "mean": {"recall": 1.0, "precision": 1.0, "f1": 1.0}}, "0.81": {"non-stress": {"recall": 1.0, "precision": 1.0, "f1": 1.0}, "stress": {"recall": 1.0, "precision": 1.0, "f1": 1.0}, "mean": {"recall": 1.0, "precision": 1.0, "f1": 1.0}}, "0.82": {"non-stress": {"recall": 1.0, "precision": 1.0, "f1": 1.0}, "stress": {"recall": 1.0, "precision": 1.0, "f1": 1.0}, "mean": {"recall": 1.0, "precision": 1.0, "f1": 1.0}}, "0.83": {"non-stress": {"recall": 1.0, "precision": 1.0, "f1": 1.0}, "stress": {"recall": 1.0, "precision": 1.0, "f1": 1.0}, "mean": {"recall": 1.0, "precision": 1.0, "f1": 1.0}}, "0.84": {"non-stress": {"recall": 1.0, "precision": 1.0, "f1": 1.0}, "stress": {"recall": 1.0, "precision": 1.0, "f1": 1.0}, "mean": {"recall": 1.0, "precision": 1.0, "f1": 1.0}}, "0.85": {"non-stress": {"recall": 1.0, "precision": 1.0, "f1": 1.0}, "stress": {"recall": 1.0, "precision": 1.0, "f1": 1.0}, "mean": {"recall": 1.0, "precision": 1.0, "f1": 1.0}}, "0.86": {"non-stress": {"recall": 1.0, "precision": 1.0, "f1": 1.0}, "stress": {"recall": 1.0, "precision": 1.0, "f1": 1.0}, "mean": {"recall": 1.0, "precision": 1.0, "f1": 1.0}}, "0.87": {"non-stress": {"recall": 1.0, "precision": 1.0, "f1": 1.0}, "stress": {"recall": 1.0, "precision": 1.0, "f1": 1.0}, "mean": {"recall": 1.0, "precision": 1.0, "f1": 1.0}}, "0.88": {"non-stress": {"recall": 1.0, "precision": 1.0, "f1": 1.0}, "stress": {"recall": 1.0, "precision": 1.0, "f1": 1.0}, "mean": {"recall": 1.0, "precision": 1.0, "f1": 1.0}}, "0.89": {"non-stress": {"recall": 1.0, "precision": 1.0, "f1": 1.0}, "stress": {"recall": 1.0, "precision": 1.0, "f1": 1.0}, "mean": {"recall": 1.0, "precision": 1.0, "f1": 1.0}}, "0.9": {"non-stress": {"recall": 1.0, "precision": 1.0, "f1": 1.0}, "stress": {"recall": 1.0, "precision": 1.0, "f1": 1.0}, "mean": {"recall": 1.0, "precision": 1.0, "f1": 1.0}}, "0.91": {"non-stress": {"recall": 1.0, "precision": 1.0, "f1": 1.0}, "stress": {"recall": 1.0, "precision": 1.0, "f1": 1.0}, "mean": {"recall": 1.0, "precision": 1.0, "f1": 1.0}}, "0.92": {"non-stress": {"recall": 1.0, "precision": 1.0, "f1": 1.0}, "stress": {"recall": 1.0, "precision": 1.0, "f1": 1.0}, "mean": {"recall": 1.0, "precision": 1.0, "f1": 1.0}}, "0.93": {"non-stress": {"recall": 1.0, "precision": 1.0, "f1": 1.0}, "stress": {"recall": 1.0, "precision": 1.0, "f1": 1.0}, "mean": {"recall": 1.0, "precision": 1.0, "f1": 1.0}}, "0.94": {"non-stress": {"recall": 1.0, "precision": 1.0, "f1": 1.0}, "stress": {"recall": 1.0, "precision": 1.0, "f1": 1.0}, "mean": {"recall": 1.0, "precision": 1.0, "f1": 1.0}}, "0.95": {"non-stress": {"recall": 1.0, "precision": 1.0, "f1": 1.0}, "stress": {"recall": 1.0, "precision": 1.0, "f1": 1.0}, "mean": {"recall": 1.0, "precision": 1.0, "f1": 1.0}}, "0.96": {"non-stress": {"recall": 1.0, "precision": 1.0, "f1": 1.0}, "stress": {"recall": 1.0, "precision": 1.0, "f1": 1.0}, "mean": {"recall": 1.0, "precision": 1.0, "f1": 1.0}}, "0.97": {"non-stress": {"recall": 1.0, "precision": 1.0, "f1": 1.0}, "stress": {"recall": 1.0, "precision": 1.0, "f1": 1.0}, "mean": {"recall": 1.0, "precision": 1.0, "f1": 1.0}}, "0.98": {"non-stress": {"recall": 1.0, "precision": 1.0, "f1": 1.0}, "stress": {"recall": 1.0, "precision": 1.0, "f1": 1.0}, "mean": {"recall": 1.0, "precision": 1.0, "f1": 1.0}}, "0.99": {"non-stress": {"recall": 1.0, "precision": 1.0, "f1": 1.0}, "stress": {"recall": 1.0, "precision": 1.0, "f1": 1.0}, "mean": {"recall": 1.0, "precision": 1.0, "f1": 1.0}}, "1.0": {"non-stress": {"recall": 1.0, "precision": 1.0, "f1": 1.0}, "stress": {"recall": 1.0, "precision": 1.0, "f1": 1.0}, "mean": {"recall": 1.0, "precision": 1.0, "f1": 1.0}}}