{"rank": {"bvp": [2, 12, 7, 10, 3, 7, 1, 5, 0, 3, 6, 7, 3, 0, 1], "eda": [7, 13, 8, 4, 5, 12, 4, 11, 3, 4, 12, 4, 2, 7, 3], "temp": [13, 3, 3, 11, 9, 14, 0, 10, 12, 10, 7, 0, 5, 3, 1], "acc": [11, 7, 6, 1, 10, 14, 3, 3, 10, 13, 3, 8, 13, 0, 1], "bvp+eda": [2, 14, 9, 7, 2, 12, 0, 9, 0, 4, 11, 4, 1, 3, 2], "bvp+temp": [10, 10, 3, 13, 5, 12, 0, 9, 6, 5, 4, 2, 3, 1, 1], "bvp+acc": [5, 13, 5, 3, 6, 12, 0, 2, 3, 9, 3, 8, 10, 0, 0], "eda+temp": [13, 11, 5, 8, 8, 14, 0, 11, 10, 7, 13, 0, 4, 3, 1], "eda+acc": [11, 13, 8, 1, 10, 14, 2, 8, 5, 11, 10, 4, 10, 2, 0], "temp+acc": [13, 5, 3, 6, 12, 14, 1, 5, 12, 13, 3, 3, 11, 1, 0], "bvp+eda+temp": [7, 12, 5, 9, 4, 13, 0, 10, 2, 5, 9, 1, 2, 2, 1], "bvp+eda+acc": [6, 14, 6, 3, 4, 14, 0, 4, 1, 6, 7, 4, 4, 1, 0], "bvp+temp+acc": [11, 7, 3, 6, 7, 14, 0, 5, 7, 11, 3, 4, 8, 0, 0], "eda+temp+acc": [13, 10, 5, 4, 10, 14, 0, 10, 10, 12, 6, 2, 7, 1, 0], "bvp+eda+temp+acc": [9, 11, 5, 5, 7, 14, 0, 7, 4, 10, 7, 2, 4, 1, 0]}, "score": {"bvp": [2, 12, 7, 10, 3, 7, 1, 5, 0, 3, 6, 7, 3, 0, 1], "eda": [7, 13, 8, 4, 5, 12, 4, 11, 3, 4, 12, 4, 2, 7, 3], "temp": [13, 3, 3, 11, 9, 14, 0, 10, 12, 10, 7, 0, 5, 3, 1], "acc": [11, 7, 6, 1, 10, 14, 3, 3, 10, 13, 3, 8, 13, 0, 1], "bvp+eda": [3, 14, 9, 5, 2, 11, 0, 7, 0, 4, 10, 4, 0, 2, 2], "bvp+temp": [11, 8, 3, 12, 3, 12, 0, 7, 6, 5, 6, 0, 1, 1, 1], "bvp+acc": [4, 11, 7, 2, 4, 12, 0, 3, 1, 6, 7, 5, 5, 0, 0], "eda+temp": [12, 11, 4, 7, 5, 14, 0, 10, 10, 8, 11, 0, 4, 4, 0], "eda+acc": [9, 13, 7, 3, 8, 14, 4, 9, 7, 9, 11, 2, 6, 1, 1], "temp+acc": [14, 4, 4, 6, 10, 14, 0, 6, 10, 11, 6, 1, 8, 2, 0], "bvp+eda+temp": [9, 11, 6, 6, 3, 12, 0, 8, 3, 5, 8, 0, 2, 2, 0], "bvp+eda+acc": [5, 14, 9, 2, 2, 12, 0, 5, 1, 5, 7, 2, 1, 1, 0], "bvp+temp+acc": [10, 7, 4, 8, 3, 13, 0, 5, 7, 8, 6, 1, 3, 0, 0], "eda+temp+acc": [13, 10, 5, 7, 7, 14, 0, 10, 10, 9, 8, 0, 5, 2, 0], "bvp+eda+temp+acc": [10, 10, 6, 7, 3, 13, 0, 8, 4, 6, 8, 1, 2, 2, 0]}}