{"1001": {"1001": {"min-min": {"dba": 0.0192}, "min-mean": {"dba": 0.1256}, "mean-mean": {"dba": 0.2376}, "mean-min": {"dba": 0.2163}}, "1002": {"min-min": {"dba": 0.0668}, "min-mean": {"dba": 0.2187}, "mean-mean": {"dba": 0.3207}, "mean-min": {"dba": 0.2665}}, "1003": {"min-min": {"dba": 0.092}, "min-mean": {"dba": 0.1325}, "mean-mean": {"dba": 0.2299}, "mean-min": {"dba": 0.1527}}, "1004": {"min-min": {"dba": 0.1284}, "min-mean": {"dba": 0.1529}, "mean-mean": {"dba": 0.2511}, "mean-min": {"dba": 0.1652}}, "1005": {"min-min": {"dba": 0.2275}, "min-mean": {"dba": 0.2843}, "mean-mean": {"dba": 0.4134}, "mean-min": {"dba": 0.3978}}, "1006": {"min-min": {"dba": 0.0918}, "min-mean": {"dba": 0.1751}, "mean-mean": {"dba": 0.2888}, "mean-min": {"dba": 0.2168}}, "1007": {"min-min": {"dba": 0.027}, "min-mean": {"dba": 0.1282}, "mean-mean": {"dba": 0.2503}, "mean-min": {"dba": 0.2196}}, "1008": {"min-min": {"dba": 0.0166}, "min-mean": {"dba": 0.1177}, "mean-mean": {"dba": 0.2193}, "mean-min": {"dba": 0.1682}}, "1009": {"min-min": {"dba": 0.0573}, "min-mean": {"dba": 0.1877}, "mean-mean": {"dba": 0.2921}, "mean-min": {"dba": 0.2556}}, "1010": {"min-min": {"dba": 0.0924}, "min-mean": {"dba": 0.1672}, "mean-mean": {"dba": 0.2512}, "mean-min": {"dba": 0.232}}, "1011": {"min-min": {"dba": 0.0591}, "min-mean": {"dba": 0.1559}, "mean-mean": {"dba": 0.26}, "mean-min": {"dba": 0.2443}}, "1012": {"min-min": {"dba": 0.1177}, "min-mean": {"dba": 0.1819}, "mean-mean": {"dba": 0.2862}, "mean-min": {"dba": 0.2764}}, "1013": {"min-min": {"dba": 0.0148}, "min-mean": {"dba": 0.1586}, "mean-mean": {"dba": 0.2489}, "mean-min": {"dba": 0.2133}}, "1014": {"min-min": {"dba": 0.2358}, "min-mean": {"dba": 0.2383}, "mean-mean": {"dba": 0.3071}, "mean-min": {"dba": 0.2433}}, "1015": {"min-min": {"dba": 0.052}, "min-mean": {"dba": 0.1666}, "mean-mean": {"dba": 0.2649}, "mean-min": {"dba": 0.2255}}}, "1002": {"1001": {"min-min": {"dba": 0.0651}, "min-mean": {"dba": 0.1008}, "mean-mean": {"dba": 0.2127}, "mean-min": {"dba": 0.1721}}, "1002": {"min-min": {"dba": 0.0406}, "min-mean": {"dba": 0.1868}, "mean-mean": {"dba": 0.3081}, "mean-min": {"dba": 0.237}}, "1003": {"min-min": {"dba": 0.1104}, "min-mean": {"dba": 0.1919}, "mean-mean": {"dba": 0.2966}, "mean-min": {"dba": 0.2793}}, "1004": {"min-min": {"dba": 0.0502}, "min-mean": {"dba": 0.1347}, "mean-mean": {"dba": 0.2614}, "mean-min": {"dba": 0.2129}}, "1005": {"min-min": {"dba": 0.2552}, "min-mean": {"dba": 0.3686}, "mean-mean": {"dba": 0.47}, "mean-min": {"dba": 0.4473}}, "1006": {"min-min": {"dba": 0.0324}, "min-mean": {"dba": 0.1179}, "mean-mean": {"dba": 0.2571}, "mean-min": {"dba": 0.2012}}, "1007": {"min-min": {"dba": 0.0839}, "min-mean": {"dba": 0.1184}, "mean-mean": {"dba": 0.2305}, "mean-min": {"dba": 0.1356}}, "1008": {"min-min": {"dba": 0.0792}, "min-mean": {"dba": 0.1618}, "mean-mean": {"dba": 0.2661}, "mean-min": {"dba": 0.2551}}, "1009": {"min-min": {"dba": 0.1557}, "min-mean": {"dba": 0.2614}, "mean-mean": {"dba": 0.3418}, "mean-min": {"dba": 0.2834}}, "1010": {"min-min": {"dba": 0.0305}, "min-mean": {"dba": 0.1367}, "mean-mean": {"dba": 0.2527}, "mean-min": {"dba": 0.1818}}, "1011": {"min-min": {"dba": 0.1137}, "min-mean": {"dba": 0.2327}, "mean-mean": {"dba": 0.3214}, "mean-min": {"dba": 0.2704}}, "1012": {"min-min": {"dba": 0.0777}, "min-mean": {"dba": 0.154}, "mean-mean": {"dba": 0.2606}, "mean-min": {"dba": 0.2222}}, "1013": {"min-min": {"dba": 0.1081}, "min-mean": {"dba": 0.1592}, "mean-mean": {"dba": 0.2371}, "mean-min": {"dba": 0.2289}}, "1014": {"min-min": {"dba": 0.0757}, "min-mean": {"dba": 0.1224}, "mean-mean": {"dba": 0.238}, "mean-min": {"dba": 0.2082}}, "1015": {"min-min": {"dba": 0.0367}, "min-mean": {"dba": 0.1126}, "mean-mean": {"dba": 0.2157}, "mean-min": {"dba": 0.173}}}, "1003": {"1001": {"min-min": {"dba": 0.1565}, "min-mean": {"dba": 0.1846}, "mean-mean": {"dba": 0.2633}, "mean-min": {"dba": 0.2408}}, "1002": {"min-min": {"dba": 0.1714}, "min-mean": {"dba": 0.2133}, "mean-mean": {"dba": 0.3003}, "mean-min": {"dba": 0.2861}}, "1003": {"min-min": {"dba": 0.1712}, "min-mean": {"dba": 0.199}, "mean-mean": {"dba": 0.2747}, "mean-min": {"dba": 0.2546}}, "1004": {"min-min": {"dba": 0.1715}, "min-mean": {"dba": 0.1902}, "mean-mean": {"dba": 0.2857}, "mean-min": {"dba": 0.2276}}, "1005": {"min-min": {"dba": 0.2393}, "min-mean": {"dba": 0.3001}, "mean-mean": {"dba": 0.3983}, "mean-min": {"dba": 0.3724}}, "1006": {"min-min": {"dba": 0.1725}, "min-mean": {"dba": 0.1915}, "mean-mean": {"dba": 0.3017}, "mean-min": {"dba": 0.2295}}, "1007": {"min-min": {"dba": 0.1472}, "min-mean": {"dba": 0.1903}, "mean-mean": {"dba": 0.2711}, "mean-min": {"dba": 0.2346}}, "1008": {"min-min": {"dba": 0.1272}, "min-mean": {"dba": 0.1798}, "mean-mean": {"dba": 0.2594}, "mean-min": {"dba": 0.2455}}, "1009": {"min-min": {"dba": 0.1376}, "min-mean": {"dba": 0.1901}, "mean-mean": {"dba": 0.2764}, "mean-min": {"dba": 0.2636}}, "1010": {"min-min": {"dba": 0.1189}, "min-mean": {"dba": 0.1596}, "mean-mean": {"dba": 0.273}, "mean-min": {"dba": 0.2411}}, "1011": {"min-min": {"dba": 0.1954}, "min-mean": {"dba": 0.2347}, "mean-mean": {"dba": 0.2942}, "mean-min": {"dba": 0.2812}}, "1012": {"min-min": {"dba": 0.1302}, "min-mean": {"dba": 0.1633}, "mean-mean": {"dba": 0.2733}, "mean-min": {"dba": 0.2294}}, "1013": {"min-min": {"dba": 0.1295}, "min-mean": {"dba": 0.1881}, "mean-mean": {"dba": 0.2629}, "mean-min": {"dba": 0.2516}}, "1014": {"min-min": {"dba": 0.2093}, "min-mean": {"dba": 0.2281}, "mean-mean": {"dba": 0.3304}, "mean-min": {"dba": 0.2658}}, "1015": {"min-min": {"dba": 0.1534}, "min-mean": {"dba": 0.1734}, "mean-mean": {"dba": 0.2538}, "mean-min": {"dba": 0.2135}}}, "1004": {"1001": {"min-min": {"dba": 0.1481}, "min-mean": {"dba": 0.215}, "mean-mean": {"dba": 0.3171}, "mean-min": {"dba": 0.2868}}, "1002": {"min-min": {"dba": 0.1846}, "min-mean": {"dba": 0.2414}, "mean-mean": {"dba": 0.3154}, "mean-min": {"dba": 0.3026}}, "1003": {"min-min": {"dba": 0.1644}, "min-mean": {"dba": 0.2857}, "mean-mean": {"dba": 0.4199}, "mean-min": {"dba": 0.391}}, "1004": {"min-min": {"dba": 0.1035}, "min-mean": {"dba": 0.214}, "mean-mean": {"dba": 0.3234}, "mean-min": {"dba": 0.2664}}, "1005": {"min-min": {"dba": 0.2926}, "min-mean": {"dba": 0.4441}, "mean-mean": {"dba": 0.628}, "mean-min": {"dba": 0.6061}}, "1006": {"min-min": {"dba": 0.0536}, "min-mean": {"dba": 0.1501}, "mean-mean": {"dba": 0.2691}, "mean-min": {"dba": 0.2207}}, "1007": {"min-min": {"dba": 0.1083}, "min-mean": {"dba": 0.2014}, "mean-mean": {"dba": 0.3649}, "mean-min": {"dba": 0.2776}}, "1008": {"min-min": {"dba": 0.1509}, "min-mean": {"dba": 0.2742}, "mean-mean": {"dba": 0.3828}, "mean-min": {"dba": 0.3443}}, "1009": {"min-min": {"dba": 0.1796}, "min-mean": {"dba": 0.3515}, "mean-mean": {"dba": 0.4884}, "mean-min": {"dba": 0.4104}}, "1010": {"min-min": {"dba": 0.1488}, "min-mean": {"dba": 0.2554}, "mean-mean": {"dba": 0.341}, "mean-min": {"dba": 0.2721}}, "1011": {"min-min": {"dba": 0.2188}, "min-mean": {"dba": 0.3141}, "mean-mean": {"dba": 0.4486}, "mean-min": {"dba": 0.4046}}, "1012": {"min-min": {"dba": 0.0814}, "min-mean": {"dba": 0.1642}, "mean-mean": {"dba": 0.288}, "mean-min": {"dba": 0.2636}}, "1013": {"min-min": {"dba": 0.1749}, "min-mean": {"dba": 0.26}, "mean-mean": {"dba": 0.3681}, "mean-min": {"dba": 0.3324}}, "1014": {"min-min": {"dba": 0.0573}, "min-mean": {"dba": 0.1426}, "mean-mean": {"dba": 0.2376}, "mean-min": {"dba": 0.179}}, "1015": {"min-min": {"dba": 0.1308}, "min-mean": {"dba": 0.1885}, "mean-mean": {"dba": 0.2824}, "mean-min": {"dba": 0.2717}}}, "1005": {"1001": {"min-min": {"dba": 0.3138}, "min-mean": {"dba": 0.3437}, "mean-mean": {"dba": 0.4047}, "mean-min": {"dba": 0.3879}}, "1002": {"min-min": {"dba": 0.2629}, "min-mean": {"dba": 0.36}, "mean-mean": {"dba": 0.4795}, "mean-min": {"dba": 0.4004}}, "1003": {"min-min": {"dba": 0.2542}, "min-mean": {"dba": 0.284}, "mean-mean": {"dba": 0.3486}, "mean-min": {"dba": 0.3088}}, "1004": {"min-min": {"dba": 0.2743}, "min-mean": {"dba": 0.2743}, "mean-mean": {"dba": 0.3994}, "mean-min": {"dba": 0.2743}}, "1005": {"min-min": {"dba": 0.0212}, "min-mean": {"dba": 0.2154}, "mean-mean": {"dba": 0.3931}, "mean-min": {"dba": 0.3313}}, "1006": {"min-min": {"dba": 0.3046}, "min-mean": {"dba": 0.3364}, "mean-mean": {"dba": 0.4621}, "mean-min": {"dba": 0.4001}}, "1007": {"min-min": {"dba": 0.2246}, "min-mean": {"dba": 0.2776}, "mean-mean": {"dba": 0.3632}, "mean-min": {"dba": 0.3416}}, "1008": {"min-min": {"dba": 0.2905}, "min-mean": {"dba": 0.298}, "mean-mean": {"dba": 0.3682}, "mean-min": {"dba": 0.3131}}, "1009": {"min-min": {"dba": 0.2586}, "min-mean": {"dba": 0.2727}, "mean-mean": {"dba": 0.3427}, "mean-min": {"dba": 0.2947}}, "1010": {"min-min": {"dba": 0.2207}, "min-mean": {"dba": 0.2622}, "mean-mean": {"dba": 0.4038}, "mean-min": {"dba": 0.3451}}, "1011": {"min-min": {"dba": 0.2267}, "min-mean": {"dba": 0.2738}, "mean-mean": {"dba": 0.3538}, "mean-min": {"dba": 0.3288}}, "1012": {"min-min": {"dba": 0.2801}, "min-mean": {"dba": 0.3133}, "mean-mean": {"dba": 0.4297}, "mean-min": {"dba": 0.3797}}, "1013": {"min-min": {"dba": 0.2729}, "min-mean": {"dba": 0.2917}, "mean-mean": {"dba": 0.3682}, "mean-min": {"dba": 0.3292}}, "1014": {"min-min": {"dba": 0.3111}, "min-mean": {"dba": 0.3214}, "mean-mean": {"dba": 0.4604}, "mean-min": {"dba": 0.3419}}, "1015": {"min-min": {"dba": 0.252}, "min-mean": {"dba": 0.3233}, "mean-mean": {"dba": 0.4351}, "mean-min": {"dba": 0.3832}}}, "1006": {"1001": {"min-min": {"dba": 0.0734}, "min-mean": {"dba": 0.1136}, "mean-mean": {"dba": 0.2221}, "mean-min": {"dba": 0.1828}}, "1002": {"min-min": {"dba": 0.0837}, "min-mean": {"dba": 0.1963}, "mean-mean": {"dba": 0.2983}, "mean-min": {"dba": 0.2352}}, "1003": {"min-min": {"dba": 0.1764}, "min-mean": {"dba": 0.2403}, "mean-mean": {"dba": 0.3324}, "mean-min": {"dba": 0.3276}}, "1004": {"min-min": {"dba": 0.0712}, "min-mean": {"dba": 0.1568}, "mean-mean": {"dba": 0.2585}, "mean-min": {"dba": 0.2214}}, "1005": {"min-min": {"dba": 0.4275}, "min-mean": {"dba": 0.4498}, "mean-mean": {"dba": 0.5208}, "mean-min": {"dba": 0.4821}}, "1006": {"min-min": {"dba": 0.0266}, "min-mean": {"dba": 0.1172}, "mean-mean": {"dba": 0.2364}, "mean-min": {"dba": 0.2046}}, "1007": {"min-min": {"dba": 0.1266}, "min-mean": {"dba": 0.1391}, "mean-mean": {"dba": 0.2615}, "mean-min": {"dba": 0.1641}}, "1008": {"min-min": {"dba": 0.1592}, "min-mean": {"dba": 0.2162}, "mean-mean": {"dba": 0.2928}, "mean-min": {"dba": 0.2827}}, "1009": {"min-min": {"dba": 0.2061}, "min-mean": {"dba": 0.3047}, "mean-mean": {"dba": 0.3847}, "mean-min": {"dba": 0.3315}}, "1010": {"min-min": {"dba": 0.027}, "min-mean": {"dba": 0.1447}, "mean-mean": {"dba": 0.2567}, "mean-min": {"dba": 0.1901}}, "1011": {"min-min": {"dba": 0.2063}, "min-mean": {"dba": 0.2824}, "mean-mean": {"dba": 0.3569}, "mean-min": {"dba": 0.3245}}, "1012": {"min-min": {"dba": 0.077}, "min-mean": {"dba": 0.1579}, "mean-mean": {"dba": 0.2521}, "mean-min": {"dba": 0.2203}}, "1013": {"min-min": {"dba": 0.1293}, "min-mean": {"dba": 0.1892}, "mean-mean": {"dba": 0.267}, "mean-min": {"dba": 0.2528}}, "1014": {"min-min": {"dba": 0.0783}, "min-mean": {"dba": 0.1267}, "mean-mean": {"dba": 0.2047}, "mean-min": {"dba": 0.191}}, "1015": {"min-min": {"dba": 0.0395}, "min-mean": {"dba": 0.1199}, "mean-mean": {"dba": 0.2123}, "mean-min": {"dba": 0.1798}}}, "1007": {"1001": {"min-min": {"dba": 0.0988}, "min-mean": {"dba": 0.1792}, "mean-mean": {"dba": 0.2779}, "mean-min": {"dba": 0.2609}}, "1002": {"min-min": {"dba": 0.1727}, "min-mean": {"dba": 0.2729}, "mean-mean": {"dba": 0.358}, "mean-min": {"dba": 0.3215}}, "1003": {"min-min": {"dba": 0.0739}, "min-mean": {"dba": 0.1945}, "mean-mean": {"dba": 0.2942}, "mean-min": {"dba": 0.2474}}, "1004": {"min-min": {"dba": 0.2122}, "min-mean": {"dba": 0.2548}, "mean-mean": {"dba": 0.3627}, "mean-min": {"dba": 0.3321}}, "1005": {"min-min": {"dba": 0.1842}, "min-mean": {"dba": 0.2405}, "mean-mean": {"dba": 0.337}, "mean-min": {"dba": 0.3247}}, "1006": {"min-min": {"dba": 0.1978}, "min-mean": {"dba": 0.2563}, "mean-mean": {"dba": 0.3934}, "mean-min": {"dba": 0.3551}}, "1007": {"min-min": {"dba": 0.0492}, "min-mean": {"dba": 0.1712}, "mean-mean": {"dba": 0.2732}, "mean-min": {"dba": 0.2319}}, "1008": {"min-min": {"dba": 0.0756}, "min-mean": {"dba": 0.182}, "mean-mean": {"dba": 0.2865}, "mean-min": {"dba": 0.2524}}, "1009": {"min-min": {"dba": 0.0535}, "min-mean": {"dba": 0.1871}, "mean-mean": {"dba": 0.2765}, "mean-min": {"dba": 0.2222}}, "1010": {"min-min": {"dba": 0.1733}, "min-mean": {"dba": 0.2515}, "mean-mean": {"dba": 0.3575}, "mean-min": {"dba": 0.3226}}, "1011": {"min-min": {"dba": 0.0447}, "min-mean": {"dba": 0.112}, "mean-mean": {"dba": 0.2078}, "mean-min": {"dba": 0.1456}}, "1012": {"min-min": {"dba": 0.153}, "min-mean": {"dba": 0.2213}, "mean-mean": {"dba": 0.3583}, "mean-min": {"dba": 0.3476}}, "1013": {"min-min": {"dba": 0.0656}, "min-mean": {"dba": 0.2223}, "mean-mean": {"dba": 0.3085}, "mean-min": {"dba": 0.2407}}, "1014": {"min-min": {"dba": 0.2334}, "min-mean": {"dba": 0.2377}, "mean-mean": {"dba": 0.3725}, "mean-min": {"dba": 0.2398}}, "1015": {"min-min": {"dba": 0.124}, "min-mean": {"dba": 0.1908}, "mean-mean": {"dba": 0.301}, "mean-min": {"dba": 0.2877}}}, "1008": {"1001": {"min-min": {"dba": 0.058}, "min-mean": {"dba": 0.1017}, "mean-mean": {"dba": 0.2024}, "mean-min": {"dba": 0.1887}}, "1002": {"min-min": {"dba": 0.1299}, "min-mean": {"dba": 0.268}, "mean-mean": {"dba": 0.3572}, "mean-min": {"dba": 0.2696}}, "1003": {"min-min": {"dba": 0.0906}, "min-mean": {"dba": 0.1318}, "mean-mean": {"dba": 0.2054}, "mean-min": {"dba": 0.1976}}, "1004": {"min-min": {"dba": 0.1386}, "min-mean": {"dba": 0.1515}, "mean-mean": {"dba": 0.2615}, "mean-min": {"dba": 0.1772}}, "1005": {"min-min": {"dba": 0.2226}, "min-mean": {"dba": 0.2445}, "mean-mean": {"dba": 0.3145}, "mean-min": {"dba": 0.2795}}, "1006": {"min-min": {"dba": 0.1608}, "min-mean": {"dba": 0.2052}, "mean-mean": {"dba": 0.3196}, "mean-min": {"dba": 0.2843}}, "1007": {"min-min": {"dba": 0.0839}, "min-mean": {"dba": 0.1118}, "mean-mean": {"dba": 0.1786}, "mean-min": {"dba": 0.1622}}, "1008": {"min-min": {"dba": 0.0596}, "min-mean": {"dba": 0.0921}, "mean-mean": {"dba": 0.1847}, "mean-min": {"dba": 0.1572}}, "1009": {"min-min": {"dba": 0.0892}, "min-mean": {"dba": 0.1128}, "mean-mean": {"dba": 0.1748}, "mean-min": {"dba": 0.16}}, "1010": {"min-min": {"dba": 0.0816}, "min-mean": {"dba": 0.1293}, "mean-mean": {"dba": 0.2377}, "mean-min": {"dba": 0.2176}}, "1011": {"min-min": {"dba": 0.0877}, "min-mean": {"dba": 0.166}, "mean-mean": {"dba": 0.2267}, "mean-min": {"dba": 0.176}}, "1012": {"min-min": {"dba": 0.1185}, "min-mean": {"dba": 0.2046}, "mean-mean": {"dba": 0.3186}, "mean-min": {"dba": 0.2869}}, "1013": {"min-min": {"dba": 0.0811}, "min-mean": {"dba": 0.1098}, "mean-mean": {"dba": 0.1742}, "mean-min": {"dba": 0.1672}}, "1014": {"min-min": {"dba": 0.2709}, "min-mean": {"dba": 0.2745}, "mean-mean": {"dba": 0.3349}, "mean-min": {"dba": 0.2763}}, "1015": {"min-min": {"dba": 0.0629}, "min-mean": {"dba": 0.1409}, "mean-mean": {"dba": 0.2468}, "mean-min": {"dba": 0.2187}}}, "1009": {"1001": {"min-min": {"dba": 0.1007}, "min-mean": {"dba": 0.1628}, "mean-mean": {"dba": 0.2491}, "mean-min": {"dba": 0.2363}}, "1002": {"min-min": {"dba": 0.0929}, "min-mean": {"dba": 0.3108}, "mean-mean": {"dba": 0.4314}, "mean-min": {"dba": 0.31}}, "1003": {"min-min": {"dba": 0.0687}, "min-mean": {"dba": 0.147}, "mean-mean": {"dba": 0.2516}, "mean-min": {"dba": 0.2168}}, "1004": {"min-min": {"dba": 0.0923}, "min-mean": {"dba": 0.2006}, "mean-mean": {"dba": 0.3424}, "mean-min": {"dba": 0.2695}}, "1005": {"min-min": {"dba": 0.1591}, "min-mean": {"dba": 0.2228}, "mean-mean": {"dba": 0.3077}, "mean-min": {"dba": 0.267}}, "1006": {"min-min": {"dba": 0.1604}, "min-mean": {"dba": 0.2614}, "mean-mean": {"dba": 0.394}, "mean-min": {"dba": 0.3618}}, "1007": {"min-min": {"dba": 0.0256}, "min-mean": {"dba": 0.1059}, "mean-mean": {"dba": 0.2144}, "mean-min": {"dba": 0.1862}}, "1008": {"min-min": {"dba": 0.07}, "min-mean": {"dba": 0.1388}, "mean-mean": {"dba": 0.2439}, "mean-min": {"dba": 0.2268}}, "1009": {"min-min": {"dba": 0.0337}, "min-mean": {"dba": 0.094}, "mean-mean": {"dba": 0.1898}, "mean-min": {"dba": 0.1764}}, "1010": {"min-min": {"dba": 0.1376}, "min-mean": {"dba": 0.2299}, "mean-mean": {"dba": 0.3156}, "mean-min": {"dba": 0.296}}, "1011": {"min-min": {"dba": 0.067}, "min-mean": {"dba": 0.1446}, "mean-mean": {"dba": 0.2205}, "mean-min": {"dba": 0.1782}}, "1012": {"min-min": {"dba": 0.1346}, "min-mean": {"dba": 0.2887}, "mean-mean": {"dba": 0.3993}, "mean-min": {"dba": 0.3393}}, "1013": {"min-min": {"dba": 0.0703}, "min-mean": {"dba": 0.153}, "mean-mean": {"dba": 0.2378}, "mean-min": {"dba": 0.2071}}, "1014": {"min-min": {"dba": 0.2169}, "min-mean": {"dba": 0.2715}, "mean-mean": {"dba": 0.4197}, "mean-min": {"dba": 0.3807}}, "1015": {"min-min": {"dba": 0.0896}, "min-mean": {"dba": 0.2169}, "mean-mean": {"dba": 0.3087}, "mean-min": {"dba": 0.2596}}}, "1010": {"1001": {"min-min": {"dba": 0.0364}, "min-mean": {"dba": 0.108}, "mean-mean": {"dba": 0.2244}, "mean-min": {"dba": 0.2157}}, "1002": {"min-min": {"dba": 0.0599}, "min-mean": {"dba": 0.192}, "mean-mean": {"dba": 0.3035}, "mean-min": {"dba": 0.2257}}, "1003": {"min-min": {"dba": 0.0775}, "min-mean": {"dba": 0.163}, "mean-mean": {"dba": 0.2705}, "mean-min": {"dba": 0.2547}}, "1004": {"min-min": {"dba": 0.037}, "min-mean": {"dba": 0.1361}, "mean-mean": {"dba": 0.2425}, "mean-min": {"dba": 0.2312}}, "1005": {"min-min": {"dba": 0.332}, "min-mean": {"dba": 0.3701}, "mean-mean": {"dba": 0.4562}, "mean-min": {"dba": 0.4025}}, "1006": {"min-min": {"dba": 0.0543}, "min-mean": {"dba": 0.1565}, "mean-mean": {"dba": 0.2603}, "mean-min": {"dba": 0.2229}}, "1007": {"min-min": {"dba": 0.1142}, "min-mean": {"dba": 0.1235}, "mean-mean": {"dba": 0.2269}, "mean-min": {"dba": 0.1422}}, "1008": {"min-min": {"dba": 0.1001}, "min-mean": {"dba": 0.158}, "mean-mean": {"dba": 0.242}, "mean-min": {"dba": 0.2205}}, "1009": {"min-min": {"dba": 0.149}, "min-mean": {"dba": 0.2334}, "mean-mean": {"dba": 0.3119}, "mean-min": {"dba": 0.2817}}, "1010": {"min-min": {"dba": 0.0344}, "min-mean": {"dba": 0.118}, "mean-mean": {"dba": 0.2256}, "mean-min": {"dba": 0.1916}}, "1011": {"min-min": {"dba": 0.1382}, "min-mean": {"dba": 0.237}, "mean-mean": {"dba": 0.319}, "mean-min": {"dba": 0.271}}, "1012": {"min-min": {"dba": 0.0637}, "min-mean": {"dba": 0.1523}, "mean-mean": {"dba": 0.2638}, "mean-min": {"dba": 0.2278}}, "1013": {"min-min": {"dba": 0.0757}, "min-mean": {"dba": 0.1271}, "mean-mean": {"dba": 0.2048}, "mean-min": {"dba": 0.1639}}, "1014": {"min-min": {"dba": 0.1064}, "min-mean": {"dba": 0.1351}, "mean-mean": {"dba": 0.2168}, "mean-min": {"dba": 0.1924}}, "1015": {"min-min": {"dba": 0.036}, "min-mean": {"dba": 0.1563}, "mean-mean": {"dba": 0.2341}, "mean-min": {"dba": 0.1749}}}, "1011": {"1001": {"min-min": {"dba": 0.1246}, "min-mean": {"dba": 0.1966}, "mean-mean": {"dba": 0.2892}, "mean-min": {"dba": 0.2613}}, "1002": {"min-min": {"dba": 0.1249}, "min-mean": {"dba": 0.1876}, "mean-mean": {"dba": 0.2781}, "mean-min": {"dba": 0.2212}}, "1003": {"min-min": {"dba": 0.1516}, "min-mean": {"dba": 0.1977}, "mean-mean": {"dba": 0.3137}, "mean-min": {"dba": 0.29}}, "1004": {"min-min": {"dba": 0.1406}, "min-mean": {"dba": 0.2284}, "mean-mean": {"dba": 0.3279}, "mean-min": {"dba": 0.2998}}, "1005": {"min-min": {"dba": 0.2028}, "min-mean": {"dba": 0.2849}, "mean-mean": {"dba": 0.4404}, "mean-min": {"dba": 0.355}}, "1006": {"min-min": {"dba": 0.1176}, "min-mean": {"dba": 0.1891}, "mean-mean": {"dba": 0.306}, "mean-min": {"dba": 0.287}}, "1007": {"min-min": {"dba": 0.1363}, "min-mean": {"dba": 0.207}, "mean-mean": {"dba": 0.31}, "mean-min": {"dba": 0.2539}}, "1008": {"min-min": {"dba": 0.0748}, "min-mean": {"dba": 0.1717}, "mean-mean": {"dba": 0.3151}, "mean-min": {"dba": 0.2875}}, "1009": {"min-min": {"dba": 0.1484}, "min-mean": {"dba": 0.2478}, "mean-mean": {"dba": 0.3543}, "mean-min": {"dba": 0.3083}}, "1010": {"min-min": {"dba": 0.0976}, "min-mean": {"dba": 0.1917}, "mean-mean": {"dba": 0.3184}, "mean-min": {"dba": 0.292}}, "1011": {"min-min": {"dba": 0.1416}, "min-mean": {"dba": 0.2258}, "mean-mean": {"dba": 0.3173}, "mean-min": {"dba": 0.2792}}, "1012": {"min-min": {"dba": 0.1159}, "min-mean": {"dba": 0.1721}, "mean-mean": {"dba": 0.2661}, "mean-min": {"dba": 0.2203}}, "1013": {"min-min": {"dba": 0.0704}, "min-mean": {"dba": 0.2056}, "mean-mean": {"dba": 0.3128}, "mean-min": {"dba": 0.267}}, "1014": {"min-min": {"dba": 0.2152}, "min-mean": {"dba": 0.2359}, "mean-mean": {"dba": 0.3051}, "mean-min": {"dba": 0.2773}}, "1015": {"min-min": {"dba": 0.1003}, "min-mean": {"dba": 0.1671}, "mean-mean": {"dba": 0.292}, "mean-min": {"dba": 0.282}}}, "1012": {"1001": {"min-min": {"dba": 0.094}, "min-mean": {"dba": 0.1285}, "mean-mean": {"dba": 0.2332}, "mean-min": {"dba": 0.1976}}, "1002": {"min-min": {"dba": 0.0915}, "min-mean": {"dba": 0.1987}, "mean-mean": {"dba": 0.301}, "mean-min": {"dba": 0.2407}}, "1003": {"min-min": {"dba": 0.1352}, "min-mean": {"dba": 0.2355}, "mean-mean": {"dba": 0.3301}, "mean-min": {"dba": 0.3016}}, "1004": {"min-min": {"dba": 0.0349}, "min-mean": {"dba": 0.145}, "mean-mean": {"dba": 0.2663}, "mean-min": {"dba": 0.2271}}, "1005": {"min-min": {"dba": 0.2399}, "min-mean": {"dba": 0.3226}, "mean-mean": {"dba": 0.5163}, "mean-min": {"dba": 0.4881}}, "1006": {"min-min": {"dba": 0.0439}, "min-mean": {"dba": 0.132}, "mean-mean": {"dba": 0.2475}, "mean-min": {"dba": 0.2079}}, "1007": {"min-min": {"dba": 0.1462}, "min-mean": {"dba": 0.1563}, "mean-mean": {"dba": 0.2646}, "mean-min": {"dba": 0.1702}}, "1008": {"min-min": {"dba": 0.1685}, "min-mean": {"dba": 0.2275}, "mean-mean": {"dba": 0.2991}, "mean-min": {"dba": 0.281}}, "1009": {"min-min": {"dba": 0.1174}, "min-mean": {"dba": 0.2808}, "mean-mean": {"dba": 0.3866}, "mean-min": {"dba": 0.3206}}, "1010": {"min-min": {"dba": 0.0269}, "min-mean": {"dba": 0.1494}, "mean-mean": {"dba": 0.2668}, "mean-min": {"dba": 0.2029}}, "1011": {"min-min": {"dba": 0.154}, "min-mean": {"dba": 0.2724}, "mean-mean": {"dba": 0.361}, "mean-min": {"dba": 0.3161}}, "1012": {"min-min": {"dba": 0.0562}, "min-mean": {"dba": 0.1494}, "mean-mean": {"dba": 0.2591}, "mean-min": {"dba": 0.2297}}, "1013": {"min-min": {"dba": 0.141}, "min-mean": {"dba": 0.2009}, "mean-mean": {"dba": 0.2732}, "mean-min": {"dba": 0.2525}}, "1014": {"min-min": {"dba": 0.0768}, "min-mean": {"dba": 0.1269}, "mean-mean": {"dba": 0.2077}, "mean-min": {"dba": 0.1862}}, "1015": {"min-min": {"dba": 0.0621}, "min-mean": {"dba": 0.1328}, "mean-mean": {"dba": 0.2246}, "mean-min": {"dba": 0.1995}}}, "1013": {"1001": {"min-min": {"dba": 0.0451}, "min-mean": {"dba": 0.0702}, "mean-mean": {"dba": 0.2069}, "mean-min": {"dba": 0.1205}}, "1002": {"min-min": {"dba": 0.0587}, "min-mean": {"dba": 0.1812}, "mean-mean": {"dba": 0.3212}, "mean-min": {"dba": 0.2267}}, "1003": {"min-min": {"dba": 0.0826}, "min-mean": {"dba": 0.1426}, "mean-mean": {"dba": 0.2654}, "mean-min": {"dba": 0.2345}}, "1004": {"min-min": {"dba": 0.1064}, "min-mean": {"dba": 0.1545}, "mean-mean": {"dba": 0.2748}, "mean-min": {"dba": 0.2443}}, "1005": {"min-min": {"dba": 0.278}, "min-mean": {"dba": 0.302}, "mean-mean": {"dba": 0.4005}, "mean-min": {"dba": 0.314}}, "1006": {"min-min": {"dba": 0.1278}, "min-mean": {"dba": 0.193}, "mean-mean": {"dba": 0.3129}, "mean-min": {"dba": 0.259}}, "1007": {"min-min": {"dba": 0.0562}, "min-mean": {"dba": 0.0607}, "mean-mean": {"dba": 0.2033}, "mean-min": {"dba": 0.0698}}, "1008": {"min-min": {"dba": 0.1338}, "min-mean": {"dba": 0.1607}, "mean-mean": {"dba": 0.2451}, "mean-min": {"dba": 0.2145}}, "1009": {"min-min": {"dba": 0.1461}, "min-mean": {"dba": 0.1989}, "mean-mean": {"dba": 0.2938}, "mean-min": {"dba": 0.2509}}, "1010": {"min-min": {"dba": 0.0873}, "min-mean": {"dba": 0.1539}, "mean-mean": {"dba": 0.262}, "mean-min": {"dba": 0.2007}}, "1011": {"min-min": {"dba": 0.1123}, "min-mean": {"dba": 0.1657}, "mean-mean": {"dba": 0.2748}, "mean-min": {"dba": 0.2391}}, "1012": {"min-min": {"dba": 0.1181}, "min-mean": {"dba": 0.1743}, "mean-mean": {"dba": 0.2817}, "mean-min": {"dba": 0.2409}}, "1013": {"min-min": {"dba": 0.0353}, "min-mean": {"dba": 0.0993}, "mean-mean": {"dba": 0.2289}, "mean-min": {"dba": 0.186}}, "1014": {"min-min": {"dba": 0.1429}, "min-mean": {"dba": 0.1429}, "mean-mean": {"dba": 0.2618}, "mean-min": {"dba": 0.1429}}, "1015": {"min-min": {"dba": 0.0923}, "min-mean": {"dba": 0.152}, "mean-mean": {"dba": 0.2499}, "mean-min": {"dba": 0.1872}}}, "1014": {"1001": {"min-min": {"dba": 0.2471}, "min-mean": {"dba": 0.3181}, "mean-mean": {"dba": 0.4444}, "mean-min": {"dba": 0.4178}}, "1002": {"min-min": {"dba": 0.2318}, "min-mean": {"dba": 0.3375}, "mean-mean": {"dba": 0.4307}, "mean-min": {"dba": 0.3828}}, "1003": {"min-min": {"dba": 0.311}, "min-mean": {"dba": 0.3458}, "mean-mean": {"dba": 0.4611}, "mean-min": {"dba": 0.411}}, "1004": {"min-min": {"dba": 0.1619}, "min-mean": {"dba": 0.2627}, "mean-mean": {"dba": 0.3886}, "mean-min": {"dba": 0.3432}}, "1005": {"min-min": {"dba": 0.3068}, "min-mean": {"dba": 0.4429}, "mean-mean": {"dba": 0.6568}, "mean-min": {"dba": 0.5784}}, "1006": {"min-min": {"dba": 0.1242}, "min-mean": {"dba": 0.2503}, "mean-mean": {"dba": 0.3787}, "mean-min": {"dba": 0.3157}}, "1007": {"min-min": {"dba": 0.2228}, "min-mean": {"dba": 0.2778}, "mean-mean": {"dba": 0.4492}, "mean-min": {"dba": 0.3624}}, "1008": {"min-min": {"dba": 0.187}, "min-mean": {"dba": 0.2644}, "mean-mean": {"dba": 0.4374}, "mean-min": {"dba": 0.4192}}, "1009": {"min-min": {"dba": 0.2874}, "min-mean": {"dba": 0.4039}, "mean-mean": {"dba": 0.5262}, "mean-min": {"dba": 0.4973}}, "1010": {"min-min": {"dba": 0.2484}, "min-mean": {"dba": 0.311}, "mean-mean": {"dba": 0.3785}, "mean-min": {"dba": 0.3505}}, "1011": {"min-min": {"dba": 0.3033}, "min-mean": {"dba": 0.4369}, "mean-mean": {"dba": 0.551}, "mean-min": {"dba": 0.4945}}, "1012": {"min-min": {"dba": 0.1467}, "min-mean": {"dba": 0.2585}, "mean-mean": {"dba": 0.3716}, "mean-min": {"dba": 0.3376}}, "1013": {"min-min": {"dba": 0.2688}, "min-mean": {"dba": 0.3173}, "mean-mean": {"dba": 0.4091}, "mean-min": {"dba": 0.3415}}, "1014": {"min-min": {"dba": 0.1041}, "min-mean": {"dba": 0.2304}, "mean-mean": {"dba": 0.329}, "mean-min": {"dba": 0.2893}}, "1015": {"min-min": {"dba": 0.1816}, "min-mean": {"dba": 0.2801}, "mean-mean": {"dba": 0.4036}, "mean-min": {"dba": 0.3532}}}, "1015": {"1001": {"min-min": {"dba": 0.1231}, "min-mean": {"dba": 0.1836}, "mean-mean": {"dba": 0.277}, "mean-min": {"dba": 0.2569}}, "1002": {"min-min": {"dba": 0.1144}, "min-mean": {"dba": 0.2084}, "mean-mean": {"dba": 0.3016}, "mean-min": {"dba": 0.2669}}, "1003": {"min-min": {"dba": 0.1245}, "min-mean": {"dba": 0.1746}, "mean-mean": {"dba": 0.2728}, "mean-min": {"dba": 0.2431}}, "1004": {"min-min": {"dba": 0.1299}, "min-mean": {"dba": 0.1792}, "mean-mean": {"dba": 0.2624}, "mean-min": {"dba": 0.2486}}, "1005": {"min-min": {"dba": 0.2271}, "min-mean": {"dba": 0.299}, "mean-mean": {"dba": 0.4281}, "mean-min": {"dba": 0.3868}}, "1006": {"min-min": {"dba": 0.1592}, "min-mean": {"dba": 0.1967}, "mean-mean": {"dba": 0.2779}, "mean-min": {"dba": 0.2716}}, "1007": {"min-min": {"dba": 0.0697}, "min-mean": {"dba": 0.1695}, "mean-mean": {"dba": 0.2756}, "mean-min": {"dba": 0.2536}}, "1008": {"min-min": {"dba": 0.1068}, "min-mean": {"dba": 0.1669}, "mean-mean": {"dba": 0.2591}, "mean-min": {"dba": 0.2479}}, "1009": {"min-min": {"dba": 0.1471}, "min-mean": {"dba": 0.1863}, "mean-mean": {"dba": 0.284}, "mean-min": {"dba": 0.2647}}, "1010": {"min-min": {"dba": 0.0939}, "min-mean": {"dba": 0.1381}, "mean-mean": {"dba": 0.2417}, "mean-min": {"dba": 0.2265}}, "1011": {"min-min": {"dba": 0.1204}, "min-mean": {"dba": 0.2291}, "mean-mean": {"dba": 0.3209}, "mean-min": {"dba": 0.2703}}, "1012": {"min-min": {"dba": 0.1199}, "min-mean": {"dba": 0.1892}, "mean-mean": {"dba": 0.2661}, "mean-min": {"dba": 0.2555}}, "1013": {"min-min": {"dba": 0.1245}, "min-mean": {"dba": 0.1587}, "mean-mean": {"dba": 0.2408}, "mean-min": {"dba": 0.2107}}, "1014": {"min-min": {"dba": 0.1505}, "min-mean": {"dba": 0.197}, "mean-mean": {"dba": 0.2919}, "mean-min": {"dba": 0.2834}}, "1015": {"min-min": {"dba": 0.1138}, "min-mean": {"dba": 0.1844}, "mean-mean": {"dba": 0.2667}, "mean-min": {"dba": 0.2379}}}}