{"1001": {"1001": {"min-min": {"dba": 0.0178}, "min-mean": {"dba": 0.1245}, "mean-mean": {"dba": 0.236}, "mean-min": {"dba": 0.2025}}, "1002": {"min-min": {"dba": 0.0381}, "min-mean": {"dba": 0.1249}, "mean-mean": {"dba": 0.2465}, "mean-min": {"dba": 0.2194}}, "1003": {"min-min": {"dba": 0.0281}, "min-mean": {"dba": 0.1337}, "mean-mean": {"dba": 0.2697}, "mean-min": {"dba": 0.2512}}, "1004": {"min-min": {"dba": 0.0853}, "min-mean": {"dba": 0.1548}, "mean-mean": {"dba": 0.2536}, "mean-min": {"dba": 0.224}}, "1005": {"min-min": {"dba": 0.2215}, "min-mean": {"dba": 0.262}, "mean-mean": {"dba": 0.3893}, "mean-min": {"dba": 0.2823}}, "1006": {"min-min": {"dba": 0.071}, "min-mean": {"dba": 0.1719}, "mean-mean": {"dba": 0.2887}, "mean-min": {"dba": 0.2392}}, "1007": {"min-min": {"dba": 0.0233}, "min-mean": {"dba": 0.1111}, "mean-mean": {"dba": 0.236}, "mean-min": {"dba": 0.1818}}, "1008": {"min-min": {"dba": 0.0214}, "min-mean": {"dba": 0.1337}, "mean-mean": {"dba": 0.2412}, "mean-min": {"dba": 0.2253}}, "1009": {"min-min": {"dba": 0.0544}, "min-mean": {"dba": 0.1864}, "mean-mean": {"dba": 0.3009}, "mean-min": {"dba": 0.2464}}, "1010": {"min-min": {"dba": 0.0125}, "min-mean": {"dba": 0.1232}, "mean-mean": {"dba": 0.2394}, "mean-min": {"dba": 0.2116}}, "1011": {"min-min": {"dba": 0.0437}, "min-mean": {"dba": 0.219}, "mean-mean": {"dba": 0.3255}, "mean-min": {"dba": 0.2416}}, "1012": {"min-min": {"dba": 0.0926}, "min-mean": {"dba": 0.1685}, "mean-mean": {"dba": 0.2497}, "mean-min": {"dba": 0.221}}, "1013": {"min-min": {"dba": 0.015}, "min-mean": {"dba": 0.0667}, "mean-mean": {"dba": 0.1971}, "mean-min": {"dba": 0.1587}}, "1014": {"min-min": {"dba": 0.1213}, "min-mean": {"dba": 0.1275}, "mean-mean": {"dba": 0.2204}, "mean-min": {"dba": 0.1399}}, "1015": {"min-min": {"dba": 0.0483}, "min-mean": {"dba": 0.133}, "mean-mean": {"dba": 0.2144}, "mean-min": {"dba": 0.192}}}, "1002": {"1001": {"min-min": {"dba": 0.0345}, "min-mean": {"dba": 0.0758}, "mean-mean": {"dba": 0.1935}, "mean-min": {"dba": 0.1585}}, "1002": {"min-min": {"dba": 0.0387}, "min-mean": {"dba": 0.145}, "mean-mean": {"dba": 0.2727}, "mean-min": {"dba": 0.1947}}, "1003": {"min-min": {"dba": 0.119}, "min-mean": {"dba": 0.1774}, "mean-mean": {"dba": 0.2793}, "mean-min": {"dba": 0.2712}}, "1004": {"min-min": {"dba": 0.0387}, "min-mean": {"dba": 0.1183}, "mean-mean": {"dba": 0.2554}, "mean-min": {"dba": 0.2013}}, "1005": {"min-min": {"dba": 0.2018}, "min-mean": {"dba": 0.297}, "mean-mean": {"dba": 0.4094}, "mean-min": {"dba": 0.3628}}, "1006": {"min-min": {"dba": 0.0364}, "min-mean": {"dba": 0.1199}, "mean-mean": {"dba": 0.2589}, "mean-min": {"dba": 0.1995}}, "1007": {"min-min": {"dba": 0.0826}, "min-mean": {"dba": 0.1051}, "mean-mean": {"dba": 0.2181}, "mean-min": {"dba": 0.1164}}, "1008": {"min-min": {"dba": 0.0819}, "min-mean": {"dba": 0.137}, "mean-mean": {"dba": 0.2505}, "mean-min": {"dba": 0.2382}}, "1009": {"min-min": {"dba": 0.1638}, "min-mean": {"dba": 0.2409}, "mean-mean": {"dba": 0.3118}, "mean-min": {"dba": 0.2717}}, "1010": {"min-min": {"dba": 0.0314}, "min-mean": {"dba": 0.1357}, "mean-mean": {"dba": 0.2525}, "mean-min": {"dba": 0.1706}}, "1011": {"min-min": {"dba": 0.1272}, "min-mean": {"dba": 0.2172}, "mean-mean": {"dba": 0.3038}, "mean-min": {"dba": 0.2645}}, "1012": {"min-min": {"dba": 0.0461}, "min-mean": {"dba": 0.1349}, "mean-mean": {"dba": 0.2607}, "mean-min": {"dba": 0.1957}}, "1013": {"min-min": {"dba": 0.0425}, "min-mean": {"dba": 0.1211}, "mean-mean": {"dba": 0.2316}, "mean-min": {"dba": 0.209}}, "1014": {"min-min": {"dba": 0.0949}, "min-mean": {"dba": 0.1317}, "mean-mean": {"dba": 0.2411}, "mean-min": {"dba": 0.2053}}, "1015": {"min-min": {"dba": 0.0301}, "min-mean": {"dba": 0.0871}, "mean-mean": {"dba": 0.1919}, "mean-min": {"dba": 0.1523}}}, "1003": {"1001": {"min-min": {"dba": 0.1009}, "min-mean": {"dba": 0.1731}, "mean-mean": {"dba": 0.2629}, "mean-min": {"dba": 0.2431}}, "1002": {"min-min": {"dba": 0.1486}, "min-mean": {"dba": 0.2239}, "mean-mean": {"dba": 0.3082}, "mean-min": {"dba": 0.2485}}, "1003": {"min-min": {"dba": 0.1227}, "min-mean": {"dba": 0.1453}, "mean-mean": {"dba": 0.231}, "mean-min": {"dba": 0.1566}}, "1004": {"min-min": {"dba": 0.151}, "min-mean": {"dba": 0.1596}, "mean-mean": {"dba": 0.2572}, "mean-min": {"dba": 0.1768}}, "1005": {"min-min": {"dba": 0.2133}, "min-mean": {"dba": 0.2948}, "mean-mean": {"dba": 0.3855}, "mean-min": {"dba": 0.3664}}, "1006": {"min-min": {"dba": 0.1662}, "min-mean": {"dba": 0.1923}, "mean-mean": {"dba": 0.2923}, "mean-min": {"dba": 0.2444}}, "1007": {"min-min": {"dba": 0.0816}, "min-mean": {"dba": 0.136}, "mean-mean": {"dba": 0.2585}, "mean-min": {"dba": 0.2159}}, "1008": {"min-min": {"dba": 0.1353}, "min-mean": {"dba": 0.1406}, "mean-mean": {"dba": 0.2244}, "mean-min": {"dba": 0.1446}}, "1009": {"min-min": {"dba": 0.1245}, "min-mean": {"dba": 0.2123}, "mean-mean": {"dba": 0.2964}, "mean-min": {"dba": 0.281}}, "1010": {"min-min": {"dba": 0.1465}, "min-mean": {"dba": 0.1587}, "mean-mean": {"dba": 0.2544}, "mean-min": {"dba": 0.1831}}, "1011": {"min-min": {"dba": 0.133}, "min-mean": {"dba": 0.2314}, "mean-mean": {"dba": 0.31}, "mean-min": {"dba": 0.281}}, "1012": {"min-min": {"dba": 0.1586}, "min-mean": {"dba": 0.2186}, "mean-mean": {"dba": 0.3015}, "mean-min": {"dba": 0.2506}}, "1013": {"min-min": {"dba": 0.1176}, "min-mean": {"dba": 0.1467}, "mean-mean": {"dba": 0.2387}, "mean-min": {"dba": 0.1862}}, "1014": {"min-min": {"dba": 0.173}, "min-mean": {"dba": 0.1979}, "mean-mean": {"dba": 0.3147}, "mean-min": {"dba": 0.2478}}, "1015": {"min-min": {"dba": 0.1458}, "min-mean": {"dba": 0.201}, "mean-mean": {"dba": 0.2823}, "mean-min": {"dba": 0.2408}}}, "1004": {"1001": {"min-min": {"dba": 0.1093}, "min-mean": {"dba": 0.1559}, "mean-mean": {"dba": 0.2674}, "mean-min": {"dba": 0.2491}}, "1002": {"min-min": {"dba": 0.0628}, "min-mean": {"dba": 0.136}, "mean-mean": {"dba": 0.2548}, "mean-min": {"dba": 0.2292}}, "1003": {"min-min": {"dba": 0.1564}, "min-mean": {"dba": 0.2166}, "mean-mean": {"dba": 0.3386}, "mean-min": {"dba": 0.3104}}, "1004": {"min-min": {"dba": 0.061}, "min-mean": {"dba": 0.1606}, "mean-mean": {"dba": 0.2674}, "mean-min": {"dba": 0.2061}}, "1005": {"min-min": {"dba": 0.2854}, "min-mean": {"dba": 0.3547}, "mean-mean": {"dba": 0.5041}, "mean-min": {"dba": 0.3894}}, "1006": {"min-min": {"dba": 0.0861}, "min-mean": {"dba": 0.1717}, "mean-mean": {"dba": 0.2609}, "mean-min": {"dba": 0.201}}, "1007": {"min-min": {"dba": 0.1195}, "min-mean": {"dba": 0.1666}, "mean-mean": {"dba": 0.3044}, "mean-min": {"dba": 0.2034}}, "1008": {"min-min": {"dba": 0.1544}, "min-mean": {"dba": 0.2226}, "mean-mean": {"dba": 0.313}, "mean-min": {"dba": 0.3004}}, "1009": {"min-min": {"dba": 0.1773}, "min-mean": {"dba": 0.2939}, "mean-mean": {"dba": 0.4058}, "mean-min": {"dba": 0.3615}}, "1010": {"min-min": {"dba": 0.0854}, "min-mean": {"dba": 0.1775}, "mean-mean": {"dba": 0.272}, "mean-min": {"dba": 0.215}}, "1011": {"min-min": {"dba": 0.1631}, "min-mean": {"dba": 0.293}, "mean-mean": {"dba": 0.4071}, "mean-min": {"dba": 0.3612}}, "1012": {"min-min": {"dba": 0.0757}, "min-mean": {"dba": 0.1544}, "mean-mean": {"dba": 0.2507}, "mean-min": {"dba": 0.2073}}, "1013": {"min-min": {"dba": 0.1364}, "min-mean": {"dba": 0.1726}, "mean-mean": {"dba": 0.2761}, "mean-min": {"dba": 0.2451}}, "1014": {"min-min": {"dba": 0.0756}, "min-mean": {"dba": 0.125}, "mean-mean": {"dba": 0.2005}, "mean-min": {"dba": 0.1644}}, "1015": {"min-min": {"dba": 0.0463}, "min-mean": {"dba": 0.1212}, "mean-mean": {"dba": 0.2423}, "mean-min": {"dba": 0.2181}}}, "1005": {"1001": {"min-min": {"dba": 0.1928}, "min-mean": {"dba": 0.2554}, "mean-mean": {"dba": 0.3534}, "mean-min": {"dba": 0.3054}}, "1002": {"min-min": {"dba": 0.2057}, "min-mean": {"dba": 0.2666}, "mean-mean": {"dba": 0.3926}, "mean-min": {"dba": 0.3515}}, "1003": {"min-min": {"dba": 0.1103}, "min-mean": {"dba": 0.2013}, "mean-mean": {"dba": 0.328}, "mean-min": {"dba": 0.2783}}, "1004": {"min-min": {"dba": 0.2076}, "min-mean": {"dba": 0.252}, "mean-mean": {"dba": 0.4021}, "mean-min": {"dba": 0.3408}}, "1005": {"min-min": {"dba": 0.0218}, "min-mean": {"dba": 0.1454}, "mean-mean": {"dba": 0.2723}, "mean-min": {"dba": 0.226}}, "1006": {"min-min": {"dba": 0.1866}, "min-mean": {"dba": 0.2574}, "mean-mean": {"dba": 0.4296}, "mean-min": {"dba": 0.395}}, "1007": {"min-min": {"dba": 0.1471}, "min-mean": {"dba": 0.2214}, "mean-mean": {"dba": 0.3221}, "mean-min": {"dba": 0.2784}}, "1008": {"min-min": {"dba": 0.111}, "min-mean": {"dba": 0.1816}, "mean-mean": {"dba": 0.3263}, "mean-min": {"dba": 0.2977}}, "1009": {"min-min": {"dba": 0.1409}, "min-mean": {"dba": 0.1824}, "mean-mean": {"dba": 0.277}, "mean-min": {"dba": 0.2655}}, "1010": {"min-min": {"dba": 0.2104}, "min-mean": {"dba": 0.2536}, "mean-mean": {"dba": 0.3806}, "mean-min": {"dba": 0.3401}}, "1011": {"min-min": {"dba": 0.0838}, "min-mean": {"dba": 0.2124}, "mean-mean": {"dba": 0.3505}, "mean-min": {"dba": 0.2758}}, "1012": {"min-min": {"dba": 0.1895}, "min-mean": {"dba": 0.2774}, "mean-mean": {"dba": 0.4303}, "mean-min": {"dba": 0.3707}}, "1013": {"min-min": {"dba": 0.1722}, "min-mean": {"dba": 0.2133}, "mean-mean": {"dba": 0.3132}, "mean-min": {"dba": 0.2895}}, "1014": {"min-min": {"dba": 0.1994}, "min-mean": {"dba": 0.2219}, "mean-mean": {"dba": 0.4148}, "mean-min": {"dba": 0.267}}, "1015": {"min-min": {"dba": 0.2554}, "min-mean": {"dba": 0.2624}, "mean-mean": {"dba": 0.3415}, "mean-min": {"dba": 0.2763}}}, "1006": {"1001": {"min-min": {"dba": 0.0484}, "min-mean": {"dba": 0.0989}, "mean-mean": {"dba": 0.2044}, "mean-min": {"dba": 0.1784}}, "1002": {"min-min": {"dba": 0.0442}, "min-mean": {"dba": 0.1511}, "mean-mean": {"dba": 0.2553}, "mean-min": {"dba": 0.2068}}, "1003": {"min-min": {"dba": 0.1531}, "min-mean": {"dba": 0.2163}, "mean-mean": {"dba": 0.3114}, "mean-min": {"dba": 0.3011}}, "1004": {"min-min": {"dba": 0.0158}, "min-mean": {"dba": 0.1179}, "mean-mean": {"dba": 0.2388}, "mean-min": {"dba": 0.195}}, "1005": {"min-min": {"dba": 0.2997}, "min-mean": {"dba": 0.3715}, "mean-mean": {"dba": 0.4786}, "mean-min": {"dba": 0.4337}}, "1006": {"min-min": {"dba": 0.0258}, "min-mean": {"dba": 0.1164}, "mean-mean": {"dba": 0.2277}, "mean-min": {"dba": 0.192}}, "1007": {"min-min": {"dba": 0.0877}, "min-mean": {"dba": 0.1054}, "mean-mean": {"dba": 0.2475}, "mean-min": {"dba": 0.1408}}, "1008": {"min-min": {"dba": 0.097}, "min-mean": {"dba": 0.1728}, "mean-mean": {"dba": 0.2761}, "mean-min": {"dba": 0.2623}}, "1009": {"min-min": {"dba": 0.1877}, "min-mean": {"dba": 0.2907}, "mean-mean": {"dba": 0.3647}, "mean-min": {"dba": 0.3052}}, "1010": {"min-min": {"dba": 0.0238}, "min-mean": {"dba": 0.1445}, "mean-mean": {"dba": 0.2457}, "mean-min": {"dba": 0.1716}}, "1011": {"min-min": {"dba": 0.1718}, "min-mean": {"dba": 0.2578}, "mean-mean": {"dba": 0.3372}, "mean-min": {"dba": 0.3007}}, "1012": {"min-min": {"dba": 0.0412}, "min-mean": {"dba": 0.1332}, "mean-mean": {"dba": 0.2359}, "mean-min": {"dba": 0.1935}}, "1013": {"min-min": {"dba": 0.1021}, "min-mean": {"dba": 0.1724}, "mean-mean": {"dba": 0.2531}, "mean-min": {"dba": 0.2351}}, "1014": {"min-min": {"dba": 0.0632}, "min-mean": {"dba": 0.1132}, "mean-mean": {"dba": 0.1924}, "mean-min": {"dba": 0.1804}}, "1015": {"min-min": {"dba": 0.0349}, "min-mean": {"dba": 0.103}, "mean-mean": {"dba": 0.1906}, "mean-min": {"dba": 0.169}}}, "1007": {"1001": {"min-min": {"dba": 0.1082}, "min-mean": {"dba": 0.1861}, "mean-mean": {"dba": 0.2632}, "mean-min": {"dba": 0.2346}}, "1002": {"min-min": {"dba": 0.1554}, "min-mean": {"dba": 0.2141}, "mean-mean": {"dba": 0.2859}, "mean-min": {"dba": 0.2794}}, "1003": {"min-min": {"dba": 0.0687}, "min-mean": {"dba": 0.152}, "mean-mean": {"dba": 0.2477}, "mean-min": {"dba": 0.2141}}, "1004": {"min-min": {"dba": 0.1698}, "min-mean": {"dba": 0.2137}, "mean-mean": {"dba": 0.2937}, "mean-min": {"dba": 0.2506}}, "1005": {"min-min": {"dba": 0.1197}, "min-mean": {"dba": 0.2126}, "mean-mean": {"dba": 0.3202}, "mean-min": {"dba": 0.2743}}, "1006": {"min-min": {"dba": 0.1612}, "min-mean": {"dba": 0.2204}, "mean-mean": {"dba": 0.3313}, "mean-min": {"dba": 0.3294}}, "1007": {"min-min": {"dba": 0.0513}, "min-mean": {"dba": 0.1476}, "mean-mean": {"dba": 0.2523}, "mean-min": {"dba": 0.2168}}, "1008": {"min-min": {"dba": 0.0654}, "min-mean": {"dba": 0.1336}, "mean-mean": {"dba": 0.2429}, "mean-min": {"dba": 0.2297}}, "1009": {"min-min": {"dba": 0.0514}, "min-mean": {"dba": 0.1427}, "mean-mean": {"dba": 0.2442}, "mean-min": {"dba": 0.2045}}, "1010": {"min-min": {"dba": 0.0951}, "min-mean": {"dba": 0.1838}, "mean-mean": {"dba": 0.2806}, "mean-min": {"dba": 0.2645}}, "1011": {"min-min": {"dba": 0.0411}, "min-mean": {"dba": 0.1936}, "mean-mean": {"dba": 0.2849}, "mean-min": {"dba": 0.2064}}, "1012": {"min-min": {"dba": 0.1767}, "min-mean": {"dba": 0.2342}, "mean-mean": {"dba": 0.3124}, "mean-min": {"dba": 0.2965}}, "1013": {"min-min": {"dba": 0.0688}, "min-mean": {"dba": 0.1608}, "mean-mean": {"dba": 0.2393}, "mean-min": {"dba": 0.2199}}, "1014": {"min-min": {"dba": 0.1761}, "min-mean": {"dba": 0.1761}, "mean-mean": {"dba": 0.3}, "mean-min": {"dba": 0.1761}}, "1015": {"min-min": {"dba": 0.1111}, "min-mean": {"dba": 0.1646}, "mean-mean": {"dba": 0.2395}, "mean-min": {"dba": 0.2068}}}, "1008": {"1001": {"min-min": {"dba": 0.0499}, "min-mean": {"dba": 0.1103}, "mean-mean": {"dba": 0.1917}, "mean-min": {"dba": 0.1779}}, "1002": {"min-min": {"dba": 0.1009}, "min-mean": {"dba": 0.2151}, "mean-mean": {"dba": 0.305}, "mean-min": {"dba": 0.2409}}, "1003": {"min-min": {"dba": 0.0812}, "min-mean": {"dba": 0.126}, "mean-mean": {"dba": 0.1957}, "mean-min": {"dba": 0.1846}}, "1004": {"min-min": {"dba": 0.1291}, "min-mean": {"dba": 0.1425}, "mean-mean": {"dba": 0.2466}, "mean-min": {"dba": 0.1694}}, "1005": {"min-min": {"dba": 0.1717}, "min-mean": {"dba": 0.2112}, "mean-mean": {"dba": 0.3007}, "mean-min": {"dba": 0.2902}}, "1006": {"min-min": {"dba": 0.1222}, "min-mean": {"dba": 0.1732}, "mean-mean": {"dba": 0.2869}, "mean-min": {"dba": 0.2516}}, "1007": {"min-min": {"dba": 0.0693}, "min-mean": {"dba": 0.1095}, "mean-mean": {"dba": 0.1892}, "mean-min": {"dba": 0.187}}, "1008": {"min-min": {"dba": 0.0628}, "min-mean": {"dba": 0.095}, "mean-mean": {"dba": 0.18}, "mean-min": {"dba": 0.1594}}, "1009": {"min-min": {"dba": 0.0892}, "min-mean": {"dba": 0.1289}, "mean-mean": {"dba": 0.1834}, "mean-min": {"dba": 0.1693}}, "1010": {"min-min": {"dba": 0.0803}, "min-mean": {"dba": 0.1283}, "mean-mean": {"dba": 0.232}, "mean-min": {"dba": 0.2013}}, "1011": {"min-min": {"dba": 0.0681}, "min-mean": {"dba": 0.1437}, "mean-mean": {"dba": 0.2144}, "mean-min": {"dba": 0.172}}, "1012": {"min-min": {"dba": 0.1035}, "min-mean": {"dba": 0.2008}, "mean-mean": {"dba": 0.3026}, "mean-min": {"dba": 0.2632}}, "1013": {"min-min": {"dba": 0.0809}, "min-mean": {"dba": 0.1097}, "mean-mean": {"dba": 0.1738}, "mean-min": {"dba": 0.1601}}, "1014": {"min-min": {"dba": 0.1442}, "min-mean": {"dba": 0.1971}, "mean-mean": {"dba": 0.3261}, "mean-min": {"dba": 0.2795}}, "1015": {"min-min": {"dba": 0.0707}, "min-mean": {"dba": 0.1146}, "mean-mean": {"dba": 0.2097}, "mean-min": {"dba": 0.2025}}}, "1009": {"1001": {"min-min": {"dba": 0.0737}, "min-mean": {"dba": 0.1124}, "mean-mean": {"dba": 0.2032}, "mean-min": {"dba": 0.1707}}, "1002": {"min-min": {"dba": 0.0981}, "min-mean": {"dba": 0.24}, "mean-mean": {"dba": 0.3418}, "mean-min": {"dba": 0.2636}}, "1003": {"min-min": {"dba": 0.0496}, "min-mean": {"dba": 0.1255}, "mean-mean": {"dba": 0.2234}, "mean-min": {"dba": 0.1929}}, "1004": {"min-min": {"dba": 0.0897}, "min-mean": {"dba": 0.1801}, "mean-mean": {"dba": 0.305}, "mean-min": {"dba": 0.2579}}, "1005": {"min-min": {"dba": 0.1261}, "min-mean": {"dba": 0.1944}, "mean-mean": {"dba": 0.2986}, "mean-min": {"dba": 0.2642}}, "1006": {"min-min": {"dba": 0.048}, "min-mean": {"dba": 0.1635}, "mean-mean": {"dba": 0.3191}, "mean-min": {"dba": 0.2775}}, "1007": {"min-min": {"dba": 0.0436}, "min-mean": {"dba": 0.1054}, "mean-mean": {"dba": 0.2004}, "mean-min": {"dba": 0.1817}}, "1008": {"min-min": {"dba": 0.0322}, "min-mean": {"dba": 0.0964}, "mean-mean": {"dba": 0.2159}, "mean-min": {"dba": 0.2077}}, "1009": {"min-min": {"dba": 0.0285}, "min-mean": {"dba": 0.1003}, "mean-mean": {"dba": 0.1883}, "mean-min": {"dba": 0.154}}, "1010": {"min-min": {"dba": 0.0885}, "min-mean": {"dba": 0.1598}, "mean-mean": {"dba": 0.2779}, "mean-min": {"dba": 0.2647}}, "1011": {"min-min": {"dba": 0.0275}, "min-mean": {"dba": 0.1056}, "mean-mean": {"dba": 0.1981}, "mean-min": {"dba": 0.1605}}, "1012": {"min-min": {"dba": 0.1235}, "min-mean": {"dba": 0.2443}, "mean-mean": {"dba": 0.3453}, "mean-min": {"dba": 0.2915}}, "1013": {"min-min": {"dba": 0.0649}, "min-mean": {"dba": 0.1308}, "mean-mean": {"dba": 0.2172}, "mean-min": {"dba": 0.1948}}, "1014": {"min-min": {"dba": 0.1694}, "min-mean": {"dba": 0.2267}, "mean-mean": {"dba": 0.3665}, "mean-min": {"dba": 0.3307}}, "1015": {"min-min": {"dba": 0.0897}, "min-mean": {"dba": 0.1521}, "mean-mean": {"dba": 0.2323}, "mean-min": {"dba": 0.2091}}}, "1010": {"1001": {"min-min": {"dba": 0.029}, "min-mean": {"dba": 0.0572}, "mean-mean": {"dba": 0.1516}, "mean-min": {"dba": 0.1136}}, "1002": {"min-min": {"dba": 0.0357}, "min-mean": {"dba": 0.1529}, "mean-mean": {"dba": 0.257}, "mean-min": {"dba": 0.1886}}, "1003": {"min-min": {"dba": 0.086}, "min-mean": {"dba": 0.1348}, "mean-mean": {"dba": 0.232}, "mean-min": {"dba": 0.2302}}, "1004": {"min-min": {"dba": 0.0292}, "min-mean": {"dba": 0.0993}, "mean-mean": {"dba": 0.2214}, "mean-min": {"dba": 0.2109}}, "1005": {"min-min": {"dba": 0.256}, "min-mean": {"dba": 0.2995}, "mean-mean": {"dba": 0.4081}, "mean-min": {"dba": 0.3866}}, "1006": {"min-min": {"dba": 0.0452}, "min-mean": {"dba": 0.1118}, "mean-mean": {"dba": 0.2301}, "mean-min": {"dba": 0.2207}}, "1007": {"min-min": {"dba": 0.0875}, "min-mean": {"dba": 0.0904}, "mean-mean": {"dba": 0.1873}, "mean-min": {"dba": 0.0962}}, "1008": {"min-min": {"dba": 0.0367}, "min-mean": {"dba": 0.0895}, "mean-mean": {"dba": 0.2016}, "mean-min": {"dba": 0.195}}, "1009": {"min-min": {"dba": 0.1223}, "min-mean": {"dba": 0.2035}, "mean-mean": {"dba": 0.2786}, "mean-min": {"dba": 0.2334}}, "1010": {"min-min": {"dba": 0.0345}, "min-mean": {"dba": 0.1147}, "mean-mean": {"dba": 0.2102}, "mean-min": {"dba": 0.1762}}, "1011": {"min-min": {"dba": 0.1064}, "min-mean": {"dba": 0.179}, "mean-mean": {"dba": 0.2598}, "mean-min": {"dba": 0.2257}}, "1012": {"min-min": {"dba": 0.0409}, "min-mean": {"dba": 0.1354}, "mean-mean": {"dba": 0.2417}, "mean-min": {"dba": 0.1968}}, "1013": {"min-min": {"dba": 0.0403}, "min-mean": {"dba": 0.0953}, "mean-mean": {"dba": 0.1892}, "mean-min": {"dba": 0.1809}}, "1014": {"min-min": {"dba": 0.0958}, "min-mean": {"dba": 0.1378}, "mean-mean": {"dba": 0.2354}, "mean-min": {"dba": 0.2218}}, "1015": {"min-min": {"dba": 0.0299}, "min-mean": {"dba": 0.083}, "mean-mean": {"dba": 0.1639}, "mean-min": {"dba": 0.1506}}}, "1011": {"1001": {"min-min": {"dba": 0.1015}, "min-mean": {"dba": 0.2127}, "mean-mean": {"dba": 0.3185}, "mean-min": {"dba": 0.2899}}, "1002": {"min-min": {"dba": 0.1035}, "min-mean": {"dba": 0.1729}, "mean-mean": {"dba": 0.2805}, "mean-min": {"dba": 0.2764}}, "1003": {"min-min": {"dba": 0.1289}, "min-mean": {"dba": 0.1844}, "mean-mean": {"dba": 0.3163}, "mean-min": {"dba": 0.269}}, "1004": {"min-min": {"dba": 0.1347}, "min-mean": {"dba": 0.2071}, "mean-mean": {"dba": 0.2929}, "mean-min": {"dba": 0.2616}}, "1005": {"min-min": {"dba": 0.2073}, "min-mean": {"dba": 0.2916}, "mean-mean": {"dba": 0.4615}, "mean-min": {"dba": 0.3659}}, "1006": {"min-min": {"dba": 0.1295}, "min-mean": {"dba": 0.2267}, "mean-mean": {"dba": 0.334}, "mean-min": {"dba": 0.2711}}, "1007": {"min-min": {"dba": 0.1179}, "min-mean": {"dba": 0.2135}, "mean-mean": {"dba": 0.3293}, "mean-min": {"dba": 0.2906}}, "1008": {"min-min": {"dba": 0.0649}, "min-mean": {"dba": 0.1434}, "mean-mean": {"dba": 0.2982}, "mean-min": {"dba": 0.2616}}, "1009": {"min-min": {"dba": 0.1175}, "min-mean": {"dba": 0.2637}, "mean-mean": {"dba": 0.3825}, "mean-min": {"dba": 0.3157}}, "1010": {"min-min": {"dba": 0.0916}, "min-mean": {"dba": 0.167}, "mean-mean": {"dba": 0.277}, "mean-min": {"dba": 0.2722}}, "1011": {"min-min": {"dba": 0.1078}, "min-mean": {"dba": 0.2985}, "mean-mean": {"dba": 0.418}, "mean-min": {"dba": 0.3192}}, "1012": {"min-min": {"dba": 0.1119}, "min-mean": {"dba": 0.1995}, "mean-mean": {"dba": 0.2807}, "mean-min": {"dba": 0.2626}}, "1013": {"min-min": {"dba": 0.0582}, "min-mean": {"dba": 0.1591}, "mean-mean": {"dba": 0.2792}, "mean-min": {"dba": 0.2343}}, "1014": {"min-min": {"dba": 0.1701}, "min-mean": {"dba": 0.1744}, "mean-mean": {"dba": 0.2531}, "mean-min": {"dba": 0.1829}}, "1015": {"min-min": {"dba": 0.1158}, "min-mean": {"dba": 0.1871}, "mean-mean": {"dba": 0.292}, "mean-min": {"dba": 0.2708}}}, "1012": {"1001": {"min-min": {"dba": 0.0809}, "min-mean": {"dba": 0.1172}, "mean-mean": {"dba": 0.215}, "mean-min": {"dba": 0.1897}}, "1002": {"min-min": {"dba": 0.0717}, "min-mean": {"dba": 0.1616}, "mean-mean": {"dba": 0.2594}, "mean-min": {"dba": 0.2164}}, "1003": {"min-min": {"dba": 0.1139}, "min-mean": {"dba": 0.2078}, "mean-mean": {"dba": 0.3126}, "mean-min": {"dba": 0.2936}}, "1004": {"min-min": {"dba": 0.0249}, "min-mean": {"dba": 0.1268}, "mean-mean": {"dba": 0.2474}, "mean-min": {"dba": 0.1995}}, "1005": {"min-min": {"dba": 0.2198}, "min-mean": {"dba": 0.2933}, "mean-mean": {"dba": 0.4778}, "mean-min": {"dba": 0.4404}}, "1006": {"min-min": {"dba": 0.038}, "min-mean": {"dba": 0.127}, "mean-mean": {"dba": 0.2365}, "mean-min": {"dba": 0.1941}}, "1007": {"min-min": {"dba": 0.1143}, "min-mean": {"dba": 0.1342}, "mean-mean": {"dba": 0.2511}, "mean-min": {"dba": 0.1442}}, "1008": {"min-min": {"dba": 0.111}, "min-mean": {"dba": 0.1832}, "mean-mean": {"dba": 0.2811}, "mean-min": {"dba": 0.2637}}, "1009": {"min-min": {"dba": 0.0709}, "min-mean": {"dba": 0.2583}, "mean-mean": {"dba": 0.3667}, "mean-min": {"dba": 0.2973}}, "1010": {"min-min": {"dba": 0.0244}, "min-mean": {"dba": 0.1466}, "mean-mean": {"dba": 0.2548}, "mean-min": {"dba": 0.181}}, "1011": {"min-min": {"dba": 0.1341}, "min-mean": {"dba": 0.2509}, "mean-mean": {"dba": 0.3423}, "mean-min": {"dba": 0.2981}}, "1012": {"min-min": {"dba": 0.0466}, "min-mean": {"dba": 0.1353}, "mean-mean": {"dba": 0.2401}, "mean-min": {"dba": 0.2005}}, "1013": {"min-min": {"dba": 0.1106}, "min-mean": {"dba": 0.1806}, "mean-mean": {"dba": 0.2576}, "mean-min": {"dba": 0.2354}}, "1014": {"min-min": {"dba": 0.063}, "min-mean": {"dba": 0.1125}, "mean-mean": {"dba": 0.1975}, "mean-min": {"dba": 0.1756}}, "1015": {"min-min": {"dba": 0.0582}, "min-mean": {"dba": 0.1176}, "mean-mean": {"dba": 0.2034}, "mean-min": {"dba": 0.183}}}, "1013": {"1001": {"min-min": {"dba": 0.1153}, "min-mean": {"dba": 0.1645}, "mean-mean": {"dba": 0.2836}, "mean-min": {"dba": 0.23}}, "1002": {"min-min": {"dba": 0.1303}, "min-mean": {"dba": 0.1848}, "mean-mean": {"dba": 0.296}, "mean-min": {"dba": 0.2777}}, "1003": {"min-min": {"dba": 0.1649}, "min-mean": {"dba": 0.1992}, "mean-mean": {"dba": 0.3017}, "mean-min": {"dba": 0.2342}}, "1004": {"min-min": {"dba": 0.127}, "min-mean": {"dba": 0.1905}, "mean-mean": {"dba": 0.3004}, "mean-min": {"dba": 0.2547}}, "1005": {"min-min": {"dba": 0.2218}, "min-mean": {"dba": 0.3482}, "mean-mean": {"dba": 0.4785}, "mean-min": {"dba": 0.4323}}, "1006": {"min-min": {"dba": 0.1762}, "min-mean": {"dba": 0.2254}, "mean-mean": {"dba": 0.314}, "mean-min": {"dba": 0.267}}, "1007": {"min-min": {"dba": 0.1282}, "min-mean": {"dba": 0.1282}, "mean-mean": {"dba": 0.2728}, "mean-min": {"dba": 0.1282}}, "1008": {"min-min": {"dba": 0.1548}, "min-mean": {"dba": 0.197}, "mean-mean": {"dba": 0.3036}, "mean-min": {"dba": 0.2814}}, "1009": {"min-min": {"dba": 0.1592}, "min-mean": {"dba": 0.256}, "mean-mean": {"dba": 0.3801}, "mean-min": {"dba": 0.3311}}, "1010": {"min-min": {"dba": 0.1434}, "min-mean": {"dba": 0.2049}, "mean-mean": {"dba": 0.3026}, "mean-min": {"dba": 0.2576}}, "1011": {"min-min": {"dba": 0.1596}, "min-mean": {"dba": 0.2302}, "mean-mean": {"dba": 0.3314}, "mean-min": {"dba": 0.2981}}, "1012": {"min-min": {"dba": 0.1532}, "min-mean": {"dba": 0.1748}, "mean-mean": {"dba": 0.2633}, "mean-min": {"dba": 0.218}}, "1013": {"min-min": {"dba": 0.1008}, "min-mean": {"dba": 0.2016}, "mean-mean": {"dba": 0.3003}, "mean-min": {"dba": 0.2754}}, "1014": {"min-min": {"dba": 0.1571}, "min-mean": {"dba": 0.1901}, "mean-mean": {"dba": 0.2957}, "mean-min": {"dba": 0.2561}}, "1015": {"min-min": {"dba": 0.1177}, "min-mean": {"dba": 0.1869}, "mean-mean": {"dba": 0.2977}, "mean-min": {"dba": 0.2589}}}, "1014": {"1001": {"min-min": {"dba": 0.1659}, "min-mean": {"dba": 0.1896}, "mean-mean": {"dba": 0.2916}, "mean-min": {"dba": 0.2371}}, "1002": {"min-min": {"dba": 0.1303}, "min-mean": {"dba": 0.1898}, "mean-mean": {"dba": 0.2889}, "mean-min": {"dba": 0.2683}}, "1003": {"min-min": {"dba": 0.2039}, "min-mean": {"dba": 0.2213}, "mean-mean": {"dba": 0.3421}, "mean-min": {"dba": 0.2561}}, "1004": {"min-min": {"dba": 0.0916}, "min-mean": {"dba": 0.1791}, "mean-mean": {"dba": 0.2811}, "mean-min": {"dba": 0.2267}}, "1005": {"min-min": {"dba": 0.2792}, "min-mean": {"dba": 0.4145}, "mean-mean": {"dba": 0.5726}, "mean-min": {"dba": 0.5366}}, "1006": {"min-min": {"dba": 0.105}, "min-mean": {"dba": 0.1772}, "mean-mean": {"dba": 0.2713}, "mean-min": {"dba": 0.2248}}, "1007": {"min-min": {"dba": 0.1195}, "min-mean": {"dba": 0.1195}, "mean-mean": {"dba": 0.3005}, "mean-min": {"dba": 0.1195}}, "1008": {"min-min": {"dba": 0.1736}, "min-mean": {"dba": 0.2123}, "mean-mean": {"dba": 0.3283}, "mean-min": {"dba": 0.2897}}, "1009": {"min-min": {"dba": 0.216}, "min-mean": {"dba": 0.3219}, "mean-mean": {"dba": 0.4548}, "mean-min": {"dba": 0.4142}}, "1010": {"min-min": {"dba": 0.1196}, "min-mean": {"dba": 0.203}, "mean-mean": {"dba": 0.2962}, "mean-min": {"dba": 0.2399}}, "1011": {"min-min": {"dba": 0.258}, "min-mean": {"dba": 0.2966}, "mean-mean": {"dba": 0.397}, "mean-min": {"dba": 0.3739}}, "1012": {"min-min": {"dba": 0.0833}, "min-mean": {"dba": 0.1449}, "mean-mean": {"dba": 0.2495}, "mean-min": {"dba": 0.2255}}, "1013": {"min-min": {"dba": 0.1768}, "min-mean": {"dba": 0.2319}, "mean-mean": {"dba": 0.3371}, "mean-min": {"dba": 0.3285}}, "1014": {"min-min": {"dba": 0.0857}, "min-mean": {"dba": 0.1421}, "mean-mean": {"dba": 0.2253}, "mean-min": {"dba": 0.1805}}, "1015": {"min-min": {"dba": 0.1208}, "min-mean": {"dba": 0.1847}, "mean-mean": {"dba": 0.278}, "mean-min": {"dba": 0.2477}}}, "1015": {"1001": {"min-min": {"dba": 0.1062}, "min-mean": {"dba": 0.1375}, "mean-mean": {"dba": 0.2065}, "mean-min": {"dba": 0.1709}}, "1002": {"min-min": {"dba": 0.113}, "min-mean": {"dba": 0.1745}, "mean-mean": {"dba": 0.255}, "mean-min": {"dba": 0.2354}}, "1003": {"min-min": {"dba": 0.1095}, "min-mean": {"dba": 0.1303}, "mean-mean": {"dba": 0.2098}, "mean-min": {"dba": 0.1648}}, "1004": {"min-min": {"dba": 0.135}, "min-mean": {"dba": 0.1582}, "mean-mean": {"dba": 0.238}, "mean-min": {"dba": 0.1923}}, "1005": {"min-min": {"dba": 0.2169}, "min-mean": {"dba": 0.2985}, "mean-mean": {"dba": 0.4014}, "mean-min": {"dba": 0.3647}}, "1006": {"min-min": {"dba": 0.1335}, "min-mean": {"dba": 0.1514}, "mean-mean": {"dba": 0.2491}, "mean-min": {"dba": 0.1873}}, "1007": {"min-min": {"dba": 0.0806}, "min-mean": {"dba": 0.1222}, "mean-mean": {"dba": 0.2238}, "mean-min": {"dba": 0.1803}}, "1008": {"min-min": {"dba": 0.0921}, "min-mean": {"dba": 0.128}, "mean-mean": {"dba": 0.2134}, "mean-min": {"dba": 0.1794}}, "1009": {"min-min": {"dba": 0.0624}, "min-mean": {"dba": 0.1662}, "mean-mean": {"dba": 0.2821}, "mean-min": {"dba": 0.2295}}, "1010": {"min-min": {"dba": 0.0982}, "min-mean": {"dba": 0.1458}, "mean-mean": {"dba": 0.237}, "mean-min": {"dba": 0.2325}}, "1011": {"min-min": {"dba": 0.1085}, "min-mean": {"dba": 0.1717}, "mean-mean": {"dba": 0.2507}, "mean-min": {"dba": 0.2327}}, "1012": {"min-min": {"dba": 0.1137}, "min-mean": {"dba": 0.175}, "mean-mean": {"dba": 0.2555}, "mean-min": {"dba": 0.2319}}, "1013": {"min-min": {"dba": 0.0762}, "min-mean": {"dba": 0.1638}, "mean-mean": {"dba": 0.2393}, "mean-min": {"dba": 0.2147}}, "1014": {"min-min": {"dba": 0.1509}, "min-mean": {"dba": 0.1636}, "mean-mean": {"dba": 0.2662}, "mean-min": {"dba": 0.1891}}, "1015": {"min-min": {"dba": 0.1039}, "min-mean": {"dba": 0.1519}, "mean-mean": {"dba": 0.2165}, "mean-min": {"dba": 0.2121}}}}