{"1001": {"1001": {"min-min": {"dba": 0.0052}, "min-mean": {"dba": 0.0227}, "mean-mean": {"dba": 0.0971}, "mean-min": {"dba": 0.0578}}, "1002": {"min-min": {"dba": 0.0128}, "min-mean": {"dba": 0.1179}, "mean-mean": {"dba": 0.2078}, "mean-min": {"dba": 0.1487}}, "1003": {"min-min": {"dba": 0.0107}, "min-mean": {"dba": 0.0429}, "mean-mean": {"dba": 0.1264}, "mean-min": {"dba": 0.1073}}, "1004": {"min-min": {"dba": 0.0369}, "min-mean": {"dba": 0.1093}, "mean-mean": {"dba": 0.2013}, "mean-min": {"dba": 0.1752}}, "1005": {"min-min": {"dba": 0.0438}, "min-mean": {"dba": 0.1079}, "mean-mean": {"dba": 0.2504}, "mean-min": {"dba": 0.2362}}, "1006": {"min-min": {"dba": 0.0352}, "min-mean": {"dba": 0.0996}, "mean-mean": {"dba": 0.1999}, "mean-min": {"dba": 0.186}}, "1007": {"min-min": {"dba": 0.0136}, "min-mean": {"dba": 0.0297}, "mean-mean": {"dba": 0.1147}, "mean-min": {"dba": 0.0619}}, "1008": {"min-min": {"dba": 0.0022}, "min-mean": {"dba": 0.0307}, "mean-mean": {"dba": 0.1064}, "mean-min": {"dba": 0.0831}}, "1009": {"min-min": {"dba": 0.0249}, "min-mean": {"dba": 0.1061}, "mean-mean": {"dba": 0.1766}, "mean-min": {"dba": 0.1299}}, "1010": {"min-min": {"dba": 0.0041}, "min-mean": {"dba": 0.0533}, "mean-mean": {"dba": 0.1429}, "mean-min": {"dba": 0.1371}}, "1011": {"min-min": {"dba": 0.0201}, "min-mean": {"dba": 0.0714}, "mean-mean": {"dba": 0.1448}, "mean-min": {"dba": 0.1292}}, "1012": {"min-min": {"dba": 0.0288}, "min-mean": {"dba": 0.1014}, "mean-mean": {"dba": 0.1898}, "mean-min": {"dba": 0.1635}}, "1013": {"min-min": {"dba": 0.0061}, "min-mean": {"dba": 0.0584}, "mean-mean": {"dba": 0.1233}, "mean-min": {"dba": 0.1035}}, "1014": {"min-min": {"dba": 0.0609}, "min-mean": {"dba": 0.1296}, "mean-mean": {"dba": 0.2232}, "mean-min": {"dba": 0.2032}}, "1015": {"min-min": {"dba": 0.0251}, "min-mean": {"dba": 0.0737}, "mean-mean": {"dba": 0.1375}, "mean-min": {"dba": 0.1237}}}, "1002": {"1001": {"min-min": {"dba": 0.0093}, "min-mean": {"dba": 0.0992}, "mean-mean": {"dba": 0.2336}, "mean-min": {"dba": 0.1881}}, "1002": {"min-min": {"dba": 0.0053}, "min-mean": {"dba": 0.1996}, "mean-mean": {"dba": 0.3486}, "mean-min": {"dba": 0.2125}}, "1003": {"min-min": {"dba": 0.0305}, "min-mean": {"dba": 0.1202}, "mean-mean": {"dba": 0.2246}, "mean-min": {"dba": 0.2022}}, "1004": {"min-min": {"dba": 0.0193}, "min-mean": {"dba": 0.1131}, "mean-mean": {"dba": 0.2727}, "mean-min": {"dba": 0.2358}}, "1005": {"min-min": {"dba": 0.0449}, "min-mean": {"dba": 0.1227}, "mean-mean": {"dba": 0.2536}, "mean-min": {"dba": 0.1866}}, "1006": {"min-min": {"dba": 0.0299}, "min-mean": {"dba": 0.1511}, "mean-mean": {"dba": 0.3036}, "mean-min": {"dba": 0.2502}}, "1007": {"min-min": {"dba": 0.0153}, "min-mean": {"dba": 0.0908}, "mean-mean": {"dba": 0.2312}, "mean-min": {"dba": 0.2066}}, "1008": {"min-min": {"dba": 0.0083}, "min-mean": {"dba": 0.0905}, "mean-mean": {"dba": 0.2174}, "mean-min": {"dba": 0.193}}, "1009": {"min-min": {"dba": 0.0529}, "min-mean": {"dba": 0.1013}, "mean-mean": {"dba": 0.1934}, "mean-min": {"dba": 0.134}}, "1010": {"min-min": {"dba": 0.0198}, "min-mean": {"dba": 0.0875}, "mean-mean": {"dba": 0.2164}, "mean-min": {"dba": 0.1524}}, "1011": {"min-min": {"dba": 0.0384}, "min-mean": {"dba": 0.1103}, "mean-mean": {"dba": 0.231}, "mean-min": {"dba": 0.1964}}, "1012": {"min-min": {"dba": 0.0168}, "min-mean": {"dba": 0.1844}, "mean-mean": {"dba": 0.333}, "mean-min": {"dba": 0.228}}, "1013": {"min-min": {"dba": 0.006}, "min-mean": {"dba": 0.1106}, "mean-mean": {"dba": 0.2219}, "mean-min": {"dba": 0.1811}}, "1014": {"min-min": {"dba": 0.0426}, "min-mean": {"dba": 0.1594}, "mean-mean": {"dba": 0.3245}, "mean-min": {"dba": 0.2657}}, "1015": {"min-min": {"dba": 0.0085}, "min-mean": {"dba": 0.1401}, "mean-mean": {"dba": 0.2893}, "mean-min": {"dba": 0.1998}}}, "1003": {"1001": {"min-min": {"dba": 0.056}, "min-mean": {"dba": 0.1028}, "mean-mean": {"dba": 0.1896}, "mean-min": {"dba": 0.1844}}, "1002": {"min-min": {"dba": 0.0658}, "min-mean": {"dba": 0.1896}, "mean-mean": {"dba": 0.2805}, "mean-min": {"dba": 0.1997}}, "1003": {"min-min": {"dba": 0.0075}, "min-mean": {"dba": 0.0509}, "mean-mean": {"dba": 0.1537}, "mean-min": {"dba": 0.0726}}, "1004": {"min-min": {"dba": 0.1003}, "min-mean": {"dba": 0.1488}, "mean-mean": {"dba": 0.2234}, "mean-min": {"dba": 0.1959}}, "1005": {"min-min": {"dba": 0.0582}, "min-mean": {"dba": 0.1327}, "mean-mean": {"dba": 0.262}, "mean-min": {"dba": 0.1935}}, "1006": {"min-min": {"dba": 0.1053}, "min-mean": {"dba": 0.1655}, "mean-mean": {"dba": 0.2404}, "mean-min": {"dba": 0.2021}}, "1007": {"min-min": {"dba": 0.0324}, "min-mean": {"dba": 0.067}, "mean-mean": {"dba": 0.167}, "mean-min": {"dba": 0.1024}}, "1008": {"min-min": {"dba": 0.0451}, "min-mean": {"dba": 0.0612}, "mean-mean": {"dba": 0.153}, "mean-min": {"dba": 0.0825}}, "1009": {"min-min": {"dba": 0.0342}, "min-mean": {"dba": 0.1121}, "mean-mean": {"dba": 0.2083}, "mean-min": {"dba": 0.1658}}, "1010": {"min-min": {"dba": 0.0586}, "min-mean": {"dba": 0.0686}, "mean-mean": {"dba": 0.1567}, "mean-min": {"dba": 0.0885}}, "1011": {"min-min": {"dba": 0.0285}, "min-mean": {"dba": 0.1153}, "mean-mean": {"dba": 0.2183}, "mean-min": {"dba": 0.1675}}, "1012": {"min-min": {"dba": 0.0867}, "min-mean": {"dba": 0.1593}, "mean-mean": {"dba": 0.2401}, "mean-min": {"dba": 0.195}}, "1013": {"min-min": {"dba": 0.0345}, "min-mean": {"dba": 0.0345}, "mean-mean": {"dba": 0.132}, "mean-min": {"dba": 0.0345}}, "1014": {"min-min": {"dba": 0.0787}, "min-mean": {"dba": 0.1291}, "mean-mean": {"dba": 0.2298}, "mean-min": {"dba": 0.206}}, "1015": {"min-min": {"dba": 0.0633}, "min-mean": {"dba": 0.148}, "mean-mean": {"dba": 0.2289}, "mean-min": {"dba": 0.1773}}}, "1004": {"1001": {"min-min": {"dba": 0.076}, "min-mean": {"dba": 0.134}, "mean-mean": {"dba": 0.2496}, "mean-min": {"dba": 0.2329}}, "1002": {"min-min": {"dba": 0.0901}, "min-mean": {"dba": 0.2138}, "mean-mean": {"dba": 0.3129}, "mean-min": {"dba": 0.2287}}, "1003": {"min-min": {"dba": 0.053}, "min-mean": {"dba": 0.0753}, "mean-mean": {"dba": 0.2257}, "mean-min": {"dba": 0.1198}}, "1004": {"min-min": {"dba": 0.0293}, "min-mean": {"dba": 0.1186}, "mean-mean": {"dba": 0.235}, "mean-min": {"dba": 0.219}}, "1005": {"min-min": {"dba": 0.1332}, "min-mean": {"dba": 0.1614}, "mean-mean": {"dba": 0.3454}, "mean-min": {"dba": 0.2179}}, "1006": {"min-min": {"dba": 0.0828}, "min-mean": {"dba": 0.1619}, "mean-mean": {"dba": 0.2544}, "mean-min": {"dba": 0.2206}}, "1007": {"min-min": {"dba": 0.0485}, "min-mean": {"dba": 0.084}, "mean-mean": {"dba": 0.2414}, "mean-min": {"dba": 0.1549}}, "1008": {"min-min": {"dba": 0.0406}, "min-mean": {"dba": 0.0728}, "mean-mean": {"dba": 0.217}, "mean-min": {"dba": 0.1371}}, "1009": {"min-min": {"dba": 0.1062}, "min-mean": {"dba": 0.1525}, "mean-mean": {"dba": 0.2793}, "mean-min": {"dba": 0.245}}, "1010": {"min-min": {"dba": 0.0459}, "min-mean": {"dba": 0.0692}, "mean-mean": {"dba": 0.1845}, "mean-min": {"dba": 0.1158}}, "1011": {"min-min": {"dba": 0.0133}, "min-mean": {"dba": 0.119}, "mean-mean": {"dba": 0.3024}, "mean-min": {"dba": 0.2627}}, "1012": {"min-min": {"dba": 0.0591}, "min-mean": {"dba": 0.1583}, "mean-mean": {"dba": 0.2599}, "mean-min": {"dba": 0.2148}}, "1013": {"min-min": {"dba": 0.0664}, "min-mean": {"dba": 0.0726}, "mean-mean": {"dba": 0.1965}, "mean-min": {"dba": 0.085}}, "1014": {"min-min": {"dba": 0.0668}, "min-mean": {"dba": 0.134}, "mean-mean": {"dba": 0.2194}, "mean-min": {"dba": 0.1998}}, "1015": {"min-min": {"dba": 0.0347}, "min-mean": {"dba": 0.1448}, "mean-mean": {"dba": 0.2691}, "mean-min": {"dba": 0.211}}}, "1005": {"1001": {"min-min": {"dba": 0.0333}, "min-mean": {"dba": 0.0805}, "mean-mean": {"dba": 0.2341}, "mean-min": {"dba": 0.175}}, "1002": {"min-min": {"dba": 0.0085}, "min-mean": {"dba": 0.1756}, "mean-mean": {"dba": 0.3822}, "mean-min": {"dba": 0.3046}}, "1003": {"min-min": {"dba": 0.0411}, "min-mean": {"dba": 0.1019}, "mean-mean": {"dba": 0.2177}, "mean-min": {"dba": 0.2024}}, "1004": {"min-min": {"dba": 0.0956}, "min-mean": {"dba": 0.1405}, "mean-mean": {"dba": 0.3164}, "mean-min": {"dba": 0.2303}}, "1005": {"min-min": {"dba": 0.0047}, "min-mean": {"dba": 0.1025}, "mean-mean": {"dba": 0.1875}, "mean-min": {"dba": 0.1441}}, "1006": {"min-min": {"dba": 0.1289}, "min-mean": {"dba": 0.1634}, "mean-mean": {"dba": 0.3249}, "mean-min": {"dba": 0.2325}}, "1007": {"min-min": {"dba": 0.0797}, "min-mean": {"dba": 0.1331}, "mean-mean": {"dba": 0.2263}, "mean-min": {"dba": 0.2077}}, "1008": {"min-min": {"dba": 0.099}, "min-mean": {"dba": 0.141}, "mean-mean": {"dba": 0.2352}, "mean-min": {"dba": 0.2018}}, "1009": {"min-min": {"dba": 0.07}, "min-mean": {"dba": 0.0935}, "mean-mean": {"dba": 0.1707}, "mean-min": {"dba": 0.1405}}, "1010": {"min-min": {"dba": 0.0561}, "min-mean": {"dba": 0.0935}, "mean-mean": {"dba": 0.2704}, "mean-min": {"dba": 0.1682}}, "1011": {"min-min": {"dba": 0.0425}, "min-mean": {"dba": 0.0554}, "mean-mean": {"dba": 0.1559}, "mean-min": {"dba": 0.0813}}, "1012": {"min-min": {"dba": 0.1763}, "min-mean": {"dba": 0.2573}, "mean-mean": {"dba": 0.3704}, "mean-min": {"dba": 0.3317}}, "1013": {"min-min": {"dba": 0.0204}, "min-mean": {"dba": 0.1333}, "mean-mean": {"dba": 0.2568}, "mean-min": {"dba": 0.232}}, "1014": {"min-min": {"dba": 0.1986}, "min-mean": {"dba": 0.2795}, "mean-mean": {"dba": 0.4222}, "mean-min": {"dba": 0.3981}}, "1015": {"min-min": {"dba": 0.1463}, "min-mean": {"dba": 0.1982}, "mean-mean": {"dba": 0.3053}, "mean-min": {"dba": 0.2924}}}, "1006": {"1001": {"min-min": {"dba": 0.013}, "min-mean": {"dba": 0.0698}, "mean-mean": {"dba": 0.1602}, "mean-min": {"dba": 0.1502}}, "1002": {"min-min": {"dba": 0.0122}, "min-mean": {"dba": 0.106}, "mean-mean": {"dba": 0.1877}, "mean-min": {"dba": 0.1371}}, "1003": {"min-min": {"dba": 0.0511}, "min-mean": {"dba": 0.089}, "mean-mean": {"dba": 0.1835}, "mean-min": {"dba": 0.1408}}, "1004": {"min-min": {"dba": 0.002}, "min-mean": {"dba": 0.1052}, "mean-mean": {"dba": 0.1893}, "mean-min": {"dba": 0.1282}}, "1005": {"min-min": {"dba": 0.1013}, "min-mean": {"dba": 0.1538}, "mean-mean": {"dba": 0.3107}, "mean-min": {"dba": 0.2334}}, "1006": {"min-min": {"dba": 0.0112}, "min-mean": {"dba": 0.1067}, "mean-mean": {"dba": 0.1862}, "mean-min": {"dba": 0.1301}}, "1007": {"min-min": {"dba": 0.0644}, "min-mean": {"dba": 0.0736}, "mean-mean": {"dba": 0.1698}, "mean-min": {"dba": 0.092}}, "1008": {"min-min": {"dba": 0.0178}, "min-mean": {"dba": 0.0636}, "mean-mean": {"dba": 0.1603}, "mean-min": {"dba": 0.1306}}, "1009": {"min-min": {"dba": 0.072}, "min-mean": {"dba": 0.1661}, "mean-mean": {"dba": 0.2611}, "mean-min": {"dba": 0.2087}}, "1010": {"min-min": {"dba": 0.0053}, "min-mean": {"dba": 0.0717}, "mean-mean": {"dba": 0.1447}, "mean-min": {"dba": 0.1135}}, "1011": {"min-min": {"dba": 0.0343}, "min-mean": {"dba": 0.1298}, "mean-mean": {"dba": 0.2363}, "mean-min": {"dba": 0.203}}, "1012": {"min-min": {"dba": 0.0059}, "min-mean": {"dba": 0.0673}, "mean-mean": {"dba": 0.1474}, "mean-min": {"dba": 0.1258}}, "1013": {"min-min": {"dba": 0.0431}, "min-mean": {"dba": 0.0866}, "mean-mean": {"dba": 0.1549}, "mean-min": {"dba": 0.1484}}, "1014": {"min-min": {"dba": 0.0347}, "min-mean": {"dba": 0.088}, "mean-mean": {"dba": 0.1451}, "mean-min": {"dba": 0.1185}}, "1015": {"min-min": {"dba": 0.0124}, "min-mean": {"dba": 0.083}, "mean-mean": {"dba": 0.1492}, "mean-min": {"dba": 0.1136}}}, "1007": {"1001": {"min-min": {"dba": 0.0182}, "min-mean": {"dba": 0.0399}, "mean-mean": {"dba": 0.1153}, "mean-min": {"dba": 0.0633}}, "1002": {"min-min": {"dba": 0.0324}, "min-mean": {"dba": 0.1505}, "mean-mean": {"dba": 0.2504}, "mean-min": {"dba": 0.1797}}, "1003": {"min-min": {"dba": 0.0155}, "min-mean": {"dba": 0.0463}, "mean-mean": {"dba": 0.1192}, "mean-min": {"dba": 0.1057}}, "1004": {"min-min": {"dba": 0.0652}, "min-mean": {"dba": 0.1175}, "mean-mean": {"dba": 0.217}, "mean-min": {"dba": 0.2121}}, "1005": {"min-min": {"dba": 0.0779}, "min-mean": {"dba": 0.1337}, "mean-mean": {"dba": 0.2253}, "mean-min": {"dba": 0.2191}}, "1006": {"min-min": {"dba": 0.0759}, "min-mean": {"dba": 0.1185}, "mean-mean": {"dba": 0.2195}, "mean-min": {"dba": 0.2038}}, "1007": {"min-min": {"dba": 0.0177}, "min-mean": {"dba": 0.0466}, "mean-mean": {"dba": 0.1181}, "mean-min": {"dba": 0.0918}}, "1008": {"min-min": {"dba": 0.0125}, "min-mean": {"dba": 0.039}, "mean-mean": {"dba": 0.1142}, "mean-min": {"dba": 0.0771}}, "1009": {"min-min": {"dba": 0.0188}, "min-mean": {"dba": 0.0839}, "mean-mean": {"dba": 0.1408}, "mean-min": {"dba": 0.1084}}, "1010": {"min-min": {"dba": 0.0419}, "min-mean": {"dba": 0.0722}, "mean-mean": {"dba": 0.1548}, "mean-min": {"dba": 0.1131}}, "1011": {"min-min": {"dba": 0.0101}, "min-mean": {"dba": 0.0514}, "mean-mean": {"dba": 0.1186}, "mean-min": {"dba": 0.1124}}, "1012": {"min-min": {"dba": 0.0444}, "min-mean": {"dba": 0.1294}, "mean-mean": {"dba": 0.2346}, "mean-min": {"dba": 0.1995}}, "1013": {"min-min": {"dba": 0.0159}, "min-mean": {"dba": 0.0663}, "mean-mean": {"dba": 0.1363}, "mean-min": {"dba": 0.1191}}, "1014": {"min-min": {"dba": 0.0884}, "min-mean": {"dba": 0.1601}, "mean-mean": {"dba": 0.2686}, "mean-min": {"dba": 0.2484}}, "1015": {"min-min": {"dba": 0.0469}, "min-mean": {"dba": 0.1}, "mean-mean": {"dba": 0.1768}, "mean-min": {"dba": 0.1594}}}, "1008": {"1001": {"min-min": {"dba": 0.0093}, "min-mean": {"dba": 0.0185}, "mean-mean": {"dba": 0.0956}, "mean-min": {"dba": 0.0346}}, "1002": {"min-min": {"dba": 0.0413}, "min-mean": {"dba": 0.1374}, "mean-mean": {"dba": 0.2194}, "mean-min": {"dba": 0.163}}, "1003": {"min-min": {"dba": 0.0086}, "min-mean": {"dba": 0.0445}, "mean-mean": {"dba": 0.1245}, "mean-min": {"dba": 0.1151}}, "1004": {"min-min": {"dba": 0.0594}, "min-mean": {"dba": 0.1192}, "mean-mean": {"dba": 0.2086}, "mean-min": {"dba": 0.1943}}, "1005": {"min-min": {"dba": 0.0418}, "min-mean": {"dba": 0.1113}, "mean-mean": {"dba": 0.243}, "mean-min": {"dba": 0.239}}, "1006": {"min-min": {"dba": 0.0495}, "min-mean": {"dba": 0.1023}, "mean-mean": {"dba": 0.2057}, "mean-min": {"dba": 0.2043}}, "1007": {"min-min": {"dba": 0.003}, "min-mean": {"dba": 0.0282}, "mean-mean": {"dba": 0.1147}, "mean-min": {"dba": 0.0786}}, "1008": {"min-min": {"dba": 0.0029}, "min-mean": {"dba": 0.0336}, "mean-mean": {"dba": 0.1107}, "mean-min": {"dba": 0.0928}}, "1009": {"min-min": {"dba": 0.0045}, "min-mean": {"dba": 0.0877}, "mean-mean": {"dba": 0.1613}, "mean-min": {"dba": 0.1154}}, "1010": {"min-min": {"dba": 0.0107}, "min-mean": {"dba": 0.0585}, "mean-mean": {"dba": 0.1553}, "mean-min": {"dba": 0.1541}}, "1011": {"min-min": {"dba": 0.0043}, "min-mean": {"dba": 0.0538}, "mean-mean": {"dba": 0.1295}, "mean-min": {"dba": 0.1176}}, "1012": {"min-min": {"dba": 0.0593}, "min-mean": {"dba": 0.1219}, "mean-mean": {"dba": 0.2028}, "mean-min": {"dba": 0.1804}}, "1013": {"min-min": {"dba": 0.0029}, "min-mean": {"dba": 0.0606}, "mean-mean": {"dba": 0.1307}, "mean-min": {"dba": 0.1074}}, "1014": {"min-min": {"dba": 0.0837}, "min-mean": {"dba": 0.1452}, "mean-mean": {"dba": 0.24}, "mean-min": {"dba": 0.2259}}, "1015": {"min-min": {"dba": 0.0533}, "min-mean": {"dba": 0.0878}, "mean-mean": {"dba": 0.1446}, "mean-min": {"dba": 0.1384}}}, "1009": {"1001": {"min-min": {"dba": 0.0117}, "min-mean": {"dba": 0.0361}, "mean-mean": {"dba": 0.12}, "mean-min": {"dba": 0.07}}, "1002": {"min-min": {"dba": 0.0554}, "min-mean": {"dba": 0.1273}, "mean-mean": {"dba": 0.2024}, "mean-min": {"dba": 0.1748}}, "1003": {"min-min": {"dba": 0.004}, "min-mean": {"dba": 0.0672}, "mean-mean": {"dba": 0.1525}, "mean-min": {"dba": 0.1365}}, "1004": {"min-min": {"dba": 0.0689}, "min-mean": {"dba": 0.1185}, "mean-mean": {"dba": 0.2099}, "mean-min": {"dba": 0.2034}}, "1005": {"min-min": {"dba": 0.0604}, "min-mean": {"dba": 0.1281}, "mean-mean": {"dba": 0.2499}, "mean-min": {"dba": 0.2352}}, "1006": {"min-min": {"dba": 0.0728}, "min-mean": {"dba": 0.1083}, "mean-mean": {"dba": 0.2025}, "mean-min": {"dba": 0.1793}}, "1007": {"min-min": {"dba": 0.0103}, "min-mean": {"dba": 0.0596}, "mean-mean": {"dba": 0.1423}, "mean-min": {"dba": 0.1328}}, "1008": {"min-min": {"dba": 0.0259}, "min-mean": {"dba": 0.0808}, "mean-mean": {"dba": 0.1463}, "mean-min": {"dba": 0.1361}}, "1009": {"min-min": {"dba": 0.0142}, "min-mean": {"dba": 0.1098}, "mean-mean": {"dba": 0.1768}, "mean-min": {"dba": 0.1198}}, "1010": {"min-min": {"dba": 0.0356}, "min-mean": {"dba": 0.0985}, "mean-mean": {"dba": 0.1867}, "mean-min": {"dba": 0.1659}}, "1011": {"min-min": {"dba": 0.0115}, "min-mean": {"dba": 0.08}, "mean-mean": {"dba": 0.1492}, "mean-min": {"dba": 0.1258}}, "1012": {"min-min": {"dba": 0.0552}, "min-mean": {"dba": 0.1056}, "mean-mean": {"dba": 0.1955}, "mean-min": {"dba": 0.187}}, "1013": {"min-min": {"dba": 0.0186}, "min-mean": {"dba": 0.0944}, "mean-mean": {"dba": 0.1622}, "mean-min": {"dba": 0.1251}}, "1014": {"min-min": {"dba": 0.0698}, "min-mean": {"dba": 0.1153}, "mean-mean": {"dba": 0.2258}, "mean-min": {"dba": 0.2064}}, "1015": {"min-min": {"dba": 0.0514}, "min-mean": {"dba": 0.064}, "mean-mean": {"dba": 0.13}, "mean-min": {"dba": 0.0892}}}, "1010": {"1001": {"min-min": {"dba": 0.0055}, "min-mean": {"dba": 0.0435}, "mean-mean": {"dba": 0.1254}, "mean-min": {"dba": 0.1195}}, "1002": {"min-min": {"dba": 0.0038}, "min-mean": {"dba": 0.099}, "mean-mean": {"dba": 0.1855}, "mean-min": {"dba": 0.1319}}, "1003": {"min-min": {"dba": 0.0515}, "min-mean": {"dba": 0.0771}, "mean-mean": {"dba": 0.1522}, "mean-min": {"dba": 0.1184}}, "1004": {"min-min": {"dba": 0.0073}, "min-mean": {"dba": 0.0969}, "mean-mean": {"dba": 0.187}, "mean-min": {"dba": 0.1398}}, "1005": {"min-min": {"dba": 0.0691}, "min-mean": {"dba": 0.1238}, "mean-mean": {"dba": 0.2804}, "mean-min": {"dba": 0.2288}}, "1006": {"min-min": {"dba": 0.0052}, "min-mean": {"dba": 0.0889}, "mean-mean": {"dba": 0.1863}, "mean-min": {"dba": 0.1478}}, "1007": {"min-min": {"dba": 0.0316}, "min-mean": {"dba": 0.0416}, "mean-mean": {"dba": 0.1367}, "mean-min": {"dba": 0.0617}}, "1008": {"min-min": {"dba": 0.0154}, "min-mean": {"dba": 0.0443}, "mean-mean": {"dba": 0.1292}, "mean-min": {"dba": 0.1021}}, "1009": {"min-min": {"dba": 0.0894}, "min-mean": {"dba": 0.1652}, "mean-mean": {"dba": 0.2219}, "mean-min": {"dba": 0.1723}}, "1010": {"min-min": {"dba": 0.0048}, "min-mean": {"dba": 0.0628}, "mean-mean": {"dba": 0.1357}, "mean-min": {"dba": 0.1098}}, "1011": {"min-min": {"dba": 0.0214}, "min-mean": {"dba": 0.094}, "mean-mean": {"dba": 0.1934}, "mean-min": {"dba": 0.1686}}, "1012": {"min-min": {"dba": 0.0136}, "min-mean": {"dba": 0.0765}, "mean-mean": {"dba": 0.1586}, "mean-min": {"dba": 0.1341}}, "1013": {"min-min": {"dba": 0.0169}, "min-mean": {"dba": 0.0613}, "mean-mean": {"dba": 0.1342}, "mean-min": {"dba": 0.1259}}, "1014": {"min-min": {"dba": 0.0191}, "min-mean": {"dba": 0.0883}, "mean-mean": {"dba": 0.1765}, "mean-min": {"dba": 0.1545}}, "1015": {"min-min": {"dba": 0.0038}, "min-mean": {"dba": 0.0617}, "mean-mean": {"dba": 0.13}, "mean-min": {"dba": 0.1046}}}, "1011": {"1001": {"min-min": {"dba": 0.0052}, "min-mean": {"dba": 0.0858}, "mean-mean": {"dba": 0.1875}, "mean-min": {"dba": 0.1736}}, "1002": {"min-min": {"dba": 0.0489}, "min-mean": {"dba": 0.1655}, "mean-mean": {"dba": 0.2566}, "mean-min": {"dba": 0.1852}}, "1003": {"min-min": {"dba": 0.0378}, "min-mean": {"dba": 0.0657}, "mean-mean": {"dba": 0.1642}, "mean-min": {"dba": 0.0917}}, "1004": {"min-min": {"dba": 0.0555}, "min-mean": {"dba": 0.1254}, "mean-mean": {"dba": 0.2114}, "mean-min": {"dba": 0.1698}}, "1005": {"min-min": {"dba": 0.0507}, "min-mean": {"dba": 0.1478}, "mean-mean": {"dba": 0.2906}, "mean-min": {"dba": 0.2265}}, "1006": {"min-min": {"dba": 0.0493}, "min-mean": {"dba": 0.1421}, "mean-mean": {"dba": 0.2269}, "mean-min": {"dba": 0.1742}}, "1007": {"min-min": {"dba": 0.0328}, "min-mean": {"dba": 0.0705}, "mean-mean": {"dba": 0.1706}, "mean-min": {"dba": 0.097}}, "1008": {"min-min": {"dba": 0.0578}, "min-mean": {"dba": 0.0811}, "mean-mean": {"dba": 0.1562}, "mean-min": {"dba": 0.0955}}, "1009": {"min-min": {"dba": 0.0254}, "min-mean": {"dba": 0.1315}, "mean-mean": {"dba": 0.2304}, "mean-min": {"dba": 0.1802}}, "1010": {"min-min": {"dba": 0.0417}, "min-mean": {"dba": 0.0718}, "mean-mean": {"dba": 0.157}, "mean-min": {"dba": 0.132}}, "1011": {"min-min": {"dba": 0.0251}, "min-mean": {"dba": 0.1312}, "mean-mean": {"dba": 0.2335}, "mean-min": {"dba": 0.1773}}, "1012": {"min-min": {"dba": 0.0669}, "min-mean": {"dba": 0.1346}, "mean-mean": {"dba": 0.2117}, "mean-min": {"dba": 0.1716}}, "1013": {"min-min": {"dba": 0.0209}, "min-mean": {"dba": 0.0349}, "mean-mean": {"dba": 0.1349}, "mean-min": {"dba": 0.0513}}, "1014": {"min-min": {"dba": 0.0441}, "min-mean": {"dba": 0.097}, "mean-mean": {"dba": 0.196}, "mean-min": {"dba": 0.1685}}, "1015": {"min-min": {"dba": 0.0378}, "min-mean": {"dba": 0.1312}, "mean-mean": {"dba": 0.2117}, "mean-min": {"dba": 0.1605}}}, "1012": {"1001": {"min-min": {"dba": 0.0359}, "min-mean": {"dba": 0.0848}, "mean-mean": {"dba": 0.1719}, "mean-min": {"dba": 0.1666}}, "1002": {"min-min": {"dba": 0.0135}, "min-mean": {"dba": 0.1011}, "mean-mean": {"dba": 0.1895}, "mean-min": {"dba": 0.1454}}, "1003": {"min-min": {"dba": 0.0864}, "min-mean": {"dba": 0.1081}, "mean-mean": {"dba": 0.1966}, "mean-min": {"dba": 0.1516}}, "1004": {"min-min": {"dba": 0.0097}, "min-mean": {"dba": 0.1139}, "mean-mean": {"dba": 0.1927}, "mean-min": {"dba": 0.1273}}, "1005": {"min-min": {"dba": 0.1361}, "min-mean": {"dba": 0.1702}, "mean-mean": {"dba": 0.323}, "mean-min": {"dba": 0.2384}}, "1006": {"min-min": {"dba": 0.011}, "min-mean": {"dba": 0.1099}, "mean-mean": {"dba": 0.1863}, "mean-min": {"dba": 0.1272}}, "1007": {"min-min": {"dba": 0.1057}, "min-mean": {"dba": 0.1057}, "mean-mean": {"dba": 0.1837}, "mean-min": {"dba": 0.1057}}, "1008": {"min-min": {"dba": 0.0536}, "min-mean": {"dba": 0.0838}, "mean-mean": {"dba": 0.1739}, "mean-min": {"dba": 0.1441}}, "1009": {"min-min": {"dba": 0.07}, "min-mean": {"dba": 0.1688}, "mean-mean": {"dba": 0.2752}, "mean-min": {"dba": 0.2288}}, "1010": {"min-min": {"dba": 0.0116}, "min-mean": {"dba": 0.0797}, "mean-mean": {"dba": 0.1528}, "mean-min": {"dba": 0.1209}}, "1011": {"min-min": {"dba": 0.0747}, "min-mean": {"dba": 0.1508}, "mean-mean": {"dba": 0.2498}, "mean-min": {"dba": 0.2231}}, "1012": {"min-min": {"dba": 0.0026}, "min-mean": {"dba": 0.0634}, "mean-mean": {"dba": 0.1455}, "mean-min": {"dba": 0.125}}, "1013": {"min-min": {"dba": 0.0793}, "min-mean": {"dba": 0.105}, "mean-mean": {"dba": 0.1664}, "mean-min": {"dba": 0.1565}}, "1014": {"min-min": {"dba": 0.0265}, "min-mean": {"dba": 0.081}, "mean-mean": {"dba": 0.1369}, "mean-min": {"dba": 0.111}}, "1015": {"min-min": {"dba": 0.0122}, "min-mean": {"dba": 0.0805}, "mean-mean": {"dba": 0.1562}, "mean-min": {"dba": 0.1254}}}, "1013": {"1001": {"min-min": {"dba": 0.0113}, "min-mean": {"dba": 0.0985}, "mean-mean": {"dba": 0.2214}, "mean-min": {"dba": 0.2062}}, "1002": {"min-min": {"dba": 0.0724}, "min-mean": {"dba": 0.1591}, "mean-mean": {"dba": 0.2549}, "mean-min": {"dba": 0.217}}, "1003": {"min-min": {"dba": 0.0397}, "min-mean": {"dba": 0.1035}, "mean-mean": {"dba": 0.2041}, "mean-min": {"dba": 0.1683}}, "1004": {"min-min": {"dba": 0.0892}, "min-mean": {"dba": 0.1777}, "mean-mean": {"dba": 0.2567}, "mean-min": {"dba": 0.2171}}, "1005": {"min-min": {"dba": 0.0395}, "min-mean": {"dba": 0.102}, "mean-mean": {"dba": 0.2644}, "mean-min": {"dba": 0.1416}}, "1006": {"min-min": {"dba": 0.0551}, "min-mean": {"dba": 0.1424}, "mean-mean": {"dba": 0.2439}, "mean-min": {"dba": 0.2152}}, "1007": {"min-min": {"dba": 0.0365}, "min-mean": {"dba": 0.1048}, "mean-mean": {"dba": 0.213}, "mean-min": {"dba": 0.1771}}, "1008": {"min-min": {"dba": 0.077}, "min-mean": {"dba": 0.1178}, "mean-mean": {"dba": 0.203}, "mean-min": {"dba": 0.1752}}, "1009": {"min-min": {"dba": 0.0354}, "min-mean": {"dba": 0.1454}, "mean-mean": {"dba": 0.2597}, "mean-min": {"dba": 0.1974}}, "1010": {"min-min": {"dba": 0.0939}, "min-mean": {"dba": 0.129}, "mean-mean": {"dba": 0.2069}, "mean-min": {"dba": 0.1935}}, "1011": {"min-min": {"dba": 0.0258}, "min-mean": {"dba": 0.1429}, "mean-mean": {"dba": 0.2685}, "mean-min": {"dba": 0.1982}}, "1012": {"min-min": {"dba": 0.0847}, "min-mean": {"dba": 0.1396}, "mean-mean": {"dba": 0.2277}, "mean-min": {"dba": 0.2063}}, "1013": {"min-min": {"dba": 0.0373}, "min-mean": {"dba": 0.0946}, "mean-mean": {"dba": 0.1958}, "mean-min": {"dba": 0.1785}}, "1014": {"min-min": {"dba": 0.0861}, "min-mean": {"dba": 0.0861}, "mean-mean": {"dba": 0.1872}, "mean-min": {"dba": 0.0861}}, "1015": {"min-min": {"dba": 0.0525}, "min-mean": {"dba": 0.1275}, "mean-mean": {"dba": 0.2063}, "mean-min": {"dba": 0.2013}}}, "1014": {"1001": {"min-min": {"dba": 0.0789}, "min-mean": {"dba": 0.1613}, "mean-mean": {"dba": 0.2987}, "mean-min": {"dba": 0.2801}}, "1002": {"min-min": {"dba": 0.1013}, "min-mean": {"dba": 0.1885}, "mean-mean": {"dba": 0.2953}, "mean-min": {"dba": 0.2492}}, "1003": {"min-min": {"dba": 0.1332}, "min-mean": {"dba": 0.1607}, "mean-mean": {"dba": 0.2897}, "mean-min": {"dba": 0.2113}}, "1004": {"min-min": {"dba": 0.0484}, "min-mean": {"dba": 0.1631}, "mean-mean": {"dba": 0.2836}, "mean-min": {"dba": 0.202}}, "1005": {"min-min": {"dba": 0.1028}, "min-mean": {"dba": 0.1745}, "mean-mean": {"dba": 0.3991}, "mean-min": {"dba": 0.2745}}, "1006": {"min-min": {"dba": 0.0414}, "min-mean": {"dba": 0.1733}, "mean-mean": {"dba": 0.2903}, "mean-min": {"dba": 0.1873}}, "1007": {"min-min": {"dba": 0.0984}, "min-mean": {"dba": 0.1364}, "mean-mean": {"dba": 0.2918}, "mean-min": {"dba": 0.2124}}, "1008": {"min-min": {"dba": 0.1}, "min-mean": {"dba": 0.1428}, "mean-mean": {"dba": 0.2777}, "mean-min": {"dba": 0.2283}}, "1009": {"min-min": {"dba": 0.0766}, "min-mean": {"dba": 0.1967}, "mean-mean": {"dba": 0.3738}, "mean-min": {"dba": 0.3353}}, "1010": {"min-min": {"dba": 0.0521}, "min-mean": {"dba": 0.1223}, "mean-mean": {"dba": 0.2464}, "mean-min": {"dba": 0.2169}}, "1011": {"min-min": {"dba": 0.0988}, "min-mean": {"dba": 0.2123}, "mean-mean": {"dba": 0.3706}, "mean-min": {"dba": 0.3292}}, "1012": {"min-min": {"dba": 0.0535}, "min-mean": {"dba": 0.1249}, "mean-mean": {"dba": 0.245}, "mean-min": {"dba": 0.211}}, "1013": {"min-min": {"dba": 0.0694}, "min-mean": {"dba": 0.0996}, "mean-mean": {"dba": 0.2481}, "mean-min": {"dba": 0.16}}, "1014": {"min-min": {"dba": 0.0481}, "min-mean": {"dba": 0.1055}, "mean-mean": {"dba": 0.198}, "mean-min": {"dba": 0.1426}}, "1015": {"min-min": {"dba": 0.0536}, "min-mean": {"dba": 0.1574}, "mean-mean": {"dba": 0.2875}, "mean-min": {"dba": 0.2317}}}, "1015": {"1001": {"min-min": {"dba": 0.0449}, "min-mean": {"dba": 0.1067}, "mean-mean": {"dba": 0.2133}, "mean-min": {"dba": 0.2028}}, "1002": {"min-min": {"dba": 0.07}, "min-mean": {"dba": 0.1849}, "mean-mean": {"dba": 0.2782}, "mean-min": {"dba": 0.2035}}, "1003": {"min-min": {"dba": 0.0609}, "min-mean": {"dba": 0.0695}, "mean-mean": {"dba": 0.1771}, "mean-min": {"dba": 0.0868}}, "1004": {"min-min": {"dba": 0.0499}, "min-mean": {"dba": 0.1223}, "mean-mean": {"dba": 0.2248}, "mean-min": {"dba": 0.1822}}, "1005": {"min-min": {"dba": 0.0628}, "min-mean": {"dba": 0.1509}, "mean-mean": {"dba": 0.2948}, "mean-min": {"dba": 0.2121}}, "1006": {"min-min": {"dba": 0.0718}, "min-mean": {"dba": 0.1569}, "mean-mean": {"dba": 0.2448}, "mean-min": {"dba": 0.1852}}, "1007": {"min-min": {"dba": 0.0756}, "min-mean": {"dba": 0.0894}, "mean-mean": {"dba": 0.1924}, "mean-min": {"dba": 0.1162}}, "1008": {"min-min": {"dba": 0.0566}, "min-mean": {"dba": 0.0767}, "mean-mean": {"dba": 0.1746}, "mean-min": {"dba": 0.1041}}, "1009": {"min-min": {"dba": 0.0355}, "min-mean": {"dba": 0.1338}, "mean-mean": {"dba": 0.2449}, "mean-min": {"dba": 0.2075}}, "1010": {"min-min": {"dba": 0.0123}, "min-mean": {"dba": 0.0473}, "mean-mean": {"dba": 0.1662}, "mean-min": {"dba": 0.1173}}, "1011": {"min-min": {"dba": 0.0466}, "min-mean": {"dba": 0.1441}, "mean-mean": {"dba": 0.2588}, "mean-min": {"dba": 0.2056}}, "1012": {"min-min": {"dba": 0.0823}, "min-mean": {"dba": 0.1521}, "mean-mean": {"dba": 0.2323}, "mean-min": {"dba": 0.1852}}, "1013": {"min-min": {"dba": 0.042}, "min-mean": {"dba": 0.0543}, "mean-mean": {"dba": 0.1613}, "mean-min": {"dba": 0.0788}}, "1014": {"min-min": {"dba": 0.0425}, "min-mean": {"dba": 0.099}, "mean-mean": {"dba": 0.2096}, "mean-min": {"dba": 0.1752}}, "1015": {"min-min": {"dba": 0.0572}, "min-mean": {"dba": 0.1484}, "mean-mean": {"dba": 0.2375}, "mean-min": {"dba": 0.1797}}}}