{"1001": {"1001": {"min-min": {"dba": 0.0671}, "min-mean": {"dba": 0.1657}, "mean-mean": {"dba": 0.2664}, "mean-min": {"dba": 0.2621}}, "1002": {"min-min": {"dba": 0.1518}, "min-mean": {"dba": 0.2472}, "mean-mean": {"dba": 0.3511}, "mean-min": {"dba": 0.313}}, "1003": {"min-min": {"dba": 0.1439}, "min-mean": {"dba": 0.2114}, "mean-mean": {"dba": 0.3036}, "mean-min": {"dba": 0.2472}}, "1004": {"min-min": {"dba": 0.2084}, "min-mean": {"dba": 0.2217}, "mean-mean": {"dba": 0.2914}, "mean-min": {"dba": 0.2361}}, "1005": {"min-min": {"dba": 0.2376}, "min-mean": {"dba": 0.3436}, "mean-mean": {"dba": 0.5053}, "mean-min": {"dba": 0.4555}}, "1006": {"min-min": {"dba": 0.2155}, "min-mean": {"dba": 0.242}, "mean-mean": {"dba": 0.3352}, "mean-min": {"dba": 0.295}}, "1007": {"min-min": {"dba": 0.1513}, "min-mean": {"dba": 0.1903}, "mean-mean": {"dba": 0.2905}, "mean-min": {"dba": 0.2682}}, "1008": {"min-min": {"dba": 0.0315}, "min-mean": {"dba": 0.1942}, "mean-mean": {"dba": 0.3022}, "mean-min": {"dba": 0.2853}}, "1009": {"min-min": {"dba": 0.0776}, "min-mean": {"dba": 0.1992}, "mean-mean": {"dba": 0.3167}, "mean-min": {"dba": 0.286}}, "1010": {"min-min": {"dba": 0.1923}, "min-mean": {"dba": 0.2319}, "mean-mean": {"dba": 0.2979}, "mean-min": {"dba": 0.2788}}, "1011": {"min-min": {"dba": 0.0813}, "min-mean": {"dba": 0.242}, "mean-mean": {"dba": 0.3534}, "mean-min": {"dba": 0.3072}}, "1012": {"min-min": {"dba": 0.159}, "min-mean": {"dba": 0.1907}, "mean-mean": {"dba": 0.2937}, "mean-min": {"dba": 0.2541}}, "1013": {"min-min": {"dba": 0.0205}, "min-mean": {"dba": 0.1905}, "mean-mean": {"dba": 0.2976}, "mean-min": {"dba": 0.2655}}, "1014": {"min-min": {"dba": 0.2481}, "min-mean": {"dba": 0.2481}, "mean-mean": {"dba": 0.3248}, "mean-min": {"dba": 0.2481}}, "1015": {"min-min": {"dba": 0.1243}, "min-mean": {"dba": 0.1823}, "mean-mean": {"dba": 0.266}, "mean-min": {"dba": 0.2451}}}, "1002": {"1001": {"min-min": {"dba": 0.0556}, "min-mean": {"dba": 0.0742}, "mean-mean": {"dba": 0.1997}, "mean-min": {"dba": 0.1115}}, "1002": {"min-min": {"dba": 0.0809}, "min-mean": {"dba": 0.2187}, "mean-mean": {"dba": 0.3455}, "mean-min": {"dba": 0.2802}}, "1003": {"min-min": {"dba": 0.1586}, "min-mean": {"dba": 0.1998}, "mean-mean": {"dba": 0.3125}, "mean-min": {"dba": 0.2823}}, "1004": {"min-min": {"dba": 0.0972}, "min-mean": {"dba": 0.1801}, "mean-mean": {"dba": 0.2888}, "mean-min": {"dba": 0.2507}}, "1005": {"min-min": {"dba": 0.3597}, "min-mean": {"dba": 0.433}, "mean-mean": {"dba": 0.5602}, "mean-min": {"dba": 0.5459}}, "1006": {"min-min": {"dba": 0.1385}, "min-mean": {"dba": 0.1821}, "mean-mean": {"dba": 0.3001}, "mean-min": {"dba": 0.2694}}, "1007": {"min-min": {"dba": 0.0862}, "min-mean": {"dba": 0.1437}, "mean-mean": {"dba": 0.2605}, "mean-min": {"dba": 0.1742}}, "1008": {"min-min": {"dba": 0.1517}, "min-mean": {"dba": 0.2116}, "mean-mean": {"dba": 0.3054}, "mean-min": {"dba": 0.2902}}, "1009": {"min-min": {"dba": 0.1728}, "min-mean": {"dba": 0.2351}, "mean-mean": {"dba": 0.3389}, "mean-min": {"dba": 0.3231}}, "1010": {"min-min": {"dba": 0.1095}, "min-mean": {"dba": 0.1724}, "mean-mean": {"dba": 0.2718}, "mean-min": {"dba": 0.2405}}, "1011": {"min-min": {"dba": 0.1239}, "min-mean": {"dba": 0.2855}, "mean-mean": {"dba": 0.3899}, "mean-min": {"dba": 0.3165}}, "1012": {"min-min": {"dba": 0.169}, "min-mean": {"dba": 0.2138}, "mean-mean": {"dba": 0.2975}, "mean-min": {"dba": 0.2884}}, "1013": {"min-min": {"dba": 0.1521}, "min-mean": {"dba": 0.1902}, "mean-mean": {"dba": 0.2666}, "mean-min": {"dba": 0.2663}}, "1014": {"min-min": {"dba": 0.1763}, "min-mean": {"dba": 0.2075}, "mean-mean": {"dba": 0.2962}, "mean-min": {"dba": 0.27}}, "1015": {"min-min": {"dba": 0.0838}, "min-mean": {"dba": 0.1314}, "mean-mean": {"dba": 0.2272}, "mean-min": {"dba": 0.2179}}}, "1003": {"1001": {"min-min": {"dba": 0.1103}, "min-mean": {"dba": 0.1506}, "mean-mean": {"dba": 0.2834}, "mean-min": {"dba": 0.2311}}, "1002": {"min-min": {"dba": 0.1738}, "min-mean": {"dba": 0.2811}, "mean-mean": {"dba": 0.4001}, "mean-min": {"dba": 0.3437}}, "1003": {"min-min": {"dba": 0.1471}, "min-mean": {"dba": 0.2064}, "mean-mean": {"dba": 0.3036}, "mean-min": {"dba": 0.2881}}, "1004": {"min-min": {"dba": 0.2737}, "min-mean": {"dba": 0.3012}, "mean-mean": {"dba": 0.3821}, "mean-min": {"dba": 0.3563}}, "1005": {"min-min": {"dba": 0.2465}, "min-mean": {"dba": 0.2465}, "mean-mean": {"dba": 0.3391}, "mean-min": {"dba": 0.2465}}, "1006": {"min-min": {"dba": 0.1854}, "min-mean": {"dba": 0.2446}, "mean-mean": {"dba": 0.3922}, "mean-min": {"dba": 0.363}}, "1007": {"min-min": {"dba": 0.1744}, "min-mean": {"dba": 0.1814}, "mean-mean": {"dba": 0.2488}, "mean-min": {"dba": 0.1953}}, "1008": {"min-min": {"dba": 0.1962}, "min-mean": {"dba": 0.2479}, "mean-mean": {"dba": 0.3233}, "mean-min": {"dba": 0.2984}}, "1009": {"min-min": {"dba": 0.1825}, "min-mean": {"dba": 0.2138}, "mean-mean": {"dba": 0.2779}, "mean-min": {"dba": 0.2651}}, "1010": {"min-min": {"dba": 0.2276}, "min-mean": {"dba": 0.27}, "mean-mean": {"dba": 0.3602}, "mean-min": {"dba": 0.3424}}, "1011": {"min-min": {"dba": 0.1504}, "min-mean": {"dba": 0.1916}, "mean-mean": {"dba": 0.2772}, "mean-min": {"dba": 0.2641}}, "1012": {"min-min": {"dba": 0.2462}, "min-mean": {"dba": 0.2697}, "mean-mean": {"dba": 0.3604}, "mean-min": {"dba": 0.3166}}, "1013": {"min-min": {"dba": 0.174}, "min-mean": {"dba": 0.2174}, "mean-mean": {"dba": 0.2814}, "mean-min": {"dba": 0.258}}, "1014": {"min-min": {"dba": 0.3269}, "min-mean": {"dba": 0.3537}, "mean-mean": {"dba": 0.4307}, "mean-min": {"dba": 0.3786}}, "1015": {"min-min": {"dba": 0.1231}, "min-mean": {"dba": 0.1654}, "mean-mean": {"dba": 0.3021}, "mean-min": {"dba": 0.2499}}}, "1004": {"1001": {"min-min": {"dba": 0.2503}, "min-mean": {"dba": 0.2626}, "mean-mean": {"dba": 0.3128}, "mean-min": {"dba": 0.2872}}, "1002": {"min-min": {"dba": 0.1335}, "min-mean": {"dba": 0.2501}, "mean-mean": {"dba": 0.3716}, "mean-min": {"dba": 0.303}}, "1003": {"min-min": {"dba": 0.2491}, "min-mean": {"dba": 0.2491}, "mean-mean": {"dba": 0.3521}, "mean-min": {"dba": 0.2491}}, "1004": {"min-min": {"dba": 0.162}, "min-mean": {"dba": 0.1853}, "mean-mean": {"dba": 0.2551}, "mean-min": {"dba": 0.197}}, "1005": {"min-min": {"dba": 0.3495}, "min-mean": {"dba": 0.4358}, "mean-mean": {"dba": 0.6296}, "mean-min": {"dba": 0.6085}}, "1006": {"min-min": {"dba": 0.1583}, "min-mean": {"dba": 0.1636}, "mean-mean": {"dba": 0.2746}, "mean-min": {"dba": 0.1663}}, "1007": {"min-min": {"dba": 0.2672}, "min-mean": {"dba": 0.2959}, "mean-mean": {"dba": 0.3889}, "mean-min": {"dba": 0.3532}}, "1008": {"min-min": {"dba": 0.1895}, "min-mean": {"dba": 0.2344}, "mean-mean": {"dba": 0.3516}, "mean-min": {"dba": 0.3242}}, "1009": {"min-min": {"dba": 0.3183}, "min-mean": {"dba": 0.3409}, "mean-mean": {"dba": 0.415}, "mean-min": {"dba": 0.3862}}, "1010": {"min-min": {"dba": 0.1621}, "min-mean": {"dba": 0.1708}, "mean-mean": {"dba": 0.2706}, "mean-min": {"dba": 0.1882}}, "1011": {"min-min": {"dba": 0.3114}, "min-mean": {"dba": 0.3841}, "mean-mean": {"dba": 0.4565}, "mean-min": {"dba": 0.4044}}, "1012": {"min-min": {"dba": 0.1406}, "min-mean": {"dba": 0.2283}, "mean-mean": {"dba": 0.333}, "mean-min": {"dba": 0.2969}}, "1013": {"min-min": {"dba": 0.2245}, "min-mean": {"dba": 0.256}, "mean-mean": {"dba": 0.3356}, "mean-min": {"dba": 0.3189}}, "1014": {"min-min": {"dba": 0.2093}, "min-mean": {"dba": 0.246}, "mean-mean": {"dba": 0.3138}, "mean-min": {"dba": 0.3055}}, "1015": {"min-min": {"dba": 0.1271}, "min-mean": {"dba": 0.2026}, "mean-mean": {"dba": 0.3169}, "mean-min": {"dba": 0.2896}}}, "1005": {"1001": {"min-min": {"dba": 0.3037}, "min-mean": {"dba": 0.3346}, "mean-mean": {"dba": 0.4397}, "mean-min": {"dba": 0.3965}}, "1002": {"min-min": {"dba": 0.3494}, "min-mean": {"dba": 0.3616}, "mean-mean": {"dba": 0.4817}, "mean-min": {"dba": 0.3861}}, "1003": {"min-min": {"dba": 0.2494}, "min-mean": {"dba": 0.3444}, "mean-mean": {"dba": 0.426}, "mean-min": {"dba": 0.4184}}, "1004": {"min-min": {"dba": 0.4251}, "min-mean": {"dba": 0.4438}, "mean-mean": {"dba": 0.5574}, "mean-min": {"dba": 0.4755}}, "1005": {"min-min": {"dba": 0.1259}, "min-mean": {"dba": 0.3319}, "mean-mean": {"dba": 0.4685}, "mean-min": {"dba": 0.3877}}, "1006": {"min-min": {"dba": 0.3034}, "min-mean": {"dba": 0.3454}, "mean-mean": {"dba": 0.5633}, "mean-min": {"dba": 0.4295}}, "1007": {"min-min": {"dba": 0.2667}, "min-mean": {"dba": 0.3529}, "mean-mean": {"dba": 0.4336}, "mean-min": {"dba": 0.4185}}, "1008": {"min-min": {"dba": 0.348}, "min-mean": {"dba": 0.3825}, "mean-mean": {"dba": 0.4454}, "mean-min": {"dba": 0.4199}}, "1009": {"min-min": {"dba": 0.2181}, "min-mean": {"dba": 0.3208}, "mean-mean": {"dba": 0.4158}, "mean-min": {"dba": 0.4117}}, "1010": {"min-min": {"dba": 0.3205}, "min-mean": {"dba": 0.3782}, "mean-mean": {"dba": 0.5251}, "mean-min": {"dba": 0.4937}}, "1011": {"min-min": {"dba": 0.2772}, "min-mean": {"dba": 0.3414}, "mean-mean": {"dba": 0.4055}, "mean-min": {"dba": 0.3926}}, "1012": {"min-min": {"dba": 0.3982}, "min-mean": {"dba": 0.3982}, "mean-mean": {"dba": 0.5187}, "mean-min": {"dba": 0.3982}}, "1013": {"min-min": {"dba": 0.395}, "min-mean": {"dba": 0.4408}, "mean-mean": {"dba": 0.492}, "mean-min": {"dba": 0.4607}}, "1014": {"min-min": {"dba": 0.4339}, "min-mean": {"dba": 0.4485}, "mean-mean": {"dba": 0.6122}, "mean-min": {"dba": 0.4777}}, "1015": {"min-min": {"dba": 0.3151}, "min-mean": {"dba": 0.3194}, "mean-mean": {"dba": 0.4525}, "mean-min": {"dba": 0.3279}}}, "1006": {"1001": {"min-min": {"dba": 0.1422}, "min-mean": {"dba": 0.1825}, "mean-mean": {"dba": 0.3141}, "mean-min": {"dba": 0.2631}}, "1002": {"min-min": {"dba": 0.1403}, "min-mean": {"dba": 0.2446}, "mean-mean": {"dba": 0.3683}, "mean-min": {"dba": 0.3361}}, "1003": {"min-min": {"dba": 0.246}, "min-mean": {"dba": 0.3121}, "mean-mean": {"dba": 0.416}, "mean-min": {"dba": 0.3572}}, "1004": {"min-min": {"dba": 0.118}, "min-mean": {"dba": 0.2126}, "mean-mean": {"dba": 0.3164}, "mean-min": {"dba": 0.2537}}, "1005": {"min-min": {"dba": 0.1818}, "min-mean": {"dba": 0.3207}, "mean-mean": {"dba": 0.6364}, "mean-min": {"dba": 0.5984}}, "1006": {"min-min": {"dba": 0.0549}, "min-mean": {"dba": 0.1581}, "mean-mean": {"dba": 0.3146}, "mean-min": {"dba": 0.2733}}, "1007": {"min-min": {"dba": 0.2465}, "min-mean": {"dba": 0.2465}, "mean-mean": {"dba": 0.3572}, "mean-min": {"dba": 0.2465}}, "1008": {"min-min": {"dba": 0.2829}, "min-mean": {"dba": 0.3295}, "mean-mean": {"dba": 0.4124}, "mean-min": {"dba": 0.4052}}, "1009": {"min-min": {"dba": 0.2365}, "min-mean": {"dba": 0.3559}, "mean-mean": {"dba": 0.4572}, "mean-min": {"dba": 0.4204}}, "1010": {"min-min": {"dba": 0.1271}, "min-mean": {"dba": 0.2066}, "mean-mean": {"dba": 0.3273}, "mean-min": {"dba": 0.2959}}, "1011": {"min-min": {"dba": 0.3171}, "min-mean": {"dba": 0.4326}, "mean-mean": {"dba": 0.5175}, "mean-min": {"dba": 0.4437}}, "1012": {"min-min": {"dba": 0.0974}, "min-mean": {"dba": 0.1801}, "mean-mean": {"dba": 0.3187}, "mean-min": {"dba": 0.2915}}, "1013": {"min-min": {"dba": 0.2262}, "min-mean": {"dba": 0.2545}, "mean-mean": {"dba": 0.3338}, "mean-min": {"dba": 0.304}}, "1014": {"min-min": {"dba": 0.086}, "min-mean": {"dba": 0.1458}, "mean-mean": {"dba": 0.2553}, "mean-min": {"dba": 0.2155}}, "1015": {"min-min": {"dba": 0.123}, "min-mean": {"dba": 0.1957}, "mean-mean": {"dba": 0.2948}, "mean-min": {"dba": 0.2594}}}, "1007": {"1001": {"min-min": {"dba": 0.1976}, "min-mean": {"dba": 0.2368}, "mean-mean": {"dba": 0.3178}, "mean-min": {"dba": 0.3125}}, "1002": {"min-min": {"dba": 0.19}, "min-mean": {"dba": 0.2637}, "mean-mean": {"dba": 0.3615}, "mean-min": {"dba": 0.338}}, "1003": {"min-min": {"dba": 0.1297}, "min-mean": {"dba": 0.2273}, "mean-mean": {"dba": 0.3201}, "mean-min": {"dba": 0.2921}}, "1004": {"min-min": {"dba": 0.2624}, "min-mean": {"dba": 0.3069}, "mean-mean": {"dba": 0.3914}, "mean-min": {"dba": 0.3713}}, "1005": {"min-min": {"dba": 0.1516}, "min-mean": {"dba": 0.3173}, "mean-mean": {"dba": 0.4734}, "mean-min": {"dba": 0.4101}}, "1006": {"min-min": {"dba": 0.2846}, "min-mean": {"dba": 0.3497}, "mean-mean": {"dba": 0.4409}, "mean-min": {"dba": 0.4004}}, "1007": {"min-min": {"dba": 0.121}, "min-mean": {"dba": 0.2189}, "mean-mean": {"dba": 0.3206}, "mean-min": {"dba": 0.2984}}, "1008": {"min-min": {"dba": 0.103}, "min-mean": {"dba": 0.2263}, "mean-mean": {"dba": 0.3457}, "mean-min": {"dba": 0.3142}}, "1009": {"min-min": {"dba": 0.1087}, "min-mean": {"dba": 0.2323}, "mean-mean": {"dba": 0.3455}, "mean-min": {"dba": 0.3113}}, "1010": {"min-min": {"dba": 0.2347}, "min-mean": {"dba": 0.2874}, "mean-mean": {"dba": 0.3592}, "mean-min": {"dba": 0.3378}}, "1011": {"min-min": {"dba": 0.1165}, "min-mean": {"dba": 0.258}, "mean-mean": {"dba": 0.3502}, "mean-min": {"dba": 0.293}}, "1012": {"min-min": {"dba": 0.1677}, "min-mean": {"dba": 0.1677}, "mean-mean": {"dba": 0.2999}, "mean-min": {"dba": 0.1677}}, "1013": {"min-min": {"dba": 0.1585}, "min-mean": {"dba": 0.2319}, "mean-mean": {"dba": 0.3176}, "mean-min": {"dba": 0.3123}}, "1014": {"min-min": {"dba": 0.2622}, "min-mean": {"dba": 0.2622}, "mean-mean": {"dba": 0.3759}, "mean-min": {"dba": 0.2622}}, "1015": {"min-min": {"dba": 0.1898}, "min-mean": {"dba": 0.2308}, "mean-mean": {"dba": 0.3302}, "mean-min": {"dba": 0.3128}}}, "1008": {"1001": {"min-min": {"dba": 0.1358}, "min-mean": {"dba": 0.1597}, "mean-mean": {"dba": 0.2584}, "mean-min": {"dba": 0.2075}}, "1002": {"min-min": {"dba": 0.1524}, "min-mean": {"dba": 0.2936}, "mean-mean": {"dba": 0.4159}, "mean-min": {"dba": 0.3234}}, "1003": {"min-min": {"dba": 0.1479}, "min-mean": {"dba": 0.2025}, "mean-mean": {"dba": 0.3187}, "mean-min": {"dba": 0.2953}}, "1004": {"min-min": {"dba": 0.1608}, "min-mean": {"dba": 0.268}, "mean-mean": {"dba": 0.3785}, "mean-min": {"dba": 0.3556}}, "1005": {"min-min": {"dba": 0.2297}, "min-mean": {"dba": 0.2297}, "mean-mean": {"dba": 0.3937}, "mean-min": {"dba": 0.2297}}, "1006": {"min-min": {"dba": 0.2489}, "min-mean": {"dba": 0.2984}, "mean-mean": {"dba": 0.3951}, "mean-min": {"dba": 0.3816}}, "1007": {"min-min": {"dba": 0.1573}, "min-mean": {"dba": 0.1586}, "mean-mean": {"dba": 0.246}, "mean-min": {"dba": 0.1611}}, "1008": {"min-min": {"dba": 0.1131}, "min-mean": {"dba": 0.1804}, "mean-mean": {"dba": 0.3114}, "mean-min": {"dba": 0.2914}}, "1009": {"min-min": {"dba": 0.1513}, "min-mean": {"dba": 0.2002}, "mean-mean": {"dba": 0.3083}, "mean-min": {"dba": 0.2749}}, "1010": {"min-min": {"dba": 0.1817}, "min-mean": {"dba": 0.2443}, "mean-mean": {"dba": 0.3426}, "mean-min": {"dba": 0.3262}}, "1011": {"min-min": {"dba": 0.1257}, "min-mean": {"dba": 0.2096}, "mean-mean": {"dba": 0.323}, "mean-min": {"dba": 0.2675}}, "1012": {"min-min": {"dba": 0.2616}, "min-mean": {"dba": 0.2971}, "mean-mean": {"dba": 0.3694}, "mean-min": {"dba": 0.3484}}, "1013": {"min-min": {"dba": 0.1144}, "min-mean": {"dba": 0.1545}, "mean-mean": {"dba": 0.2699}, "mean-min": {"dba": 0.2347}}, "1014": {"min-min": {"dba": 0.1902}, "min-mean": {"dba": 0.2965}, "mean-mean": {"dba": 0.3999}, "mean-min": {"dba": 0.389}}, "1015": {"min-min": {"dba": 0.1557}, "min-mean": {"dba": 0.1991}, "mean-mean": {"dba": 0.2917}, "mean-min": {"dba": 0.277}}}, "1009": {"1001": {"min-min": {"dba": 0.1482}, "min-mean": {"dba": 0.2183}, "mean-mean": {"dba": 0.3135}, "mean-min": {"dba": 0.2915}}, "1002": {"min-min": {"dba": 0.1468}, "min-mean": {"dba": 0.3158}, "mean-mean": {"dba": 0.4431}, "mean-min": {"dba": 0.3592}}, "1003": {"min-min": {"dba": 0.08}, "min-mean": {"dba": 0.1768}, "mean-mean": {"dba": 0.2594}, "mean-min": {"dba": 0.2474}}, "1004": {"min-min": {"dba": 0.247}, "min-mean": {"dba": 0.3638}, "mean-mean": {"dba": 0.4568}, "mean-min": {"dba": 0.4362}}, "1005": {"min-min": {"dba": 0.2222}, "min-mean": {"dba": 0.2823}, "mean-mean": {"dba": 0.3585}, "mean-min": {"dba": 0.3186}}, "1006": {"min-min": {"dba": 0.2493}, "min-mean": {"dba": 0.3512}, "mean-mean": {"dba": 0.4832}, "mean-min": {"dba": 0.4473}}, "1007": {"min-min": {"dba": 0.0789}, "min-mean": {"dba": 0.1863}, "mean-mean": {"dba": 0.2618}, "mean-min": {"dba": 0.2212}}, "1008": {"min-min": {"dba": 0.0992}, "min-mean": {"dba": 0.1799}, "mean-mean": {"dba": 0.2745}, "mean-min": {"dba": 0.2592}}, "1009": {"min-min": {"dba": 0.082}, "min-mean": {"dba": 0.1064}, "mean-mean": {"dba": 0.2079}, "mean-min": {"dba": 0.1552}}, "1010": {"min-min": {"dba": 0.2233}, "min-mean": {"dba": 0.2904}, "mean-mean": {"dba": 0.3923}, "mean-min": {"dba": 0.3737}}, "1011": {"min-min": {"dba": 0.0816}, "min-mean": {"dba": 0.1934}, "mean-mean": {"dba": 0.2668}, "mean-min": {"dba": 0.2205}}, "1012": {"min-min": {"dba": 0.1654}, "min-mean": {"dba": 0.251}, "mean-mean": {"dba": 0.4309}, "mean-min": {"dba": 0.4183}}, "1013": {"min-min": {"dba": 0.117}, "min-mean": {"dba": 0.2214}, "mean-mean": {"dba": 0.3058}, "mean-min": {"dba": 0.2856}}, "1014": {"min-min": {"dba": 0.3741}, "min-mean": {"dba": 0.4259}, "mean-mean": {"dba": 0.5335}, "mean-min": {"dba": 0.504}}, "1015": {"min-min": {"dba": 0.1984}, "min-mean": {"dba": 0.2534}, "mean-mean": {"dba": 0.3468}, "mean-min": {"dba": 0.3084}}}, "1010": {"1001": {"min-min": {"dba": 0.0765}, "min-mean": {"dba": 0.105}, "mean-mean": {"dba": 0.1948}, "mean-min": {"dba": 0.1358}}, "1002": {"min-min": {"dba": 0.0642}, "min-mean": {"dba": 0.1838}, "mean-mean": {"dba": 0.32}, "mean-min": {"dba": 0.265}}, "1003": {"min-min": {"dba": 0.1797}, "min-mean": {"dba": 0.2239}, "mean-mean": {"dba": 0.3168}, "mean-min": {"dba": 0.293}}, "1004": {"min-min": {"dba": 0.0759}, "min-mean": {"dba": 0.1668}, "mean-mean": {"dba": 0.2645}, "mean-min": {"dba": 0.2313}}, "1005": {"min-min": {"dba": 0.4096}, "min-mean": {"dba": 0.4201}, "mean-mean": {"dba": 0.5304}, "mean-min": {"dba": 0.4254}}, "1006": {"min-min": {"dba": 0.1487}, "min-mean": {"dba": 0.2084}, "mean-mean": {"dba": 0.2933}, "mean-min": {"dba": 0.2807}}, "1007": {"min-min": {"dba": 0.1174}, "min-mean": {"dba": 0.1174}, "mean-mean": {"dba": 0.2321}, "mean-min": {"dba": 0.1174}}, "1008": {"min-min": {"dba": 0.152}, "min-mean": {"dba": 0.2141}, "mean-mean": {"dba": 0.299}, "mean-min": {"dba": 0.2876}}, "1009": {"min-min": {"dba": 0.1876}, "min-mean": {"dba": 0.2526}, "mean-mean": {"dba": 0.3408}, "mean-min": {"dba": 0.3324}}, "1010": {"min-min": {"dba": 0.1119}, "min-mean": {"dba": 0.1896}, "mean-mean": {"dba": 0.273}, "mean-min": {"dba": 0.236}}, "1011": {"min-min": {"dba": 0.2135}, "min-mean": {"dba": 0.2991}, "mean-mean": {"dba": 0.3768}, "mean-min": {"dba": 0.3287}}, "1012": {"min-min": {"dba": 0.1522}, "min-mean": {"dba": 0.1966}, "mean-mean": {"dba": 0.2685}, "mean-min": {"dba": 0.2654}}, "1013": {"min-min": {"dba": 0.094}, "min-mean": {"dba": 0.1565}, "mean-mean": {"dba": 0.2602}, "mean-min": {"dba": 0.2487}}, "1014": {"min-min": {"dba": 0.13}, "min-mean": {"dba": 0.1993}, "mean-mean": {"dba": 0.2657}, "mean-min": {"dba": 0.2581}}, "1015": {"min-min": {"dba": 0.0893}, "min-mean": {"dba": 0.1323}, "mean-mean": {"dba": 0.2034}, "mean-min": {"dba": 0.2012}}}, "1011": {"1001": {"min-min": {"dba": 0.2049}, "min-mean": {"dba": 0.2277}, "mean-mean": {"dba": 0.3192}, "mean-min": {"dba": 0.2733}}, "1002": {"min-min": {"dba": 0.1983}, "min-mean": {"dba": 0.2479}, "mean-mean": {"dba": 0.3688}, "mean-min": {"dba": 0.347}}, "1003": {"min-min": {"dba": 0.2012}, "min-mean": {"dba": 0.2476}, "mean-mean": {"dba": 0.3935}, "mean-min": {"dba": 0.3405}}, "1004": {"min-min": {"dba": 0.1692}, "min-mean": {"dba": 0.2118}, "mean-mean": {"dba": 0.3277}, "mean-min": {"dba": 0.297}}, "1005": {"min-min": {"dba": 0.2782}, "min-mean": {"dba": 0.4049}, "mean-mean": {"dba": 0.6142}, "mean-min": {"dba": 0.5819}}, "1006": {"min-min": {"dba": 0.2561}, "min-mean": {"dba": 0.2666}, "mean-mean": {"dba": 0.36}, "mean-min": {"dba": 0.2876}}, "1007": {"min-min": {"dba": 0.1731}, "min-mean": {"dba": 0.2646}, "mean-mean": {"dba": 0.4108}, "mean-min": {"dba": 0.3856}}, "1008": {"min-min": {"dba": 0.2245}, "min-mean": {"dba": 0.2798}, "mean-mean": {"dba": 0.3826}, "mean-min": {"dba": 0.3728}}, "1009": {"min-min": {"dba": 0.2293}, "min-mean": {"dba": 0.3494}, "mean-mean": {"dba": 0.4612}, "mean-min": {"dba": 0.4428}}, "1010": {"min-min": {"dba": 0.1921}, "min-mean": {"dba": 0.242}, "mean-mean": {"dba": 0.344}, "mean-min": {"dba": 0.3294}}, "1011": {"min-min": {"dba": 0.3156}, "min-mean": {"dba": 0.3805}, "mean-mean": {"dba": 0.4492}, "mean-min": {"dba": 0.4172}}, "1012": {"min-min": {"dba": 0.2648}, "min-mean": {"dba": 0.3068}, "mean-mean": {"dba": 0.3847}, "mean-min": {"dba": 0.3688}}, "1013": {"min-min": {"dba": 0.1969}, "min-mean": {"dba": 0.2998}, "mean-mean": {"dba": 0.4202}, "mean-min": {"dba": 0.3983}}, "1014": {"min-min": {"dba": 0.1897}, "min-mean": {"dba": 0.1897}, "mean-mean": {"dba": 0.3013}, "mean-min": {"dba": 0.1897}}, "1015": {"min-min": {"dba": 0.209}, "min-mean": {"dba": 0.2506}, "mean-mean": {"dba": 0.3501}, "mean-min": {"dba": 0.3338}}}, "1012": {"1001": {"min-min": {"dba": 0.1764}, "min-mean": {"dba": 0.2114}, "mean-mean": {"dba": 0.3305}, "mean-min": {"dba": 0.2815}}, "1002": {"min-min": {"dba": 0.1865}, "min-mean": {"dba": 0.267}, "mean-mean": {"dba": 0.38}, "mean-min": {"dba": 0.3458}}, "1003": {"min-min": {"dba": 0.179}, "min-mean": {"dba": 0.3145}, "mean-mean": {"dba": 0.4462}, "mean-min": {"dba": 0.3934}}, "1004": {"min-min": {"dba": 0.0982}, "min-mean": {"dba": 0.2059}, "mean-mean": {"dba": 0.3145}, "mean-min": {"dba": 0.2514}}, "1005": {"min-min": {"dba": 0.4344}, "min-mean": {"dba": 0.5359}, "mean-mean": {"dba": 0.6973}, "mean-min": {"dba": 0.6259}}, "1006": {"min-min": {"dba": 0.0803}, "min-mean": {"dba": 0.1796}, "mean-mean": {"dba": 0.3181}, "mean-min": {"dba": 0.2736}}, "1007": {"min-min": {"dba": 0.2453}, "min-mean": {"dba": 0.2638}, "mean-mean": {"dba": 0.3904}, "mean-min": {"dba": 0.273}}, "1008": {"min-min": {"dba": 0.2624}, "min-mean": {"dba": 0.3434}, "mean-mean": {"dba": 0.4364}, "mean-min": {"dba": 0.4226}}, "1009": {"min-min": {"dba": 0.2425}, "min-mean": {"dba": 0.3787}, "mean-mean": {"dba": 0.4994}, "mean-min": {"dba": 0.4804}}, "1010": {"min-min": {"dba": 0.1357}, "min-mean": {"dba": 0.223}, "mean-mean": {"dba": 0.3368}, "mean-min": {"dba": 0.302}}, "1011": {"min-min": {"dba": 0.364}, "min-mean": {"dba": 0.4632}, "mean-mean": {"dba": 0.548}, "mean-min": {"dba": 0.4817}}, "1012": {"min-min": {"dba": 0.1032}, "min-mean": {"dba": 0.1833}, "mean-mean": {"dba": 0.3271}, "mean-min": {"dba": 0.3074}}, "1013": {"min-min": {"dba": 0.1909}, "min-mean": {"dba": 0.2588}, "mean-mean": {"dba": 0.3684}, "mean-min": {"dba": 0.3349}}, "1014": {"min-min": {"dba": 0.075}, "min-mean": {"dba": 0.1383}, "mean-mean": {"dba": 0.2344}, "mean-min": {"dba": 0.2026}}, "1015": {"min-min": {"dba": 0.1439}, "min-mean": {"dba": 0.2105}, "mean-mean": {"dba": 0.3075}, "mean-min": {"dba": 0.2763}}}, "1013": {"1001": {"min-min": {"dba": 0.1302}, "min-mean": {"dba": 0.153}, "mean-mean": {"dba": 0.2564}, "mean-min": {"dba": 0.1986}}, "1002": {"min-min": {"dba": 0.1391}, "min-mean": {"dba": 0.2416}, "mean-mean": {"dba": 0.3552}, "mean-min": {"dba": 0.2792}}, "1003": {"min-min": {"dba": 0.1271}, "min-mean": {"dba": 0.1271}, "mean-mean": {"dba": 0.2389}, "mean-min": {"dba": 0.1271}}, "1004": {"min-min": {"dba": 0.1721}, "min-mean": {"dba": 0.1888}, "mean-mean": {"dba": 0.2977}, "mean-min": {"dba": 0.2223}}, "1005": {"min-min": {"dba": 0.2436}, "min-mean": {"dba": 0.312}, "mean-mean": {"dba": 0.4695}, "mean-min": {"dba": 0.4488}}, "1006": {"min-min": {"dba": 0.2029}, "min-mean": {"dba": 0.2029}, "mean-mean": {"dba": 0.3241}, "mean-min": {"dba": 0.2029}}, "1007": {"min-min": {"dba": 0.1777}, "min-mean": {"dba": 0.19}, "mean-mean": {"dba": 0.2699}, "mean-min": {"dba": 0.2145}}, "1008": {"min-min": {"dba": 0.1398}, "min-mean": {"dba": 0.1734}, "mean-mean": {"dba": 0.2702}, "mean-min": {"dba": 0.2406}}, "1009": {"min-min": {"dba": 0.1881}, "min-mean": {"dba": 0.2129}, "mean-mean": {"dba": 0.292}, "mean-min": {"dba": 0.2625}}, "1010": {"min-min": {"dba": 0.1405}, "min-mean": {"dba": 0.1405}, "mean-mean": {"dba": 0.2577}, "mean-min": {"dba": 0.1405}}, "1011": {"min-min": {"dba": 0.1932}, "min-mean": {"dba": 0.2634}, "mean-mean": {"dba": 0.3336}, "mean-min": {"dba": 0.2615}}, "1012": {"min-min": {"dba": 0.1661}, "min-mean": {"dba": 0.2222}, "mean-mean": {"dba": 0.33}, "mean-min": {"dba": 0.3015}}, "1013": {"min-min": {"dba": 0.0789}, "min-mean": {"dba": 0.1333}, "mean-mean": {"dba": 0.2593}, "mean-min": {"dba": 0.2421}}, "1014": {"min-min": {"dba": 0.2955}, "min-mean": {"dba": 0.3096}, "mean-mean": {"dba": 0.3918}, "mean-min": {"dba": 0.3378}}, "1015": {"min-min": {"dba": 0.1975}, "min-mean": {"dba": 0.207}, "mean-mean": {"dba": 0.2789}, "mean-min": {"dba": 0.226}}}, "1014": {"1001": {"min-min": {"dba": 0.3047}, "min-mean": {"dba": 0.3489}, "mean-mean": {"dba": 0.4349}, "mean-min": {"dba": 0.4188}}, "1002": {"min-min": {"dba": 0.2224}, "min-mean": {"dba": 0.2879}, "mean-mean": {"dba": 0.3997}, "mean-min": {"dba": 0.3912}}, "1003": {"min-min": {"dba": 0.3751}, "min-mean": {"dba": 0.3815}, "mean-mean": {"dba": 0.4825}, "mean-min": {"dba": 0.3885}}, "1004": {"min-min": {"dba": 0.2059}, "min-mean": {"dba": 0.3094}, "mean-mean": {"dba": 0.3866}, "mean-min": {"dba": 0.3203}}, "1005": {"min-min": {"dba": 0.505}, "min-mean": {"dba": 0.505}, "mean-mean": {"dba": 0.7179}, "mean-min": {"dba": 0.505}}, "1006": {"min-min": {"dba": 0.1407}, "min-mean": {"dba": 0.2556}, "mean-mean": {"dba": 0.383}, "mean-min": {"dba": 0.3314}}, "1007": {"min-min": {"dba": 0.3243}, "min-mean": {"dba": 0.3377}, "mean-mean": {"dba": 0.4735}, "mean-min": {"dba": 0.3645}}, "1008": {"min-min": {"dba": 0.3327}, "min-mean": {"dba": 0.3843}, "mean-mean": {"dba": 0.4892}, "mean-min": {"dba": 0.4612}}, "1009": {"min-min": {"dba": 0.3099}, "min-mean": {"dba": 0.3941}, "mean-mean": {"dba": 0.5605}, "mean-min": {"dba": 0.5555}}, "1010": {"min-min": {"dba": 0.2376}, "min-mean": {"dba": 0.2968}, "mean-mean": {"dba": 0.3888}, "mean-min": {"dba": 0.3705}}, "1011": {"min-min": {"dba": 0.4402}, "min-mean": {"dba": 0.5267}, "mean-mean": {"dba": 0.6242}, "mean-min": {"dba": 0.5793}}, "1012": {"min-min": {"dba": 0.1507}, "min-mean": {"dba": 0.2262}, "mean-mean": {"dba": 0.3522}, "mean-min": {"dba": 0.3338}}, "1013": {"min-min": {"dba": 0.2604}, "min-mean": {"dba": 0.2604}, "mean-mean": {"dba": 0.3719}, "mean-min": {"dba": 0.2604}}, "1014": {"min-min": {"dba": 0.1267}, "min-mean": {"dba": 0.2062}, "mean-mean": {"dba": 0.3047}, "mean-min": {"dba": 0.2834}}, "1015": {"min-min": {"dba": 0.2178}, "min-mean": {"dba": 0.279}, "mean-mean": {"dba": 0.3746}, "mean-min": {"dba": 0.3529}}}, "1015": {"1001": {"min-min": {"dba": 0.1567}, "min-mean": {"dba": 0.1924}, "mean-mean": {"dba": 0.2824}, "mean-min": {"dba": 0.2638}}, "1002": {"min-min": {"dba": 0.1443}, "min-mean": {"dba": 0.2459}, "mean-mean": {"dba": 0.3527}, "mean-min": {"dba": 0.2977}}, "1003": {"min-min": {"dba": 0.1773}, "min-mean": {"dba": 0.2387}, "mean-mean": {"dba": 0.3154}, "mean-min": {"dba": 0.3033}}, "1004": {"min-min": {"dba": 0.1915}, "min-mean": {"dba": 0.2504}, "mean-mean": {"dba": 0.3187}, "mean-min": {"dba": 0.3014}}, "1005": {"min-min": {"dba": 0.2212}, "min-mean": {"dba": 0.2443}, "mean-mean": {"dba": 0.42}, "mean-min": {"dba": 0.2559}}, "1006": {"min-min": {"dba": 0.1728}, "min-mean": {"dba": 0.2404}, "mean-mean": {"dba": 0.3462}, "mean-min": {"dba": 0.3271}}, "1007": {"min-min": {"dba": 0.1459}, "min-mean": {"dba": 0.1701}, "mean-mean": {"dba": 0.2658}, "mean-min": {"dba": 0.1822}}, "1008": {"min-min": {"dba": 0.198}, "min-mean": {"dba": 0.2578}, "mean-mean": {"dba": 0.329}, "mean-min": {"dba": 0.3032}}, "1009": {"min-min": {"dba": 0.2264}, "min-mean": {"dba": 0.2544}, "mean-mean": {"dba": 0.3244}, "mean-min": {"dba": 0.3105}}, "1010": {"min-min": {"dba": 0.1471}, "min-mean": {"dba": 0.2147}, "mean-mean": {"dba": 0.3215}, "mean-min": {"dba": 0.3015}}, "1011": {"min-min": {"dba": 0.1817}, "min-mean": {"dba": 0.2644}, "mean-mean": {"dba": 0.3454}, "mean-min": {"dba": 0.3155}}, "1012": {"min-min": {"dba": 0.1888}, "min-mean": {"dba": 0.2229}, "mean-mean": {"dba": 0.2942}, "mean-min": {"dba": 0.2772}}, "1013": {"min-min": {"dba": 0.1608}, "min-mean": {"dba": 0.22}, "mean-mean": {"dba": 0.2877}, "mean-min": {"dba": 0.2644}}, "1014": {"min-min": {"dba": 0.2272}, "min-mean": {"dba": 0.265}, "mean-mean": {"dba": 0.3459}, "mean-min": {"dba": 0.3407}}, "1015": {"min-min": {"dba": 0.1703}, "min-mean": {"dba": 0.2049}, "mean-mean": {"dba": 0.2804}, "mean-min": {"dba": 0.2741}}}}