{"rank": {"bvp": [0, 12, 9, 6, 2, 3, 1, 5, 0, 3, 6, 3, 3, 0, 1], "eda": [12, 14, 9, 6, 8, 0, 5, 7, 5, 0, 13, 2, 0, 9, 3], "temp": [5, 4, 2, 10, 3, 14, 11, 10, 8, 12, 4, 0, 1, 4, 1], "acc": [10, 2, 8, 1, 9, 12, 2, 10, 6, 12, 7, 10, 11, 0, 1], "bvp+eda": [6, 14, 10, 7, 3, 1, 1, 5, 0, 0, 12, 1, 1, 4, 1], "bvp+temp": [1, 10, 5, 9, 1, 8, 5, 8, 2, 8, 4, 1, 2, 1, 1], "bvp+acc": [3, 7, 8, 2, 6, 8, 1, 11, 0, 9, 5, 5, 8, 0, 0], "eda+temp": [10, 11, 6, 9, 6, 7, 9, 10, 6, 5, 11, 0, 0, 5, 1], "eda+acc": [13, 10, 9, 2, 10, 5, 2, 9, 5, 5, 12, 4, 5, 2, 1], "temp+acc": [10, 1, 4, 6, 6, 14, 5, 12, 7, 13, 4, 5, 4, 1, 0], "bvp+eda+temp": [4, 13, 8, 7, 3, 4, 5, 8, 1, 3, 10, 1, 0, 1, 0], "bvp+eda+acc": [8, 12, 11, 3, 3, 4, 2, 8, 1, 3, 12, 2, 3, 1, 0], "bvp+temp+acc": [3, 6, 5, 4, 3, 13, 3, 9, 3, 11, 5, 2, 3, 0, 0], "eda+temp+acc": [11, 9, 6, 6, 7, 12, 4, 11, 6, 9, 11, 1, 2, 2, 1], "bvp+eda+temp+acc": [7, 10, 7, 6, 4, 6, 2, 10, 1, 6, 11, 1, 2, 1, 0]}, "score": {"bvp": [0, 12, 9, 6, 2, 3, 1, 5, 0, 3, 6, 3, 3, 0, 1], "eda": [12, 14, 9, 6, 8, 0, 5, 7, 5, 0, 13, 2, 0, 9, 3], "temp": [5, 4, 2, 10, 3, 14, 11, 10, 8, 12, 4, 0, 1, 4, 1], "acc": [10, 2, 8, 1, 9, 12, 2, 10, 6, 12, 7, 10, 11, 0, 1], "bvp+eda": [2, 12, 10, 5, 2, 0, 1, 5, 0, 0, 8, 2, 0, 3, 2], "bvp+temp": [2, 10, 5, 5, 3, 11, 3, 5, 1, 5, 6, 0, 0, 1, 1], "bvp+acc": [1, 11, 9, 2, 2, 5, 0, 6, 0, 8, 7, 5, 3, 0, 0], "eda+temp": [9, 8, 4, 7, 4, 13, 7, 8, 6, 1, 7, 0, 0, 3, 3], "eda+acc": [13, 12, 9, 2, 8, 2, 1, 10, 3, 2, 11, 3, 4, 1, 1], "temp+acc": [9, 5, 3, 3, 7, 14, 4, 12, 7, 13, 5, 0, 2, 2, 1], "bvp+eda+temp": [4, 11, 7, 6, 2, 6, 3, 6, 1, 1, 6, 0, 0, 1, 1], "bvp+eda+acc": [4, 12, 10, 3, 2, 3, 0, 8, 0, 2, 8, 3, 1, 1, 0], "bvp+temp+acc": [3, 7, 5, 3, 3, 11, 1, 7, 1, 8, 6, 1, 1, 1, 0], "eda+temp+acc": [11, 7, 4, 5, 7, 14, 3, 9, 6, 7, 7, 0, 1, 2, 0], "bvp+eda+temp+acc": [4, 9, 7, 4, 2, 8, 1, 8, 1, 4, 6, 1, 0, 1, 0]}}