{"rank": {"bvp": [1, 9, 5, 3, 0, 5, 2, 4, 2, 3, 6, 2, 2, 4, 2], "eda": [12, 6, 8, 7, 14, 1, 11, 9, 8, 12, 11, 1, 2, 1, 4], "temp": [12, 12, 2, 9, 8, 7, 3, 6, 10, 11, 13, 0, 0, 9, 5], "acc": [13, 6, 10, 4, 9, 12, 0, 4, 1, 2, 7, 8, 6, 2, 7], "bvp+eda": [5, 10, 6, 5, 7, 2, 6, 6, 2, 10, 9, 2, 0, 2, 1], "bvp+temp": [5, 11, 1, 5, 2, 6, 0, 3, 5, 6, 13, 0, 0, 5, 3], "bvp+acc": [6, 9, 9, 2, 2, 10, 0, 2, 0, 0, 5, 5, 1, 1, 1], "eda+temp": [14, 12, 5, 8, 11, 3, 5, 8, 10, 14, 13, 0, 0, 3, 3], "eda+acc": [14, 5, 11, 5, 13, 6, 5, 7, 3, 6, 10, 2, 1, 1, 6], "temp+acc": [14, 12, 4, 7, 9, 11, 1, 4, 6, 7, 12, 3, 0, 5, 6], "bvp+eda+temp": [9, 10, 3, 5, 8, 1, 3, 6, 8, 11, 14, 1, 0, 3, 3], "bvp+eda+acc": [11, 6, 9, 3, 11, 6, 1, 6, 1, 4, 9, 2, 0, 1, 0], "bvp+temp+acc": [11, 12, 5, 4, 5, 10, 0, 3, 1, 2, 11, 2, 0, 3, 2], "eda+temp+acc": [14, 9, 8, 7, 12, 6, 3, 7, 6, 10, 11, 2, 1, 2, 4], "bvp+eda+temp+acc": [13, 10, 5, 5, 11, 5, 1, 5, 3, 5, 11, 1, 0, 1, 1]}, "score": {"bvp": [1, 9, 5, 3, 0, 5, 2, 4, 2, 3, 6, 2, 2, 4, 2], "eda": [12, 6, 8, 7, 14, 1, 11, 9, 8, 12, 11, 1, 2, 1, 4], "temp": [12, 12, 2, 9, 8, 7, 3, 6, 10, 11, 13, 0, 0, 9, 5], "acc": [13, 6, 10, 4, 9, 12, 0, 4, 1, 2, 7, 8, 6, 2, 7], "bvp+eda": [7, 9, 5, 4, 1, 2, 4, 4, 2, 10, 6, 1, 0, 2, 1], "bvp+temp": [6, 10, 1, 5, 0, 6, 0, 3, 5, 6, 11, 0, 0, 4, 1], "bvp+acc": [4, 8, 7, 1, 0, 10, 0, 1, 0, 1, 6, 4, 1, 1, 1], "eda+temp": [14, 8, 3, 7, 10, 4, 5, 6, 8, 14, 13, 0, 0, 3, 4], "eda+acc": [14, 6, 9, 7, 14, 3, 4, 9, 6, 13, 10, 1, 1, 0, 4], "temp+acc": [13, 12, 2, 7, 9, 10, 0, 4, 7, 9, 13, 1, 0, 6, 5], "bvp+eda+temp": [10, 9, 2, 4, 2, 3, 3, 5, 5, 11, 13, 0, 0, 3, 2], "bvp+eda+acc": [10, 7, 5, 3, 1, 4, 1, 2, 1, 8, 6, 1, 0, 1, 1], "bvp+temp+acc": [9, 10, 0, 4, 0, 8, 0, 3, 3, 4, 9, 0, 0, 2, 0], "eda+temp+acc": [14, 7, 3, 6, 10, 4, 4, 6, 6, 13, 13, 0, 0, 3, 4], "bvp+eda+temp+acc": [10, 10, 1, 4, 3, 4, 0, 4, 3, 10, 12, 0, 0, 2, 2]}}