{"1001": {"1001": {"mean": {"bvp": 0.4633, "eda": 5.4108, "acc_x": 3.7477, "acc_y": 2.0777, "acc_z": 2.2774, "temp": 2.9659}, "min": {"bvp": 0.4148, "eda": 4.5684, "acc_x": 3.5545, "acc_y": 2.0615, "acc_z": 2.2187, "temp": 2.9489}}, "1002": {"mean": {"bvp": 0.7636, "eda": 5.5706, "acc_x": 3.7292, "acc_y": 1.7689, "acc_z": 1.8107, "temp": 2.9368}, "min": {"bvp": 0.7559, "eda": 4.6962, "acc_x": 3.5521, "acc_y": 1.622, "acc_z": 1.6526, "temp": 2.9082}}, "1003": {"mean": {"bvp": 0.9182, "eda": 5.6329, "acc_x": 3.5298, "acc_y": 1.8235, "acc_z": 2.1575, "temp": 2.8848}, "min": {"bvp": 0.8668, "eda": 4.7474, "acc_x": 3.352, "acc_y": 1.7477, "acc_z": 2.0146, "temp": 2.8509}}, "1004": {"mean": {"bvp": 0.7607, "eda": 5.2782, "acc_x": 3.2241, "acc_y": 1.8604, "acc_z": 1.8612, "temp": 3.0887}, "min": {"bvp": 0.7242, "eda": 4.417, "acc_x": 3.0533, "acc_y": 1.6958, "acc_z": 1.777, "temp": 3.072}}, "1005": {"mean": {"bvp": 2.0065, "eda": 5.2998, "acc_x": 3.3398, "acc_y": 1.7601, "acc_z": 2.1012, "temp": 2.7724}, "min": {"bvp": 1.9359, "eda": 4.4625, "acc_x": 3.182, "acc_y": 1.667, "acc_z": 2.006, "temp": 2.7586}}, "1006": {"mean": {"bvp": 0.6066, "eda": 5.1524, "acc_x": 4.2171, "acc_y": 1.9204, "acc_z": 2.188, "temp": 3.197}, "min": {"bvp": 0.5738, "eda": 4.2501, "acc_x": 4.0318, "acc_y": 1.8421, "acc_z": 2.1196, "temp": 3.177}}, "1007": {"mean": {"bvp": 0.8161, "eda": 5.2808, "acc_x": 3.7882, "acc_y": 1.5114, "acc_z": 2.2951, "temp": 3.1644}, "min": {"bvp": 0.748, "eda": 4.4163, "acc_x": 3.6032, "acc_y": 1.3008, "acc_z": 2.1486, "temp": 3.1464}}, "1008": {"mean": {"bvp": 0.676, "eda": 5.3363, "acc_x": 4.1636, "acc_y": 1.9172, "acc_z": 1.8544, "temp": 2.9466}, "min": {"bvp": 0.6223, "eda": 4.4631, "acc_x": 3.9681, "acc_y": 1.845, "acc_z": 1.8329, "temp": 2.9323}}, "1009": {"mean": {"bvp": 1.0314, "eda": 5.3919, "acc_x": 3.8809, "acc_y": 1.5992, "acc_z": 2.1924, "temp": 2.8309}, "min": {"bvp": 0.9568, "eda": 4.5208, "acc_x": 3.6911, "acc_y": 1.5675, "acc_z": 2.1188, "temp": 2.826}}, "1010": {"mean": {"bvp": 0.5059, "eda": 5.0356, "acc_x": 3.0253, "acc_y": 1.8528, "acc_z": 2.392, "temp": 3.0552}, "min": {"bvp": 0.5033, "eda": 4.1963, "acc_x": 2.8541, "acc_y": 1.7589, "acc_z": 2.3227, "temp": 3.0438}}, "1011": {"mean": {"bvp": 1.0828, "eda": 5.4773, "acc_x": 3.5721, "acc_y": 1.5808, "acc_z": 2.3964, "temp": 2.9329}, "min": {"bvp": 1.0272, "eda": 4.6134, "acc_x": 3.3849, "acc_y": 1.4819, "acc_z": 2.3853, "temp": 2.9264}}, "1012": {"mean": {"bvp": 0.6229, "eda": 5.5065, "acc_x": 3.6706, "acc_y": 1.7871, "acc_z": 2.299, "temp": 2.6612}, "min": {"bvp": 0.5836, "eda": 4.623, "acc_x": 3.4932, "acc_y": 1.6948, "acc_z": 2.2697, "temp": 2.6198}}, "1013": {"mean": {"bvp": 0.5916, "eda": 5.893, "acc_x": 3.1749, "acc_y": 1.8012, "acc_z": 2.5135, "temp": 2.6633}, "min": {"bvp": 0.5326, "eda": 5.0058, "acc_x": 2.9929, "acc_y": 1.769, "acc_z": 2.4353, "temp": 2.6408}}, "1014": {"mean": {"bvp": 0.7771, "eda": 5.5625, "acc_x": 3.1368, "acc_y": 1.517, "acc_z": 1.9303, "temp": 2.892}, "min": {"bvp": 0.7066, "eda": 4.6508, "acc_x": 2.9589, "acc_y": 1.4736, "acc_z": 1.8797, "temp": 2.88}}, "1015": {"mean": {"bvp": 0.3911, "eda": 5.5065, "acc_x": 3.7534, "acc_y": 1.8432, "acc_z": 1.936, "temp": 2.6246}, "min": {"bvp": 0.3789, "eda": 4.6214, "acc_x": 3.5511, "acc_y": 1.7913, "acc_z": 1.8636, "temp": 2.6236}}}, "1002": {"1001": {"mean": {"bvp": 0.4857, "eda": 3.5538, "acc_x": 2.222, "acc_y": 2.4516, "acc_z": 2.3616, "temp": 3.3309}, "min": {"bvp": 0.3805, "eda": 2.5607, "acc_x": 2.0795, "acc_y": 1.997, "acc_z": 2.3431, "temp": 2.9453}}, "1002": {"mean": {"bvp": 0.9026, "eda": 3.5319, "acc_x": 2.4201, "acc_y": 2.6607, "acc_z": 1.8993, "temp": 3.1908}, "min": {"bvp": 0.7761, "eda": 2.5032, "acc_x": 2.3447, "acc_y": 1.9977, "acc_z": 1.868, "temp": 2.4446}}, "1003": {"mean": {"bvp": 0.7998, "eda": 3.5208, "acc_x": 2.3341, "acc_y": 2.5081, "acc_z": 2.2141, "temp": 3.1236}, "min": {"bvp": 0.7022, "eda": 2.4329, "acc_x": 2.2836, "acc_y": 1.9205, "acc_z": 2.1616, "temp": 2.3952}}, "1004": {"mean": {"bvp": 1.0088, "eda": 3.4631, "acc_x": 2.2724, "acc_y": 2.7391, "acc_z": 1.9413, "temp": 3.3446}, "min": {"bvp": 0.7639, "eda": 2.6208, "acc_x": 2.2276, "acc_y": 2.0833, "acc_z": 1.8732, "temp": 2.8027}}, "1005": {"mean": {"bvp": 1.5754, "eda": 3.533, "acc_x": 2.5264, "acc_y": 2.3832, "acc_z": 2.1157, "temp": 3.1236}, "min": {"bvp": 1.0689, "eda": 2.6183, "acc_x": 2.4687, "acc_y": 1.8018, "acc_z": 2.0344, "temp": 2.6882}}, "1006": {"mean": {"bvp": 0.8614, "eda": 3.1709, "acc_x": 2.6565, "acc_y": 2.5901, "acc_z": 2.2682, "temp": 3.4456}, "min": {"bvp": 0.6181, "eda": 2.2721, "acc_x": 2.5041, "acc_y": 2.0328, "acc_z": 2.1688, "temp": 2.7757}}, "1007": {"mean": {"bvp": 0.591, "eda": 3.4672, "acc_x": 2.3889, "acc_y": 2.4917, "acc_z": 2.2319, "temp": 3.3743}, "min": {"bvp": 0.4133, "eda": 2.6388, "acc_x": 2.2899, "acc_y": 1.7679, "acc_z": 2.0748, "temp": 2.5477}}, "1008": {"mean": {"bvp": 0.5997, "eda": 3.4547, "acc_x": 2.4435, "acc_y": 2.4808, "acc_z": 1.8936, "temp": 3.2494}, "min": {"bvp": 0.5007, "eda": 2.6026, "acc_x": 2.2934, "acc_y": 1.91, "acc_z": 1.8864, "temp": 2.7414}}, "1009": {"mean": {"bvp": 0.7059, "eda": 3.4113, "acc_x": 2.3932, "acc_y": 2.0233, "acc_z": 2.2868, "temp": 3.1916}, "min": {"bvp": 0.4173, "eda": 2.3921, "acc_x": 2.2648, "acc_y": 1.5862, "acc_z": 2.231, "temp": 2.7502}}, "1010": {"mean": {"bvp": 0.684, "eda": 3.4006, "acc_x": 2.1839, "acc_y": 2.528, "acc_z": 2.3956, "temp": 3.334}, "min": {"bvp": 0.5118, "eda": 2.6561, "acc_x": 2.0834, "acc_y": 1.9661, "acc_z": 2.3638, "temp": 2.8254}}, "1011": {"mean": {"bvp": 0.9079, "eda": 3.5037, "acc_x": 2.1887, "acc_y": 1.8433, "acc_z": 2.3729, "temp": 3.2967}, "min": {"bvp": 0.7512, "eda": 2.4168, "acc_x": 2.07, "acc_y": 1.3378, "acc_z": 2.2798, "temp": 2.878}}, "1012": {"mean": {"bvp": 0.8938, "eda": 3.4061, "acc_x": 2.3976, "acc_y": 2.5307, "acc_z": 2.2806, "temp": 2.8775}, "min": {"bvp": 0.6379, "eda": 2.3055, "acc_x": 2.2864, "acc_y": 1.9167, "acc_z": 2.2717, "temp": 1.8948}}, "1013": {"mean": {"bvp": 0.515, "eda": 3.5432, "acc_x": 2.019, "acc_y": 2.2936, "acc_z": 2.5572, "temp": 3.1071}, "min": {"bvp": 0.4039, "eda": 2.1344, "acc_x": 2.0023, "acc_y": 1.7972, "acc_z": 2.4417, "temp": 2.7942}}, "1014": {"mean": {"bvp": 1.014, "eda": 3.3553, "acc_x": 2.1159, "acc_y": 2.0976, "acc_z": 1.9667, "temp": 3.2067}, "min": {"bvp": 0.487, "eda": 2.2483, "acc_x": 2.063, "acc_y": 1.5202, "acc_z": 1.9563, "temp": 2.6691}}, "1015": {"mean": {"bvp": 0.6134, "eda": 3.3748, "acc_x": 2.0234, "acc_y": 2.3121, "acc_z": 1.9898, "temp": 3.0415}, "min": {"bvp": 0.3926, "eda": 2.1891, "acc_x": 1.8811, "acc_y": 1.822, "acc_z": 1.9463, "temp": 2.6516}}}, "1003": {"1001": {"mean": {"bvp": 0.6333, "eda": 5.4553, "acc_x": 2.1168, "acc_y": 2.4154, "acc_z": 2.3464, "temp": 3.4668}, "min": {"bvp": 0.3806, "eda": 5.1158, "acc_x": 2.0114, "acc_y": 1.9464, "acc_z": 2.2861, "temp": 2.5949}}, "1002": {"mean": {"bvp": 1.1384, "eda": 5.6203, "acc_x": 2.4748, "acc_y": 2.5618, "acc_z": 1.8833, "temp": 3.2958}, "min": {"bvp": 0.7673, "eda": 5.2692, "acc_x": 2.4238, "acc_y": 1.6617, "acc_z": 1.8104, "temp": 2.2898}}, "1003": {"mean": {"bvp": 0.7667, "eda": 5.6834, "acc_x": 2.4016, "acc_y": 2.4423, "acc_z": 2.2205, "temp": 3.2767}, "min": {"bvp": 0.7189, "eda": 5.3283, "acc_x": 2.3143, "acc_y": 1.7163, "acc_z": 2.1628, "temp": 2.3166}}, "1004": {"mean": {"bvp": 1.3227, "eda": 5.3242, "acc_x": 2.4081, "acc_y": 2.6324, "acc_z": 1.9428, "temp": 3.5269}, "min": {"bvp": 0.804, "eda": 4.9777, "acc_x": 2.2601, "acc_y": 1.7298, "acc_z": 1.8647, "temp": 2.6104}}, "1005": {"mean": {"bvp": 1.2627, "eda": 5.3427, "acc_x": 2.6032, "acc_y": 2.2874, "acc_z": 2.0916, "temp": 3.3159}, "min": {"bvp": 1.015, "eda": 5.0049, "acc_x": 2.3322, "acc_y": 1.5218, "acc_z": 1.9424, "temp": 2.4824}}, "1006": {"mean": {"bvp": 1.1794, "eda": 5.2037, "acc_x": 2.5616, "acc_y": 2.5274, "acc_z": 2.2594, "temp": 3.5545}, "min": {"bvp": 0.6503, "eda": 4.842, "acc_x": 2.518, "acc_y": 1.8443, "acc_z": 2.143, "temp": 2.626}}, "1007": {"mean": {"bvp": 0.4919, "eda": 5.3276, "acc_x": 2.345, "acc_y": 2.3742, "acc_z": 2.2663, "temp": 3.3614}, "min": {"bvp": 0.4434, "eda": 4.9798, "acc_x": 2.2528, "acc_y": 1.3569, "acc_z": 1.9974, "temp": 2.1561}}, "1008": {"mean": {"bvp": 0.6338, "eda": 5.3844, "acc_x": 2.2995, "acc_y": 2.4054, "acc_z": 1.907, "temp": 3.387}, "min": {"bvp": 0.4973, "eda": 5.0335, "acc_x": 2.2853, "acc_y": 1.6961, "acc_z": 1.8755, "temp": 2.458}}, "1009": {"mean": {"bvp": 0.4693, "eda": 5.4404, "acc_x": 2.2985, "acc_y": 2.0451, "acc_z": 2.2675, "temp": 3.3805}, "min": {"bvp": 0.3781, "eda": 5.0904, "acc_x": 2.2301, "acc_y": 1.7125, "acc_z": 2.2113, "temp": 2.5494}}, "1010": {"mean": {"bvp": 0.9702, "eda": 5.0784, "acc_x": 2.3214, "acc_y": 2.4775, "acc_z": 2.3988, "temp": 3.4827}, "min": {"bvp": 0.5156, "eda": 4.7396, "acc_x": 2.0632, "acc_y": 1.8146, "acc_z": 2.3471, "temp": 2.5273}}, "1011": {"mean": {"bvp": 0.8183, "eda": 5.5233, "acc_x": 2.1715, "acc_y": 1.811, "acc_z": 2.3934, "temp": 3.5275}, "min": {"bvp": 0.7868, "eda": 5.1759, "acc_x": 2.0664, "acc_y": 1.3172, "acc_z": 2.3569, "temp": 2.8248}}, "1012": {"mean": {"bvp": 1.2178, "eda": 5.5573, "acc_x": 2.4361, "acc_y": 2.4525, "acc_z": 2.2632, "temp": 2.9846}, "min": {"bvp": 0.6748, "eda": 5.2028, "acc_x": 2.3251, "acc_y": 1.6664, "acc_z": 2.2078, "temp": 1.9411}}, "1013": {"mean": {"bvp": 0.5643, "eda": 5.9459, "acc_x": 2.1803, "acc_y": 2.2642, "acc_z": 2.5427, "temp": 3.3428}, "min": {"bvp": 0.3947, "eda": 5.5904, "acc_x": 2.0752, "acc_y": 1.7412, "acc_z": 2.4479, "temp": 2.7432}}, "1014": {"mean": {"bvp": 1.4785, "eda": 5.6156, "acc_x": 2.1689, "acc_y": 2.0655, "acc_z": 1.9514, "temp": 3.317}, "min": {"bvp": 0.8595, "eda": 5.2508, "acc_x": 1.8885, "acc_y": 1.4319, "acc_z": 1.8874, "temp": 2.3318}}, "1015": {"mean": {"bvp": 0.931, "eda": 5.5565, "acc_x": 1.9332, "acc_y": 2.28, "acc_z": 1.9525, "temp": 3.3802}, "min": {"bvp": 0.4138, "eda": 5.2014, "acc_x": 1.9015, "acc_y": 1.7651, "acc_z": 1.8908, "temp": 2.8726}}}, "1004": {"1001": {"mean": {"bvp": 0.7094, "eda": 3.7586, "acc_x": 3.2349, "acc_y": 4.1549, "acc_z": 2.7227, "temp": 3.5177}, "min": {"bvp": 0.6127, "eda": 1.9852, "acc_x": 2.4814, "acc_y": 2.0401, "acc_z": 2.414, "temp": 2.5816}}, "1002": {"mean": {"bvp": 0.803, "eda": 3.833, "acc_x": 3.5033, "acc_y": 3.3843, "acc_z": 2.1495, "temp": 3.4021}, "min": {"bvp": 0.7766, "eda": 2.3159, "acc_x": 2.5953, "acc_y": 1.6189, "acc_z": 1.8537, "temp": 2.4027}}, "1003": {"mean": {"bvp": 1.152, "eda": 3.8137, "acc_x": 3.4951, "acc_y": 3.6816, "acc_z": 2.5294, "temp": 3.3948}, "min": {"bvp": 1.0632, "eda": 2.2985, "acc_x": 2.463, "acc_y": 1.7576, "acc_z": 2.2338, "temp": 2.4703}}, "1004": {"mean": {"bvp": 0.6861, "eda": 3.6301, "acc_x": 3.5846, "acc_y": 3.4244, "acc_z": 2.0444, "temp": 3.6045}, "min": {"bvp": 0.666, "eda": 1.9051, "acc_x": 2.2611, "acc_y": 1.6626, "acc_z": 1.8235, "temp": 2.672}}, "1005": {"mean": {"bvp": 2.2958, "eda": 3.5374, "acc_x": 3.812, "acc_y": 3.7275, "acc_z": 2.8561, "temp": 3.401}, "min": {"bvp": 2.1932, "eda": 1.4086, "acc_x": 2.5057, "acc_y": 1.6279, "acc_z": 2.3926, "temp": 2.5555}}, "1006": {"mean": {"bvp": 0.5588, "eda": 3.7231, "acc_x": 3.4657, "acc_y": 3.7419, "acc_z": 2.1991, "temp": 3.649}, "min": {"bvp": 0.5557, "eda": 2.5733, "acc_x": 3.038, "acc_y": 1.8383, "acc_z": 2.1077, "temp": 2.6906}}, "1007": {"mean": {"bvp": 1.1053, "eda": 3.7807, "acc_x": 3.3914, "acc_y": 3.1864, "acc_z": 3.1626, "temp": 3.4424}, "min": {"bvp": 1.0009, "eda": 2.386, "acc_x": 2.6104, "acc_y": 1.2696, "acc_z": 2.6766, "temp": 2.1668}}, "1008": {"mean": {"bvp": 0.9244, "eda": 3.741, "acc_x": 3.2135, "acc_y": 3.8397, "acc_z": 2.2392, "temp": 3.5044}, "min": {"bvp": 0.8298, "eda": 2.2914, "acc_x": 2.8395, "acc_y": 1.8335, "acc_z": 1.9178, "temp": 2.6185}}, "1009": {"mean": {"bvp": 1.337, "eda": 3.6969, "acc_x": 3.3253, "acc_y": 3.9901, "acc_z": 2.395, "temp": 3.4597}, "min": {"bvp": 1.2288, "eda": 2.0754, "acc_x": 2.6352, "acc_y": 1.629, "acc_z": 2.2001, "temp": 2.6185}}, "1010": {"mean": {"bvp": 0.5484, "eda": 3.6272, "acc_x": 3.5771, "acc_y": 3.7108, "acc_z": 2.8907, "temp": 3.549}, "min": {"bvp": 0.5121, "eda": 1.9712, "acc_x": 2.0976, "acc_y": 1.7364, "acc_z": 2.5371, "temp": 2.5553}}, "1011": {"mean": {"bvp": 1.3297, "eda": 3.7013, "acc_x": 3.3084, "acc_y": 4.0135, "acc_z": 2.7929, "temp": 3.6}, "min": {"bvp": 1.2381, "eda": 1.9259, "acc_x": 2.3685, "acc_y": 1.527, "acc_z": 2.4858, "temp": 2.8884}}, "1012": {"mean": {"bvp": 0.5543, "eda": 3.716, "acc_x": 3.4936, "acc_y": 3.5953, "acc_z": 2.5914, "temp": 3.0661}, "min": {"bvp": 0.5458, "eda": 2.1267, "acc_x": 2.5662, "acc_y": 1.7005, "acc_z": 2.3186, "temp": 1.9407}}, "1013": {"mean": {"bvp": 0.8578, "eda": 3.7451, "acc_x": 3.3928, "acc_y": 3.9115, "acc_z": 3.1485, "temp": 3.4983}, "min": {"bvp": 0.7581, "eda": 1.8018, "acc_x": 2.1052, "acc_y": 1.7546, "acc_z": 2.7612, "temp": 3.0686}}, "1014": {"mean": {"bvp": 0.4861, "eda": 3.7591, "acc_x": 3.4631, "acc_y": 3.7044, "acc_z": 2.3952, "temp": 3.3849}, "min": {"bvp": 0.4542, "eda": 2.4665, "acc_x": 2.1118, "acc_y": 1.4614, "acc_z": 2.0435, "temp": 2.3421}}, "1015": {"mean": {"bvp": 0.4216, "eda": 3.5252, "acc_x": 3.0283, "acc_y": 3.9472, "acc_z": 2.4842, "temp": 3.4775}, "min": {"bvp": 0.3864, "eda": 1.5729, "acc_x": 2.3942, "acc_y": 1.7489, "acc_z": 2.1161, "temp": 3.0044}}}, "1005": {"1001": {"mean": {"bvp": 1.6145, "eda": 5.492, "acc_x": 3.0576, "acc_y": 2.2568, "acc_z": 2.8941, "temp": 3.4848}, "min": {"bvp": 1.4604, "eda": 4.6493, "acc_x": 2.2618, "acc_y": 2.0434, "acc_z": 2.3548, "temp": 3.0411}}, "1002": {"mean": {"bvp": 2.1266, "eda": 5.6608, "acc_x": 3.0726, "acc_y": 2.197, "acc_z": 2.3753, "temp": 3.467}, "min": {"bvp": 1.9797, "eda": 4.7959, "acc_x": 2.3134, "acc_y": 1.7494, "acc_z": 1.9767, "temp": 2.4019}}, "1003": {"mean": {"bvp": 1.4486, "eda": 5.7228, "acc_x": 2.9367, "acc_y": 2.1448, "acc_z": 2.722, "temp": 3.4089}, "min": {"bvp": 1.3121, "eda": 4.8472, "acc_x": 2.2829, "acc_y": 1.7842, "acc_z": 2.2817, "temp": 2.3495}}, "1004": {"mean": {"bvp": 2.4299, "eda": 5.3627, "acc_x": 2.7338, "acc_y": 2.2901, "acc_z": 2.3042, "temp": 3.5802}, "min": {"bvp": 2.2756, "eda": 4.5049, "acc_x": 2.2537, "acc_y": 1.8532, "acc_z": 2.0597, "temp": 2.9062}}, "1005": {"mean": {"bvp": 0.9606, "eda": 5.3747, "acc_x": 2.8998, "acc_y": 2.0665, "acc_z": 2.9569, "temp": 3.3416}, "min": {"bvp": 0.9405, "eda": 4.5274, "acc_x": 2.4853, "acc_y": 1.7367, "acc_z": 2.0258, "temp": 2.6391}}, "1006": {"mean": {"bvp": 2.3065, "eda": 5.2469, "acc_x": 3.4853, "acc_y": 2.2341, "acc_z": 2.4574, "temp": 3.7019}, "min": {"bvp": 2.1527, "eda": 4.3609, "acc_x": 2.5666, "acc_y": 1.8872, "acc_z": 2.2285, "temp": 2.7586}}, "1007": {"mean": {"bvp": 1.2279, "eda": 5.3651, "acc_x": 3.1678, "acc_y": 1.9961, "acc_z": 3.2099, "temp": 3.6578}, "min": {"bvp": 1.0796, "eda": 4.5042, "acc_x": 2.4875, "acc_y": 1.507, "acc_z": 2.1263, "temp": 2.5367}}, "1008": {"mean": {"bvp": 1.486, "eda": 5.4257, "acc_x": 3.3419, "acc_y": 2.1935, "acc_z": 2.4385, "temp": 3.4695}, "min": {"bvp": 1.3376, "eda": 4.5646, "acc_x": 2.2962, "acc_y": 1.8861, "acc_z": 1.9318, "temp": 2.6726}}, "1009": {"mean": {"bvp": 0.9755, "eda": 5.4781, "acc_x": 3.2087, "acc_y": 1.7739, "acc_z": 2.6143, "temp": 3.3822}, "min": {"bvp": 0.8358, "eda": 4.6119, "acc_x": 2.4376, "acc_y": 1.513, "acc_z": 2.3841, "temp": 2.842}}, "1010": {"mean": {"bvp": 2.054, "eda": 5.1136, "acc_x": 2.5575, "acc_y": 2.1738, "acc_z": 3.0261, "temp": 3.5585}, "min": {"bvp": 1.9007, "eda": 4.2689, "acc_x": 2.1286, "acc_y": 1.827, "acc_z": 2.3567, "temp": 2.8855}}, "1011": {"mean": {"bvp": 1.3563, "eda": 5.5666, "acc_x": 2.9521, "acc_y": 1.7247, "acc_z": 2.9645, "temp": 3.4468}, "min": {"bvp": 1.2294, "eda": 4.7175, "acc_x": 2.2871, "acc_y": 1.5364, "acc_z": 2.4176, "temp": 2.9917}}, "1012": {"mean": {"bvp": 2.355, "eda": 5.5992, "acc_x": 3.0631, "acc_y": 2.1389, "acc_z": 2.7672, "temp": 3.2102}, "min": {"bvp": 2.2007, "eda": 4.728, "acc_x": 2.3939, "acc_y": 1.7515, "acc_z": 2.3208, "temp": 1.8719}}, "1013": {"mean": {"bvp": 1.4734, "eda": 5.9872, "acc_x": 2.569, "acc_y": 2.0294, "acc_z": 3.2481, "temp": 3.1557}, "min": {"bvp": 1.3224, "eda": 5.1113, "acc_x": 1.9035, "acc_y": 1.7611, "acc_z": 2.4514, "temp": 2.7131}}, "1014": {"mean": {"bvp": 2.6749, "eda": 5.6572, "acc_x": 2.4984, "acc_y": 1.7889, "acc_z": 2.5898, "temp": 3.4472}, "min": {"bvp": 2.518, "eda": 4.7615, "acc_x": 1.7534, "acc_y": 1.4646, "acc_z": 1.9742, "temp": 2.6252}}, "1015": {"mean": {"bvp": 2.0668, "eda": 5.5968, "acc_x": 2.9774, "acc_y": 2.0697, "acc_z": 2.6443, "temp": 3.1654}, "min": {"bvp": 1.9111, "eda": 4.7239, "acc_x": 2.0372, "acc_y": 1.8173, "acc_z": 1.944, "temp": 2.7068}}}, "1006": {"1001": {"mean": {"bvp": 1.0055, "eda": 4.8325, "acc_x": 3.0585, "acc_y": 2.072, "acc_z": 2.5801, "temp": 3.5717}, "min": {"bvp": 0.6511, "eda": 4.3107, "acc_x": 2.2108, "acc_y": 2.0431, "acc_z": 2.2596, "temp": 3.4418}}, "1002": {"mean": {"bvp": 1.0097, "eda": 4.971, "acc_x": 3.2596, "acc_y": 1.7712, "acc_z": 2.0091, "temp": 3.921}, "min": {"bvp": 0.7851, "eda": 4.4215, "acc_x": 2.4593, "acc_y": 1.6341, "acc_z": 1.6504, "temp": 3.7441}}, "1003": {"mean": {"bvp": 1.4324, "eda": 5.0273, "acc_x": 3.1623, "acc_y": 1.8286, "acc_z": 2.3816, "temp": 3.8685}, "min": {"bvp": 1.0963, "eda": 4.4705, "acc_x": 2.3041, "acc_y": 1.7545, "acc_z": 2.0335, "temp": 3.688}}, "1004": {"mean": {"bvp": 0.8375, "eda": 4.689, "acc_x": 3.1075, "acc_y": 1.8803, "acc_z": 2.0057, "temp": 3.8576}, "min": {"bvp": 0.6848, "eda": 4.1546, "acc_x": 2.1861, "acc_y": 1.6543, "acc_z": 1.8162, "temp": 3.6943}}, "1005": {"mean": {"bvp": 2.5909, "eda": 4.7253, "acc_x": 3.3166, "acc_y": 1.7563, "acc_z": 2.5621, "temp": 3.5788}, "min": {"bvp": 2.232, "eda": 4.2101, "acc_x": 2.4499, "acc_y": 1.6643, "acc_z": 2.0375, "temp": 3.4226}}, "1006": {"mean": {"bvp": 0.7477, "eda": 4.5376, "acc_x": 3.4025, "acc_y": 1.9119, "acc_z": 2.2299, "temp": 4.0796}, "min": {"bvp": 0.5571, "eda": 3.971, "acc_x": 2.6956, "acc_y": 1.8178, "acc_z": 2.1538, "temp": 3.9174}}, "1007": {"mean": {"bvp": 1.4075, "eda": 4.689, "acc_x": 3.1906, "acc_y": 1.5108, "acc_z": 2.8278, "temp": 4.1425}, "min": {"bvp": 1.041, "eda": 4.1513, "acc_x": 2.3808, "acc_y": 1.2448, "acc_z": 2.2297, "temp": 3.9686}}, "1008": {"mean": {"bvp": 1.2158, "eda": 4.7392, "acc_x": 3.2208, "acc_y": 1.9059, "acc_z": 2.1123, "temp": 3.7631}, "min": {"bvp": 0.8656, "eda": 4.194, "acc_x": 2.5061, "acc_y": 1.8313, "acc_z": 1.8178, "temp": 3.6064}}, "1009": {"mean": {"bvp": 1.6438, "eda": 4.7948, "acc_x": 3.1765, "acc_y": 1.5969, "acc_z": 2.3242, "temp": 3.5299}, "min": {"bvp": 1.2702, "eda": 4.2499, "acc_x": 2.3651, "acc_y": 1.5116, "acc_z": 2.0852, "temp": 3.3859}}, "1010": {"mean": {"bvp": 0.7925, "eda": 4.4594, "acc_x": 3.0296, "acc_y": 1.8294, "acc_z": 2.7114, "temp": 3.8284}, "min": {"bvp": 0.5231, "eda": 3.9433, "acc_x": 2.079, "acc_y": 1.7084, "acc_z": 2.365, "temp": 3.668}}, "1011": {"mean": {"bvp": 1.6097, "eda": 4.8884, "acc_x": 3.0484, "acc_y": 1.529, "acc_z": 2.6528, "temp": 3.4914}, "min": {"bvp": 1.2746, "eda": 4.3523, "acc_x": 2.1799, "acc_y": 1.4877, "acc_z": 2.3556, "temp": 3.363}}, "1012": {"mean": {"bvp": 0.735, "eda": 4.9011, "acc_x": 3.2238, "acc_y": 1.8089, "acc_z": 2.4724, "temp": 3.8246}, "min": {"bvp": 0.5607, "eda": 4.3446, "acc_x": 2.409, "acc_y": 1.7284, "acc_z": 2.2045, "temp": 3.6264}}, "1013": {"mean": {"bvp": 1.1562, "eda": 5.2835, "acc_x": 2.9484, "acc_y": 1.7899, "acc_z": 2.9126, "temp": 2.9307}, "min": {"bvp": 0.796, "eda": 4.7202, "acc_x": 1.9977, "acc_y": 1.7648, "acc_z": 2.4631, "temp": 2.8416}}, "1014": {"mean": {"bvp": 0.5488, "eda": 4.9417, "acc_x": 2.9836, "acc_y": 1.5127, "acc_z": 2.221, "temp": 3.7589}, "min": {"bvp": 0.4483, "eda": 4.3661, "acc_x": 2.0281, "acc_y": 1.4558, "acc_z": 1.8518, "temp": 3.5965}}, "1015": {"mean": {"bvp": 0.6802, "eda": 4.9018, "acc_x": 2.9102, "acc_y": 1.818, "acc_z": 2.2913, "temp": 3.1461}, "min": {"bvp": 0.3937, "eda": 4.3465, "acc_x": 2.0506, "acc_y": 1.7465, "acc_z": 1.8847, "temp": 3.022}}}, "1007": {"1001": {"mean": {"bvp": 0.6554, "eda": 5.197, "acc_x": 2.1746, "acc_y": 2.4524, "acc_z": 2.4975, "temp": 3.4786}, "min": {"bvp": 0.4075, "eda": 4.4752, "acc_x": 2.0845, "acc_y": 2.0415, "acc_z": 2.2692, "temp": 2.6191}}, "1002": {"mean": {"bvp": 1.2199, "eda": 5.3587, "acc_x": 2.3328, "acc_y": 2.5406, "acc_z": 2.2372, "temp": 3.359}, "min": {"bvp": 0.9757, "eda": 4.6222, "acc_x": 2.2489, "acc_y": 1.6694, "acc_z": 1.8741, "temp": 2.3182}}, "1003": {"mean": {"bvp": 0.7654, "eda": 5.4178, "acc_x": 2.2908, "acc_y": 2.462, "acc_z": 2.4963, "temp": 3.3471}, "min": {"bvp": 0.6907, "eda": 4.6707, "acc_x": 2.2891, "acc_y": 1.8191, "acc_z": 2.2347, "temp": 2.3603}}, "1004": {"mean": {"bvp": 1.4573, "eda": 5.0625, "acc_x": 2.2333, "acc_y": 2.5932, "acc_z": 2.3307, "temp": 3.5882}, "min": {"bvp": 1.1677, "eda": 4.3298, "acc_x": 2.2098, "acc_y": 1.68, "acc_z": 1.8849, "temp": 2.6376}}, "1005": {"mean": {"bvp": 1.1647, "eda": 5.0776, "acc_x": 2.4924, "acc_y": 2.2628, "acc_z": 2.0548, "temp": 3.3685}, "min": {"bvp": 1.0782, "eda": 4.3446, "acc_x": 2.4671, "acc_y": 1.489, "acc_z": 1.9842, "temp": 2.5382}}, "1006": {"mean": {"bvp": 1.316, "eda": 4.9383, "acc_x": 2.5798, "acc_y": 2.55, "acc_z": 2.678, "temp": 3.5795}, "min": {"bvp": 1.02, "eda": 4.1876, "acc_x": 2.5686, "acc_y": 1.9332, "acc_z": 2.1859, "temp": 2.6459}}, "1007": {"mean": {"bvp": 0.4669, "eda": 5.0644, "acc_x": 2.3476, "acc_y": 2.33, "acc_z": 2.1421, "temp": 3.3662}, "min": {"bvp": 0.395, "eda": 4.3276, "acc_x": 2.3096, "acc_y": 1.3429, "acc_z": 2.0971, "temp": 2.1202}}, "1008": {"mean": {"bvp": 0.6442, "eda": 5.1253, "acc_x": 2.3683, "acc_y": 2.4123, "acc_z": 2.1769, "temp": 3.4268}, "min": {"bvp": 0.4949, "eda": 4.3943, "acc_x": 2.3076, "acc_y": 1.7713, "acc_z": 1.8852, "temp": 2.5103}}, "1009": {"mean": {"bvp": 0.3829, "eda": 5.1756, "acc_x": 2.3498, "acc_y": 2.1504, "acc_z": 2.6276, "temp": 3.4229}, "min": {"bvp": 0.378, "eda": 4.434, "acc_x": 2.2719, "acc_y": 1.682, "acc_z": 2.2409, "temp": 2.5998}}, "1010": {"mean": {"bvp": 1.0753, "eda": 4.8172, "acc_x": 2.1487, "acc_y": 2.4967, "acc_z": 2.4695, "temp": 3.5394}, "min": {"bvp": 0.7915, "eda": 4.091, "acc_x": 2.1179, "acc_y": 1.896, "acc_z": 2.3303, "temp": 2.5455}}, "1011": {"mean": {"bvp": 0.7916, "eda": 5.27, "acc_x": 2.1458, "acc_y": 1.8826, "acc_z": 2.5571, "temp": 3.5599}, "min": {"bvp": 0.744, "eda": 4.5534, "acc_x": 2.0833, "acc_y": 1.484, "acc_z": 2.3735, "temp": 2.8845}}, "1012": {"mean": {"bvp": 1.3601, "eda": 5.2952, "acc_x": 2.3178, "acc_y": 2.4608, "acc_z": 2.5289, "temp": 3.0822}, "min": {"bvp": 1.0613, "eda": 4.5551, "acc_x": 2.241, "acc_y": 1.7409, "acc_z": 2.2727, "temp": 1.9049}}, "1013": {"mean": {"bvp": 0.577, "eda": 5.6816, "acc_x": 1.9582, "acc_y": 2.3173, "acc_z": 2.5293, "temp": 3.3439}, "min": {"bvp": 0.3965, "eda": 4.9356, "acc_x": 1.8334, "acc_y": 1.895, "acc_z": 2.4475, "temp": 2.8492}}, "1014": {"mean": {"bvp": 1.6496, "eda": 5.3458, "acc_x": 1.9539, "acc_y": 2.1399, "acc_z": 2.1572, "temp": 3.3611}, "min": {"bvp": 1.3306, "eda": 4.5842, "acc_x": 1.8518, "acc_y": 1.687, "acc_z": 1.9607, "temp": 2.3517}}, "1015": {"mean": {"bvp": 1.059, "eda": 5.2928, "acc_x": 1.9731, "acc_y": 2.3486, "acc_z": 2.0973, "temp": 3.407}, "min": {"bvp": 0.7569, "eda": 4.55, "acc_x": 1.8916, "acc_y": 1.9563, "acc_z": 1.9105, "temp": 2.9232}}}, "1008": {"1001": {"mean": {"bvp": 0.382, "eda": 6.0586, "acc_x": 3.8529, "acc_y": 2.0509, "acc_z": 2.7771, "temp": 3.2005}, "min": {"bvp": 0.3573, "eda": 5.8727, "acc_x": 3.6964, "acc_y": 2.0334, "acc_z": 2.6378, "temp": 2.8636}}, "1002": {"mean": {"bvp": 0.7885, "eda": 6.2418, "acc_x": 3.8235, "acc_y": 1.9294, "acc_z": 2.188, "temp": 3.2243}, "min": {"bvp": 0.7756, "eda": 6.0509, "acc_x": 3.6786, "acc_y": 1.8217, "acc_z": 2.0409, "temp": 2.5098}}, "1003": {"mean": {"bvp": 0.7661, "eda": 6.3103, "acc_x": 3.626, "acc_y": 1.888, "acc_z": 2.5723, "temp": 3.1645}, "min": {"bvp": 0.6976, "eda": 6.1181, "acc_x": 3.4805, "acc_y": 1.8163, "acc_z": 2.432, "temp": 2.4564}}, "1004": {"mean": {"bvp": 0.8586, "eda": 5.938, "acc_x": 3.3169, "acc_y": 2.032, "acc_z": 2.0728, "temp": 3.3176}, "min": {"bvp": 0.8279, "eda": 5.7491, "acc_x": 3.1766, "acc_y": 1.9268, "acc_z": 1.935, "temp": 2.8294}}, "1005": {"mean": {"bvp": 1.7171, "eda": 5.9428, "acc_x": 3.4256, "acc_y": 1.817, "acc_z": 2.9383, "temp": 3.0516}, "min": {"bvp": 1.5034, "eda": 5.7578, "acc_x": 3.2954, "acc_y": 1.7603, "acc_z": 2.7564, "temp": 2.5469}}, "1006": {"mean": {"bvp": 0.702, "eda": 5.8407, "acc_x": 4.317, "acc_y": 1.987, "acc_z": 2.2077, "temp": 3.4684}, "min": {"bvp": 0.6695, "eda": 5.6455, "acc_x": 4.166, "acc_y": 1.9203, "acc_z": 2.119, "temp": 2.8486}}, "1007": {"mean": {"bvp": 0.5727, "eda": 5.9433, "acc_x": 3.8882, "acc_y": 1.7027, "acc_z": 3.2556, "temp": 3.44}, "min": {"bvp": 0.4258, "eda": 5.754, "acc_x": 3.7375, "acc_y": 1.5792, "acc_z": 3.0688, "temp": 2.7032}}, "1008": {"mean": {"bvp": 0.5406, "eda": 6.0048, "acc_x": 4.2692, "acc_y": 1.9464, "acc_z": 2.287, "temp": 3.2054}, "min": {"bvp": 0.5053, "eda": 5.8143, "acc_x": 4.1107, "acc_y": 1.8956, "acc_z": 2.1412, "temp": 2.6494}}, "1009": {"mean": {"bvp": 0.7328, "eda": 6.0601, "acc_x": 3.9846, "acc_y": 1.5584, "acc_z": 2.4184, "temp": 3.083}, "min": {"bvp": 0.5194, "eda": 5.8698, "acc_x": 3.8308, "acc_y": 1.5357, "acc_z": 2.3066, "temp": 2.6785}}, "1010": {"mean": {"bvp": 0.5376, "eda": 5.6813, "acc_x": 3.1193, "acc_y": 1.9243, "acc_z": 2.9497, "temp": 3.2945}, "min": {"bvp": 0.5217, "eda": 5.4953, "acc_x": 2.9791, "acc_y": 1.8587, "acc_z": 2.8013, "temp": 2.7982}}, "1011": {"mean": {"bvp": 0.8989, "eda": 6.137, "acc_x": 3.6728, "acc_y": 1.4817, "acc_z": 2.8504, "temp": 3.1538}, "min": {"bvp": 0.7968, "eda": 5.9484, "acc_x": 3.5202, "acc_y": 1.4804, "acc_z": 2.7068, "temp": 2.8734}}, "1012": {"mean": {"bvp": 0.7297, "eda": 6.1842, "acc_x": 3.7652, "acc_y": 1.8799, "acc_z": 2.6294, "temp": 2.9847}, "min": {"bvp": 0.6948, "eda": 5.9917, "acc_x": 3.6198, "acc_y": 1.7977, "acc_z": 2.5037, "temp": 2.1082}}, "1013": {"mean": {"bvp": 0.448, "eda": 6.575, "acc_x": 3.2734, "acc_y": 1.7895, "acc_z": 3.2177, "temp": 2.8302}, "min": {"bvp": 0.4198, "eda": 6.3819, "acc_x": 3.1246, "acc_y": 1.7583, "acc_z": 3.0598, "temp": 2.6879}}, "1014": {"mean": {"bvp": 0.9388, "eda": 6.2568, "acc_x": 3.2335, "acc_y": 1.5197, "acc_z": 2.4655, "temp": 3.1727}, "min": {"bvp": 0.8923, "eda": 6.0607, "acc_x": 3.0879, "acc_y": 1.4709, "acc_z": 2.3029, "temp": 2.5914}}, "1015": {"mean": {"bvp": 0.4488, "eda": 6.183, "acc_x": 3.863, "acc_y": 1.8376, "acc_z": 2.5552, "temp": 2.85}, "min": {"bvp": 0.4226, "eda": 5.9909, "acc_x": 3.6993, "acc_y": 1.8115, "acc_z": 2.3789, "temp": 2.6088}}}, "1009": {"1001": {"mean": {"bvp": 0.597, "eda": 5.1311, "acc_x": 2.8506, "acc_y": 2.2869, "acc_z": 2.3818, "temp": 2.9415}, "min": {"bvp": 0.3873, "eda": 3.1396, "acc_x": 2.2548, "acc_y": 2.0418, "acc_z": 2.3534, "temp": 2.8014}}, "1002": {"mean": {"bvp": 1.1618, "eda": 5.3087, "acc_x": 3.0274, "acc_y": 2.3775, "acc_z": 1.8749, "temp": 2.4608}, "min": {"bvp": 0.9474, "eda": 3.3022, "acc_x": 2.455, "acc_y": 1.9725, "acc_z": 1.8512, "temp": 2.2926}}, "1003": {"mean": {"bvp": 0.7468, "eda": 5.3409, "acc_x": 2.9282, "acc_y": 2.2603, "acc_z": 2.1898, "temp": 2.4104}, "min": {"bvp": 0.6869, "eda": 3.2603, "acc_x": 2.3411, "acc_y": 1.914, "acc_z": 2.1544, "temp": 2.241}}, "1004": {"mean": {"bvp": 1.3889, "eda": 4.9806, "acc_x": 2.8249, "acc_y": 2.4682, "acc_z": 1.898, "temp": 2.8782}, "min": {"bvp": 1.1303, "eda": 2.9239, "acc_x": 2.1508, "acc_y": 2.0747, "acc_z": 1.7681, "temp": 2.743}}, "1005": {"mean": {"bvp": 1.2756, "eda": 4.9892, "acc_x": 3.0486, "acc_y": 2.1568, "acc_z": 2.142, "temp": 2.6052}, "min": {"bvp": 1.0058, "eda": 2.9453, "acc_x": 2.4445, "acc_y": 1.8238, "acc_z": 1.9703, "temp": 2.5125}}, "1006": {"mean": {"bvp": 1.2452, "eda": 4.8912, "acc_x": 3.2626, "acc_y": 2.3462, "acc_z": 2.2204, "temp": 2.7894}, "min": {"bvp": 0.9806, "eda": 2.8446, "acc_x": 2.8401, "acc_y": 2.0114, "acc_z": 2.0553, "temp": 2.6641}}, "1007": {"mean": {"bvp": 0.4574, "eda": 5.0048, "acc_x": 2.984, "acc_y": 2.1849, "acc_z": 2.1737, "temp": 2.5909}, "min": {"bvp": 0.4051, "eda": 2.9883, "acc_x": 2.4244, "acc_y": 1.7496, "acc_z": 1.8831, "temp": 2.3853}}, "1008": {"mean": {"bvp": 0.6087, "eda": 5.0624, "acc_x": 3.0755, "acc_y": 2.2652, "acc_z": 1.913, "temp": 2.65}, "min": {"bvp": 0.4941, "eda": 3.0367, "acc_x": 2.6178, "acc_y": 1.9502, "acc_z": 1.8877, "temp": 2.4664}}, "1009": {"mean": {"bvp": 0.4242, "eda": 5.1142, "acc_x": 2.9902, "acc_y": 1.83, "acc_z": 2.2633, "temp": 2.7767}, "min": {"bvp": 0.3865, "eda": 3.0836, "acc_x": 2.4365, "acc_y": 1.5699, "acc_z": 2.1814, "temp": 2.6902}}, "1010": {"mean": {"bvp": 1.0074, "eda": 4.7549, "acc_x": 2.7249, "acc_y": 2.2855, "acc_z": 2.4346, "temp": 2.8522}, "min": {"bvp": 0.7555, "eda": 2.764, "acc_x": 2.0054, "acc_y": 1.9482, "acc_z": 2.3504, "temp": 2.7152}}, "1011": {"mean": {"bvp": 0.7934, "eda": 5.2, "acc_x": 2.8182, "acc_y": 1.6988, "acc_z": 2.365, "temp": 2.9822}, "min": {"bvp": 0.7596, "eda": 3.1823, "acc_x": 2.2033, "acc_y": 1.4386, "acc_z": 2.2922, "temp": 2.8808}}, "1012": {"mean": {"bvp": 1.2883, "eda": 5.2353, "acc_x": 2.9987, "acc_y": 2.2752, "acc_z": 2.2618, "temp": 2.0236}, "min": {"bvp": 1.0207, "eda": 3.1958, "acc_x": 2.4319, "acc_y": 1.9114, "acc_z": 2.2023, "temp": 1.883}}, "1013": {"mean": {"bvp": 0.533, "eda": 5.5996, "acc_x": 2.6753, "acc_y": 2.0814, "acc_z": 2.61, "temp": 2.9601}, "min": {"bvp": 0.3906, "eda": 3.5082, "acc_x": 2.0073, "acc_y": 1.7948, "acc_z": 2.4931, "temp": 2.7912}}, "1014": {"mean": {"bvp": 1.5734, "eda": 5.2661, "acc_x": 2.7052, "acc_y": 1.8643, "acc_z": 1.9771, "temp": 2.6147}, "min": {"bvp": 1.2862, "eda": 3.1366, "acc_x": 2.0106, "acc_y": 1.5343, "acc_z": 1.9316, "temp": 2.4944}}, "1015": {"mean": {"bvp": 0.9863, "eda": 5.2036, "acc_x": 2.7241, "acc_y": 2.1138, "acc_z": 2.0056, "temp": 2.7265}, "min": {"bvp": 0.7162, "eda": 3.1028, "acc_x": 2.1694, "acc_y": 1.8374, "acc_z": 1.921, "temp": 2.5943}}}, "1010": {"1001": {"mean": {"bvp": 0.3838, "eda": 5.3616, "acc_x": 2.8903, "acc_y": 2.5204, "acc_z": 2.381, "temp": 3.4751}, "min": {"bvp": 0.3592, "eda": 5.1556, "acc_x": 2.2354, "acc_y": 1.9656, "acc_z": 2.29, "temp": 2.9616}}, "1002": {"mean": {"bvp": 0.8004, "eda": 5.5232, "acc_x": 3.0074, "acc_y": 2.7567, "acc_z": 1.9603, "temp": 3.4154}, "min": {"bvp": 0.769, "eda": 5.3112, "acc_x": 2.4922, "acc_y": 1.8464, "acc_z": 1.6446, "temp": 2.359}}, "1003": {"mean": {"bvp": 0.8059, "eda": 5.5862, "acc_x": 2.9657, "acc_y": 2.5939, "acc_z": 2.2721, "temp": 3.3521}, "min": {"bvp": 0.7581, "eda": 5.3705, "acc_x": 2.4938, "acc_y": 1.8125, "acc_z": 2.036, "temp": 2.307}}, "1004": {"mean": {"bvp": 0.8698, "eda": 5.2295, "acc_x": 2.8101, "acc_y": 2.8339, "acc_z": 2.1107, "temp": 3.5599}, "min": {"bvp": 0.796, "eda": 5.0181, "acc_x": 2.5744, "acc_y": 1.9355, "acc_z": 1.9124, "temp": 2.8655}}, "1005": {"mean": {"bvp": 1.8303, "eda": 5.2499, "acc_x": 2.9488, "acc_y": 2.4571, "acc_z": 2.0155, "temp": 3.3227}, "min": {"bvp": 1.7469, "eda": 5.0436, "acc_x": 2.7662, "acc_y": 1.6765, "acc_z": 1.9754, "temp": 2.6159}}, "1006": {"mean": {"bvp": 0.7129, "eda": 5.1058, "acc_x": 3.3598, "acc_y": 2.6716, "acc_z": 2.4285, "temp": 3.6434}, "min": {"bvp": 0.6378, "eda": 4.8849, "acc_x": 2.5901, "acc_y": 1.9234, "acc_z": 2.1583, "temp": 2.661}}, "1007": {"mean": {"bvp": 0.6525, "eda": 5.2323, "acc_x": 3.059, "acc_y": 2.5861, "acc_z": 2.1673, "temp": 3.5763}, "min": {"bvp": 0.5789, "eda": 5.0206, "acc_x": 2.4197, "acc_y": 1.5927, "acc_z": 2.0932, "temp": 2.4027}}, "1008": {"mean": {"bvp": 0.5645, "eda": 5.2884, "acc_x": 3.1258, "acc_y": 2.5536, "acc_z": 2.0034, "temp": 3.4303}, "min": {"bvp": 0.5198, "eda": 5.075, "acc_x": 2.3082, "acc_y": 1.8212, "acc_z": 1.8917, "temp": 2.5991}}, "1009": {"mean": {"bvp": 0.8464, "eda": 5.3439, "acc_x": 3.0708, "acc_y": 2.1091, "acc_z": 2.3699, "temp": 3.3736}, "min": {"bvp": 0.7589, "eda": 5.1317, "acc_x": 2.3798, "acc_y": 1.5796, "acc_z": 2.0731, "temp": 2.7913}}, "1010": {"mean": {"bvp": 0.553, "eda": 4.9851, "acc_x": 2.6837, "acc_y": 2.6157, "acc_z": 2.4031, "temp": 3.5415}, "min": {"bvp": 0.5043, "eda": 4.7788, "acc_x": 2.5585, "acc_y": 1.8726, "acc_z": 2.3589, "temp": 2.8789}}, "1011": {"mean": {"bvp": 0.9559, "eda": 5.4296, "acc_x": 2.8243, "acc_y": 1.9197, "acc_z": 2.4498, "temp": 3.4481}, "min": {"bvp": 0.8992, "eda": 5.2167, "acc_x": 2.2823, "acc_y": 1.3267, "acc_z": 2.3854, "temp": 2.8937}}, "1012": {"mean": {"bvp": 0.7401, "eda": 5.4594, "acc_x": 2.8909, "acc_y": 2.6212, "acc_z": 2.3437, "temp": 3.1488}, "min": {"bvp": 0.6595, "eda": 5.2453, "acc_x": 2.4339, "acc_y": 1.7963, "acc_z": 2.1751, "temp": 1.8662}}, "1013": {"mean": {"bvp": 0.4679, "eda": 5.8466, "acc_x": 2.672, "acc_y": 2.3694, "acc_z": 2.4831, "temp": 3.1866}, "min": {"bvp": 0.4176, "eda": 5.6336, "acc_x": 2.3313, "acc_y": 1.7319, "acc_z": 2.4211, "temp": 2.7565}}, "1014": {"mean": {"bvp": 0.9466, "eda": 5.5171, "acc_x": 2.6922, "acc_y": 2.1907, "acc_z": 1.9915, "temp": 3.4151}, "min": {"bvp": 0.8418, "eda": 5.2941, "acc_x": 2.4211, "acc_y": 1.4468, "acc_z": 1.8781, "temp": 2.5906}}, "1015": {"mean": {"bvp": 0.465, "eda": 5.4596, "acc_x": 2.8009, "acc_y": 2.3864, "acc_z": 1.9734, "temp": 3.1729}, "min": {"bvp": 0.4016, "eda": 5.2435, "acc_x": 1.9644, "acc_y": 1.7672, "acc_z": 1.8824, "temp": 2.6499}}}, "1011": {"1001": {"mean": {"bvp": 0.5028, "eda": 5.1487, "acc_x": 2.4764, "acc_y": 2.795, "acc_z": 2.3625, "temp": 4.2004}, "min": {"bvp": 0.3869, "eda": 4.9072, "acc_x": 2.0597, "acc_y": 2.0725, "acc_z": 2.2735, "temp": 3.3924}}, "1002": {"mean": {"bvp": 1.0739, "eda": 5.3042, "acc_x": 2.6756, "acc_y": 2.4583, "acc_z": 2.023, "temp": 4.6787}, "min": {"bvp": 0.9467, "eda": 5.05, "acc_x": 2.3706, "acc_y": 2.0361, "acc_z": 1.8747, "temp": 3.7732}}, "1003": {"mean": {"bvp": 0.7131, "eda": 5.365, "acc_x": 2.5303, "acc_y": 2.5476, "acc_z": 2.3243, "temp": 4.6398}, "min": {"bvp": 0.6998, "eda": 5.1092, "acc_x": 2.2778, "acc_y": 1.9678, "acc_z": 2.2377, "temp": 3.7262}}, "1004": {"mean": {"bvp": 1.2889, "eda": 5.0126, "acc_x": 2.3775, "acc_y": 2.5724, "acc_z": 2.0941, "temp": 4.5876}, "min": {"bvp": 1.1281, "eda": 4.7671, "acc_x": 2.1832, "acc_y": 2.1308, "acc_z": 1.8777, "temp": 3.7542}}, "1005": {"mean": {"bvp": 1.2592, "eda": 5.0357, "acc_x": 2.5847, "acc_y": 2.5233, "acc_z": 2.0144, "temp": 4.3043}, "min": {"bvp": 1.0431, "eda": 4.8002, "acc_x": 2.4128, "acc_y": 1.8789, "acc_z": 1.9809, "temp": 3.4455}}, "1006": {"mean": {"bvp": 1.1437, "eda": 4.8818, "acc_x": 2.9725, "acc_y": 2.6192, "acc_z": 2.4317, "temp": 4.8064}, "min": {"bvp": 0.9782, "eda": 4.6222, "acc_x": 2.572, "acc_y": 2.0592, "acc_z": 2.1711, "temp": 3.942}}, "1007": {"mean": {"bvp": 0.4199, "eda": 5.0144, "acc_x": 2.6298, "acc_y": 2.3032, "acc_z": 2.1721, "temp": 4.894}, "min": {"bvp": 0.4047, "eda": 4.7673, "acc_x": 2.2744, "acc_y": 1.8415, "acc_z": 2.0968, "temp": 3.9953}}, "1008": {"mean": {"bvp": 0.5367, "eda": 5.0701, "acc_x": 2.7872, "acc_y": 2.6364, "acc_z": 1.9744, "temp": 4.4864}, "min": {"bvp": 0.4902, "eda": 4.8188, "acc_x": 2.2939, "acc_y": 2.0172, "acc_z": 1.8424, "temp": 3.6328}}, "1009": {"mean": {"bvp": 0.4165, "eda": 5.1243, "acc_x": 2.643, "acc_y": 2.4475, "acc_z": 2.4135, "temp": 4.2315}, "min": {"bvp": 0.3836, "eda": 4.8738, "acc_x": 2.2542, "acc_y": 1.5937, "acc_z": 2.2346, "temp": 3.4119}}, "1010": {"mean": {"bvp": 0.9084, "eda": 4.771, "acc_x": 2.2391, "acc_y": 2.5717, "acc_z": 2.3746, "temp": 4.5541}, "min": {"bvp": 0.7533, "eda": 4.5331, "acc_x": 2.0815, "acc_y": 1.995, "acc_z": 2.3441, "temp": 3.7193}}, "1011": {"mean": {"bvp": 0.7716, "eda": 5.2147, "acc_x": 2.4142, "acc_y": 2.4032, "acc_z": 2.4234, "temp": 4.1532}, "min": {"bvp": 0.757, "eda": 4.9681, "acc_x": 2.0523, "acc_y": 1.4859, "acc_z": 2.3688, "temp": 3.3876}}, "1012": {"mean": {"bvp": 1.1861, "eda": 5.239, "acc_x": 2.6079, "acc_y": 2.5168, "acc_z": 2.3608, "temp": 4.6308}, "min": {"bvp": 1.0173, "eda": 4.9815, "acc_x": 2.2762, "acc_y": 1.9643, "acc_z": 2.2797, "temp": 3.6598}}, "1013": {"mean": {"bvp": 0.4517, "eda": 5.6252, "acc_x": 2.2112, "acc_y": 2.5537, "acc_z": 2.4855, "temp": 3.5434}, "min": {"bvp": 0.3887, "eda": 5.3638, "acc_x": 1.9868, "acc_y": 1.8327, "acc_z": 2.4622, "temp": 2.8483}}, "1014": {"mean": {"bvp": 1.466, "eda": 5.2908, "acc_x": 2.2235, "acc_y": 2.3447, "acc_z": 1.9921, "temp": 4.4794}, "min": {"bvp": 1.2838, "eda": 5.0287, "acc_x": 1.9955, "acc_y": 1.5787, "acc_z": 1.9306, "temp": 3.6183}}, "1015": {"mean": {"bvp": 0.8825, "eda": 5.2385, "acc_x": 2.3571, "acc_y": 2.6022, "acc_z": 1.9579, "temp": 3.8195}, "min": {"bvp": 0.7119, "eda": 4.9838, "acc_x": 1.8868, "acc_y": 1.8748, "acc_z": 1.9086, "temp": 3.0378}}}, "1012": {"1001": {"mean": {"bvp": 0.898, "eda": 3.6199, "acc_x": 3.4998, "acc_y": 2.244, "acc_z": 2.741, "temp": 4.318}, "min": {"bvp": 0.4134, "eda": 2.8518, "acc_x": 3.128, "acc_y": 2.1919, "acc_z": 2.6345, "temp": 3.0904}}, "1002": {"mean": {"bvp": 0.958, "eda": 3.501, "acc_x": 3.8409, "acc_y": 1.6202, "acc_z": 2.2975, "temp": 4.8107}, "min": {"bvp": 0.7781, "eda": 2.6512, "acc_x": 3.4833, "acc_y": 1.5993, "acc_z": 2.1396, "temp": 3.3986}}, "1003": {"mean": {"bvp": 1.3268, "eda": 3.4633, "acc_x": 3.8873, "acc_y": 1.8101, "acc_z": 2.6193, "temp": 4.7706}, "min": {"bvp": 0.863, "eda": 2.5977, "acc_x": 3.5016, "acc_y": 1.7793, "acc_z": 2.5322, "temp": 3.3632}}, "1004": {"mean": {"bvp": 0.7921, "eda": 3.4435, "acc_x": 4.1123, "acc_y": 1.7394, "acc_z": 2.2489, "temp": 4.7052}, "min": {"bvp": 0.6867, "eda": 2.6444, "acc_x": 3.708, "acc_y": 1.7019, "acc_z": 1.9827, "temp": 3.4379}}, "1005": {"mean": {"bvp": 2.4657, "eda": 3.5968, "acc_x": 4.3367, "acc_y": 1.8299, "acc_z": 2.6716, "temp": 4.4319}, "min": {"bvp": 1.9312, "eda": 2.8494, "acc_x": 3.9451, "acc_y": 1.7846, "acc_z": 2.0573, "temp": 3.1324}}, "1006": {"mean": {"bvp": 0.69, "eda": 3.115, "acc_x": 3.5787, "acc_y": 1.8984, "acc_z": 2.4544, "temp": 4.934}, "min": {"bvp": 0.5416, "eda": 2.2192, "acc_x": 3.227, "acc_y": 1.8717, "acc_z": 2.1216, "temp": 3.6103}}, "1007": {"mean": {"bvp": 1.2824, "eda": 3.4218, "acc_x": 3.6694, "acc_y": 1.319, "acc_z": 2.8888, "temp": 5.0127}, "min": {"bvp": 0.7426, "eda": 2.6121, "acc_x": 3.3023, "acc_y": 1.2902, "acc_z": 2.081, "temp": 3.6061}}, "1008": {"mean": {"bvp": 1.1058, "eda": 3.3929, "acc_x": 3.3067, "acc_y": 1.9508, "acc_z": 2.3308, "temp": 4.614}, "min": {"bvp": 0.6183, "eda": 2.5617, "acc_x": 2.9679, "acc_y": 1.9172, "acc_z": 2.2459, "temp": 3.3245}}, "1009": {"mean": {"bvp": 1.5127, "eda": 3.4307, "acc_x": 3.5664, "acc_y": 1.9082, "acc_z": 2.5785, "temp": 4.3568}, "min": {"bvp": 0.9521, "eda": 2.5956, "acc_x": 3.2079, "acc_y": 1.8402, "acc_z": 2.3829, "temp": 3.1385}}, "1010": {"mean": {"bvp": 0.7402, "eda": 3.4533, "acc_x": 4.1811, "acc_y": 1.8382, "acc_z": 2.8333, "temp": 4.6703}, "min": {"bvp": 0.4948, "eda": 2.7133, "acc_x": 3.7724, "acc_y": 1.8072, "acc_z": 2.5454, "temp": 3.3988}}, "1011": {"mean": {"bvp": 1.4988, "eda": 3.5328, "acc_x": 3.657, "acc_y": 1.9005, "acc_z": 2.7921, "temp": 4.2665}, "min": {"bvp": 1.0261, "eda": 2.7331, "acc_x": 3.277, "acc_y": 1.8179, "acc_z": 2.6573, "temp": 3.1242}}, "1012": {"mean": {"bvp": 0.6741, "eda": 3.3963, "acc_x": 3.8362, "acc_y": 1.749, "acc_z": 2.6643, "temp": 4.7683}, "min": {"bvp": 0.5291, "eda": 2.509, "acc_x": 3.4671, "acc_y": 1.7223, "acc_z": 2.5877, "temp": 3.2385}}, "1013": {"mean": {"bvp": 1.0402, "eda": 3.5715, "acc_x": 3.8998, "acc_y": 1.934, "acc_z": 3.0211, "temp": 3.6636}, "min": {"bvp": 0.5284, "eda": 2.675, "acc_x": 3.4894, "acc_y": 1.8844, "acc_z": 2.5676, "temp": 2.7212}}, "1014": {"mean": {"bvp": 0.5817, "eda": 3.2438, "acc_x": 4.0035, "acc_y": 1.6481, "acc_z": 2.4077, "temp": 4.6039}, "min": {"bvp": 0.4523, "eda": 2.3213, "acc_x": 3.5971, "acc_y": 1.5899, "acc_z": 2.2793, "temp": 3.2434}}, "1015": {"mean": {"bvp": 0.6361, "eda": 3.3985, "acc_x": 3.2277, "acc_y": 1.9855, "acc_z": 2.4512, "temp": 3.946}, "min": {"bvp": 0.39, "eda": 2.5395, "acc_x": 2.844, "acc_y": 1.9256, "acc_z": 2.2097, "temp": 2.8191}}}, "1013": {"1001": {"mean": {"bvp": 0.4638, "eda": 3.5893, "acc_x": 2.9225, "acc_y": 2.5472, "acc_z": 2.3911, "temp": 3.8917}, "min": {"bvp": 0.3608, "eda": 2.9443, "acc_x": 2.1982, "acc_y": 2.2592, "acc_z": 2.3215, "temp": 3.7072}}, "1002": {"mean": {"bvp": 1.015, "eda": 3.5054, "acc_x": 3.0118, "acc_y": 2.2564, "acc_z": 2.0295, "temp": 4.3412}, "min": {"bvp": 0.8593, "eda": 2.8464, "acc_x": 2.4244, "acc_y": 1.6351, "acc_z": 1.8771, "temp": 4.1023}}, "1003": {"mean": {"bvp": 0.7009, "eda": 3.4818, "acc_x": 3.0187, "acc_y": 2.3203, "acc_z": 2.3318, "temp": 4.2978}, "min": {"bvp": 0.6962, "eda": 2.743, "acc_x": 2.2806, "acc_y": 1.8423, "acc_z": 2.2355, "temp": 4.0548}}, "1004": {"mean": {"bvp": 1.211, "eda": 3.4128, "acc_x": 3.0191, "acc_y": 2.3494, "acc_z": 2.0864, "temp": 4.2516}, "min": {"bvp": 0.9983, "eda": 2.7411, "acc_x": 2.1877, "acc_y": 1.7318, "acc_z": 1.8581, "temp": 4.0346}}, "1005": {"mean": {"bvp": 1.439, "eda": 3.5545, "acc_x": 3.2483, "acc_y": 2.2942, "acc_z": 2.0885, "temp": 3.9616}, "min": {"bvp": 1.4018, "eda": 2.9077, "acc_x": 2.4561, "acc_y": 1.8543, "acc_z": 2.0008, "temp": 3.7391}}, "1006": {"mean": {"bvp": 1.0624, "eda": 3.0987, "acc_x": 3.1433, "acc_y": 2.398, "acc_z": 2.4197, "temp": 4.4709}, "min": {"bvp": 0.8449, "eda": 2.3705, "acc_x": 2.6841, "acc_y": 1.9381, "acc_z": 2.1444, "temp": 4.2454}}, "1007": {"mean": {"bvp": 0.4176, "eda": 3.3928, "acc_x": 3.0473, "acc_y": 2.0376, "acc_z": 2.2728, "temp": 4.5579}, "min": {"bvp": 0.412, "eda": 2.7148, "acc_x": 2.3579, "acc_y": 1.3558, "acc_z": 2.0977, "temp": 4.321}}, "1008": {"mean": {"bvp": 0.5241, "eda": 3.3749, "acc_x": 2.9436, "acc_y": 2.4036, "acc_z": 1.9859, "temp": 4.1461}, "min": {"bvp": 0.5072, "eda": 2.6978, "acc_x": 2.4755, "acc_y": 2.0282, "acc_z": 1.8656, "temp": 3.9245}}, "1009": {"mean": {"bvp": 0.4658, "eda": 3.4166, "acc_x": 3.0451, "acc_y": 2.1762, "acc_z": 2.4156, "temp": 3.8891}, "min": {"bvp": 0.4364, "eda": 2.7399, "acc_x": 2.3704, "acc_y": 1.8426, "acc_z": 2.2292, "temp": 3.6798}}, "1010": {"mean": {"bvp": 0.8349, "eda": 3.3852, "acc_x": 2.9661, "acc_y": 2.3478, "acc_z": 2.409, "temp": 4.2183}, "min": {"bvp": 0.639, "eda": 2.7017, "acc_x": 2.0765, "acc_y": 1.8904, "acc_z": 2.3484, "temp": 4.0016}}, "1011": {"mean": {"bvp": 0.7826, "eda": 3.5232, "acc_x": 2.9068, "acc_y": 2.157, "acc_z": 2.4545, "temp": 3.8167}, "min": {"bvp": 0.7771, "eda": 2.891, "acc_x": 2.1447, "acc_y": 1.9322, "acc_z": 2.3847, "temp": 3.6266}}, "1012": {"mean": {"bvp": 1.103, "eda": 3.4103, "acc_x": 3.0474, "acc_y": 2.2881, "acc_z": 2.3719, "temp": 4.2884}, "min": {"bvp": 0.8813, "eda": 2.7351, "acc_x": 2.3748, "acc_y": 1.7613, "acc_z": 2.2828, "temp": 4.0268}}, "1013": {"mean": {"bvp": 0.4387, "eda": 3.6164, "acc_x": 2.7484, "acc_y": 2.3188, "acc_z": 2.5426, "temp": 3.1859}, "min": {"bvp": 0.4189, "eda": 2.7305, "acc_x": 1.9749, "acc_y": 1.9723, "acc_z": 2.4921, "temp": 3.0234}}, "1014": {"mean": {"bvp": 1.3742, "eda": 3.2807, "acc_x": 2.7773, "acc_y": 2.0949, "acc_z": 2.0211, "temp": 4.1504}, "min": {"bvp": 1.1267, "eda": 2.4494, "acc_x": 1.9806, "acc_y": 1.6851, "acc_z": 1.941, "temp": 3.9258}}, "1015": {"mean": {"bvp": 0.8, "eda": 3.4039, "acc_x": 2.728, "acc_y": 2.3636, "acc_z": 2.0029, "temp": 3.4687}, "min": {"bvp": 0.5804, "eda": 2.7243, "acc_x": 2.0291, "acc_y": 2.0354, "acc_z": 1.9307, "temp": 3.2743}}}, "1014": {"1001": {"mean": {"bvp": 0.9686, "eda": 4.3881, "acc_x": 2.2197, "acc_y": 2.9216, "acc_z": 2.3161, "temp": 3.8367}, "min": {"bvp": 0.8275, "eda": 4.033, "acc_x": 2.0959, "acc_y": 2.2574, "acc_z": 2.297, "temp": 2.9835}}, "1002": {"mean": {"bvp": 0.9183, "eda": 4.5134, "acc_x": 2.4942, "acc_y": 2.7493, "acc_z": 1.882, "temp": 3.7821}, "min": {"bvp": 0.8422, "eda": 4.1228, "acc_x": 2.4153, "acc_y": 2.4001, "acc_z": 1.8502, "temp": 2.4789}}, "1003": {"mean": {"bvp": 1.3951, "eda": 4.5584, "acc_x": 2.4101, "acc_y": 2.7594, "acc_z": 2.2237, "temp": 3.7265}, "min": {"bvp": 1.2624, "eda": 4.1678, "acc_x": 2.2833, "acc_y": 2.2395, "acc_z": 2.1909, "temp": 2.4398}}, "1004": {"mean": {"bvp": 0.7135, "eda": 4.2324, "acc_x": 2.3957, "acc_y": 2.8196, "acc_z": 1.9151, "temp": 3.8947}, "min": {"bvp": 0.6834, "eda": 3.8654, "acc_x": 2.1975, "acc_y": 2.4833, "acc_z": 1.8404, "temp": 2.9013}}, "1005": {"mean": {"bvp": 2.5644, "eda": 4.2742, "acc_x": 2.6498, "acc_y": 2.7284, "acc_z": 2.1004, "temp": 3.682}, "min": {"bvp": 2.4215, "eda": 3.895, "acc_x": 2.4476, "acc_y": 2.1486, "acc_z": 1.9961, "temp": 2.7562}}, "1006": {"mean": {"bvp": 0.6154, "eda": 4.0697, "acc_x": 2.648, "acc_y": 2.7922, "acc_z": 2.2329, "temp": 4.0019}, "min": {"bvp": 0.5585, "eda": 3.6658, "acc_x": 2.5835, "acc_y": 2.2078, "acc_z": 2.1302, "temp": 2.7939}}, "1007": {"mean": {"bvp": 1.3792, "eda": 4.2336, "acc_x": 2.4064, "acc_y": 2.5465, "acc_z": 2.3205, "temp": 3.9524}, "min": {"bvp": 1.2329, "eda": 3.8648, "acc_x": 2.3137, "acc_y": 2.0836, "acc_z": 2.1798, "temp": 2.5667}}, "1008": {"mean": {"bvp": 1.1804, "eda": 4.2876, "acc_x": 2.4133, "acc_y": 2.7744, "acc_z": 1.875, "temp": 3.8073}, "min": {"bvp": 1.0414, "eda": 3.9019, "acc_x": 2.3675, "acc_y": 2.1104, "acc_z": 1.8522, "temp": 2.8023}}, "1009": {"mean": {"bvp": 1.6181, "eda": 4.3355, "acc_x": 2.3826, "acc_y": 2.5869, "acc_z": 2.2658, "temp": 3.7296}, "min": {"bvp": 1.469, "eda": 3.9562, "acc_x": 2.2826, "acc_y": 1.7929, "acc_z": 2.2378, "temp": 2.8242}}, "1010": {"mean": {"bvp": 0.7062, "eda": 4.0166, "acc_x": 2.3275, "acc_y": 2.7157, "acc_z": 2.3803, "temp": 3.8732}, "min": {"bvp": 0.6027, "eda": 3.6541, "acc_x": 2.0799, "acc_y": 2.042, "acc_z": 2.351, "temp": 2.8874}}, "1011": {"mean": {"bvp": 1.5725, "eda": 4.4462, "acc_x": 2.2249, "acc_y": 2.5152, "acc_z": 2.3914, "temp": 3.802}, "min": {"bvp": 1.4408, "eda": 4.0685, "acc_x": 2.0863, "acc_y": 1.651, "acc_z": 2.3634, "temp": 2.9219}}, "1012": {"mean": {"bvp": 0.5898, "eda": 4.4404, "acc_x": 2.4477, "acc_y": 2.75, "acc_z": 2.2666, "temp": 3.5108}, "min": {"bvp": 0.5458, "eda": 4.0414, "acc_x": 2.3685, "acc_y": 2.2796, "acc_z": 2.2288, "temp": 1.9106}}, "1013": {"mean": {"bvp": 1.124, "eda": 4.8148, "acc_x": 2.1732, "acc_y": 2.7167, "acc_z": 2.5377, "temp": 3.5665}, "min": {"bvp": 0.9805, "eda": 4.4082, "acc_x": 1.9854, "acc_y": 2.0353, "acc_z": 2.4642, "temp": 2.7768}}, "1014": {"mean": {"bvp": 0.4475, "eda": 4.4606, "acc_x": 2.1735, "acc_y": 2.5274, "acc_z": 1.9353, "temp": 3.7702}, "min": {"bvp": 0.4404, "eda": 4.0523, "acc_x": 1.8526, "acc_y": 1.8186, "acc_z": 1.8991, "temp": 2.7102}}, "1015": {"mean": {"bvp": 0.5938, "eda": 4.4369, "acc_x": 2.0195, "acc_y": 2.6992, "acc_z": 1.9387, "temp": 3.5545}, "min": {"bvp": 0.4798, "eda": 4.0463, "acc_x": 1.9453, "acc_y": 1.9051, "acc_z": 1.8925, "temp": 2.6792}}}, "1015": {"1001": {"mean": {"bvp": 0.4168, "eda": 3.3128, "acc_x": 2.3744, "acc_y": 2.744, "acc_z": 2.9576, "temp": 4.3557}, "min": {"bvp": 0.3619, "eda": 1.8991, "acc_x": 2.047, "acc_y": 2.3889, "acc_z": 2.4326, "temp": 4.078}}, "1002": {"mean": {"bvp": 0.7807, "eda": 3.4293, "acc_x": 2.571, "acc_y": 3.1146, "acc_z": 2.3851, "temp": 4.8931}, "min": {"bvp": 0.7696, "eda": 2.1434, "acc_x": 2.3918, "acc_y": 2.6719, "acc_z": 1.8886, "temp": 4.5714}}, "1003": {"mean": {"bvp": 0.8086, "eda": 3.45, "acc_x": 2.417, "acc_y": 2.9026, "acc_z": 2.7548, "temp": 4.8501}, "min": {"bvp": 0.7189, "eda": 2.1484, "acc_x": 2.2731, "acc_y": 2.486, "acc_z": 2.2671, "temp": 4.5283}}, "1004": {"mean": {"bvp": 0.797, "eda": 3.1213, "acc_x": 2.263, "acc_y": 3.1868, "acc_z": 2.2709, "temp": 4.7513}, "min": {"bvp": 0.7333, "eda": 1.6693, "acc_x": 2.2065, "acc_y": 2.75, "acc_z": 1.8588, "temp": 4.4593}}, "1005": {"mean": {"bvp": 1.8124, "eda": 3.1134, "acc_x": 2.4714, "acc_y": 2.7682, "acc_z": 3.1327, "temp": 4.4746}, "min": {"bvp": 1.6458, "eda": 1.4715, "acc_x": 2.3812, "acc_y": 2.3579, "acc_z": 2.4047, "temp": 4.1713}}, "1006": {"mean": {"bvp": 0.6429, "eda": 3.089, "acc_x": 2.8904, "acc_y": 2.9684, "acc_z": 2.3856, "temp": 4.9907}, "min": {"bvp": 0.5869, "eda": 2.0523, "acc_x": 2.5772, "acc_y": 2.5645, "acc_z": 2.1245, "temp": 4.6851}}, "1007": {"mean": {"bvp": 0.6441, "eda": 3.2353, "acc_x": 2.5209, "acc_y": 2.9787, "acc_z": 3.4474, "temp": 5.0994}, "min": {"bvp": 0.5007, "eda": 2.0295, "acc_x": 2.2632, "acc_y": 2.5115, "acc_z": 2.6908, "temp": 4.7831}}, "1008": {"mean": {"bvp": 0.5745, "eda": 3.2358, "acc_x": 2.6973, "acc_y": 2.8493, "acc_z": 2.481, "temp": 4.6561}, "min": {"bvp": 0.4954, "eda": 1.979, "acc_x": 2.2987, "acc_y": 2.45, "acc_z": 1.9356, "temp": 4.3551}}, "1009": {"mean": {"bvp": 0.8293, "eda": 3.2361, "acc_x": 2.5505, "acc_y": 2.3149, "acc_z": 2.5911, "temp": 4.3746}, "min": {"bvp": 0.6566, "eda": 1.8734, "acc_x": 2.2471, "acc_y": 1.9363, "acc_z": 2.2233, "temp": 4.0858}}, "1010": {"mean": {"bvp": 0.5105, "eda": 3.0013, "acc_x": 2.1073, "acc_y": 2.9086, "acc_z": 3.1305, "temp": 4.7177}, "min": {"bvp": 0.4861, "eda": 1.6265, "acc_x": 2.0625, "acc_y": 2.5011, "acc_z": 2.5448, "temp": 4.4255}}, "1011": {"mean": {"bvp": 0.9556, "eda": 3.312, "acc_x": 2.2995, "acc_y": 2.1588, "acc_z": 3.0289, "temp": 4.2668}, "min": {"bvp": 0.8508, "eda": 1.879, "acc_x": 2.0502, "acc_y": 1.7768, "acc_z": 2.5, "temp": 3.9967}}, "1012": {"mean": {"bvp": 0.6637, "eda": 3.3139, "acc_x": 2.4981, "acc_y": 2.9461, "acc_z": 2.8062, "temp": 4.8838}, "min": {"bvp": 0.6005, "eda": 1.9708, "acc_x": 2.2859, "acc_y": 2.5213, "acc_z": 2.3255, "temp": 4.5395}}, "1013": {"mean": {"bvp": 0.4798, "eda": 3.5633, "acc_x": 2.0867, "acc_y": 2.6224, "acc_z": 3.399, "temp": 3.5766}, "min": {"bvp": 0.393, "eda": 2.0291, "acc_x": 1.9923, "acc_y": 2.2341, "acc_z": 2.7731, "temp": 3.3318}}, "1014": {"mean": {"bvp": 0.8401, "eda": 3.3295, "acc_x": 2.1123, "acc_y": 2.4815, "acc_z": 2.6595, "temp": 4.6745}, "min": {"bvp": 0.7387, "eda": 2.0704, "acc_x": 2.0457, "acc_y": 2.0594, "acc_z": 2.0625, "temp": 4.3659}}, "1015": {"mean": {"bvp": 0.4143, "eda": 3.1933, "acc_x": 2.2616, "acc_y": 2.6339, "acc_z": 2.7466, "temp": 3.9249}, "min": {"bvp": 0.3903, "eda": 1.6079, "acc_x": 1.8985, "acc_y": 2.2539, "acc_z": 2.1244, "temp": 3.6486}}}}