{"1001": {"1001": {"mean": {"bvp": 0.3437, "eda": 3.2703, "acc_x": 1.9328, "acc_y": 1.8168, "acc_z": 1.993, "temp": 3.1716}, "min": {"bvp": 0.305, "eda": 2.5916, "acc_x": 1.8841, "acc_y": 1.5593, "acc_z": 1.9033, "temp": 2.38}}, "1002": {"mean": {"bvp": 0.7125, "eda": 3.3731, "acc_x": 2.1189, "acc_y": 1.7623, "acc_z": 1.4191, "temp": 3.2975}, "min": {"bvp": 0.6722, "eda": 2.4916, "acc_x": 2.0629, "acc_y": 1.4572, "acc_z": 1.3829, "temp": 2.3339}}, "1003": {"mean": {"bvp": 0.6949, "eda": 3.2718, "acc_x": 1.9257, "acc_y": 1.6906, "acc_z": 1.7895, "temp": 3.2229}, "min": {"bvp": 0.6168, "eda": 2.2582, "acc_x": 1.7572, "acc_y": 1.346, "acc_z": 1.7435, "temp": 2.2611}}, "1004": {"mean": {"bvp": 0.675, "eda": 3.1281, "acc_x": 2.0267, "acc_y": 1.9153, "acc_z": 1.4919, "temp": 3.3498}, "min": {"bvp": 0.6281, "eda": 2.2399, "acc_x": 1.9448, "acc_y": 1.451, "acc_z": 1.3894, "temp": 2.3708}}, "1005": {"mean": {"bvp": 1.5274, "eda": 3.161, "acc_x": 2.2041, "acc_y": 1.6652, "acc_z": 1.8404, "temp": 3.1607}, "min": {"bvp": 1.3389, "eda": 2.2548, "acc_x": 2.0061, "acc_y": 1.3286, "acc_z": 1.6829, "temp": 2.3004}}, "1006": {"mean": {"bvp": 0.5764, "eda": 3.0555, "acc_x": 2.3473, "acc_y": 1.7493, "acc_z": 1.9651, "temp": 3.544}, "min": {"bvp": 0.524, "eda": 2.3294, "acc_x": 2.0686, "acc_y": 1.485, "acc_z": 1.8505, "temp": 2.6488}}, "1007": {"mean": {"bvp": 0.4902, "eda": 3.1163, "acc_x": 2.1382, "acc_y": 1.5451, "acc_z": 1.8662, "temp": 3.2528}, "min": {"bvp": 0.359, "eda": 2.4961, "acc_x": 2.1226, "acc_y": 1.0642, "acc_z": 1.654, "temp": 2.0367}}, "1008": {"mean": {"bvp": 0.4931, "eda": 3.2447, "acc_x": 2.1318, "acc_y": 1.8948, "acc_z": 1.6114, "temp": 3.217}, "min": {"bvp": 0.4467, "eda": 2.4692, "acc_x": 2.0235, "acc_y": 1.5212, "acc_z": 1.5424, "temp": 2.3135}}, "1009": {"mean": {"bvp": 0.5901, "eda": 3.1777, "acc_x": 2.0178, "acc_y": 1.4273, "acc_z": 1.8701, "temp": 3.1626}, "min": {"bvp": 0.4047, "eda": 2.4703, "acc_x": 1.9838, "acc_y": 1.211, "acc_z": 1.7967, "temp": 2.4057}}, "1010": {"mean": {"bvp": 0.4917, "eda": 2.9985, "acc_x": 1.8892, "acc_y": 1.8235, "acc_z": 2.1878, "temp": 3.2869}, "min": {"bvp": 0.4624, "eda": 2.4741, "acc_x": 1.8344, "acc_y": 1.4681, "acc_z": 2.0689, "temp": 2.2458}}, "1011": {"mean": {"bvp": 0.7906, "eda": 3.3421, "acc_x": 1.9285, "acc_y": 1.3447, "acc_z": 2.0813, "temp": 3.2412}, "min": {"bvp": 0.6898, "eda": 2.5645, "acc_x": 1.9002, "acc_y": 0.9653, "acc_z": 1.9506, "temp": 2.5843}}, "1012": {"mean": {"bvp": 0.5834, "eda": 3.1754, "acc_x": 2.1219, "acc_y": 1.6013, "acc_z": 2.01, "temp": 3.0096}, "min": {"bvp": 0.5176, "eda": 2.1992, "acc_x": 2.1137, "acc_y": 1.252, "acc_z": 1.9139, "temp": 1.8152}}, "1013": {"mean": {"bvp": 0.4088, "eda": 3.285, "acc_x": 1.8974, "acc_y": 1.7856, "acc_z": 2.2408, "temp": 3.0132}, "min": {"bvp": 0.3479, "eda": 1.6858, "acc_x": 1.7298, "acc_y": 1.4743, "acc_z": 2.1052, "temp": 2.4882}}, "1014": {"mean": {"bvp": 0.6725, "eda": 3.2826, "acc_x": 1.6793, "acc_y": 1.447, "acc_z": 1.6443, "temp": 3.2154}, "min": {"bvp": 0.5207, "eda": 2.5573, "acc_x": 1.5991, "acc_y": 1.0444, "acc_z": 1.5755, "temp": 2.3172}}, "1015": {"mean": {"bvp": 0.3916, "eda": 3.273, "acc_x": 1.8737, "acc_y": 1.543, "acc_z": 1.7313, "temp": 2.9725}, "min": {"bvp": 0.3548, "eda": 2.266, "acc_x": 1.8258, "acc_y": 1.1652, "acc_z": 1.69, "temp": 2.327}}}, "1002": {"1001": {"mean": {"bvp": 0.3484, "eda": 2.4822, "acc_x": 1.9731, "acc_y": 1.7052, "acc_z": 2.4796, "temp": 2.5569}, "min": {"bvp": 0.3173, "eda": 1.5433, "acc_x": 1.645, "acc_y": 1.6851, "acc_z": 1.961, "temp": 2.4943}}, "1002": {"mean": {"bvp": 0.6968, "eda": 2.6376, "acc_x": 2.1534, "acc_y": 1.5137, "acc_z": 1.9715, "temp": 2.4285}, "min": {"bvp": 0.6765, "eda": 1.8034, "acc_x": 1.6825, "acc_y": 1.3413, "acc_z": 1.5166, "temp": 2.3068}}, "1003": {"mean": {"bvp": 0.6258, "eda": 2.5539, "acc_x": 1.944, "acc_y": 1.5094, "acc_z": 2.2678, "temp": 2.2698}, "min": {"bvp": 0.6138, "eda": 1.8285, "acc_x": 1.5603, "acc_y": 1.4887, "acc_z": 1.7749, "temp": 2.1301}}, "1004": {"mean": {"bvp": 0.6259, "eda": 2.4277, "acc_x": 2.0896, "acc_y": 1.5943, "acc_z": 1.9483, "temp": 2.4382}, "min": {"bvp": 0.5902, "eda": 1.7291, "acc_x": 1.5696, "acc_y": 1.4123, "acc_z": 1.5604, "temp": 2.2775}}, "1005": {"mean": {"bvp": 1.2617, "eda": 2.4427, "acc_x": 2.2208, "acc_y": 1.5138, "acc_z": 2.3735, "temp": 2.2832}, "min": {"bvp": 1.0601, "eda": 1.7407, "acc_x": 1.6295, "acc_y": 1.4206, "acc_z": 1.6534, "temp": 2.2134}}, "1006": {"mean": {"bvp": 0.5316, "eda": 2.4311, "acc_x": 2.1624, "acc_y": 1.5593, "acc_z": 2.2704, "temp": 2.693}, "min": {"bvp": 0.4916, "eda": 1.8118, "acc_x": 1.9165, "acc_y": 1.4829, "acc_z": 2.1257, "temp": 2.5365}}, "1007": {"mean": {"bvp": 0.4367, "eda": 2.411, "acc_x": 2.0587, "acc_y": 1.3008, "acc_z": 2.505, "temp": 2.1417}, "min": {"bvp": 0.4125, "eda": 1.7035, "acc_x": 1.696, "acc_y": 1.1958, "acc_z": 1.6466, "temp": 1.9263}}, "1008": {"mean": {"bvp": 0.4744, "eda": 2.5576, "acc_x": 2.0246, "acc_y": 1.652, "acc_z": 2.0532, "temp": 2.3883}, "min": {"bvp": 0.4462, "eda": 1.8745, "acc_x": 1.8586, "acc_y": 1.5794, "acc_z": 1.5774, "temp": 2.2695}}, "1009": {"mean": {"bvp": 0.4567, "eda": 2.4233, "acc_x": 2.0162, "acc_y": 1.2324, "acc_z": 2.2614, "temp": 2.363}, "min": {"bvp": 0.4054, "eda": 1.5861, "acc_x": 1.6725, "acc_y": 1.1511, "acc_z": 1.8802, "temp": 2.316}}, "1010": {"mean": {"bvp": 0.4799, "eda": 2.2795, "acc_x": 1.8713, "acc_y": 1.6311, "acc_z": 2.5691, "temp": 2.3545}, "min": {"bvp": 0.4325, "eda": 1.5128, "acc_x": 1.2706, "acc_y": 1.4833, "acc_z": 2.0257, "temp": 2.2137}}, "1011": {"mean": {"bvp": 0.7326, "eda": 2.5996, "acc_x": 2.01, "acc_y": 1.1984, "acc_z": 2.5608, "temp": 2.5688}, "min": {"bvp": 0.7226, "eda": 1.8201, "acc_x": 1.5772, "acc_y": 1.1223, "acc_z": 2.131, "temp": 2.5584}}, "1012": {"mean": {"bvp": 0.566, "eda": 2.3385, "acc_x": 2.0985, "acc_y": 1.3742, "acc_z": 2.3887, "temp": 1.9105}, "min": {"bvp": 0.533, "eda": 1.3252, "acc_x": 1.7445, "acc_y": 1.3523, "acc_z": 1.9351, "temp": 1.7511}}, "1013": {"mean": {"bvp": 0.3831, "eda": 2.3394, "acc_x": 1.8304, "acc_y": 1.5039, "acc_z": 2.7374, "temp": 2.5879}, "min": {"bvp": 0.3469, "eda": 1.0756, "acc_x": 1.4098, "acc_y": 1.4406, "acc_z": 2.0982, "temp": 2.4248}}, "1014": {"mean": {"bvp": 0.4709, "eda": 2.5958, "acc_x": 1.7749, "acc_y": 1.2328, "acc_z": 2.1886, "temp": 2.444}, "min": {"bvp": 0.4246, "eda": 1.9346, "acc_x": 1.0639, "acc_y": 1.1559, "acc_z": 1.7076, "temp": 2.3517}}, "1015": {"mean": {"bvp": 0.4064, "eda": 2.4979, "acc_x": 1.8263, "acc_y": 1.408, "acc_z": 2.2176, "temp": 2.3589}, "min": {"bvp": 0.386, "eda": 1.6679, "acc_x": 1.5856, "acc_y": 1.238, "acc_z": 1.6615, "temp": 2.2631}}}, "1003": {"1001": {"mean": {"bvp": 0.3477, "eda": 2.0459, "acc_x": 2.0314, "acc_y": 1.7196, "acc_z": 2.2463, "temp": 2.4329}, "min": {"bvp": 0.3351, "eda": 1.2934, "acc_x": 1.6842, "acc_y": 1.6465, "acc_z": 1.9622, "temp": 2.2482}}, "1002": {"mean": {"bvp": 0.7187, "eda": 2.2631, "acc_x": 2.25, "acc_y": 1.5199, "acc_z": 1.78, "temp": 2.3622}, "min": {"bvp": 0.6364, "eda": 1.7692, "acc_x": 1.7174, "acc_y": 1.4795, "acc_z": 1.4946, "temp": 2.0865}}, "1003": {"mean": {"bvp": 0.6079, "eda": 2.0947, "acc_x": 2.2216, "acc_y": 1.502, "acc_z": 2.1173, "temp": 2.3156}, "min": {"bvp": 0.5786, "eda": 1.5719, "acc_x": 1.7007, "acc_y": 1.4387, "acc_z": 1.8316, "temp": 2.1716}}, "1004": {"mean": {"bvp": 0.6679, "eda": 1.948, "acc_x": 2.3648, "acc_y": 1.6124, "acc_z": 1.6732, "temp": 2.6077}, "min": {"bvp": 0.6218, "eda": 1.3934, "acc_x": 1.8878, "acc_y": 1.5354, "acc_z": 1.5239, "temp": 2.5494}}, "1005": {"mean": {"bvp": 0.978, "eda": 1.8993, "acc_x": 2.3727, "acc_y": 1.47, "acc_z": 2.3477, "temp": 2.3874}, "min": {"bvp": 0.9704, "eda": 1.2233, "acc_x": 1.8214, "acc_y": 1.4309, "acc_z": 1.8487, "temp": 2.2587}}, "1006": {"mean": {"bvp": 0.5857, "eda": 2.0178, "acc_x": 2.4431, "acc_y": 1.5997, "acc_z": 1.9231, "temp": 2.6768}, "min": {"bvp": 0.5189, "eda": 1.7059, "acc_x": 2.1653, "acc_y": 1.5155, "acc_z": 1.8499, "temp": 2.4571}}, "1007": {"mean": {"bvp": 0.3954, "eda": 1.9675, "acc_x": 2.2694, "acc_y": 1.2028, "acc_z": 2.3446, "temp": 2.1264}, "min": {"bvp": 0.3561, "eda": 1.368, "acc_x": 1.8492, "acc_y": 1.0557, "acc_z": 1.8508, "temp": 1.8824}}, "1008": {"mean": {"bvp": 0.4496, "eda": 2.1739, "acc_x": 2.1584, "acc_y": 1.6578, "acc_z": 1.8885, "temp": 2.3986}, "min": {"bvp": 0.4352, "eda": 1.7537, "acc_x": 1.9309, "acc_y": 1.5699, "acc_z": 1.646, "temp": 2.3206}}, "1009": {"mean": {"bvp": 0.3853, "eda": 1.9364, "acc_x": 2.1955, "acc_y": 1.4085, "acc_z": 2.0807, "temp": 2.4441}, "min": {"bvp": 0.3207, "eda": 1.1903, "acc_x": 1.7965, "acc_y": 1.3303, "acc_z": 1.8618, "temp": 2.3994}}, "1010": {"mean": {"bvp": 0.49, "eda": 1.8068, "acc_x": 2.1729, "acc_y": 1.587, "acc_z": 2.4813, "temp": 2.5312}, "min": {"bvp": 0.4564, "eda": 1.0882, "acc_x": 1.6231, "acc_y": 1.5212, "acc_z": 2.15, "temp": 2.4815}}, "1011": {"mean": {"bvp": 0.6889, "eda": 2.1108, "acc_x": 2.1197, "acc_y": 1.2377, "acc_z": 2.4027, "temp": 2.6218}, "min": {"bvp": 0.6421, "eda": 1.3806, "acc_x": 1.6776, "acc_y": 1.1197, "acc_z": 2.1688, "temp": 2.5561}}, "1012": {"mean": {"bvp": 0.6096, "eda": 1.9081, "acc_x": 2.2018, "acc_y": 1.4019, "acc_z": 2.2626, "temp": 1.9774}, "min": {"bvp": 0.528, "eda": 1.2656, "acc_x": 1.8671, "acc_y": 1.3056, "acc_z": 2.0046, "temp": 1.7368}}, "1013": {"mean": {"bvp": 0.3624, "eda": 1.9203, "acc_x": 2.2543, "acc_y": 1.5991, "acc_z": 2.5748, "temp": 2.5224}, "min": {"bvp": 0.3484, "eda": 1.434, "acc_x": 1.7616, "acc_y": 1.564, "acc_z": 2.183, "temp": 2.4234}}, "1014": {"mean": {"bvp": 0.6485, "eda": 2.1416, "acc_x": 1.9798, "acc_y": 1.2642, "acc_z": 2.0057, "temp": 2.389}, "min": {"bvp": 0.4631, "eda": 1.5294, "acc_x": 1.4987, "acc_y": 1.1419, "acc_z": 1.7066, "temp": 2.1651}}, "1015": {"mean": {"bvp": 0.4351, "eda": 1.9636, "acc_x": 1.9417, "acc_y": 1.3966, "acc_z": 2.0402, "temp": 2.4506}, "min": {"bvp": 0.3856, "eda": 1.2581, "acc_x": 1.5925, "acc_y": 1.2839, "acc_z": 1.5187, "temp": 2.2823}}}, "1004": {"1001": {"mean": {"bvp": 0.4935, "eda": 2.8224, "acc_x": 1.9847, "acc_y": 1.6728, "acc_z": 2.3105, "temp": 2.3009}, "min": {"bvp": 0.4588, "eda": 1.2467, "acc_x": 1.7824, "acc_y": 1.5661, "acc_z": 2.0394, "temp": 2.1854}}, "1002": {"mean": {"bvp": 0.6562, "eda": 3.146, "acc_x": 2.0101, "acc_y": 1.428, "acc_z": 1.7524, "temp": 2.3344}, "min": {"bvp": 0.6392, "eda": 1.7361, "acc_x": 1.9194, "acc_y": 1.3665, "acc_z": 1.5124, "temp": 2.1178}}, "1003": {"mean": {"bvp": 0.8666, "eda": 3.0165, "acc_x": 2.0261, "acc_y": 1.3978, "acc_z": 2.1469, "temp": 2.282}, "min": {"bvp": 0.7085, "eda": 1.4669, "acc_x": 1.879, "acc_y": 1.3126, "acc_z": 1.8302, "temp": 2.1277}}, "1004": {"mean": {"bvp": 0.6053, "eda": 2.8794, "acc_x": 1.9873, "acc_y": 1.4516, "acc_z": 1.7386, "temp": 2.5148}, "min": {"bvp": 0.5642, "eda": 1.4697, "acc_x": 1.8164, "acc_y": 1.4002, "acc_z": 1.4906, "temp": 2.3724}}, "1005": {"mean": {"bvp": 1.8185, "eda": 2.7837, "acc_x": 2.1261, "acc_y": 1.3422, "acc_z": 2.2951, "temp": 2.3131}, "min": {"bvp": 1.4865, "eda": 1.1404, "acc_x": 1.9158, "acc_y": 1.2637, "acc_z": 1.9008, "temp": 2.046}}, "1006": {"mean": {"bvp": 0.4768, "eda": 2.9955, "acc_x": 2.5101, "acc_y": 1.4671, "acc_z": 1.9973, "temp": 2.647}, "min": {"bvp": 0.434, "eda": 2.0667, "acc_x": 2.4252, "acc_y": 1.4279, "acc_z": 1.94, "temp": 2.52}}, "1007": {"mean": {"bvp": 0.7511, "eda": 2.764, "acc_x": 2.1791, "acc_y": 1.129, "acc_z": 2.434, "temp": 2.3018}, "min": {"bvp": 0.5365, "eda": 1.4335, "acc_x": 2.0139, "acc_y": 1.0252, "acc_z": 1.9075, "temp": 1.9726}}, "1008": {"mean": {"bvp": 0.6684, "eda": 3.0094, "acc_x": 2.2242, "acc_y": 1.5814, "acc_z": 1.8896, "temp": 2.4083}, "min": {"bvp": 0.5627, "eda": 1.7171, "acc_x": 2.0334, "acc_y": 1.5734, "acc_z": 1.5449, "temp": 2.1612}}, "1009": {"mean": {"bvp": 0.9029, "eda": 2.7217, "acc_x": 2.0801, "acc_y": 1.3552, "acc_z": 2.0137, "temp": 2.328}, "min": {"bvp": 0.5837, "eda": 1.1111, "acc_x": 1.8808, "acc_y": 1.1358, "acc_z": 1.7433, "temp": 2.2448}}, "1010": {"mean": {"bvp": 0.4871, "eda": 2.5807, "acc_x": 1.7801, "acc_y": 1.5099, "acc_z": 2.4829, "temp": 2.4848}, "min": {"bvp": 0.4424, "eda": 1.2127, "acc_x": 1.5635, "acc_y": 1.4355, "acc_z": 2.1688, "temp": 2.3743}}, "1011": {"mean": {"bvp": 0.9866, "eda": 2.9166, "acc_x": 1.9314, "acc_y": 1.1363, "acc_z": 2.412, "temp": 2.4773}, "min": {"bvp": 0.8487, "eda": 1.2874, "acc_x": 1.7579, "acc_y": 1.0294, "acc_z": 2.1529, "temp": 2.3255}}, "1012": {"mean": {"bvp": 0.4793, "eda": 2.8329, "acc_x": 2.0886, "acc_y": 1.3217, "acc_z": 2.1974, "temp": 2.081}, "min": {"bvp": 0.4474, "eda": 1.1383, "acc_x": 1.9453, "acc_y": 1.216, "acc_z": 1.8912, "temp": 1.9072}}, "1013": {"mean": {"bvp": 0.597, "eda": 3.1663, "acc_x": 1.92, "acc_y": 1.5403, "acc_z": 2.6255, "temp": 2.508}, "min": {"bvp": 0.4724, "eda": 1.2927, "acc_x": 1.7051, "acc_y": 1.4107, "acc_z": 2.2828, "temp": 2.4162}}, "1014": {"mean": {"bvp": 0.4201, "eda": 2.9895, "acc_x": 1.5932, "acc_y": 1.2302, "acc_z": 1.966, "temp": 2.3091}, "min": {"bvp": 0.3911, "eda": 1.6486, "acc_x": 1.308, "acc_y": 1.1406, "acc_z": 1.7029, "temp": 2.2096}}, "1015": {"mean": {"bvp": 0.3621, "eda": 2.8829, "acc_x": 2.0036, "acc_y": 1.3089, "acc_z": 2.03, "temp": 2.3379}, "min": {"bvp": 0.3207, "eda": 1.1213, "acc_x": 1.8189, "acc_y": 1.2213, "acc_z": 1.7634, "temp": 2.111}}}, "1005": {"1001": {"mean": {"bvp": 0.9656, "eda": 4.9371, "acc_x": 1.825, "acc_y": 1.5861, "acc_z": 2.1163, "temp": 2.7775}, "min": {"bvp": 0.643, "eda": 4.5106, "acc_x": 1.7649, "acc_y": 1.5312, "acc_z": 1.9135, "temp": 2.4202}}, "1002": {"mean": {"bvp": 1.4734, "eda": 5.1139, "acc_x": 2.1706, "acc_y": 1.5275, "acc_z": 1.566, "temp": 2.8371}, "min": {"bvp": 1.1652, "eda": 4.6977, "acc_x": 2.0678, "acc_y": 1.4557, "acc_z": 1.4882, "temp": 2.3183}}, "1003": {"mean": {"bvp": 0.8954, "eda": 5.1038, "acc_x": 1.9208, "acc_y": 1.3969, "acc_z": 1.8669, "temp": 2.7113}, "min": {"bvp": 0.6872, "eda": 4.6709, "acc_x": 1.891, "acc_y": 1.2993, "acc_z": 1.7927, "temp": 2.1703}}, "1004": {"mean": {"bvp": 1.6553, "eda": 4.9184, "acc_x": 1.8546, "acc_y": 1.5746, "acc_z": 1.6229, "temp": 2.8532}, "min": {"bvp": 1.3137, "eda": 4.4861, "acc_x": 1.7795, "acc_y": 1.486, "acc_z": 1.5185, "temp": 2.3294}}, "1005": {"mean": {"bvp": 0.8343, "eda": 4.9617, "acc_x": 2.1526, "acc_y": 1.4298, "acc_z": 1.6835, "temp": 2.5902}, "min": {"bvp": 0.8272, "eda": 4.5222, "acc_x": 2.0558, "acc_y": 1.3335, "acc_z": 1.5716, "temp": 2.0236}}, "1006": {"mean": {"bvp": 1.5956, "eda": 4.6949, "acc_x": 2.3205, "acc_y": 1.589, "acc_z": 2.1115, "temp": 3.0841}, "min": {"bvp": 1.2599, "eda": 4.2863, "acc_x": 2.2694, "acc_y": 1.5179, "acc_z": 2.0354, "temp": 2.5489}}, "1007": {"mean": {"bvp": 0.6749, "eda": 4.7348, "acc_x": 2.1074, "acc_y": 1.3175, "acc_z": 1.8349, "temp": 2.7154}, "min": {"bvp": 0.4436, "eda": 4.31, "acc_x": 2.0481, "acc_y": 1.2211, "acc_z": 1.7357, "temp": 2.0246}}, "1008": {"mean": {"bvp": 0.8805, "eda": 4.9188, "acc_x": 2.1494, "acc_y": 1.6576, "acc_z": 1.6601, "temp": 2.7517}, "min": {"bvp": 0.6068, "eda": 4.4928, "acc_x": 2.1022, "acc_y": 1.5948, "acc_z": 1.5209, "temp": 2.2137}}, "1009": {"mean": {"bvp": 0.5321, "eda": 4.8693, "acc_x": 1.9564, "acc_y": 1.1812, "acc_z": 1.8221, "temp": 2.6752}, "min": {"bvp": 0.4112, "eda": 4.4399, "acc_x": 1.8828, "acc_y": 1.0606, "acc_z": 1.7574, "temp": 2.2939}}, "1010": {"mean": {"bvp": 1.3546, "eda": 4.5903, "acc_x": 1.727, "acc_y": 1.6813, "acc_z": 2.196, "temp": 2.8001}, "min": {"bvp": 1.0379, "eda": 4.1605, "acc_x": 1.6799, "acc_y": 1.5973, "acc_z": 2.0765, "temp": 2.2653}}, "1011": {"mean": {"bvp": 0.9014, "eda": 5.032, "acc_x": 1.8874, "acc_y": 1.0711, "acc_z": 2.1949, "temp": 2.7873}, "min": {"bvp": 0.7423, "eda": 4.6148, "acc_x": 1.7756, "acc_y": 0.9768, "acc_z": 2.1041, "temp": 2.3355}}, "1012": {"mean": {"bvp": 1.6257, "eda": 4.9996, "acc_x": 2.2168, "acc_y": 1.3076, "acc_z": 1.9291, "temp": 2.3808}, "min": {"bvp": 1.2841, "eda": 4.5786, "acc_x": 2.0496, "acc_y": 1.2518, "acc_z": 1.8561, "temp": 1.6345}}, "1013": {"mean": {"bvp": 0.8347, "eda": 5.476, "acc_x": 1.8022, "acc_y": 1.4646, "acc_z": 2.0936, "temp": 2.5897}, "min": {"bvp": 0.5438, "eda": 5.0417, "acc_x": 1.7581, "acc_y": 1.3869, "acc_z": 2.0074, "temp": 2.4561}}, "1014": {"mean": {"bvp": 1.8966, "eda": 4.9273, "acc_x": 1.4218, "acc_y": 1.0958, "acc_z": 1.8547, "temp": 2.7742}, "min": {"bvp": 1.5459, "eda": 4.5146, "acc_x": 1.3143, "acc_y": 1.0226, "acc_z": 1.6902, "temp": 2.2688}}, "1015": {"mean": {"bvp": 1.382, "eda": 5.1233, "acc_x": 1.8553, "acc_y": 1.3975, "acc_z": 1.7131, "temp": 2.505}, "min": {"bvp": 1.0433, "eda": 4.6885, "acc_x": 1.7903, "acc_y": 1.3096, "acc_z": 1.5896, "temp": 2.1936}}}, "1006": {"1001": {"mean": {"bvp": 0.539, "eda": 2.6866, "acc_x": 2.2529, "acc_y": 1.7586, "acc_z": 2.0046, "temp": 2.4727}, "min": {"bvp": 0.3921, "eda": 1.7997, "acc_x": 1.7021, "acc_y": 1.5978, "acc_z": 1.941, "temp": 2.372}}, "1002": {"mean": {"bvp": 0.6812, "eda": 2.848, "acc_x": 2.0461, "acc_y": 1.5177, "acc_z": 1.5058, "temp": 2.4878}, "min": {"bvp": 0.6615, "eda": 1.9567, "acc_x": 1.7837, "acc_y": 1.2814, "acc_z": 1.4133, "temp": 2.2048}}, "1003": {"mean": {"bvp": 0.9241, "eda": 2.7354, "acc_x": 1.9914, "acc_y": 1.4566, "acc_z": 1.8358, "temp": 2.2996}, "min": {"bvp": 0.69, "eda": 1.7228, "acc_x": 1.6642, "acc_y": 1.2157, "acc_z": 1.7102, "temp": 1.9914}}, "1004": {"mean": {"bvp": 0.6099, "eda": 2.5587, "acc_x": 2.0873, "acc_y": 1.5817, "acc_z": 1.4843, "temp": 2.4691}, "min": {"bvp": 0.609, "eda": 1.5506, "acc_x": 1.7644, "acc_y": 1.3128, "acc_z": 1.4756, "temp": 2.2364}}, "1005": {"mean": {"bvp": 1.9108, "eda": 2.6179, "acc_x": 2.3282, "acc_y": 1.5375, "acc_z": 1.8688, "temp": 2.3292}, "min": {"bvp": 1.5371, "eda": 1.6776, "acc_x": 1.9473, "acc_y": 1.2977, "acc_z": 1.7558, "temp": 2.2159}}, "1006": {"mean": {"bvp": 0.4726, "eda": 2.4452, "acc_x": 2.3481, "acc_y": 1.5009, "acc_z": 1.9093, "temp": 2.7988}, "min": {"bvp": 0.4523, "eda": 1.5721, "acc_x": 2.1158, "acc_y": 1.3049, "acc_z": 1.8076, "temp": 2.5475}}, "1007": {"mean": {"bvp": 0.8152, "eda": 2.5247, "acc_x": 2.271, "acc_y": 1.2607, "acc_z": 1.9212, "temp": 2.3125}, "min": {"bvp": 0.5034, "eda": 1.6921, "acc_x": 1.842, "acc_y": 1.0409, "acc_z": 1.7675, "temp": 1.8073}}, "1008": {"mean": {"bvp": 0.7086, "eda": 2.7152, "acc_x": 2.2624, "acc_y": 1.5416, "acc_z": 1.6263, "temp": 2.3924}, "min": {"bvp": 0.509, "eda": 1.8832, "acc_x": 1.9049, "acc_y": 1.4054, "acc_z": 1.5622, "temp": 2.1384}}, "1009": {"mean": {"bvp": 0.9874, "eda": 2.5961, "acc_x": 2.2704, "acc_y": 1.3146, "acc_z": 1.9125, "temp": 2.3967}, "min": {"bvp": 0.6115, "eda": 1.7271, "acc_x": 1.7047, "acc_y": 1.1568, "acc_z": 1.8603, "temp": 2.2828}}, "1010": {"mean": {"bvp": 0.4934, "eda": 2.3679, "acc_x": 2.035, "acc_y": 1.5339, "acc_z": 2.1977, "temp": 2.4472}, "min": {"bvp": 0.4742, "eda": 1.5561, "acc_x": 1.5608, "acc_y": 1.3457, "acc_z": 2.1168, "temp": 2.2481}}, "1011": {"mean": {"bvp": 1.0366, "eda": 2.6795, "acc_x": 2.2035, "acc_y": 1.3386, "acc_z": 2.1077, "temp": 2.5536}, "min": {"bvp": 0.7923, "eda": 1.4718, "acc_x": 1.7513, "acc_y": 1.1619, "acc_z": 1.9621, "temp": 2.4436}}, "1012": {"mean": {"bvp": 0.4886, "eda": 2.6146, "acc_x": 2.0231, "acc_y": 1.3811, "acc_z": 2.061, "temp": 2.1209}, "min": {"bvp": 0.4632, "eda": 1.6013, "acc_x": 1.8326, "acc_y": 1.136, "acc_z": 1.9887, "temp": 1.8066}}, "1013": {"mean": {"bvp": 0.6408, "eda": 2.8569, "acc_x": 1.8118, "acc_y": 1.5284, "acc_z": 2.2741, "temp": 2.4979}, "min": {"bvp": 0.4043, "eda": 1.6254, "acc_x": 1.5897, "acc_y": 1.3831, "acc_z": 2.1906, "temp": 2.4838}}, "1014": {"mean": {"bvp": 0.3976, "eda": 2.6619, "acc_x": 1.7617, "acc_y": 1.2389, "acc_z": 1.6555, "temp": 2.4782}, "min": {"bvp": 0.3666, "eda": 1.6175, "acc_x": 1.3461, "acc_y": 1.1173, "acc_z": 1.567, "temp": 2.3122}}, "1015": {"mean": {"bvp": 0.3594, "eda": 2.6847, "acc_x": 2.0189, "acc_y": 1.4015, "acc_z": 1.6921, "temp": 2.343}, "min": {"bvp": 0.351, "eda": 1.5457, "acc_x": 1.604, "acc_y": 1.2781, "acc_z": 1.5777, "temp": 2.3276}}}, "1007": {"1001": {"mean": {"bvp": 0.3978, "eda": 2.275, "acc_x": 1.9581, "acc_y": 1.6221, "acc_z": 2.1883, "temp": 2.3228}, "min": {"bvp": 0.3585, "eda": 1.2326, "acc_x": 1.7075, "acc_y": 1.5511, "acc_z": 2.0439, "temp": 2.1204}}, "1002": {"mean": {"bvp": 0.9215, "eda": 2.6455, "acc_x": 2.1117, "acc_y": 1.3849, "acc_z": 1.5986, "temp": 2.4199}, "min": {"bvp": 0.8396, "eda": 1.6853, "acc_x": 1.7325, "acc_y": 1.3044, "acc_z": 1.5502, "temp": 2.0495}}, "1003": {"mean": {"bvp": 0.6235, "eda": 2.4887, "acc_x": 2.0349, "acc_y": 1.4103, "acc_z": 1.8538, "temp": 2.3196}, "min": {"bvp": 0.5881, "eda": 1.4137, "acc_x": 1.6853, "acc_y": 1.4018, "acc_z": 1.8055, "temp": 1.9891}}, "1004": {"mean": {"bvp": 1.0203, "eda": 2.357, "acc_x": 2.0831, "acc_y": 1.406, "acc_z": 1.6739, "temp": 2.4582}, "min": {"bvp": 0.8888, "eda": 1.3894, "acc_x": 1.6625, "acc_y": 1.3644, "acc_z": 1.6096, "temp": 2.1144}}, "1005": {"mean": {"bvp": 1.0278, "eda": 2.2514, "acc_x": 2.1218, "acc_y": 1.3331, "acc_z": 1.7994, "temp": 2.4461}, "min": {"bvp": 0.9434, "eda": 1.1659, "acc_x": 1.6285, "acc_y": 1.2899, "acc_z": 1.7279, "temp": 2.2735}}, "1006": {"mean": {"bvp": 0.9409, "eda": 2.5636, "acc_x": 2.3698, "acc_y": 1.539, "acc_z": 2.1851, "temp": 2.7272}, "min": {"bvp": 0.7993, "eda": 1.6832, "acc_x": 1.9913, "acc_y": 1.4493, "acc_z": 2.1275, "temp": 2.3391}}, "1007": {"mean": {"bvp": 0.3609, "eda": 2.3032, "acc_x": 2.1182, "acc_y": 1.0818, "acc_z": 1.6909, "temp": 2.3366}, "min": {"bvp": 0.3392, "eda": 1.385, "acc_x": 1.8048, "acc_y": 1.0609, "acc_z": 1.6645, "temp": 1.7669}}, "1008": {"mean": {"bvp": 0.4651, "eda": 2.5696, "acc_x": 2.1086, "acc_y": 1.5815, "acc_z": 1.7085, "temp": 2.5067}, "min": {"bvp": 0.4582, "eda": 1.6624, "acc_x": 1.8593, "acc_y": 1.5696, "acc_z": 1.6328, "temp": 2.3153}}, "1009": {"mean": {"bvp": 0.3299, "eda": 2.1987, "acc_x": 2.0089, "acc_y": 1.3385, "acc_z": 1.9042, "temp": 2.3557}, "min": {"bvp": 0.318, "eda": 1.1283, "acc_x": 1.7393, "acc_y": 1.2914, "acc_z": 1.8415, "temp": 2.1164}}, "1010": {"mean": {"bvp": 0.7257, "eda": 2.107, "acc_x": 1.8558, "acc_y": 1.5145, "acc_z": 2.2232, "temp": 2.4356}, "min": {"bvp": 0.6055, "eda": 1.1052, "acc_x": 1.401, "acc_y": 1.4448, "acc_z": 2.1097, "temp": 2.2005}}, "1011": {"mean": {"bvp": 0.6846, "eda": 2.3399, "acc_x": 1.9242, "acc_y": 1.1039, "acc_z": 2.1745, "temp": 2.5899}, "min": {"bvp": 0.6627, "eda": 1.2357, "acc_x": 1.63, "acc_y": 1.0693, "acc_z": 2.1364, "temp": 2.4977}}, "1012": {"mean": {"bvp": 0.9627, "eda": 2.2711, "acc_x": 2.1256, "acc_y": 1.3192, "acc_z": 1.9997, "temp": 2.2672}, "min": {"bvp": 0.8322, "eda": 1.1691, "acc_x": 1.8496, "acc_y": 1.3104, "acc_z": 1.9777, "temp": 1.887}}, "1013": {"mean": {"bvp": 0.374, "eda": 2.3418, "acc_x": 2.0098, "acc_y": 1.5262, "acc_z": 2.2903, "temp": 2.6253}, "min": {"bvp": 0.3658, "eda": 0.8525, "acc_x": 1.575, "acc_y": 1.5077, "acc_z": 2.1856, "temp": 2.4848}}, "1014": {"mean": {"bvp": 1.1975, "eda": 2.5043, "acc_x": 1.6763, "acc_y": 1.1998, "acc_z": 1.7861, "temp": 2.3832}, "min": {"bvp": 1.046, "eda": 1.501, "acc_x": 1.2973, "acc_y": 1.1479, "acc_z": 1.6942, "temp": 2.1199}}, "1015": {"mean": {"bvp": 0.7102, "eda": 2.2463, "acc_x": 1.9084, "acc_y": 1.2641, "acc_z": 1.7276, "temp": 2.4874}, "min": {"bvp": 0.5766, "eda": 1.0616, "acc_x": 1.6182, "acc_y": 1.2331, "acc_z": 1.5998, "temp": 2.3743}}}, "1008": {"1001": {"mean": {"bvp": 0.3227, "eda": 2.8767, "acc_x": 2.3702, "acc_y": 1.7448, "acc_z": 2.2664, "temp": 2.3712}, "min": {"bvp": 0.3075, "eda": 1.6149, "acc_x": 1.6083, "acc_y": 1.6448, "acc_z": 2.0167, "temp": 2.1595}}, "1002": {"mean": {"bvp": 0.749, "eda": 3.1144, "acc_x": 2.3121, "acc_y": 1.5825, "acc_z": 1.7132, "temp": 2.3797}, "min": {"bvp": 0.7144, "eda": 1.9033, "acc_x": 1.8776, "acc_y": 1.5358, "acc_z": 1.5793, "temp": 2.3038}}, "1003": {"mean": {"bvp": 0.6018, "eda": 3.0075, "acc_x": 2.2789, "acc_y": 1.5734, "acc_z": 2.0757, "temp": 2.2239}, "min": {"bvp": 0.5827, "eda": 1.683, "acc_x": 1.6684, "acc_y": 1.4793, "acc_z": 1.8541, "temp": 2.0624}}, "1004": {"mean": {"bvp": 0.74, "eda": 2.8126, "acc_x": 2.2463, "acc_y": 1.6407, "acc_z": 1.6922, "temp": 2.3227}, "min": {"bvp": 0.6643, "eda": 1.5065, "acc_x": 1.7973, "acc_y": 1.5074, "acc_z": 1.4666, "temp": 2.2274}}, "1005": {"mean": {"bvp": 1.1816, "eda": 2.8386, "acc_x": 2.4524, "acc_y": 1.5254, "acc_z": 2.2172, "temp": 2.3612}, "min": {"bvp": 1.0018, "eda": 1.5106, "acc_x": 1.9211, "acc_y": 1.3728, "acc_z": 1.9155, "temp": 2.3174}}, "1006": {"mean": {"bvp": 0.6497, "eda": 2.7302, "acc_x": 2.8099, "acc_y": 1.6612, "acc_z": 1.9718, "temp": 2.7134}, "min": {"bvp": 0.5932, "eda": 1.5646, "acc_x": 2.0742, "acc_y": 1.5746, "acc_z": 1.9345, "temp": 2.6465}}, "1007": {"mean": {"bvp": 0.3769, "eda": 2.7322, "acc_x": 2.5287, "acc_y": 1.4241, "acc_z": 2.2982, "temp": 2.2283}, "min": {"bvp": 0.3526, "eda": 1.5445, "acc_x": 1.8734, "acc_y": 1.1231, "acc_z": 1.9199, "temp": 1.9763}}, "1008": {"mean": {"bvp": 0.4345, "eda": 2.9457, "acc_x": 2.6542, "acc_y": 1.8024, "acc_z": 1.8821, "temp": 2.3735}, "min": {"bvp": 0.4278, "eda": 1.7833, "acc_x": 1.8974, "acc_y": 1.6914, "acc_z": 1.5813, "temp": 2.269}}, "1009": {"mean": {"bvp": 0.391, "eda": 2.7863, "acc_x": 2.4569, "acc_y": 1.2773, "acc_z": 2.0103, "temp": 2.3621}, "min": {"bvp": 0.3151, "eda": 1.5088, "acc_x": 1.7616, "acc_y": 1.2166, "acc_z": 1.8987, "temp": 2.3096}}, "1010": {"mean": {"bvp": 0.502, "eda": 2.5483, "acc_x": 2.0875, "acc_y": 1.7437, "acc_z": 2.4257, "temp": 2.3021}, "min": {"bvp": 0.4847, "eda": 1.3411, "acc_x": 1.5808, "acc_y": 1.6103, "acc_z": 2.1733, "temp": 2.2126}}, "1011": {"mean": {"bvp": 0.6844, "eda": 2.9077, "acc_x": 2.2687, "acc_y": 1.2488, "acc_z": 2.3562, "temp": 2.5195}, "min": {"bvp": 0.6654, "eda": 1.4816, "acc_x": 1.6432, "acc_y": 0.9953, "acc_z": 2.1716, "temp": 2.4143}}, "1012": {"mean": {"bvp": 0.667, "eda": 2.8945, "acc_x": 2.404, "acc_y": 1.4415, "acc_z": 2.1893, "temp": 2.101}, "min": {"bvp": 0.5908, "eda": 1.5507, "acc_x": 1.9037, "acc_y": 1.421, "acc_z": 2.0327, "temp": 1.9904}}, "1013": {"mean": {"bvp": 0.3523, "eda": 3.2706, "acc_x": 2.2032, "acc_y": 1.6548, "acc_z": 2.5805, "temp": 2.688}, "min": {"bvp": 0.3393, "eda": 1.839, "acc_x": 1.6329, "acc_y": 1.597, "acc_z": 2.2779, "temp": 2.5512}}, "1014": {"mean": {"bvp": 0.8195, "eda": 2.9028, "acc_x": 1.7951, "acc_y": 1.2819, "acc_z": 1.9039, "temp": 2.3768}, "min": {"bvp": 0.6965, "eda": 1.623, "acc_x": 1.416, "acc_y": 1.1168, "acc_z": 1.7058, "temp": 2.2475}}, "1015": {"mean": {"bvp": 0.4341, "eda": 2.9469, "acc_x": 2.3561, "acc_y": 1.5115, "acc_z": 1.9911, "temp": 2.4539}, "min": {"bvp": 0.3978, "eda": 1.505, "acc_x": 1.6311, "acc_y": 1.2667, "acc_z": 1.7087, "temp": 2.4117}}}, "1009": {"1001": {"mean": {"bvp": 0.476, "eda": 1.7643, "acc_x": 2.2245, "acc_y": 1.7074, "acc_z": 2.2447, "temp": 2.3316}, "min": {"bvp": 0.3911, "eda": 1.4142, "acc_x": 1.8787, "acc_y": 1.6579, "acc_z": 1.7668, "temp": 2.2208}}, "1002": {"mean": {"bvp": 1.015, "eda": 2.0147, "acc_x": 2.173, "acc_y": 1.6453, "acc_z": 1.7351, "temp": 2.238}, "min": {"bvp": 0.9378, "eda": 1.71, "acc_x": 1.8793, "acc_y": 1.4297, "acc_z": 1.378, "temp": 2.1385}}, "1003": {"mean": {"bvp": 0.6326, "eda": 1.8319, "acc_x": 2.0413, "acc_y": 1.4742, "acc_z": 2.0847, "temp": 2.0855}, "min": {"bvp": 0.6117, "eda": 1.4435, "acc_x": 1.8323, "acc_y": 1.2837, "acc_z": 1.7339, "temp": 1.9766}}, "1004": {"mean": {"bvp": 1.1489, "eda": 1.8263, "acc_x": 2.0029, "acc_y": 1.7166, "acc_z": 1.6784, "temp": 2.2637}, "min": {"bvp": 1.0365, "eda": 1.5348, "acc_x": 1.7599, "acc_y": 1.4433, "acc_z": 1.3425, "temp": 2.0927}}, "1005": {"mean": {"bvp": 0.984, "eda": 1.6401, "acc_x": 2.2253, "acc_y": 1.5518, "acc_z": 2.2858, "temp": 2.3309}, "min": {"bvp": 0.9223, "eda": 1.2679, "acc_x": 1.9071, "acc_y": 1.3251, "acc_z": 1.8229, "temp": 2.1769}}, "1006": {"mean": {"bvp": 1.0703, "eda": 1.9036, "acc_x": 2.5079, "acc_y": 1.5924, "acc_z": 1.9716, "temp": 2.5618}, "min": {"bvp": 0.9483, "eda": 1.6461, "acc_x": 2.305, "acc_y": 1.5056, "acc_z": 1.7891, "temp": 2.3791}}, "1007": {"mean": {"bvp": 0.3718, "eda": 1.779, "acc_x": 2.336, "acc_y": 1.4264, "acc_z": 2.2743, "temp": 1.9782}, "min": {"bvp": 0.3464, "eda": 1.5596, "acc_x": 2.0396, "acc_y": 1.2773, "acc_z": 1.5941, "temp": 1.6708}}, "1008": {"mean": {"bvp": 0.4989, "eda": 1.9779, "acc_x": 2.2929, "acc_y": 1.7048, "acc_z": 1.8721, "temp": 2.237}, "min": {"bvp": 0.4537, "eda": 1.7199, "acc_x": 2.144, "acc_y": 1.6009, "acc_z": 1.5493, "temp": 2.0858}}, "1009": {"mean": {"bvp": 0.3481, "eda": 1.6503, "acc_x": 2.307, "acc_y": 1.3011, "acc_z": 2.0712, "temp": 2.2968}, "min": {"bvp": 0.328, "eda": 1.3012, "acc_x": 1.9712, "acc_y": 1.1519, "acc_z": 1.7364, "temp": 2.2111}}, "1010": {"mean": {"bvp": 0.8488, "eda": 1.5721, "acc_x": 1.8974, "acc_y": 1.6708, "acc_z": 2.4391, "temp": 2.2621}, "min": {"bvp": 0.7341, "eda": 1.3228, "acc_x": 1.5632, "acc_y": 1.5472, "acc_z": 2.0115, "temp": 2.1532}}, "1011": {"mean": {"bvp": 0.7013, "eda": 1.7892, "acc_x": 2.1967, "acc_y": 1.1823, "acc_z": 2.3167, "temp": 2.5607}, "min": {"bvp": 0.6844, "eda": 1.2, "acc_x": 1.7491, "acc_y": 1.1343, "acc_z": 1.999, "temp": 2.5464}}, "1012": {"mean": {"bvp": 1.0952, "eda": 1.6259, "acc_x": 2.305, "acc_y": 1.4257, "acc_z": 2.2791, "temp": 1.9516}, "min": {"bvp": 0.9852, "eda": 1.1264, "acc_x": 1.8831, "acc_y": 1.2716, "acc_z": 1.9425, "temp": 1.7365}}, "1013": {"mean": {"bvp": 0.4162, "eda": 1.6545, "acc_x": 1.8449, "acc_y": 1.6117, "acc_z": 2.5793, "temp": 2.5374}, "min": {"bvp": 0.3693, "eda": 1.0046, "acc_x": 1.63, "acc_y": 1.5027, "acc_z": 2.0247, "temp": 2.5197}}, "1014": {"mean": {"bvp": 1.3444, "eda": 1.8826, "acc_x": 1.5663, "acc_y": 1.2048, "acc_z": 1.925, "temp": 2.2812}, "min": {"bvp": 1.2213, "eda": 1.4302, "acc_x": 1.2808, "acc_y": 1.1534, "acc_z": 1.6543, "temp": 2.1969}}, "1015": {"mean": {"bvp": 0.8411, "eda": 1.669, "acc_x": 2.2022, "acc_y": 1.4124, "acc_z": 1.9994, "temp": 2.4193}, "min": {"bvp": 0.7229, "eda": 1.12, "acc_x": 1.9718, "acc_y": 1.2993, "acc_z": 1.5161, "temp": 2.2917}}}, "1010": {"1001": {"mean": {"bvp": 0.3709, "eda": 3.7026, "acc_x": 1.9093, "acc_y": 1.6397, "acc_z": 2.1448, "temp": 2.943}, "min": {"bvp": 0.3435, "eda": 2.3562, "acc_x": 1.8734, "acc_y": 1.5458, "acc_z": 2.0639, "temp": 2.5099}}, "1002": {"mean": {"bvp": 0.669, "eda": 3.8221, "acc_x": 2.0276, "acc_y": 1.4442, "acc_z": 1.5305, "temp": 3.1793}, "min": {"bvp": 0.6409, "eda": 2.3146, "acc_x": 1.8839, "acc_y": 1.3379, "acc_z": 1.4241, "temp": 2.3656}}, "1003": {"mean": {"bvp": 0.7811, "eda": 3.7247, "acc_x": 1.9501, "acc_y": 1.4268, "acc_z": 1.7988, "temp": 3.0477}, "min": {"bvp": 0.7218, "eda": 2.0862, "acc_x": 1.7063, "acc_y": 1.3145, "acc_z": 1.7363, "temp": 2.093}}, "1004": {"mean": {"bvp": 0.6251, "eda": 3.5757, "acc_x": 2.0653, "acc_y": 1.451, "acc_z": 1.6897, "temp": 3.1301}, "min": {"bvp": 0.5959, "eda": 2.0467, "acc_x": 1.8703, "acc_y": 1.3184, "acc_z": 1.5621, "temp": 2.2751}}, "1005": {"mean": {"bvp": 1.7584, "eda": 3.6151, "acc_x": 2.1971, "acc_y": 1.4313, "acc_z": 1.6992, "temp": 2.9785}, "min": {"bvp": 1.6622, "eda": 2.0704, "acc_x": 2.025, "acc_y": 1.3249, "acc_z": 1.5788, "temp": 2.2974}}, "1006": {"mean": {"bvp": 0.4905, "eda": 3.4611, "acc_x": 2.3064, "acc_y": 1.5165, "acc_z": 2.201, "temp": 3.4178}, "min": {"bvp": 0.4547, "eda": 2.0636, "acc_x": 2.0787, "acc_y": 1.4892, "acc_z": 2.0115, "temp": 2.6372}}, "1007": {"mean": {"bvp": 0.6405, "eda": 3.5289, "acc_x": 2.0994, "acc_y": 1.2424, "acc_z": 1.8189, "temp": 3.1557}, "min": {"bvp": 0.5612, "eda": 2.2352, "acc_x": 2.0378, "acc_y": 1.1225, "acc_z": 1.7986, "temp": 1.8931}}, "1008": {"mean": {"bvp": 0.5438, "eda": 3.6694, "acc_x": 2.0417, "acc_y": 1.6042, "acc_z": 1.6959, "temp": 3.0733}, "min": {"bvp": 0.4937, "eda": 2.2577, "acc_x": 1.973, "acc_y": 1.5755, "acc_z": 1.6692, "temp": 2.2986}}, "1009": {"mean": {"bvp": 0.8133, "eda": 3.6181, "acc_x": 1.9908, "acc_y": 1.2138, "acc_z": 1.9818, "temp": 2.9151}, "min": {"bvp": 0.7135, "eda": 2.246, "acc_x": 1.9705, "acc_y": 1.1761, "acc_z": 1.9165, "temp": 2.2981}}, "1010": {"mean": {"bvp": 0.4692, "eda": 3.4158, "acc_x": 1.974, "acc_y": 1.5685, "acc_z": 2.1921, "temp": 3.106}, "min": {"bvp": 0.4363, "eda": 2.1916, "acc_x": 1.7985, "acc_y": 1.5203, "acc_z": 2.1468, "temp": 2.238}}, "1011": {"mean": {"bvp": 0.8951, "eda": 3.768, "acc_x": 1.9473, "acc_y": 1.1725, "acc_z": 2.1889, "temp": 2.9786}, "min": {"bvp": 0.8368, "eda": 2.3584, "acc_x": 1.9019, "acc_y": 1.0519, "acc_z": 2.0749, "temp": 2.5334}}, "1012": {"mean": {"bvp": 0.5075, "eda": 3.6578, "acc_x": 2.0568, "acc_y": 1.3181, "acc_z": 2.0246, "temp": 2.9638}, "min": {"bvp": 0.4868, "eda": 2.0903, "acc_x": 1.9243, "acc_y": 1.1865, "acc_z": 1.9968, "temp": 1.9282}}, "1013": {"mean": {"bvp": 0.463, "eda": 3.7584, "acc_x": 1.8967, "acc_y": 1.4641, "acc_z": 2.1613, "temp": 2.7791}, "min": {"bvp": 0.4015, "eda": 1.4675, "acc_x": 1.606, "acc_y": 1.3492, "acc_z": 2.0723, "temp": 2.6867}}, "1014": {"mean": {"bvp": 0.4901, "eda": 3.7029, "acc_x": 1.7207, "acc_y": 1.1637, "acc_z": 1.8097, "temp": 3.0774}, "min": {"bvp": 0.4133, "eda": 2.356, "acc_x": 1.5715, "acc_y": 1.1171, "acc_z": 1.6937, "temp": 2.4511}}, "1015": {"mean": {"bvp": 0.3487, "eda": 3.7249, "acc_x": 1.7971, "acc_y": 1.3668, "acc_z": 1.7491, "temp": 2.7448}, "min": {"bvp": 0.3317, "eda": 2.0824, "acc_x": 1.7147, "acc_y": 1.2888, "acc_z": 1.7158, "temp": 2.4753}}}, "1011": {"1001": {"mean": {"bvp": 0.4754, "eda": 3.8499, "acc_x": 1.8866, "acc_y": 1.8331, "acc_z": 2.0599, "temp": 3.1391}, "min": {"bvp": 0.3751, "eda": 2.5337, "acc_x": 1.7737, "acc_y": 1.7084, "acc_z": 1.8025, "temp": 2.1637}}, "1002": {"mean": {"bvp": 0.9511, "eda": 3.9183, "acc_x": 2.0525, "acc_y": 1.7185, "acc_z": 1.548, "temp": 3.4623}, "min": {"bvp": 0.749, "eda": 2.4228, "acc_x": 1.8838, "acc_y": 1.4904, "acc_z": 1.4057, "temp": 2.102}}, "1003": {"mean": {"bvp": 0.6393, "eda": 3.8377, "acc_x": 1.82, "acc_y": 1.6895, "acc_z": 1.8274, "temp": 3.4152}, "min": {"bvp": 0.6234, "eda": 2.1958, "acc_x": 1.7328, "acc_y": 1.586, "acc_z": 1.7194, "temp": 1.9867}}, "1004": {"mean": {"bvp": 1.0223, "eda": 3.7133, "acc_x": 1.9421, "acc_y": 1.8334, "acc_z": 1.6197, "temp": 3.4706}, "min": {"bvp": 0.6827, "eda": 2.1812, "acc_x": 1.7811, "acc_y": 1.5459, "acc_z": 1.3717, "temp": 2.2367}}, "1005": {"mean": {"bvp": 0.9046, "eda": 3.7448, "acc_x": 2.1758, "acc_y": 1.6873, "acc_z": 1.7497, "temp": 3.3402}, "min": {"bvp": 0.8391, "eda": 2.1922, "acc_x": 2.0267, "acc_y": 1.5326, "acc_z": 1.7053, "temp": 2.2704}}, "1006": {"mean": {"bvp": 0.9614, "eda": 3.5875, "acc_x": 2.1877, "acc_y": 1.7571, "acc_z": 2.1296, "temp": 3.7318}, "min": {"bvp": 0.6454, "eda": 2.2631, "acc_x": 2.1202, "acc_y": 1.6648, "acc_z": 1.8381, "temp": 2.5088}}, "1007": {"mean": {"bvp": 0.3935, "eda": 3.6829, "acc_x": 2.0339, "acc_y": 1.6887, "acc_z": 1.8447, "temp": 3.5877}, "min": {"bvp": 0.3395, "eda": 2.4318, "acc_x": 1.9839, "acc_y": 1.5358, "acc_z": 1.7203, "temp": 1.8961}}, "1008": {"mean": {"bvp": 0.5191, "eda": 3.7969, "acc_x": 1.995, "acc_y": 1.9486, "acc_z": 1.6208, "temp": 3.4051}, "min": {"bvp": 0.4704, "eda": 2.4127, "acc_x": 1.9512, "acc_y": 1.8488, "acc_z": 1.442, "temp": 2.1612}}, "1009": {"mean": {"bvp": 0.3604, "eda": 3.7585, "acc_x": 1.9637, "acc_y": 1.3944, "acc_z": 1.8984, "temp": 3.2215}, "min": {"bvp": 0.3472, "eda": 2.4097, "acc_x": 1.9088, "acc_y": 1.2993, "acc_z": 1.7108, "temp": 2.1682}}, "1010": {"mean": {"bvp": 0.7901, "eda": 3.5863, "acc_x": 1.8041, "acc_y": 1.8626, "acc_z": 2.1509, "temp": 3.4851}, "min": {"bvp": 0.5746, "eda": 2.4435, "acc_x": 1.6152, "acc_y": 1.7485, "acc_z": 2.0421, "temp": 2.2722}}, "1011": {"mean": {"bvp": 0.6887, "eda": 3.9113, "acc_x": 1.9115, "acc_y": 1.363, "acc_z": 2.19, "temp": 3.2421}, "min": {"bvp": 0.661, "eda": 2.5065, "acc_x": 1.7346, "acc_y": 1.1825, "acc_z": 2.0003, "temp": 2.4072}}, "1012": {"mean": {"bvp": 0.9803, "eda": 3.7682, "acc_x": 2.0198, "acc_y": 1.56, "acc_z": 1.9953, "temp": 3.3661}, "min": {"bvp": 0.6528, "eda": 2.2188, "acc_x": 1.9802, "acc_y": 1.4264, "acc_z": 1.8811, "temp": 1.8793}}, "1013": {"mean": {"bvp": 0.4457, "eda": 3.8493, "acc_x": 1.7331, "acc_y": 1.697, "acc_z": 2.165, "temp": 2.876}, "min": {"bvp": 0.3787, "eda": 1.5775, "acc_x": 1.6746, "acc_y": 1.6578, "acc_z": 2.1263, "temp": 2.388}}, "1014": {"mean": {"bvp": 1.1835, "eda": 3.8373, "acc_x": 1.6517, "acc_y": 1.4071, "acc_z": 1.7447, "temp": 3.3329}, "min": {"bvp": 0.7665, "eda": 2.5011, "acc_x": 1.3673, "acc_y": 1.2036, "acc_z": 1.562, "temp": 2.177}}, "1015": {"mean": {"bvp": 0.7605, "eda": 3.8588, "acc_x": 1.7178, "acc_y": 1.6259, "acc_z": 1.6339, "temp": 3.0089}, "min": {"bvp": 0.4958, "eda": 2.2032, "acc_x": 1.699, "acc_y": 1.5335, "acc_z": 1.4308, "temp": 2.376}}}, "1012": {"1001": {"mean": {"bvp": 0.4188, "eda": 2.3819, "acc_x": 2.2689, "acc_y": 1.9874, "acc_z": 2.0368, "temp": 2.4477}, "min": {"bvp": 0.3317, "eda": 2.0519, "acc_x": 2.0888, "acc_y": 1.9445, "acc_z": 1.9626, "temp": 2.3365}}, "1002": {"mean": {"bvp": 0.638, "eda": 2.3859, "acc_x": 2.5876, "acc_y": 1.5298, "acc_z": 1.7618, "temp": 2.4306}, "min": {"bvp": 0.6258, "eda": 2.1158, "acc_x": 2.021, "acc_y": 1.4107, "acc_z": 1.5507, "temp": 2.2172}}, "1003": {"mean": {"bvp": 0.8151, "eda": 2.2062, "acc_x": 2.3147, "acc_y": 1.6497, "acc_z": 2.024, "temp": 2.3791}, "min": {"bvp": 0.7186, "eda": 1.9368, "acc_x": 1.7273, "acc_y": 1.558, "acc_z": 1.8987, "temp": 2.1078}}, "1004": {"mean": {"bvp": 0.6166, "eda": 2.0942, "acc_x": 2.5045, "acc_y": 1.6379, "acc_z": 1.5851, "temp": 2.6124}, "min": {"bvp": 0.57, "eda": 1.7371, "acc_x": 2.1535, "acc_y": 1.3357, "acc_z": 1.4514, "temp": 2.4412}}, "1005": {"mean": {"bvp": 1.7783, "eda": 2.1606, "acc_x": 2.7359, "acc_y": 1.6138, "acc_z": 2.0174, "temp": 2.4107}, "min": {"bvp": 1.6466, "eda": 1.9164, "acc_x": 2.2144, "acc_y": 1.5332, "acc_z": 1.9583, "temp": 2.259}}, "1006": {"mean": {"bvp": 0.4772, "eda": 2.0691, "acc_x": 2.4269, "acc_y": 1.7362, "acc_z": 1.9431, "temp": 2.7577}, "min": {"bvp": 0.4568, "eda": 1.6715, "acc_x": 2.1165, "acc_y": 1.6528, "acc_z": 1.8346, "temp": 2.5471}}, "1007": {"mean": {"bvp": 0.6913, "eda": 2.2294, "acc_x": 2.4337, "acc_y": 1.4802, "acc_z": 2.1125, "temp": 2.2982}, "min": {"bvp": 0.5621, "eda": 1.8774, "acc_x": 2.0304, "acc_y": 1.2353, "acc_z": 1.9046, "temp": 1.997}}, "1008": {"mean": {"bvp": 0.5871, "eda": 2.3178, "acc_x": 2.172, "acc_y": 1.7827, "acc_z": 1.6702, "temp": 2.4521}, "min": {"bvp": 0.4822, "eda": 2.0449, "acc_x": 1.8965, "acc_y": 1.5764, "acc_z": 1.6062, "temp": 2.1839}}, "1009": {"mean": {"bvp": 0.849, "eda": 2.2715, "acc_x": 2.3634, "acc_y": 1.5534, "acc_z": 2.0153, "temp": 2.4393}, "min": {"bvp": 0.6962, "eda": 1.9737, "acc_x": 2.0401, "acc_y": 1.4001, "acc_z": 1.9025, "temp": 2.2797}}, "1010": {"mean": {"bvp": 0.4745, "eda": 2.1489, "acc_x": 2.4394, "acc_y": 1.7852, "acc_z": 2.2984, "temp": 2.5436}, "min": {"bvp": 0.4195, "eda": 1.7496, "acc_x": 2.0385, "acc_y": 1.679, "acc_z": 2.2583, "temp": 2.3862}}, "1011": {"mean": {"bvp": 0.9346, "eda": 2.2806, "acc_x": 2.4372, "acc_y": 1.6531, "acc_z": 2.237, "temp": 2.5964}, "min": {"bvp": 0.8355, "eda": 1.6817, "acc_x": 2.0768, "acc_y": 1.6021, "acc_z": 2.0981, "temp": 2.5377}}, "1012": {"mean": {"bvp": 0.4715, "eda": 2.1372, "acc_x": 2.5199, "acc_y": 1.5195, "acc_z": 2.2147, "temp": 2.0881}, "min": {"bvp": 0.4544, "eda": 1.8284, "acc_x": 1.9627, "acc_y": 1.4166, "acc_z": 2.1287, "temp": 1.7394}}, "1013": {"mean": {"bvp": 0.5118, "eda": 1.8669, "acc_x": 2.2462, "acc_y": 1.6934, "acc_z": 2.3446, "temp": 2.5305}, "min": {"bvp": 0.4202, "eda": 1.5631, "acc_x": 1.7479, "acc_y": 1.6061, "acc_z": 2.2698, "temp": 2.4865}}, "1014": {"mean": {"bvp": 0.4173, "eda": 2.2821, "acc_x": 2.3147, "acc_y": 1.5613, "acc_z": 1.7612, "temp": 2.4301}, "min": {"bvp": 0.3741, "eda": 1.7651, "acc_x": 2.0007, "acc_y": 1.4883, "acc_z": 1.6237, "temp": 2.2628}}, "1015": {"mean": {"bvp": 0.3466, "eda": 2.1694, "acc_x": 2.0669, "acc_y": 1.7966, "acc_z": 1.8058, "temp": 2.3824}, "min": {"bvp": 0.3127, "eda": 1.8029, "acc_x": 1.6376, "acc_y": 1.7122, "acc_z": 1.7853, "temp": 2.282}}}, "1013": {"1001": {"mean": {"bvp": 0.3376, "eda": 2.9536, "acc_x": 1.9721, "acc_y": 1.7738, "acc_z": 2.1446, "temp": 2.7949}, "min": {"bvp": 0.3226, "eda": 1.7225, "acc_x": 1.7214, "acc_y": 1.6328, "acc_z": 1.8948, "temp": 2.1159}}, "1002": {"mean": {"bvp": 0.7635, "eda": 3.0913, "acc_x": 2.0426, "acc_y": 1.5669, "acc_z": 1.583, "temp": 3.0465}, "min": {"bvp": 0.7332, "eda": 2.0699, "acc_x": 1.9776, "acc_y": 1.3951, "acc_z": 1.4102, "temp": 2.0855}}, "1003": {"mean": {"bvp": 0.6054, "eda": 2.971, "acc_x": 1.8006, "acc_y": 1.5669, "acc_z": 1.8811, "temp": 2.9755}, "min": {"bvp": 0.5905, "eda": 1.9183, "acc_x": 1.7699, "acc_y": 1.4813, "acc_z": 1.6166, "temp": 2.0576}}, "1004": {"mean": {"bvp": 0.7686, "eda": 2.8268, "acc_x": 1.9036, "acc_y": 1.6439, "acc_z": 1.5899, "temp": 3.1087}, "min": {"bvp": 0.6692, "eda": 1.7142, "acc_x": 1.7785, "acc_y": 1.432, "acc_z": 1.431, "temp": 2.3948}}, "1005": {"mean": {"bvp": 1.246, "eda": 2.8368, "acc_x": 2.1648, "acc_y": 1.5387, "acc_z": 1.9448, "temp": 2.933}, "min": {"bvp": 1.1997, "eda": 1.6684, "acc_x": 2.0545, "acc_y": 1.5237, "acc_z": 1.5696, "temp": 2.2517}}, "1006": {"mean": {"bvp": 0.6791, "eda": 2.8154, "acc_x": 2.2711, "acc_y": 1.6933, "acc_z": 2.0401, "temp": 3.334}, "min": {"bvp": 0.5787, "eda": 1.913, "acc_x": 2.1221, "acc_y": 1.6269, "acc_z": 1.9063, "temp": 2.4771}}, "1007": {"mean": {"bvp": 0.3622, "eda": 2.819, "acc_x": 2.0575, "acc_y": 1.5006, "acc_z": 2.0655, "temp": 3.107}, "min": {"bvp": 0.3557, "eda": 1.6427, "acc_x": 1.9491, "acc_y": 1.4548, "acc_z": 1.5282, "temp": 1.9331}}, "1008": {"mean": {"bvp": 0.4495, "eda": 2.9907, "acc_x": 2.1171, "acc_y": 1.8002, "acc_z": 1.6574, "temp": 2.9892}, "min": {"bvp": 0.4297, "eda": 1.9544, "acc_x": 1.9815, "acc_y": 1.7309, "acc_z": 1.472, "temp": 2.1769}}, "1009": {"mean": {"bvp": 0.3626, "eda": 2.8504, "acc_x": 2.0083, "acc_y": 1.3855, "acc_z": 1.8716, "temp": 2.8653}, "min": {"bvp": 0.3379, "eda": 1.6055, "acc_x": 1.8209, "acc_y": 1.2392, "acc_z": 1.6552, "temp": 2.244}}, "1010": {"mean": {"bvp": 0.5372, "eda": 2.6787, "acc_x": 1.7678, "acc_y": 1.7691, "acc_z": 2.2341, "temp": 3.0871}, "min": {"bvp": 0.4729, "eda": 1.4097, "acc_x": 1.5854, "acc_y": 1.7442, "acc_z": 1.993, "temp": 2.3576}}, "1011": {"mean": {"bvp": 0.692, "eda": 3.0222, "acc_x": 1.9488, "acc_y": 1.3489, "acc_z": 2.2061, "temp": 2.9373}, "min": {"bvp": 0.6696, "eda": 1.8476, "acc_x": 1.7784, "acc_y": 1.1446, "acc_z": 1.9262, "temp": 2.4667}}, "1012": {"mean": {"bvp": 0.6937, "eda": 2.8512, "acc_x": 2.066, "acc_y": 1.4038, "acc_z": 1.9852, "temp": 2.8794}, "min": {"bvp": 0.6059, "eda": 1.7199, "acc_x": 1.9923, "acc_y": 1.3998, "acc_z": 1.7239, "temp": 1.8351}}, "1013": {"mean": {"bvp": 0.3569, "eda": 2.9082, "acc_x": 1.7052, "acc_y": 1.6388, "acc_z": 2.3009, "temp": 2.7081}, "min": {"bvp": 0.3424, "eda": 1.5194, "acc_x": 1.5854, "acc_y": 1.6124, "acc_z": 1.9743, "temp": 2.4676}}, "1014": {"mean": {"bvp": 0.8616, "eda": 2.9968, "acc_x": 1.539, "acc_y": 1.3361, "acc_z": 1.8225, "temp": 2.9417}, "min": {"bvp": 0.7279, "eda": 1.8829, "acc_x": 1.3018, "acc_y": 1.1612, "acc_z": 1.6114, "temp": 2.1295}}, "1015": {"mean": {"bvp": 0.4724, "eda": 2.9306, "acc_x": 1.7988, "acc_y": 1.6101, "acc_z": 1.8048, "temp": 2.7165}, "min": {"bvp": 0.4087, "eda": 1.7645, "acc_x": 1.6428, "acc_y": 1.484, "acc_z": 1.5395, "temp": 2.3881}}}, "1014": {"1001": {"mean": {"bvp": 0.6491, "eda": 2.3154, "acc_x": 2.0141, "acc_y": 1.7839, "acc_z": 2.0732, "temp": 2.3266}, "min": {"bvp": 0.4113, "eda": 1.9499, "acc_x": 1.7406, "acc_y": 1.6749, "acc_z": 2.0532, "temp": 2.1383}}, "1002": {"mean": {"bvp": 0.7017, "eda": 2.3694, "acc_x": 2.129, "acc_y": 1.5103, "acc_z": 1.597, "temp": 2.2715}, "min": {"bvp": 0.6533, "eda": 1.9857, "acc_x": 1.6768, "acc_y": 1.2864, "acc_z": 1.4803, "temp": 2.081}}, "1003": {"mean": {"bvp": 1.0716, "eda": 2.1591, "acc_x": 1.9475, "acc_y": 1.4575, "acc_z": 1.8544, "temp": 2.1792}, "min": {"bvp": 0.8384, "eda": 1.6857, "acc_x": 1.6951, "acc_y": 1.2512, "acc_z": 1.8094, "temp": 2.0384}}, "1004": {"mean": {"bvp": 0.6444, "eda": 2.0742, "acc_x": 2.0773, "acc_y": 1.5498, "acc_z": 1.5609, "temp": 2.4178}, "min": {"bvp": 0.6011, "eda": 1.6976, "acc_x": 1.7419, "acc_y": 1.2765, "acc_z": 1.5432, "temp": 2.3156}}, "1005": {"mean": {"bvp": 2.1127, "eda": 2.0982, "acc_x": 2.3355, "acc_y": 1.499, "acc_z": 1.7746, "temp": 2.3473}, "min": {"bvp": 1.8359, "eda": 1.6475, "acc_x": 1.927, "acc_y": 1.2247, "acc_z": 1.6202, "temp": 2.2924}}, "1006": {"mean": {"bvp": 0.5075, "eda": 2.0246, "acc_x": 2.2384, "acc_y": 1.5009, "acc_z": 2.0905, "temp": 2.5643}, "min": {"bvp": 0.4756, "eda": 1.6183, "acc_x": 2.166, "acc_y": 1.4105, "acc_z": 2.0636, "temp": 2.3311}}, "1007": {"mean": {"bvp": 1.0003, "eda": 2.1704, "acc_x": 2.132, "acc_y": 1.2239, "acc_z": 1.9909, "temp": 2.0016}, "min": {"bvp": 0.7355, "eda": 1.8592, "acc_x": 1.9245, "acc_y": 1.1079, "acc_z": 1.882, "temp": 1.744}}, "1008": {"mean": {"bvp": 0.8363, "eda": 2.2803, "acc_x": 1.9891, "acc_y": 1.5916, "acc_z": 1.5863, "temp": 2.377}, "min": {"bvp": 0.5883, "eda": 1.9075, "acc_x": 1.8976, "acc_y": 1.5113, "acc_z": 1.5679, "temp": 2.2873}}, "1009": {"mean": {"bvp": 1.1944, "eda": 2.221, "acc_x": 2.0763, "acc_y": 1.5009, "acc_z": 1.844, "temp": 2.3204}, "min": {"bvp": 0.8961, "eda": 1.8586, "acc_x": 1.8151, "acc_y": 1.4145, "acc_z": 1.7348, "temp": 2.2202}}, "1010": {"mean": {"bvp": 0.5593, "eda": 2.1181, "acc_x": 1.989, "acc_y": 1.5243, "acc_z": 2.1661, "temp": 2.3471}, "min": {"bvp": 0.4953, "eda": 1.8001, "acc_x": 1.5765, "acc_y": 1.4447, "acc_z": 2.1315, "temp": 2.2201}}, "1011": {"mean": {"bvp": 1.1866, "eda": 2.196, "acc_x": 2.0721, "acc_y": 1.3152, "acc_z": 2.1788, "temp": 2.5496}, "min": {"bvp": 0.9609, "eda": 1.787, "acc_x": 1.717, "acc_y": 1.1591, "acc_z": 2.1235, "temp": 2.5175}}, "1012": {"mean": {"bvp": 0.4814, "eda": 2.1025, "acc_x": 2.1179, "acc_y": 1.3662, "acc_z": 1.9739, "temp": 1.9717}, "min": {"bvp": 0.476, "eda": 1.616, "acc_x": 1.7679, "acc_y": 1.1437, "acc_z": 1.8746, "temp": 1.8233}}, "1013": {"mean": {"bvp": 0.7915, "eda": 1.9465, "acc_x": 1.7948, "acc_y": 1.597, "acc_z": 2.1845, "temp": 2.7002}, "min": {"bvp": 0.545, "eda": 1.1834, "acc_x": 1.5737, "acc_y": 1.4632, "acc_z": 2.066, "temp": 2.5845}}, "1014": {"mean": {"bvp": 0.3804, "eda": 2.2036, "acc_x": 1.869, "acc_y": 1.3024, "acc_z": 1.7356, "temp": 2.3055}, "min": {"bvp": 0.3699, "eda": 1.8436, "acc_x": 1.3613, "acc_y": 1.275, "acc_z": 1.723, "temp": 2.1243}}, "1015": {"mean": {"bvp": 0.4355, "eda": 2.119, "acc_x": 1.7862, "acc_y": 1.4069, "acc_z": 1.6676, "temp": 2.5066}, "min": {"bvp": 0.4107, "eda": 1.6233, "acc_x": 1.6272, "acc_y": 1.3191, "acc_z": 1.6155, "temp": 2.4122}}}, "1015": {"1001": {"mean": {"bvp": 0.3292, "eda": 1.5401, "acc_x": 1.7418, "acc_y": 1.7784, "acc_z": 2.0211, "temp": 2.8737}, "min": {"bvp": 0.2969, "eda": 1.3599, "acc_x": 1.6942, "acc_y": 1.6335, "acc_z": 1.9825, "temp": 2.1808}}, "1002": {"mean": {"bvp": 0.7091, "eda": 1.9124, "acc_x": 1.8929, "acc_y": 1.5522, "acc_z": 1.6145, "temp": 3.0393}, "min": {"bvp": 0.6897, "eda": 1.766, "acc_x": 1.8459, "acc_y": 1.4973, "acc_z": 1.33, "temp": 2.2278}}, "1003": {"mean": {"bvp": 0.6787, "eda": 1.7244, "acc_x": 1.7195, "acc_y": 1.5662, "acc_z": 1.8693, "temp": 2.9654}, "min": {"bvp": 0.6686, "eda": 1.5482, "acc_x": 1.6548, "acc_y": 1.4378, "acc_z": 1.7269, "temp": 2.1918}}, "1004": {"mean": {"bvp": 0.6328, "eda": 1.6459, "acc_x": 1.7674, "acc_y": 1.6973, "acc_z": 1.4751, "temp": 3.023}, "min": {"bvp": 0.6102, "eda": 1.5164, "acc_x": 1.7214, "acc_y": 1.6288, "acc_z": 1.4423, "temp": 2.3138}}, "1005": {"mean": {"bvp": 1.5555, "eda": 1.4528, "acc_x": 1.924, "acc_y": 1.4991, "acc_z": 1.9348, "temp": 2.9984}, "min": {"bvp": 1.5294, "eda": 1.2598, "acc_x": 1.7715, "acc_y": 1.4404, "acc_z": 1.7296, "temp": 2.3776}}, "1006": {"mean": {"bvp": 0.5357, "eda": 1.8334, "acc_x": 2.1716, "acc_y": 1.6856, "acc_z": 1.9543, "temp": 3.3651}, "min": {"bvp": 0.5101, "eda": 1.6945, "acc_x": 1.9368, "acc_y": 1.6655, "acc_z": 1.9392, "temp": 2.6865}}, "1007": {"mean": {"bvp": 0.4819, "eda": 1.5355, "acc_x": 1.9511, "acc_y": 1.4247, "acc_z": 2.1036, "temp": 3.0611}, "min": {"bvp": 0.4655, "eda": 1.411, "acc_x": 1.8831, "acc_y": 1.3495, "acc_z": 1.8442, "temp": 2.1825}}, "1008": {"mean": {"bvp": 0.4689, "eda": 1.8286, "acc_x": 1.9833, "acc_y": 1.7781, "acc_z": 1.5729, "temp": 3.0391}, "min": {"bvp": 0.4479, "eda": 1.7075, "acc_x": 1.8525, "acc_y": 1.6668, "acc_z": 1.5609, "temp": 2.3602}}, "1009": {"mean": {"bvp": 0.6089, "eda": 1.4034, "acc_x": 1.8722, "acc_y": 1.4301, "acc_z": 1.9181, "temp": 2.909}, "min": {"bvp": 0.5787, "eda": 1.2176, "acc_x": 1.8029, "acc_y": 1.246, "acc_z": 1.7779, "temp": 2.363}}, "1010": {"mean": {"bvp": 0.464, "eda": 1.2763, "acc_x": 1.5203, "acc_y": 1.7499, "acc_z": 2.1965, "temp": 3.0177}, "min": {"bvp": 0.4587, "eda": 1.1442, "acc_x": 1.4215, "acc_y": 1.718, "acc_z": 2.1322, "temp": 2.2861}}, "1011": {"mean": {"bvp": 0.7862, "eda": 1.66, "acc_x": 1.7222, "acc_y": 1.3494, "acc_z": 2.1781, "temp": 2.9967}, "min": {"bvp": 0.775, "eda": 1.4391, "acc_x": 1.6924, "acc_y": 1.1339, "acc_z": 2.0209, "temp": 2.5021}}, "1012": {"mean": {"bvp": 0.5454, "eda": 1.5275, "acc_x": 1.876, "acc_y": 1.4318, "acc_z": 2.0483, "temp": 2.8637}, "min": {"bvp": 0.5294, "eda": 1.3455, "acc_x": 1.7455, "acc_y": 1.344, "acc_z": 1.8631, "temp": 2.0709}}, "1013": {"mean": {"bvp": 0.3767, "eda": 1.7582, "acc_x": 1.6241, "acc_y": 1.6582, "acc_z": 2.3136, "temp": 2.9203}, "min": {"bvp": 0.369, "eda": 1.4776, "acc_x": 1.5619, "acc_y": 1.5827, "acc_z": 2.2127, "temp": 2.6235}}, "1014": {"mean": {"bvp": 0.5898, "eda": 1.7848, "acc_x": 1.2791, "acc_y": 1.3838, "acc_z": 1.7422, "temp": 2.9724}, "min": {"bvp": 0.523, "eda": 1.5971, "acc_x": 1.1654, "acc_y": 1.1564, "acc_z": 1.6512, "temp": 2.2192}}, "1015": {"mean": {"bvp": 0.3577, "eda": 1.5511, "acc_x": 1.6877, "acc_y": 1.5967, "acc_z": 1.6909, "temp": 2.8417}, "min": {"bvp": 0.3444, "eda": 1.3243, "acc_x": 1.5944, "acc_y": 1.4844, "acc_z": 1.6267, "temp": 2.4587}}}}