{"1001": {"1001": {"mean": {"bvp": 0.4341, "eda": 3.5323, "acc_x": 2.5335, "acc_y": 1.8897, "acc_z": 2.2123, "temp": 2.7245}, "min": {"bvp": 0.4084, "eda": 1.525, "acc_x": 2.0733, "acc_y": 1.7742, "acc_z": 2.1517, "temp": 2.5573}}, "1002": {"mean": {"bvp": 0.7345, "eda": 3.8434, "acc_x": 2.6887, "acc_y": 1.7403, "acc_z": 1.8904, "temp": 2.7016}, "min": {"bvp": 0.7244, "eda": 1.933, "acc_x": 2.1448, "acc_y": 1.5835, "acc_z": 1.8494, "temp": 2.1548}}, "1003": {"mean": {"bvp": 0.8172, "eda": 3.7095, "acc_x": 2.5678, "acc_y": 1.6643, "acc_z": 2.2071, "temp": 2.647}, "min": {"bvp": 0.69, "eda": 1.6894, "acc_x": 2.2071, "acc_y": 1.513, "acc_z": 2.1916, "temp": 2.0849}}, "1004": {"mean": {"bvp": 0.7134, "eda": 3.5777, "acc_x": 2.4706, "acc_y": 1.7309, "acc_z": 1.7282, "temp": 2.9704}, "min": {"bvp": 0.649, "eda": 1.7337, "acc_x": 2.1384, "acc_y": 1.672, "acc_z": 1.7012, "temp": 2.6831}}, "1005": {"mean": {"bvp": 1.785, "eda": 3.4611, "acc_x": 2.7696, "acc_y": 1.6536, "acc_z": 2.095, "temp": 2.6751}, "min": {"bvp": 1.4436, "eda": 1.3017, "acc_x": 2.5328, "acc_y": 1.5671, "acc_z": 1.9819, "temp": 2.4057}}, "1006": {"mean": {"bvp": 0.5848, "eda": 3.5025, "acc_x": 2.9789, "acc_y": 1.8422, "acc_z": 2.0837, "temp": 2.9801}, "min": {"bvp": 0.5233, "eda": 1.9002, "acc_x": 2.4347, "acc_y": 1.7017, "acc_z": 2.02, "temp": 2.4395}}, "1007": {"mean": {"bvp": 0.6599, "eda": 3.5682, "acc_x": 2.7116, "acc_y": 1.4342, "acc_z": 2.2733, "temp": 2.7372}, "min": {"bvp": 0.4316, "eda": 1.8138, "acc_x": 2.2878, "acc_y": 1.3671, "acc_z": 2.1373, "temp": 1.8824}}, "1008": {"mean": {"bvp": 0.6061, "eda": 3.693, "acc_x": 2.8625, "acc_y": 1.8161, "acc_z": 1.7573, "temp": 2.6935}, "min": {"bvp": 0.5342, "eda": 1.9546, "acc_x": 2.2503, "acc_y": 1.7225, "acc_z": 1.7273, "temp": 2.1836}}, "1009": {"mean": {"bvp": 0.8187, "eda": 3.6071, "acc_x": 2.7375, "acc_y": 1.7043, "acc_z": 2.2108, "temp": 2.7319}, "min": {"bvp": 0.4783, "eda": 1.6178, "acc_x": 2.2018, "acc_y": 1.3919, "acc_z": 2.18, "temp": 2.5377}}, "1010": {"mean": {"bvp": 0.4975, "eda": 3.2706, "acc_x": 2.3974, "acc_y": 1.889, "acc_z": 2.3295, "temp": 2.8556}, "min": {"bvp": 0.4763, "eda": 1.4506, "acc_x": 2.1125, "acc_y": 1.7881, "acc_z": 2.2839, "temp": 2.5423}}, "1011": {"mean": {"bvp": 0.9512, "eda": 3.7619, "acc_x": 2.5273, "acc_y": 1.3864, "acc_z": 2.3975, "temp": 2.839}, "min": {"bvp": 0.776, "eda": 1.8065, "acc_x": 2.1125, "acc_y": 1.2505, "acc_z": 2.3506, "temp": 2.747}}, "1012": {"mean": {"bvp": 0.6035, "eda": 3.6118, "acc_x": 2.6592, "acc_y": 1.6089, "acc_z": 2.2907, "temp": 2.4225}, "min": {"bvp": 0.5335, "eda": 1.5826, "acc_x": 2.1123, "acc_y": 1.4382, "acc_z": 2.2817, "temp": 1.8205}}, "1013": {"mean": {"bvp": 0.5231, "eda": 3.9272, "acc_x": 2.4243, "acc_y": 1.8131, "acc_z": 2.4515, "temp": 2.6024}, "min": {"bvp": 0.4497, "eda": 1.5887, "acc_x": 2.0621, "acc_y": 1.5932, "acc_z": 2.368, "temp": 2.5405}}, "1014": {"mean": {"bvp": 0.7125, "eda": 3.7542, "acc_x": 2.2004, "acc_y": 1.5923, "acc_z": 1.9018, "temp": 2.6758}, "min": {"bvp": 0.5534, "eda": 1.8902, "acc_x": 1.9296, "acc_y": 1.392, "acc_z": 1.8632, "temp": 2.3192}}, "1015": {"mean": {"bvp": 0.3804, "eda": 3.6231, "acc_x": 2.4909, "acc_y": 1.6331, "acc_z": 1.829, "temp": 2.4656}, "min": {"bvp": 0.3464, "eda": 1.4144, "acc_x": 1.9437, "acc_y": 1.5667, "acc_z": 1.7598, "temp": 2.3579}}}, "1002": {"1001": {"mean": {"bvp": 0.4084, "eda": 3.2409, "acc_x": 2.0927, "acc_y": 1.7838, "acc_z": 2.1971, "temp": 2.5968}, "min": {"bvp": 0.3746, "eda": 2.1261, "acc_x": 2.0249, "acc_y": 1.732, "acc_z": 2.1406, "temp": 2.3719}}, "1002": {"mean": {"bvp": 0.7131, "eda": 3.4034, "acc_x": 2.1824, "acc_y": 1.7576, "acc_z": 1.7552, "temp": 2.3504}, "min": {"bvp": 0.6746, "eda": 2.4912, "acc_x": 2.144, "acc_y": 1.5869, "acc_z": 1.6762, "temp": 2.1825}}, "1003": {"mean": {"bvp": 0.7227, "eda": 3.3363, "acc_x": 2.1477, "acc_y": 1.5707, "acc_z": 2.0472, "temp": 2.2486}, "min": {"bvp": 0.6554, "eda": 2.3081, "acc_x": 2.0251, "acc_y": 1.473, "acc_z": 1.9873, "temp": 2.0877}}, "1004": {"mean": {"bvp": 0.7005, "eda": 3.1393, "acc_x": 2.1272, "acc_y": 1.7899, "acc_z": 1.7296, "temp": 2.6194}, "min": {"bvp": 0.6693, "eda": 2.0949, "acc_x": 2.0265, "acc_y": 1.5972, "acc_z": 1.6624, "temp": 2.538}}, "1005": {"mean": {"bvp": 1.4864, "eda": 3.1803, "acc_x": 2.4282, "acc_y": 1.6363, "acc_z": 1.9751, "temp": 2.476}, "min": {"bvp": 1.0637, "eda": 2.0446, "acc_x": 2.3126, "acc_y": 1.5031, "acc_z": 1.9211, "temp": 2.3736}}, "1006": {"mean": {"bvp": 0.5911, "eda": 2.9737, "acc_x": 2.4275, "acc_y": 1.7266, "acc_z": 2.1433, "temp": 2.7396}, "min": {"bvp": 0.5442, "eda": 2.098, "acc_x": 2.4195, "acc_y": 1.6467, "acc_z": 2.0549, "temp": 2.5747}}, "1007": {"mean": {"bvp": 0.5151, "eda": 3.1461, "acc_x": 2.2557, "acc_y": 1.5232, "acc_z": 2.0894, "temp": 2.2264}, "min": {"bvp": 0.3922, "eda": 2.1487, "acc_x": 2.2077, "acc_y": 1.3169, "acc_z": 2.0191, "temp": 1.9807}}, "1008": {"mean": {"bvp": 0.5286, "eda": 3.2381, "acc_x": 2.2473, "acc_y": 1.8122, "acc_z": 1.7579, "temp": 2.4426}, "min": {"bvp": 0.4877, "eda": 2.2859, "acc_x": 2.2188, "acc_y": 1.6893, "acc_z": 1.7308, "temp": 2.2293}}, "1009": {"mean": {"bvp": 0.6152, "eda": 3.2093, "acc_x": 2.2403, "acc_y": 1.4881, "acc_z": 2.1406, "temp": 2.5308}, "min": {"bvp": 0.3967, "eda": 2.2098, "acc_x": 2.2051, "acc_y": 1.3953, "acc_z": 2.0615, "temp": 2.4641}}, "1010": {"mean": {"bvp": 0.5089, "eda": 2.9487, "acc_x": 2.0991, "acc_y": 1.8172, "acc_z": 2.3082, "temp": 2.5202}, "min": {"bvp": 0.4911, "eda": 1.7927, "acc_x": 1.9224, "acc_y": 1.7317, "acc_z": 2.2447, "temp": 2.453}}, "1011": {"mean": {"bvp": 0.8486, "eda": 3.3744, "acc_x": 2.1115, "acc_y": 1.2751, "acc_z": 2.3354, "temp": 2.7436}, "min": {"bvp": 0.7478, "eda": 2.3767, "acc_x": 2.0326, "acc_y": 1.2224, "acc_z": 2.2852, "temp": 2.7046}}, "1012": {"mean": {"bvp": 0.5856, "eda": 3.2301, "acc_x": 2.1482, "acc_y": 1.532, "acc_z": 2.222, "temp": 1.9285}, "min": {"bvp": 0.5045, "eda": 2.2274, "acc_x": 2.0674, "acc_y": 1.4285, "acc_z": 2.1262, "temp": 1.8536}}, "1013": {"mean": {"bvp": 0.4392, "eda": 3.5835, "acc_x": 1.9657, "acc_y": 1.6652, "acc_z": 2.385, "temp": 2.6154}, "min": {"bvp": 0.3993, "eda": 2.6134, "acc_x": 1.8646, "acc_y": 1.57, "acc_z": 2.3539, "temp": 2.5376}}, "1014": {"mean": {"bvp": 0.5855, "eda": 3.2816, "acc_x": 1.8288, "acc_y": 1.4274, "acc_z": 1.847, "temp": 2.4303}, "min": {"bvp": 0.459, "eda": 2.3999, "acc_x": 1.6794, "acc_y": 1.3586, "acc_z": 1.7808, "temp": 2.2324}}, "1015": {"mean": {"bvp": 0.4368, "eda": 3.2568, "acc_x": 1.862, "acc_y": 1.5468, "acc_z": 1.8626, "temp": 2.4879}, "min": {"bvp": 0.4197, "eda": 2.2108, "acc_x": 1.7774, "acc_y": 1.4659, "acc_z": 1.7639, "temp": 2.4301}}}, "1003": {"1001": {"mean": {"bvp": 0.4746, "eda": 3.0284, "acc_x": 2.2266, "acc_y": 2.2762, "acc_z": 2.1523, "temp": 2.884}, "min": {"bvp": 0.3576, "eda": 1.3631, "acc_x": 2.0418, "acc_y": 1.7837, "acc_z": 2.0849, "temp": 2.3811}}, "1002": {"mean": {"bvp": 0.9235, "eda": 3.2603, "acc_x": 2.2425, "acc_y": 2.0102, "acc_z": 1.762, "temp": 2.5437}, "min": {"bvp": 0.7584, "eda": 2.0033, "acc_x": 2.1169, "acc_y": 1.6757, "acc_z": 1.6425, "temp": 2.2195}}, "1003": {"mean": {"bvp": 0.7299, "eda": 3.1339, "acc_x": 2.2417, "acc_y": 2.0984, "acc_z": 2.0831, "temp": 2.4819}, "min": {"bvp": 0.6817, "eda": 1.6125, "acc_x": 2.2173, "acc_y": 1.55, "acc_z": 1.957, "temp": 2.2137}}, "1004": {"mean": {"bvp": 1.0192, "eda": 3.0368, "acc_x": 2.2264, "acc_y": 2.0101, "acc_z": 1.6677, "temp": 2.8653}, "min": {"bvp": 0.7687, "eda": 1.6555, "acc_x": 2.1354, "acc_y": 1.6898, "acc_z": 1.6082, "temp": 2.5779}}, "1005": {"mean": {"bvp": 1.0839, "eda": 2.947, "acc_x": 2.5175, "acc_y": 2.0605, "acc_z": 2.0607, "temp": 2.6989}, "min": {"bvp": 1.0145, "eda": 1.23, "acc_x": 2.4233, "acc_y": 1.5303, "acc_z": 1.9209, "temp": 2.4571}}, "1006": {"mean": {"bvp": 0.9103, "eda": 2.9713, "acc_x": 2.482, "acc_y": 2.2552, "acc_z": 2.0682, "temp": 2.8739}, "min": {"bvp": 0.6617, "eda": 1.9401, "acc_x": 2.409, "acc_y": 1.7266, "acc_z": 1.953, "temp": 2.5998}}, "1007": {"mean": {"bvp": 0.4651, "eda": 3.0821, "acc_x": 2.3517, "acc_y": 1.7757, "acc_z": 2.1932, "temp": 2.4712}, "min": {"bvp": 0.3761, "eda": 1.8349, "acc_x": 2.2383, "acc_y": 1.3991, "acc_z": 1.967, "temp": 2.0895}}, "1008": {"mean": {"bvp": 0.5553, "eda": 3.1415, "acc_x": 2.2777, "acc_y": 2.1535, "acc_z": 1.7409, "temp": 2.6639}, "min": {"bvp": 0.4804, "eda": 1.8915, "acc_x": 2.2114, "acc_y": 1.7291, "acc_z": 1.6812, "temp": 2.4364}}, "1009": {"mean": {"bvp": 0.4094, "eda": 3.0705, "acc_x": 2.3259, "acc_y": 2.0377, "acc_z": 2.1493, "temp": 2.7668}, "min": {"bvp": 0.3336, "eda": 1.7159, "acc_x": 2.2051, "acc_y": 1.5484, "acc_z": 2.0184, "temp": 2.5475}}, "1010": {"mean": {"bvp": 0.7366, "eda": 2.8652, "acc_x": 2.2189, "acc_y": 2.3162, "acc_z": 2.304, "temp": 2.7217}, "min": {"bvp": 0.5254, "eda": 1.3569, "acc_x": 2.0805, "acc_y": 1.8143, "acc_z": 2.2252, "temp": 2.4913}}, "1011": {"mean": {"bvp": 0.759, "eda": 3.1923, "acc_x": 2.2117, "acc_y": 1.8882, "acc_z": 2.3413, "temp": 2.9937}, "min": {"bvp": 0.6822, "eda": 1.7172, "acc_x": 2.0684, "acc_y": 1.2716, "acc_z": 2.2599, "temp": 2.7904}}, "1012": {"mean": {"bvp": 0.9464, "eda": 3.0076, "acc_x": 2.265, "acc_y": 1.9984, "acc_z": 2.2305, "temp": 2.1507}, "min": {"bvp": 0.6885, "eda": 1.4687, "acc_x": 2.1815, "acc_y": 1.4625, "acc_z": 2.1059, "temp": 1.9669}}, "1013": {"mean": {"bvp": 0.4748, "eda": 3.2146, "acc_x": 2.0309, "acc_y": 2.1593, "acc_z": 2.4247, "temp": 3.0396}, "min": {"bvp": 0.3881, "eda": 1.5988, "acc_x": 1.8863, "acc_y": 1.6762, "acc_z": 2.3358, "temp": 2.6708}}, "1014": {"mean": {"bvp": 1.1553, "eda": 3.1112, "acc_x": 1.9556, "acc_y": 1.9963, "acc_z": 1.8161, "temp": 2.602}, "min": {"bvp": 0.8552, "eda": 1.7948, "acc_x": 1.8033, "acc_y": 1.4175, "acc_z": 1.7661, "temp": 2.2396}}, "1015": {"mean": {"bvp": 0.6787, "eda": 2.9802, "acc_x": 2.0099, "acc_y": 2.1271, "acc_z": 1.7894, "temp": 2.8161}, "min": {"bvp": 0.4375, "eda": 1.3165, "acc_x": 1.8364, "acc_y": 1.597, "acc_z": 1.7146, "temp": 2.4778}}}, "1004": {"1001": {"mean": {"bvp": 0.6433, "eda": 2.7399, "acc_x": 2.4777, "acc_y": 2.021, "acc_z": 2.2464, "temp": 2.7307}, "min": {"bvp": 0.5965, "eda": 1.3258, "acc_x": 2.4302, "acc_y": 1.8993, "acc_z": 2.1696, "temp": 2.4021}}, "1002": {"mean": {"bvp": 0.706, "eda": 3.1, "acc_x": 2.5756, "acc_y": 1.6511, "acc_z": 1.8281, "temp": 2.6025}, "min": {"bvp": 0.6844, "eda": 2.1828, "acc_x": 2.2969, "acc_y": 1.5369, "acc_z": 1.7211, "temp": 2.3108}}, "1003": {"mean": {"bvp": 1.0667, "eda": 2.9074, "acc_x": 2.477, "acc_y": 1.6415, "acc_z": 2.1935, "temp": 2.5257}, "min": {"bvp": 1.0219, "eda": 1.6517, "acc_x": 2.2311, "acc_y": 1.5543, "acc_z": 2.0711, "temp": 2.3283}}, "1004": {"mean": {"bvp": 0.671, "eda": 2.7404, "acc_x": 2.4267, "acc_y": 1.8088, "acc_z": 1.6401, "temp": 2.8014}, "min": {"bvp": 0.647, "eda": 1.569, "acc_x": 2.1367, "acc_y": 1.636, "acc_z": 1.5368, "temp": 2.6037}}, "1005": {"mean": {"bvp": 2.1862, "eda": 2.6712, "acc_x": 2.7235, "acc_y": 1.7921, "acc_z": 2.284, "temp": 2.6097}, "min": {"bvp": 2.1389, "eda": 1.182, "acc_x": 2.4727, "acc_y": 1.7134, "acc_z": 2.1668, "temp": 2.497}}, "1006": {"mean": {"bvp": 0.5149, "eda": 2.7639, "acc_x": 2.7732, "acc_y": 1.7487, "acc_z": 1.9674, "temp": 2.9301}, "min": {"bvp": 0.4901, "eda": 2.1776, "acc_x": 2.6891, "acc_y": 1.6846, "acc_z": 1.9332, "temp": 2.668}}, "1007": {"mean": {"bvp": 1.0104, "eda": 2.8483, "acc_x": 2.6243, "acc_y": 1.3729, "acc_z": 2.4975, "temp": 2.5682}, "min": {"bvp": 0.9567, "eda": 1.9432, "acc_x": 2.5573, "acc_y": 1.3049, "acc_z": 2.3586, "temp": 2.1735}}, "1008": {"mean": {"bvp": 0.8416, "eda": 2.9171, "acc_x": 2.6807, "acc_y": 1.8034, "acc_z": 1.8025, "temp": 2.7005}, "min": {"bvp": 0.7918, "eda": 1.9861, "acc_x": 2.5011, "acc_y": 1.7607, "acc_z": 1.7142, "temp": 2.5929}}, "1009": {"mean": {"bvp": 1.2378, "eda": 2.8768, "acc_x": 2.6247, "acc_y": 1.6919, "acc_z": 2.1935, "temp": 2.6555}, "min": {"bvp": 1.1826, "eda": 1.8416, "acc_x": 2.5441, "acc_y": 1.4899, "acc_z": 2.1223, "temp": 2.6059}}, "1010": {"mean": {"bvp": 0.5191, "eda": 2.5156, "acc_x": 2.4108, "acc_y": 1.8281, "acc_z": 2.42, "temp": 2.7007}, "min": {"bvp": 0.493, "eda": 1.2929, "acc_x": 2.0361, "acc_y": 1.7762, "acc_z": 2.3548, "temp": 2.5395}}, "1011": {"mean": {"bvp": 1.2322, "eda": 2.9843, "acc_x": 2.4754, "acc_y": 1.5796, "acc_z": 2.4104, "temp": 2.8449}, "min": {"bvp": 1.1918, "eda": 1.8308, "acc_x": 2.353, "acc_y": 1.4081, "acc_z": 2.3096, "temp": 2.8243}}, "1012": {"mean": {"bvp": 0.5071, "eda": 2.801, "acc_x": 2.5602, "acc_y": 1.5874, "acc_z": 2.32, "temp": 2.1833}, "min": {"bvp": 0.4998, "eda": 1.5976, "acc_x": 2.124, "acc_y": 1.4703, "acc_z": 2.2686, "temp": 1.8932}}, "1013": {"mean": {"bvp": 0.7744, "eda": 2.9141, "acc_x": 2.2688, "acc_y": 1.7363, "acc_z": 2.6132, "temp": 2.8117}, "min": {"bvp": 0.7223, "eda": 1.6517, "acc_x": 1.878, "acc_y": 1.596, "acc_z": 2.5504, "temp": 2.6707}}, "1014": {"mean": {"bvp": 0.4895, "eda": 3.012, "acc_x": 2.1453, "acc_y": 1.5746, "acc_z": 1.8836, "temp": 2.5796}, "min": {"bvp": 0.4297, "eda": 2.1788, "acc_x": 1.943, "acc_y": 1.4189, "acc_z": 1.7636, "temp": 2.2604}}, "1015": {"mean": {"bvp": 0.3904, "eda": 2.7905, "acc_x": 2.3427, "acc_y": 1.7366, "acc_z": 1.9384, "temp": 2.6155}, "min": {"bvp": 0.3708, "eda": 1.3965, "acc_x": 2.3262, "acc_y": 1.623, "acc_z": 1.8755, "temp": 2.4003}}}, "1005": {"1001": {"mean": {"bvp": 1.3236, "eda": 5.1795, "acc_x": 2.0807, "acc_y": 1.7484, "acc_z": 2.1356, "temp": 2.5808}, "min": {"bvp": 1.0387, "eda": 4.5787, "acc_x": 1.8765, "acc_y": 1.6541, "acc_z": 1.9617, "temp": 2.3236}}, "1002": {"mean": {"bvp": 1.8283, "eda": 5.4585, "acc_x": 2.4633, "acc_y": 1.7896, "acc_z": 1.8267, "temp": 2.3618}, "min": {"bvp": 1.5596, "eda": 4.8216, "acc_x": 2.2318, "acc_y": 1.5895, "acc_z": 1.6777, "temp": 2.2082}}, "1003": {"mean": {"bvp": 1.2099, "eda": 5.3722, "acc_x": 2.2655, "acc_y": 1.5807, "acc_z": 2.0936, "temp": 2.2691}, "min": {"bvp": 0.9723, "eda": 4.7584, "acc_x": 2.1384, "acc_y": 1.4827, "acc_z": 1.9596, "temp": 2.1518}}, "1004": {"mean": {"bvp": 2.0975, "eda": 5.1593, "acc_x": 2.1672, "acc_y": 1.8246, "acc_z": 1.6678, "temp": 2.582}, "min": {"bvp": 1.8199, "eda": 4.5532, "acc_x": 1.9007, "acc_y": 1.5848, "acc_z": 1.5802, "temp": 2.4982}}, "1005": {"mean": {"bvp": 0.9277, "eda": 5.1961, "acc_x": 2.4401, "acc_y": 1.6344, "acc_z": 2.008, "temp": 2.4907}, "min": {"bvp": 0.9224, "eda": 4.594, "acc_x": 2.3764, "acc_y": 1.4865, "acc_z": 1.9488, "temp": 2.3709}}, "1006": {"mean": {"bvp": 2.0061, "eda": 4.9673, "acc_x": 2.691, "acc_y": 1.7381, "acc_z": 2.0715, "temp": 2.7451}, "min": {"bvp": 1.7219, "eda": 4.337, "acc_x": 2.554, "acc_y": 1.6707, "acc_z": 1.9429, "temp": 2.6142}}, "1007": {"mean": {"bvp": 0.9786, "eda": 5.1, "acc_x": 2.3429, "acc_y": 1.5351, "acc_z": 2.0082, "temp": 2.2862}, "min": {"bvp": 0.7125, "eda": 4.492, "acc_x": 2.1564, "acc_y": 1.3222, "acc_z": 1.795, "temp": 2.0981}}, "1008": {"mean": {"bvp": 1.2287, "eda": 5.2115, "acc_x": 2.473, "acc_y": 1.8163, "acc_z": 1.7383, "temp": 2.5126}, "min": {"bvp": 0.9583, "eda": 4.5986, "acc_x": 2.2853, "acc_y": 1.7212, "acc_z": 1.6733, "temp": 2.3217}}, "1009": {"mean": {"bvp": 0.7313, "eda": 5.2671, "acc_x": 2.3156, "acc_y": 1.5422, "acc_z": 2.1743, "temp": 2.5148}, "min": {"bvp": 0.4873, "eda": 4.6372, "acc_x": 2.1255, "acc_y": 1.4745, "acc_z": 2.0436, "temp": 2.4167}}, "1010": {"mean": {"bvp": 1.7637, "eda": 4.827, "acc_x": 2.0183, "acc_y": 1.8264, "acc_z": 2.3167, "temp": 2.488}, "min": {"bvp": 1.4804, "eda": 4.2332, "acc_x": 1.8094, "acc_y": 1.7298, "acc_z": 2.2787, "temp": 2.4267}}, "1011": {"mean": {"bvp": 1.1483, "eda": 5.3836, "acc_x": 2.2007, "acc_y": 1.2417, "acc_z": 2.3106, "temp": 2.7519}, "min": {"bvp": 0.9401, "eda": 4.7796, "acc_x": 2.0197, "acc_y": 1.1882, "acc_z": 2.2296, "temp": 2.6219}}, "1012": {"mean": {"bvp": 2.0588, "eda": 5.2811, "acc_x": 2.462, "acc_y": 1.5503, "acc_z": 2.2655, "temp": 1.967}, "min": {"bvp": 1.7725, "eda": 4.648, "acc_x": 2.3044, "acc_y": 1.4541, "acc_z": 2.1425, "temp": 1.9182}}, "1013": {"mean": {"bvp": 1.2067, "eda": 5.763, "acc_x": 2.1644, "acc_y": 1.6838, "acc_z": 2.3967, "temp": 2.6539}, "min": {"bvp": 0.9268, "eda": 5.1075, "acc_x": 1.9165, "acc_y": 1.5595, "acc_z": 2.3336, "temp": 2.5793}}, "1014": {"mean": {"bvp": 2.3539, "eda": 5.3528, "acc_x": 1.9734, "acc_y": 1.4359, "acc_z": 1.8344, "temp": 2.399}, "min": {"bvp": 2.0612, "eda": 4.7275, "acc_x": 1.6521, "acc_y": 1.3083, "acc_z": 1.7855, "temp": 2.233}}, "1015": {"mean": {"bvp": 1.78, "eda": 5.3929, "acc_x": 2.1235, "acc_y": 1.5331, "acc_z": 1.7988, "temp": 2.5707}, "min": {"bvp": 1.4892, "eda": 4.7688, "acc_x": 1.9192, "acc_y": 1.4484, "acc_z": 1.7711, "temp": 2.5386}}}, "1006": {"1001": {"mean": {"bvp": 0.6537, "eda": 2.8271, "acc_x": 2.3501, "acc_y": 1.8796, "acc_z": 2.2477, "temp": 2.8025}, "min": {"bvp": 0.3915, "eda": 1.4009, "acc_x": 2.146, "acc_y": 1.7929, "acc_z": 2.1238, "temp": 2.3905}}, "1002": {"mean": {"bvp": 0.7679, "eda": 3.1923, "acc_x": 2.4694, "acc_y": 1.5922, "acc_z": 1.7747, "temp": 3.0174}, "min": {"bvp": 0.7293, "eda": 1.9128, "acc_x": 2.2204, "acc_y": 1.5012, "acc_z": 1.5818, "temp": 2.4737}}, "1003": {"mean": {"bvp": 1.0293, "eda": 3.0282, "acc_x": 2.4224, "acc_y": 1.5919, "acc_z": 2.1336, "temp": 2.9345}, "min": {"bvp": 0.6967, "eda": 1.632, "acc_x": 2.1416, "acc_y": 1.5355, "acc_z": 1.9556, "temp": 2.3981}}, "1004": {"mean": {"bvp": 0.6789, "eda": 2.8274, "acc_x": 2.3883, "acc_y": 1.6981, "acc_z": 1.6624, "temp": 3.05}, "min": {"bvp": 0.6426, "eda": 1.4938, "acc_x": 2.0624, "acc_y": 1.5457, "acc_z": 1.5618, "temp": 2.5806}}, "1005": {"mean": {"bvp": 2.087, "eda": 2.7485, "acc_x": 2.6014, "acc_y": 1.6389, "acc_z": 2.2523, "temp": 2.8488}, "min": {"bvp": 1.5898, "eda": 1.197, "acc_x": 2.408, "acc_y": 1.5247, "acc_z": 2.033, "temp": 2.438}}, "1006": {"mean": {"bvp": 0.5379, "eda": 2.8396, "acc_x": 2.7681, "acc_y": 1.6892, "acc_z": 2.0071, "temp": 3.2895}, "min": {"bvp": 0.5163, "eda": 1.8185, "acc_x": 2.4844, "acc_y": 1.6646, "acc_z": 1.9818, "temp": 2.8123}}, "1007": {"mean": {"bvp": 0.9304, "eda": 2.871, "acc_x": 2.5812, "acc_y": 1.3426, "acc_z": 2.4669, "temp": 3.1546}, "min": {"bvp": 0.475, "eda": 1.6713, "acc_x": 2.2951, "acc_y": 1.2053, "acc_z": 2.2291, "temp": 2.5415}}, "1008": {"mean": {"bvp": 0.8151, "eda": 2.9951, "acc_x": 2.5805, "acc_y": 1.7655, "acc_z": 1.7796, "temp": 3.0164}, "min": {"bvp": 0.4929, "eda": 1.7961, "acc_x": 2.3052, "acc_y": 1.6852, "acc_z": 1.6809, "temp": 2.5829}}, "1009": {"mean": {"bvp": 1.1306, "eda": 2.931, "acc_x": 2.5623, "acc_y": 1.5416, "acc_z": 2.1388, "temp": 2.8517}, "min": {"bvp": 0.6096, "eda": 1.5758, "acc_x": 2.3349, "acc_y": 1.3014, "acc_z": 2.0331, "temp": 2.4635}}, "1010": {"mean": {"bvp": 0.5579, "eda": 2.5237, "acc_x": 2.2837, "acc_y": 1.761, "acc_z": 2.3953, "temp": 3.0049}, "min": {"bvp": 0.4809, "eda": 1.199, "acc_x": 2.0284, "acc_y": 1.7018, "acc_z": 2.314, "temp": 2.5206}}, "1011": {"mean": {"bvp": 1.1864, "eda": 3.0984, "acc_x": 2.3547, "acc_y": 1.3728, "acc_z": 2.4272, "temp": 2.9353}, "min": {"bvp": 0.8269, "eda": 1.7321, "acc_x": 2.1271, "acc_y": 1.2018, "acc_z": 2.3024, "temp": 2.6372}}, "1012": {"mean": {"bvp": 0.5361, "eda": 2.9144, "acc_x": 2.3984, "acc_y": 1.5137, "acc_z": 2.2638, "temp": 2.7805}, "min": {"bvp": 0.5337, "eda": 1.4706, "acc_x": 2.147, "acc_y": 1.4121, "acc_z": 2.1879, "temp": 2.1716}}, "1013": {"mean": {"bvp": 0.7425, "eda": 3.2864, "acc_x": 2.2323, "acc_y": 1.6653, "acc_z": 2.5716, "temp": 2.6698}, "min": {"bvp": 0.3954, "eda": 1.6834, "acc_x": 1.8416, "acc_y": 1.5337, "acc_z": 2.4347, "temp": 2.5179}}, "1014": {"mean": {"bvp": 0.46, "eda": 3.1204, "acc_x": 2.2055, "acc_y": 1.494, "acc_z": 1.9068, "temp": 2.8816}, "min": {"bvp": 0.4222, "eda": 1.9696, "acc_x": 1.885, "acc_y": 1.3705, "acc_z": 1.7615, "temp": 2.363}}, "1015": {"mean": {"bvp": 0.4307, "eda": 2.919, "acc_x": 2.2806, "acc_y": 1.5573, "acc_z": 1.8991, "temp": 2.6526}, "min": {"bvp": 0.3629, "eda": 1.3401, "acc_x": 1.9641, "acc_y": 1.3742, "acc_z": 1.8311, "temp": 2.4266}}}, "1007": {"1001": {"mean": {"bvp": 0.6602, "eda": 4.1722, "acc_x": 2.1177, "acc_y": 1.9731, "acc_z": 2.2681, "temp": 3.3526}, "min": {"bvp": 0.4024, "eda": 2.7671, "acc_x": 2.0661, "acc_y": 1.6577, "acc_z": 2.2062, "temp": 2.3219}}, "1002": {"mean": {"bvp": 1.202, "eda": 4.2729, "acc_x": 2.2135, "acc_y": 1.6499, "acc_z": 1.8004, "temp": 3.4504}, "min": {"bvp": 0.9515, "eda": 2.5382, "acc_x": 2.0143, "acc_y": 1.5711, "acc_z": 1.7198, "temp": 2.2475}}, "1003": {"mean": {"bvp": 0.7637, "eda": 4.2495, "acc_x": 2.1237, "acc_y": 1.7279, "acc_z": 2.0917, "temp": 3.3529}, "min": {"bvp": 0.6761, "eda": 2.6394, "acc_x": 2.0712, "acc_y": 1.4656, "acc_z": 2.051, "temp": 2.2157}}, "1004": {"mean": {"bvp": 1.4194, "eda": 4.068, "acc_x": 2.0831, "acc_y": 1.6396, "acc_z": 1.8287, "temp": 3.52}, "min": {"bvp": 1.1198, "eda": 2.5225, "acc_x": 2.0377, "acc_y": 1.4958, "acc_z": 1.7741, "temp": 2.5074}}, "1005": {"mean": {"bvp": 1.0633, "eda": 4.1391, "acc_x": 2.3831, "acc_y": 1.6414, "acc_z": 1.8974, "temp": 3.3954}, "min": {"bvp": 0.974, "eda": 2.6498, "acc_x": 2.3707, "acc_y": 1.358, "acc_z": 1.8783, "temp": 2.3887}}, "1006": {"mean": {"bvp": 1.3147, "eda": 3.8297, "acc_x": 2.4751, "acc_y": 1.8768, "acc_z": 2.2825, "temp": 3.7417}, "min": {"bvp": 1.0115, "eda": 2.2177, "acc_x": 2.3812, "acc_y": 1.6398, "acc_z": 2.1934, "temp": 2.6265}}, "1007": {"mean": {"bvp": 0.4663, "eda": 4.0381, "acc_x": 2.284, "acc_y": 1.4479, "acc_z": 1.9842, "temp": 3.4306}, "min": {"bvp": 0.359, "eda": 2.5454, "acc_x": 2.2392, "acc_y": 1.3182, "acc_z": 1.8321, "temp": 2.092}}, "1008": {"mean": {"bvp": 0.6549, "eda": 4.1119, "acc_x": 2.3521, "acc_y": 1.8774, "acc_z": 1.8075, "temp": 3.5352}, "min": {"bvp": 0.4853, "eda": 2.5485, "acc_x": 2.1598, "acc_y": 1.6207, "acc_z": 1.7691, "temp": 2.5022}}, "1009": {"mean": {"bvp": 0.3627, "eda": 4.1194, "acc_x": 2.2867, "acc_y": 1.7119, "acc_z": 2.1686, "temp": 3.3888}, "min": {"bvp": 0.3337, "eda": 2.4614, "acc_x": 2.1913, "acc_y": 1.3927, "acc_z": 2.053, "temp": 2.4782}}, "1010": {"mean": {"bvp": 1.0833, "eda": 3.8949, "acc_x": 2.0372, "acc_y": 1.8896, "acc_z": 2.288, "temp": 3.4761}, "min": {"bvp": 0.7938, "eda": 2.6396, "acc_x": 1.9414, "acc_y": 1.6817, "acc_z": 2.2515, "temp": 2.4533}}, "1011": {"mean": {"bvp": 0.7751, "eda": 4.2698, "acc_x": 2.1301, "acc_y": 1.6107, "acc_z": 2.3477, "temp": 3.4491}, "min": {"bvp": 0.7019, "eda": 2.6869, "acc_x": 2.0674, "acc_y": 1.2015, "acc_z": 2.3106, "temp": 2.6942}}, "1012": {"mean": {"bvp": 1.3611, "eda": 4.1375, "acc_x": 2.2474, "acc_y": 1.5906, "acc_z": 2.1864, "temp": 3.1235}, "min": {"bvp": 1.0535, "eda": 2.4874, "acc_x": 2.0824, "acc_y": 1.3843, "acc_z": 2.1148, "temp": 1.9566}}, "1013": {"mean": {"bvp": 0.5917, "eda": 4.49, "acc_x": 1.9088, "acc_y": 1.855, "acc_z": 2.3365, "temp": 3.1455}, "min": {"bvp": 0.3927, "eda": 2.5851, "acc_x": 1.8124, "acc_y": 1.5281, "acc_z": 2.3263, "temp": 2.6671}}, "1014": {"mean": {"bvp": 1.6309, "eda": 4.1493, "acc_x": 1.8182, "acc_y": 1.6719, "acc_z": 1.8781, "temp": 3.4437}, "min": {"bvp": 1.3029, "eda": 2.4015, "acc_x": 1.7211, "acc_y": 1.2862, "acc_z": 1.8357, "temp": 2.2335}}, "1015": {"mean": {"bvp": 1.0729, "eda": 4.1986, "acc_x": 1.9684, "acc_y": 1.7958, "acc_z": 1.8105, "temp": 3.2089}, "min": {"bvp": 0.7618, "eda": 2.4609, "acc_x": 1.8523, "acc_y": 1.4338, "acc_z": 1.7813, "temp": 2.6167}}}, "1008": {"1001": {"mean": {"bvp": 0.3609, "eda": 3.7462, "acc_x": 2.7885, "acc_y": 1.8668, "acc_z": 2.7223, "temp": 2.9705}, "min": {"bvp": 0.3423, "eda": 1.5773, "acc_x": 2.0564, "acc_y": 1.7823, "acc_z": 2.5296, "temp": 2.3953}}, "1002": {"mean": {"bvp": 0.7736, "eda": 4.081, "acc_x": 2.87, "acc_y": 2.0164, "acc_z": 2.1503, "temp": 3.0768}, "min": {"bvp": 0.7655, "eda": 2.0822, "acc_x": 2.3034, "acc_y": 1.8524, "acc_z": 1.9596, "temp": 2.5738}}, "1003": {"mean": {"bvp": 0.6743, "eda": 3.9488, "acc_x": 2.6279, "acc_y": 1.6912, "acc_z": 2.5296, "temp": 2.9984}, "min": {"bvp": 0.641, "eda": 1.8341, "acc_x": 2.1339, "acc_y": 1.5712, "acc_z": 2.3307, "temp": 2.4313}}, "1004": {"mean": {"bvp": 0.8126, "eda": 3.7439, "acc_x": 2.4858, "acc_y": 2.0744, "acc_z": 2.0085, "temp": 3.1362}, "min": {"bvp": 0.7912, "eda": 1.6372, "acc_x": 2.0364, "acc_y": 1.8857, "acc_z": 1.8304, "temp": 2.6864}}, "1005": {"mean": {"bvp": 1.2544, "eda": 3.7058, "acc_x": 2.78, "acc_y": 1.8297, "acc_z": 2.8979, "temp": 2.9276}, "min": {"bvp": 1.1362, "eda": 1.4376, "acc_x": 2.3752, "acc_y": 1.6716, "acc_z": 2.6206, "temp": 2.4955}}, "1006": {"mean": {"bvp": 0.6877, "eda": 3.6872, "acc_x": 3.2268, "acc_y": 1.844, "acc_z": 2.1639, "temp": 3.3607}, "min": {"bvp": 0.6603, "eda": 1.8766, "acc_x": 2.4195, "acc_y": 1.7466, "acc_z": 2.0642, "temp": 2.9045}}, "1007": {"mean": {"bvp": 0.4263, "eda": 3.75, "acc_x": 2.9388, "acc_y": 1.7697, "acc_z": 3.1703, "temp": 3.1937}, "min": {"bvp": 0.4063, "eda": 1.7706, "acc_x": 2.2865, "acc_y": 1.5681, "acc_z": 2.8912, "temp": 2.634}}, "1008": {"mean": {"bvp": 0.4841, "eda": 3.876, "acc_x": 3.1908, "acc_y": 1.9388, "acc_z": 2.2428, "temp": 3.0706}, "min": {"bvp": 0.4722, "eda": 1.937, "acc_x": 2.2356, "acc_y": 1.8048, "acc_z": 2.0276, "temp": 2.6131}}, "1009": {"mean": {"bvp": 0.4236, "eda": 3.8422, "acc_x": 3.0147, "acc_y": 1.6007, "acc_z": 2.3906, "temp": 2.9531}, "min": {"bvp": 0.3698, "eda": 1.7426, "acc_x": 2.1855, "acc_y": 1.5379, "acc_z": 2.2436, "temp": 2.568}}, "1010": {"mean": {"bvp": 0.5279, "eda": 3.4147, "acc_x": 2.3138, "acc_y": 1.9598, "acc_z": 2.8415, "temp": 3.0736}, "min": {"bvp": 0.5083, "eda": 1.2733, "acc_x": 1.9625, "acc_y": 1.8569, "acc_z": 2.6287, "temp": 2.5756}}, "1011": {"mean": {"bvp": 0.7645, "eda": 4.01, "acc_x": 2.7465, "acc_y": 1.3496, "acc_z": 2.8242, "temp": 3.0454}, "min": {"bvp": 0.7507, "eda": 1.9763, "acc_x": 2.1736, "acc_y": 1.2814, "acc_z": 2.6282, "temp": 2.743}}, "1012": {"mean": {"bvp": 0.7243, "eda": 3.8349, "acc_x": 2.8563, "acc_y": 1.7105, "acc_z": 2.59, "temp": 2.7864}, "min": {"bvp": 0.6944, "eda": 1.6903, "acc_x": 2.337, "acc_y": 1.5601, "acc_z": 2.4107, "temp": 2.1522}}, "1013": {"mean": {"bvp": 0.3901, "eda": 4.2489, "acc_x": 2.4443, "acc_y": 1.7602, "acc_z": 3.1591, "temp": 2.8085}, "min": {"bvp": 0.3758, "eda": 1.9983, "acc_x": 1.8965, "acc_y": 1.6646, "acc_z": 2.9264, "temp": 2.6336}}, "1014": {"mean": {"bvp": 0.9156, "eda": 4.0213, "acc_x": 2.2051, "acc_y": 1.4983, "acc_z": 2.4095, "temp": 2.972}, "min": {"bvp": 0.8797, "eda": 2.1084, "acc_x": 1.7017, "acc_y": 1.397, "acc_z": 2.1802, "temp": 2.3939}}, "1015": {"mean": {"bvp": 0.4532, "eda": 3.8963, "acc_x": 2.7903, "acc_y": 1.6355, "acc_z": 2.4942, "temp": 2.7082}, "min": {"bvp": 0.426, "eda": 1.6604, "acc_x": 1.8975, "acc_y": 1.5631, "acc_z": 2.2606, "temp": 2.4184}}}, "1009": {"1001": {"mean": {"bvp": 0.585, "eda": 4.2995, "acc_x": 2.6319, "acc_y": 1.9259, "acc_z": 2.3598, "temp": 2.7395}, "min": {"bvp": 0.3807, "eda": 2.5404, "acc_x": 2.207, "acc_y": 1.8098, "acc_z": 2.05, "temp": 2.4759}}, "1002": {"mean": {"bvp": 1.1255, "eda": 4.5289, "acc_x": 2.5874, "acc_y": 2.1554, "acc_z": 1.9224, "temp": 2.5283}, "min": {"bvp": 0.9282, "eda": 2.6468, "acc_x": 2.1755, "acc_y": 1.9666, "acc_z": 1.5668, "temp": 2.2782}}, "1003": {"mean": {"bvp": 0.7558, "eda": 4.4459, "acc_x": 2.4652, "acc_y": 1.7941, "acc_z": 2.2934, "temp": 2.4248}, "min": {"bvp": 0.67, "eda": 2.5795, "acc_x": 2.1943, "acc_y": 1.6352, "acc_z": 1.9166, "temp": 2.2003}}, "1004": {"mean": {"bvp": 1.3237, "eda": 4.2392, "acc_x": 2.3361, "acc_y": 2.2113, "acc_z": 1.8517, "temp": 2.7668}, "min": {"bvp": 1.085, "eda": 2.3976, "acc_x": 2.0512, "acc_y": 2.0226, "acc_z": 1.6181, "temp": 2.7194}}, "1005": {"mean": {"bvp": 1.1691, "eda": 4.2758, "acc_x": 2.6594, "acc_y": 1.9337, "acc_z": 2.3061, "temp": 2.6094}, "min": {"bvp": 0.9976, "eda": 2.4491, "acc_x": 2.4457, "acc_y": 1.7552, "acc_z": 1.9101, "temp": 2.4612}}, "1006": {"mean": {"bvp": 1.2136, "eda": 4.0463, "acc_x": 3.0262, "acc_y": 1.9245, "acc_z": 2.1219, "temp": 2.8772}, "min": {"bvp": 0.9681, "eda": 2.1698, "acc_x": 2.6858, "acc_y": 1.7808, "acc_z": 1.9988, "temp": 2.6433}}, "1007": {"mean": {"bvp": 0.4705, "eda": 4.2027, "acc_x": 2.7778, "acc_y": 1.9328, "acc_z": 2.3555, "temp": 2.4819}, "min": {"bvp": 0.3616, "eda": 2.4105, "acc_x": 2.3775, "acc_y": 1.7099, "acc_z": 1.8372, "temp": 2.2034}}, "1008": {"mean": {"bvp": 0.6184, "eda": 4.3042, "acc_x": 2.9065, "acc_y": 2.0434, "acc_z": 1.9986, "temp": 2.621}, "min": {"bvp": 0.4798, "eda": 2.4777, "acc_x": 2.3998, "acc_y": 1.8712, "acc_z": 1.6943, "temp": 2.3238}}, "1009": {"mean": {"bvp": 0.4013, "eda": 4.3288, "acc_x": 2.822, "acc_y": 1.6538, "acc_z": 2.2232, "temp": 2.6358}, "min": {"bvp": 0.3662, "eda": 2.4488, "acc_x": 2.4567, "acc_y": 1.562, "acc_z": 1.9488, "temp": 2.5604}}, "1010": {"mean": {"bvp": 0.988, "eda": 3.9714, "acc_x": 2.1788, "acc_y": 2.0571, "acc_z": 2.5105, "temp": 2.6512}, "min": {"bvp": 0.7525, "eda": 2.2699, "acc_x": 1.9428, "acc_y": 1.9113, "acc_z": 2.1646, "temp": 2.5658}}, "1011": {"mean": {"bvp": 0.7932, "eda": 4.4645, "acc_x": 2.5756, "acc_y": 1.3981, "acc_z": 2.5394, "temp": 2.8106}, "min": {"bvp": 0.7238, "eda": 2.5985, "acc_x": 2.1804, "acc_y": 1.2543, "acc_z": 2.218, "temp": 2.7074}}, "1012": {"mean": {"bvp": 1.2597, "eda": 4.3463, "acc_x": 2.5761, "acc_y": 1.8311, "acc_z": 2.3948, "temp": 2.0646}, "min": {"bvp": 1.0157, "eda": 2.4472, "acc_x": 2.0695, "acc_y": 1.6529, "acc_z": 2.099, "temp": 1.8508}}, "1013": {"mean": {"bvp": 0.5434, "eda": 4.7843, "acc_x": 2.2442, "acc_y": 1.847, "acc_z": 2.5934, "temp": 2.6575}, "min": {"bvp": 0.3851, "eda": 2.7929, "acc_x": 1.9747, "acc_y": 1.707, "acc_z": 2.2543, "temp": 2.6228}}, "1014": {"mean": {"bvp": 1.5216, "eda": 4.4075, "acc_x": 2.0291, "acc_y": 1.5828, "acc_z": 2.1194, "temp": 2.59}, "min": {"bvp": 1.2618, "eda": 2.492, "acc_x": 1.7573, "acc_y": 1.4382, "acc_z": 1.7533, "temp": 2.4218}}, "1015": {"mean": {"bvp": 0.969, "eda": 4.4149, "acc_x": 2.5578, "acc_y": 1.7002, "acc_z": 2.0716, "temp": 2.4677}, "min": {"bvp": 0.7196, "eda": 2.4501, "acc_x": 2.1519, "acc_y": 1.5775, "acc_z": 1.7216, "temp": 2.3725}}}, "1010": {"1001": {"mean": {"bvp": 0.3418, "eda": 3.8763, "acc_x": 2.4709, "acc_y": 1.7663, "acc_z": 2.27, "temp": 3.2349}, "min": {"bvp": 0.3299, "eda": 1.5371, "acc_x": 1.7867, "acc_y": 1.7297, "acc_z": 2.1922, "temp": 2.3391}}, "1002": {"mean": {"bvp": 0.7068, "eda": 4.1955, "acc_x": 2.7297, "acc_y": 1.6761, "acc_z": 1.7311, "temp": 3.3655}, "min": {"bvp": 0.6841, "eda": 1.934, "acc_x": 2.1875, "acc_y": 1.5788, "acc_z": 1.562, "temp": 2.4025}}, "1003": {"mean": {"bvp": 0.7564, "eda": 4.0605, "acc_x": 2.6801, "acc_y": 1.5622, "acc_z": 2.0076, "temp": 3.2614}, "min": {"bvp": 0.7321, "eda": 1.7099, "acc_x": 2.0145, "acc_y": 1.5281, "acc_z": 1.9005, "temp": 2.3918}}, "1004": {"mean": {"bvp": 0.6844, "eda": 3.8678, "acc_x": 2.6808, "acc_y": 1.6446, "acc_z": 1.7983, "temp": 3.4124}, "min": {"bvp": 0.6418, "eda": 1.5669, "acc_x": 2.0374, "acc_y": 1.4997, "acc_z": 1.688, "temp": 2.6243}}, "1005": {"mean": {"bvp": 1.7609, "eda": 3.8064, "acc_x": 2.8879, "acc_y": 1.5442, "acc_z": 1.8628, "temp": 3.2446}, "min": {"bvp": 1.7177, "eda": 1.3034, "acc_x": 2.141, "acc_y": 1.4766, "acc_z": 1.766, "temp": 2.3996}}, "1006": {"mean": {"bvp": 0.5701, "eda": 3.81, "acc_x": 2.779, "acc_y": 1.7123, "acc_z": 2.2683, "temp": 3.6381}, "min": {"bvp": 0.5294, "eda": 1.771, "acc_x": 2.4344, "acc_y": 1.6738, "acc_z": 2.1542, "temp": 2.7108}}, "1007": {"mean": {"bvp": 0.5931, "eda": 3.8774, "acc_x": 2.6663, "acc_y": 1.4098, "acc_z": 1.8692, "temp": 3.3873}, "min": {"bvp": 0.5544, "eda": 1.7083, "acc_x": 2.0435, "acc_y": 1.2925, "acc_z": 1.7813, "temp": 2.3533}}, "1008": {"mean": {"bvp": 0.5159, "eda": 3.979, "acc_x": 2.4667, "acc_y": 1.7426, "acc_z": 1.7891, "temp": 3.3995}, "min": {"bvp": 0.4966, "eda": 1.7907, "acc_x": 2.132, "acc_y": 1.7009, "acc_z": 1.7285, "temp": 2.5712}}, "1009": {"mean": {"bvp": 0.7811, "eda": 3.9487, "acc_x": 2.5463, "acc_y": 1.6096, "acc_z": 2.1388, "temp": 3.2555}, "min": {"bvp": 0.7353, "eda": 1.5841, "acc_x": 2.0381, "acc_y": 1.5563, "acc_z": 2.0244, "temp": 2.5308}}, "1010": {"mean": {"bvp": 0.4738, "eda": 3.5696, "acc_x": 2.5965, "acc_y": 1.7745, "acc_z": 2.27, "temp": 3.3542}, "min": {"bvp": 0.4598, "eda": 1.327, "acc_x": 1.8042, "acc_y": 1.668, "acc_z": 2.23, "temp": 2.5492}}, "1011": {"mean": {"bvp": 0.9022, "eda": 4.088, "acc_x": 2.6336, "acc_y": 1.2816, "acc_z": 2.2814, "temp": 3.3215}, "min": {"bvp": 0.872, "eda": 1.7714, "acc_x": 1.9827, "acc_y": 1.2184, "acc_z": 2.2733, "temp": 2.7275}}, "1012": {"mean": {"bvp": 0.5928, "eda": 3.9356, "acc_x": 2.7733, "acc_y": 1.4681, "acc_z": 2.1551, "temp": 3.0095}, "min": {"bvp": 0.5471, "eda": 1.5076, "acc_x": 2.1516, "acc_y": 1.3944, "acc_z": 2.1065, "temp": 2.0215}}, "1013": {"mean": {"bvp": 0.4256, "eda": 4.2724, "acc_x": 2.5479, "acc_y": 1.6817, "acc_z": 2.3299, "temp": 3.0902}, "min": {"bvp": 0.4009, "eda": 1.5489, "acc_x": 2.0634, "acc_y": 1.6658, "acc_z": 2.206, "temp": 2.7057}}, "1014": {"mean": {"bvp": 0.5914, "eda": 4.1081, "acc_x": 2.3837, "acc_y": 1.4381, "acc_z": 1.8596, "temp": 3.3066}, "min": {"bvp": 0.4599, "eda": 1.8975, "acc_x": 1.7415, "acc_y": 1.3995, "acc_z": 1.8352, "temp": 2.2565}}, "1015": {"mean": {"bvp": 0.3906, "eda": 3.9789, "acc_x": 2.3062, "acc_y": 1.5528, "acc_z": 1.8177, "temp": 3.0482}, "min": {"bvp": 0.3754, "eda": 1.4321, "acc_x": 1.7866, "acc_y": 1.4349, "acc_z": 1.7586, "temp": 2.5052}}}, "1011": {"1001": {"mean": {"bvp": 0.5099, "eda": 4.5638, "acc_x": 2.059, "acc_y": 2.5144, "acc_z": 2.2053, "temp": 3.6395}, "min": {"bvp": 0.3768, "eda": 4.1508, "acc_x": 2.012, "acc_y": 1.973, "acc_z": 2.1514, "temp": 3.334}}, "1002": {"mean": {"bvp": 1.061, "eda": 4.8334, "acc_x": 2.2096, "acc_y": 2.7668, "acc_z": 1.7468, "temp": 4.0965}, "min": {"bvp": 0.921, "eda": 4.4222, "acc_x": 2.1462, "acc_y": 1.9973, "acc_z": 1.6542, "temp": 3.7836}}, "1003": {"mean": {"bvp": 0.6825, "eda": 4.7495, "acc_x": 2.108, "acc_y": 2.5195, "acc_z": 2.0428, "temp": 4.0003}, "min": {"bvp": 0.6541, "eda": 4.342, "acc_x": 2.0514, "acc_y": 1.7556, "acc_z": 1.9703, "temp": 3.6583}}, "1004": {"mean": {"bvp": 1.2578, "eda": 4.5264, "acc_x": 2.0272, "acc_y": 2.7375, "acc_z": 1.7744, "temp": 3.9992}, "min": {"bvp": 1.0792, "eda": 4.1104, "acc_x": 2.0201, "acc_y": 2.2064, "acc_z": 1.7258, "temp": 3.6904}}, "1005": {"mean": {"bvp": 1.0753, "eda": 4.5643, "acc_x": 2.3775, "acc_y": 2.4833, "acc_z": 1.9251, "temp": 3.7528}, "min": {"bvp": 0.9279, "eda": 4.1395, "acc_x": 2.3523, "acc_y": 1.8747, "acc_z": 1.9049, "temp": 3.446}}, "1006": {"mean": {"bvp": 1.1478, "eda": 4.3345, "acc_x": 2.4678, "acc_y": 2.5454, "acc_z": 2.2136, "temp": 4.2767}, "min": {"bvp": 0.9631, "eda": 3.9342, "acc_x": 2.395, "acc_y": 1.8342, "acc_z": 2.1502, "temp": 3.9768}}, "1007": {"mean": {"bvp": 0.3912, "eda": 4.4716, "acc_x": 2.2544, "acc_y": 2.5422, "acc_z": 2.0437, "temp": 4.3327}, "min": {"bvp": 0.3509, "eda": 4.0545, "acc_x": 2.2495, "acc_y": 1.8374, "acc_z": 1.9647, "temp": 3.9922}}, "1008": {"mean": {"bvp": 0.544, "eda": 4.591, "acc_x": 2.2738, "acc_y": 2.7143, "acc_z": 1.7689, "temp": 3.9513}, "min": {"bvp": 0.4772, "eda": 4.188, "acc_x": 2.1546, "acc_y": 2.0001, "acc_z": 1.7461, "temp": 3.6356}}, "1009": {"mean": {"bvp": 0.368, "eda": 4.6319, "acc_x": 2.2289, "acc_y": 2.2927, "acc_z": 2.1294, "temp": 3.6984}, "min": {"bvp": 0.3437, "eda": 4.2071, "acc_x": 2.175, "acc_y": 1.6379, "acc_z": 2.0412, "temp": 3.4}}, "1010": {"mean": {"bvp": 0.9192, "eda": 4.2057, "acc_x": 1.95, "acc_y": 2.608, "acc_z": 2.2633, "temp": 3.9776}, "min": {"bvp": 0.7475, "eda": 3.7864, "acc_x": 1.9181, "acc_y": 1.9492, "acc_z": 2.2479, "temp": 3.6601}}, "1011": {"mean": {"bvp": 0.7358, "eda": 4.7691, "acc_x": 2.0995, "acc_y": 2.0441, "acc_z": 2.3132, "temp": 3.6318}, "min": {"bvp": 0.7114, "eda": 4.3819, "acc_x": 2.0961, "acc_y": 1.4769, "acc_z": 2.277, "temp": 3.3698}}, "1012": {"mean": {"bvp": 1.1937, "eda": 4.6624, "acc_x": 2.2112, "acc_y": 2.5815, "acc_z": 2.1706, "temp": 3.997}, "min": {"bvp": 1.0079, "eda": 4.2608, "acc_x": 2.1001, "acc_y": 1.7778, "acc_z": 2.1177, "temp": 3.6452}}, "1013": {"mean": {"bvp": 0.4634, "eda": 5.1367, "acc_x": 1.8992, "acc_y": 2.5381, "acc_z": 2.359, "temp": 3.0992}, "min": {"bvp": 0.3785, "eda": 4.7251, "acc_x": 1.7867, "acc_y": 1.8062, "acc_z": 2.3241, "temp": 2.8877}}, "1014": {"mean": {"bvp": 1.4569, "eda": 4.7165, "acc_x": 1.7276, "acc_y": 2.3202, "acc_z": 1.8218, "temp": 3.9237}, "min": {"bvp": 1.2556, "eda": 4.3079, "acc_x": 1.64, "acc_y": 1.6286, "acc_z": 1.785, "temp": 3.6113}}, "1015": {"mean": {"bvp": 0.9039, "eda": 4.7568, "acc_x": 1.8961, "acc_y": 2.2137, "acc_z": 1.8025, "temp": 3.2914}, "min": {"bvp": 0.7149, "eda": 4.3425, "acc_x": 1.8479, "acc_y": 1.701, "acc_z": 1.7744, "temp": 3.019}}}, "1012": {"1001": {"mean": {"bvp": 0.5399, "eda": 1.8484, "acc_x": 3.0302, "acc_y": 2.0595, "acc_z": 2.4303, "temp": 2.7405}, "min": {"bvp": 0.3629, "eda": 1.3478, "acc_x": 2.3925, "acc_y": 1.7725, "acc_z": 2.2269, "temp": 2.2804}}, "1002": {"mean": {"bvp": 0.7241, "eda": 2.1719, "acc_x": 3.3185, "acc_y": 1.6579, "acc_z": 2.0316, "temp": 2.7221}, "min": {"bvp": 0.6531, "eda": 1.9176, "acc_x": 2.6491, "acc_y": 1.5641, "acc_z": 1.7105, "temp": 2.1742}}, "1003": {"mean": {"bvp": 0.9363, "eda": 1.9403, "acc_x": 3.3647, "acc_y": 1.7055, "acc_z": 2.4108, "temp": 2.6336}, "min": {"bvp": 0.7269, "eda": 1.5588, "acc_x": 2.6615, "acc_y": 1.6161, "acc_z": 2.0675, "temp": 2.1583}}, "1004": {"mean": {"bvp": 0.6811, "eda": 1.9106, "acc_x": 3.4496, "acc_y": 1.7385, "acc_z": 1.9745, "temp": 2.8874}, "min": {"bvp": 0.6718, "eda": 1.6196, "acc_x": 2.7249, "acc_y": 1.5175, "acc_z": 1.7975, "temp": 2.6357}}, "1005": {"mean": {"bvp": 1.9849, "eda": 1.738, "acc_x": 3.6856, "acc_y": 1.7589, "acc_z": 2.3066, "temp": 2.7764}, "min": {"bvp": 1.6766, "eda": 1.2816, "acc_x": 3.0014, "acc_y": 1.4474, "acc_z": 1.785, "temp": 2.4915}}, "1006": {"mean": {"bvp": 0.5487, "eda": 1.9524, "acc_x": 3.1693, "acc_y": 1.8496, "acc_z": 2.1894, "temp": 3.0612}, "min": {"bvp": 0.5347, "eda": 1.8067, "acc_x": 2.6125, "acc_y": 1.7515, "acc_z": 2.1319, "temp": 2.5639}}, "1007": {"mean": {"bvp": 0.8282, "eda": 2.0699, "acc_x": 3.1579, "acc_y": 1.329, "acc_z": 2.3727, "temp": 2.7335}, "min": {"bvp": 0.5419, "eda": 1.7783, "acc_x": 2.5366, "acc_y": 1.2923, "acc_z": 1.7269, "temp": 1.9932}}, "1008": {"mean": {"bvp": 0.7133, "eda": 2.0994, "acc_x": 2.8592, "acc_y": 1.8085, "acc_z": 2.0212, "temp": 2.7517}, "min": {"bvp": 0.5054, "eda": 1.8162, "acc_x": 2.333, "acc_y": 1.7102, "acc_z": 1.7518, "temp": 2.2441}}, "1009": {"mean": {"bvp": 1.0247, "eda": 1.9294, "acc_x": 3.0144, "acc_y": 1.9413, "acc_z": 2.2951, "temp": 2.8135}, "min": {"bvp": 0.7019, "eda": 1.6303, "acc_x": 2.4399, "acc_y": 1.7823, "acc_z": 2.0407, "temp": 2.6205}}, "1010": {"mean": {"bvp": 0.5504, "eda": 1.8062, "acc_x": 3.5574, "acc_y": 1.882, "acc_z": 2.5468, "temp": 2.7891}, "min": {"bvp": 0.5052, "eda": 1.3992, "acc_x": 2.8035, "acc_y": 1.7734, "acc_z": 2.235, "temp": 2.4874}}, "1011": {"mean": {"bvp": 1.089, "eda": 1.9891, "acc_x": 3.1646, "acc_y": 1.7092, "acc_z": 2.5634, "temp": 2.9017}, "min": {"bvp": 0.8587, "eda": 1.6118, "acc_x": 2.4988, "acc_y": 1.4634, "acc_z": 2.2143, "temp": 2.7597}}, "1012": {"mean": {"bvp": 0.5314, "eda": 1.7904, "acc_x": 3.3272, "acc_y": 1.6117, "acc_z": 2.435, "temp": 2.4089}, "min": {"bvp": 0.5108, "eda": 1.4116, "acc_x": 2.6517, "acc_y": 1.4813, "acc_z": 2.0847, "temp": 1.8772}}, "1013": {"mean": {"bvp": 0.6303, "eda": 1.8779, "acc_x": 3.2883, "acc_y": 1.8512, "acc_z": 2.634, "temp": 2.7171}, "min": {"bvp": 0.4035, "eda": 1.4778, "acc_x": 2.55, "acc_y": 1.7468, "acc_z": 2.2965, "temp": 2.6356}}, "1014": {"mean": {"bvp": 0.5289, "eda": 2.0392, "acc_x": 3.438, "acc_y": 1.6857, "acc_z": 2.1724, "temp": 2.7161}, "min": {"bvp": 0.4372, "eda": 1.8246, "acc_x": 2.6763, "acc_y": 1.5816, "acc_z": 1.8627, "temp": 2.2449}}, "1015": {"mean": {"bvp": 0.4244, "eda": 1.6571, "acc_x": 2.7233, "acc_y": 1.8551, "acc_z": 2.0772, "temp": 2.5665}, "min": {"bvp": 0.3804, "eda": 1.2392, "acc_x": 2.093, "acc_y": 1.6606, "acc_z": 1.7459, "temp": 2.3824}}}, "1013": {"1001": {"mean": {"bvp": 0.3996, "eda": 3.1346, "acc_x": 2.0689, "acc_y": 2.2361, "acc_z": 2.3085, "temp": 3.9302}, "min": {"bvp": 0.3524, "eda": 1.4548, "acc_x": 1.9542, "acc_y": 1.8247, "acc_z": 2.247, "temp": 3.5989}}, "1002": {"mean": {"bvp": 0.9294, "eda": 3.3447, "acc_x": 2.2174, "acc_y": 2.1954, "acc_z": 1.7556, "temp": 4.4285}, "min": {"bvp": 0.8444, "eda": 1.8577, "acc_x": 2.1559, "acc_y": 1.6113, "acc_z": 1.658, "temp": 4.0626}}, "1003": {"mean": {"bvp": 0.6622, "eda": 3.2261, "acc_x": 2.1242, "acc_y": 2.0883, "acc_z": 2.1132, "temp": 4.3349}, "min": {"bvp": 0.6448, "eda": 1.5707, "acc_x": 2.063, "acc_y": 1.6705, "acc_z": 2.0027, "temp": 3.987}}, "1004": {"mean": {"bvp": 1.0875, "eda": 3.0941, "acc_x": 2.0757, "acc_y": 2.2272, "acc_z": 1.8038, "temp": 4.3202}, "min": {"bvp": 0.9561, "eda": 1.5791, "acc_x": 2.0572, "acc_y": 1.5422, "acc_z": 1.766, "temp": 4.0102}}, "1005": {"mean": {"bvp": 1.3264, "eda": 3.0555, "acc_x": 2.4029, "acc_y": 2.0961, "acc_z": 1.9966, "temp": 4.0443}, "min": {"bvp": 1.2341, "eda": 1.2952, "acc_x": 2.3153, "acc_y": 1.4733, "acc_z": 1.9515, "temp": 3.7081}}, "1006": {"mean": {"bvp": 0.9698, "eda": 2.9788, "acc_x": 2.5079, "acc_y": 2.1992, "acc_z": 2.136, "temp": 4.5787}, "min": {"bvp": 0.8327, "eda": 1.7423, "acc_x": 2.4666, "acc_y": 1.829, "acc_z": 2.0798, "temp": 4.2332}}, "1007": {"mean": {"bvp": 0.3832, "eda": 3.1574, "acc_x": 2.2369, "acc_y": 2.0001, "acc_z": 2.0433, "temp": 4.6717}, "min": {"bvp": 0.3707, "eda": 1.8153, "acc_x": 2.1887, "acc_y": 1.3074, "acc_z": 1.9182, "temp": 4.3041}}, "1008": {"mean": {"bvp": 0.4902, "eda": 3.2115, "acc_x": 2.3601, "acc_y": 2.2692, "acc_z": 1.8722, "temp": 4.261}, "min": {"bvp": 0.4771, "eda": 1.8181, "acc_x": 2.2579, "acc_y": 1.7448, "acc_z": 1.7635, "temp": 3.9184}}, "1009": {"mean": {"bvp": 0.3966, "eda": 3.1612, "acc_x": 2.2879, "acc_y": 2.0762, "acc_z": 2.1086, "temp": 3.994}, "min": {"bvp": 0.3541, "eda": 1.6364, "acc_x": 2.192, "acc_y": 1.7549, "acc_z": 2.0633, "temp": 3.6744}}, "1010": {"mean": {"bvp": 0.7557, "eda": 2.919, "acc_x": 2.0085, "acc_y": 2.2653, "acc_z": 2.3859, "temp": 4.3125}, "min": {"bvp": 0.6318, "eda": 1.41, "acc_x": 1.9325, "acc_y": 1.8167, "acc_z": 2.2983, "temp": 3.987}}, "1011": {"mean": {"bvp": 0.7409, "eda": 3.2079, "acc_x": 2.1203, "acc_y": 1.8795, "acc_z": 2.3775, "temp": 3.913}, "min": {"bvp": 0.728, "eda": 1.4915, "acc_x": 2.0022, "acc_y": 1.5315, "acc_z": 2.3372, "temp": 3.6136}}, "1012": {"mean": {"bvp": 1.0137, "eda": 3.0861, "acc_x": 2.1762, "acc_y": 2.0239, "acc_z": 2.1843, "temp": 4.3522}, "min": {"bvp": 0.8797, "eda": 1.3744, "acc_x": 2.1112, "acc_y": 1.5217, "acc_z": 2.1331, "temp": 3.9621}}, "1013": {"mean": {"bvp": 0.3934, "eda": 3.2517, "acc_x": 1.9457, "acc_y": 2.1764, "acc_z": 2.4322, "temp": 3.2891}, "min": {"bvp": 0.3758, "eda": 1.4149, "acc_x": 1.814, "acc_y": 1.8393, "acc_z": 2.3572, "temp": 3.0194}}, "1014": {"mean": {"bvp": 1.2598, "eda": 3.217, "acc_x": 1.9412, "acc_y": 1.9929, "acc_z": 1.907, "temp": 4.2479}, "min": {"bvp": 1.1105, "eda": 1.7706, "acc_x": 1.8392, "acc_y": 1.6494, "acc_z": 1.8115, "temp": 3.8845}}, "1015": {"mean": {"bvp": 0.7211, "eda": 3.0849, "acc_x": 1.9737, "acc_y": 2.0923, "acc_z": 1.8979, "temp": 3.5527}, "min": {"bvp": 0.587, "eda": 1.2494, "acc_x": 1.8778, "acc_y": 1.7629, "acc_z": 1.8323, "temp": 3.2318}}}, "1014": {"1001": {"mean": {"bvp": 0.9398, "eda": 2.6908, "acc_x": 2.1279, "acc_y": 2.0014, "acc_z": 2.1622, "temp": 3.368}, "min": {"bvp": 0.812, "eda": 1.3449, "acc_x": 2.068, "acc_y": 1.9093, "acc_z": 2.1373, "temp": 2.7946}}, "1002": {"mean": {"bvp": 0.8897, "eda": 2.9249, "acc_x": 2.2209, "acc_y": 1.9469, "acc_z": 1.6513, "temp": 3.3455}, "min": {"bvp": 0.7984, "eda": 1.8969, "acc_x": 2.154, "acc_y": 1.6639, "acc_z": 1.5799, "temp": 2.3161}}, "1003": {"mean": {"bvp": 1.3438, "eda": 2.8044, "acc_x": 2.1135, "acc_y": 1.7395, "acc_z": 1.9881, "temp": 3.233}, "min": {"bvp": 1.2266, "eda": 1.5599, "acc_x": 2.0018, "acc_y": 1.6185, "acc_z": 1.9338, "temp": 2.2449}}, "1004": {"mean": {"bvp": 0.7091, "eda": 2.6493, "acc_x": 2.1604, "acc_y": 2.0759, "acc_z": 1.683, "temp": 3.4871}, "min": {"bvp": 0.6699, "eda": 1.4708, "acc_x": 1.9997, "acc_y": 1.7953, "acc_z": 1.6121, "temp": 2.804}}, "1005": {"mean": {"bvp": 2.5007, "eda": 2.6019, "acc_x": 2.3936, "acc_y": 1.8922, "acc_z": 1.95, "temp": 3.2765}, "min": {"bvp": 2.373, "eda": 1.1749, "acc_x": 2.2813, "acc_y": 1.7257, "acc_z": 1.9056, "temp": 2.5037}}, "1006": {"mean": {"bvp": 0.5957, "eda": 2.5612, "acc_x": 2.4568, "acc_y": 1.7783, "acc_z": 2.0978, "temp": 3.6344}, "min": {"bvp": 0.5383, "eda": 1.7458, "acc_x": 2.3722, "acc_y": 1.655, "acc_z": 1.9978, "temp": 2.6626}}, "1007": {"mean": {"bvp": 1.3238, "eda": 2.6851, "acc_x": 2.2897, "acc_y": 1.6615, "acc_z": 2.0752, "temp": 3.3568}, "min": {"bvp": 1.1932, "eda": 1.6475, "acc_x": 2.2354, "acc_y": 1.3145, "acc_z": 1.9894, "temp": 2.2321}}, "1008": {"mean": {"bvp": 1.131, "eda": 2.7751, "acc_x": 2.3138, "acc_y": 1.9267, "acc_z": 1.7437, "temp": 3.3348}, "min": {"bvp": 1.0071, "eda": 1.7678, "acc_x": 2.1846, "acc_y": 1.7994, "acc_z": 1.7272, "temp": 2.3753}}, "1009": {"mean": {"bvp": 1.5627, "eda": 2.7036, "acc_x": 2.2987, "acc_y": 1.6577, "acc_z": 2.0602, "temp": 3.29}, "min": {"bvp": 1.4316, "eda": 1.5636, "acc_x": 2.2468, "acc_y": 1.4212, "acc_z": 2.0003, "temp": 2.6361}}, "1010": {"mean": {"bvp": 0.6888, "eda": 2.4304, "acc_x": 2.0861, "acc_y": 1.8295, "acc_z": 2.2823, "temp": 3.3896}, "min": {"bvp": 0.5962, "eda": 1.1376, "acc_x": 1.913, "acc_y": 1.7055, "acc_z": 2.2653, "temp": 2.6263}}, "1011": {"mean": {"bvp": 1.5133, "eda": 2.9152, "acc_x": 2.1171, "acc_y": 1.4897, "acc_z": 2.2893, "temp": 3.3521}, "min": {"bvp": 1.3925, "eda": 1.8139, "acc_x": 2.0711, "acc_y": 1.4056, "acc_z": 2.2562, "temp": 2.8386}}, "1012": {"mean": {"bvp": 0.5675, "eda": 2.7024, "acc_x": 2.1738, "acc_y": 1.7578, "acc_z": 2.1472, "temp": 2.9614}, "min": {"bvp": 0.5153, "eda": 1.5112, "acc_x": 2.0683, "acc_y": 1.5687, "acc_z": 2.1039, "temp": 1.8447}}, "1013": {"mean": {"bvp": 1.0776, "eda": 2.9647, "acc_x": 1.9683, "acc_y": 1.8125, "acc_z": 2.3742, "temp": 3.081}, "min": {"bvp": 0.9499, "eda": 1.5748, "acc_x": 1.7573, "acc_y": 1.7061, "acc_z": 2.3283, "temp": 2.7432}}, "1014": {"mean": {"bvp": 0.4376, "eda": 2.7939, "acc_x": 1.8478, "acc_y": 1.5999, "acc_z": 1.7724, "temp": 3.3634}, "min": {"bvp": 0.4237, "eda": 1.7534, "acc_x": 1.744, "acc_y": 1.5133, "acc_z": 1.7235, "temp": 2.4642}}, "1015": {"mean": {"bvp": 0.5637, "eda": 2.7093, "acc_x": 1.9074, "acc_y": 1.6105, "acc_z": 1.8004, "temp": 3.0051}, "min": {"bvp": 0.4652, "eda": 1.4155, "acc_x": 1.8256, "acc_y": 1.5712, "acc_z": 1.7667, "temp": 2.444}}}, "1015": {"1001": {"mean": {"bvp": 0.354, "eda": 2.9156, "acc_x": 2.0326, "acc_y": 2.2525, "acc_z": 2.3292, "temp": 4.3562}, "min": {"bvp": 0.3429, "eda": 1.5246, "acc_x": 1.9228, "acc_y": 1.9109, "acc_z": 2.1676, "temp": 4.0272}}, "1002": {"mean": {"bvp": 0.7319, "eda": 3.213, "acc_x": 2.3358, "acc_y": 2.5597, "acc_z": 1.8051, "temp": 4.9202}, "min": {"bvp": 0.7194, "eda": 2.1203, "acc_x": 2.2724, "acc_y": 1.793, "acc_z": 1.646, "temp": 4.5372}}, "1003": {"mean": {"bvp": 0.7228, "eda": 3.0741, "acc_x": 2.1253, "acc_y": 2.1721, "acc_z": 2.186, "temp": 4.8281}, "min": {"bvp": 0.6999, "eda": 1.7667, "acc_x": 2.0733, "acc_y": 1.5903, "acc_z": 2.006, "temp": 4.4384}}, "1004": {"mean": {"bvp": 0.732, "eda": 2.8831, "acc_x": 2.0533, "acc_y": 2.5915, "acc_z": 1.6791, "temp": 4.7698}, "min": {"bvp": 0.703, "eda": 1.5939, "acc_x": 2.026, "acc_y": 1.8375, "acc_z": 1.5706, "temp": 4.4117}}, "1005": {"mean": {"bvp": 1.6763, "eda": 2.8613, "acc_x": 2.3732, "acc_y": 2.3093, "acc_z": 2.3757, "temp": 4.5134}, "min": {"bvp": 1.6218, "eda": 1.4022, "acc_x": 2.2969, "acc_y": 1.7143, "acc_z": 2.1278, "temp": 4.1436}}, "1006": {"mean": {"bvp": 0.6014, "eda": 2.812, "acc_x": 2.5194, "acc_y": 2.2809, "acc_z": 1.9763, "temp": 5.0493}, "min": {"bvp": 0.5738, "eda": 1.8792, "acc_x": 2.4221, "acc_y": 1.7201, "acc_z": 1.9507, "temp": 4.6791}}, "1007": {"mean": {"bvp": 0.5302, "eda": 2.9291, "acc_x": 2.249, "acc_y": 2.3011, "acc_z": 2.6134, "temp": 5.1778}, "min": {"bvp": 0.4883, "eda": 1.8304, "acc_x": 2.1797, "acc_y": 1.3626, "acc_z": 2.3455, "temp": 4.7828}}, "1008": {"mean": {"bvp": 0.4991, "eda": 3.021, "acc_x": 2.3592, "acc_y": 2.3607, "acc_z": 1.8689, "temp": 4.7383}, "min": {"bvp": 0.4807, "eda": 1.9234, "acc_x": 2.2429, "acc_y": 1.682, "acc_z": 1.721, "temp": 4.3605}}, "1009": {"mean": {"bvp": 0.6962, "eda": 2.9882, "acc_x": 2.2514, "acc_y": 2.0345, "acc_z": 2.1647, "temp": 4.4469}, "min": {"bvp": 0.6395, "eda": 1.8014, "acc_x": 2.163, "acc_y": 1.7599, "acc_z": 2.094, "temp": 4.0845}}, "1010": {"mean": {"bvp": 0.4991, "eda": 2.616, "acc_x": 1.9519, "acc_y": 2.4006, "acc_z": 2.4789, "temp": 4.7787}, "min": {"bvp": 0.4767, "eda": 1.2717, "acc_x": 1.8943, "acc_y": 1.7999, "acc_z": 2.3461, "temp": 4.4088}}, "1011": {"mean": {"bvp": 0.8574, "eda": 3.144, "acc_x": 2.0774, "acc_y": 1.8142, "acc_z": 2.4632, "temp": 4.3348}, "min": {"bvp": 0.8295, "eda": 1.8877, "acc_x": 2.003, "acc_y": 1.4771, "acc_z": 2.321, "temp": 3.9946}}, "1012": {"mean": {"bvp": 0.6242, "eda": 2.9362, "acc_x": 2.3045, "acc_y": 2.2409, "acc_z": 2.3139, "temp": 4.8816}, "min": {"bvp": 0.5949, "eda": 1.6063, "acc_x": 2.2033, "acc_y": 1.5901, "acc_z": 2.2311, "temp": 4.4713}}, "1013": {"mean": {"bvp": 0.4013, "eda": 3.3212, "acc_x": 1.9836, "acc_y": 2.2157, "acc_z": 2.7031, "temp": 3.6683}, "min": {"bvp": 0.3803, "eda": 1.9324, "acc_x": 1.9697, "acc_y": 1.7158, "acc_z": 2.52, "temp": 3.351}}, "1014": {"mean": {"bvp": 0.771, "eda": 3.126, "acc_x": 1.7834, "acc_y": 1.955, "acc_z": 1.9612, "temp": 4.7258}, "min": {"bvp": 0.7221, "eda": 2.061, "acc_x": 1.6551, "acc_y": 1.4477, "acc_z": 1.7858, "temp": 4.3548}}, "1015": {"mean": {"bvp": 0.3919, "eda": 2.9811, "acc_x": 1.9604, "acc_y": 2.07, "acc_z": 2.0348, "temp": 3.9966}, "min": {"bvp": 0.3816, "eda": 1.5589, "acc_x": 1.8855, "acc_y": 1.705, "acc_z": 1.8893, "temp": 3.639}}}}