{"1001": {"1001": {"mean": {"bvp": 0.3493, "eda": 3.3601, "acc_x": 1.8877, "acc_y": 1.9267, "acc_z": 1.9754, "temp": 2.5909}, "min": {"bvp": 0.3151, "eda": 2.7865, "acc_x": 1.736, "acc_y": 1.751, "acc_z": 1.8935, "temp": 2.4572}}, "1002": {"mean": {"bvp": 0.715, "eda": 3.4391, "acc_x": 2.1621, "acc_y": 1.8737, "acc_z": 1.4728, "temp": 2.605}, "min": {"bvp": 0.6794, "eda": 2.5604, "acc_x": 2.1034, "acc_y": 1.4555, "acc_z": 1.4225, "temp": 2.3552}}, "1003": {"mean": {"bvp": 0.7108, "eda": 3.3274, "acc_x": 2.0015, "acc_y": 1.7431, "acc_z": 1.8464, "temp": 2.5914}, "min": {"bvp": 0.6415, "eda": 2.3908, "acc_x": 1.906, "acc_y": 1.438, "acc_z": 1.7973, "temp": 2.2847}}, "1004": {"mean": {"bvp": 0.6967, "eda": 3.2151, "acc_x": 2.0491, "acc_y": 1.9761, "acc_z": 1.4522, "temp": 2.8106}, "min": {"bvp": 0.6462, "eda": 2.4626, "acc_x": 1.9681, "acc_y": 1.4932, "acc_z": 1.4336, "temp": 2.6417}}, "1005": {"mean": {"bvp": 1.5629, "eda": 3.2511, "acc_x": 2.175, "acc_y": 1.744, "acc_z": 1.8568, "temp": 2.533}, "min": {"bvp": 1.4082, "eda": 2.4701, "acc_x": 2.076, "acc_y": 1.4518, "acc_z": 1.734, "temp": 2.2967}}, "1006": {"mean": {"bvp": 0.5753, "eda": 3.0908, "acc_x": 2.3677, "acc_y": 1.7873, "acc_z": 1.914, "temp": 2.899}, "min": {"bvp": 0.5249, "eda": 2.4127, "acc_x": 2.1394, "acc_y": 1.4873, "acc_z": 1.8792, "temp": 2.6849}}, "1007": {"mean": {"bvp": 0.5101, "eda": 3.211, "acc_x": 2.1499, "acc_y": 1.5758, "acc_z": 1.936, "temp": 2.5184}, "min": {"bvp": 0.4101, "eda": 2.7181, "acc_x": 2.1002, "acc_y": 1.0846, "acc_z": 1.7216, "temp": 2.0432}}, "1008": {"mean": {"bvp": 0.4975, "eda": 3.2971, "acc_x": 2.1644, "acc_y": 1.9243, "acc_z": 1.5916, "temp": 2.606}, "min": {"bvp": 0.447, "eda": 2.529, "acc_x": 2.0868, "acc_y": 1.5555, "acc_z": 1.547, "temp": 2.3555}}, "1009": {"mean": {"bvp": 0.6124, "eda": 3.2756, "acc_x": 2.0121, "acc_y": 1.5035, "acc_z": 1.9104, "temp": 2.5994}, "min": {"bvp": 0.457, "eda": 2.6717, "acc_x": 1.9097, "acc_y": 1.2588, "acc_z": 1.8524, "temp": 2.4415}}, "1010": {"mean": {"bvp": 0.4914, "eda": 3.0903, "acc_x": 1.8782, "acc_y": 1.8669, "acc_z": 2.2092, "temp": 2.6958}, "min": {"bvp": 0.4667, "eda": 2.6841, "acc_x": 1.8398, "acc_y": 1.4637, "acc_z": 2.0913, "temp": 2.4961}}, "1011": {"mean": {"bvp": 0.8172, "eda": 3.3878, "acc_x": 1.928, "acc_y": 1.4231, "acc_z": 2.1244, "temp": 2.719}, "min": {"bvp": 0.7467, "eda": 2.6224, "acc_x": 1.8189, "acc_y": 1.1316, "acc_z": 2.0135, "temp": 2.6261}}, "1012": {"mean": {"bvp": 0.5816, "eda": 3.2238, "acc_x": 2.1561, "acc_y": 1.6559, "acc_z": 2.0817, "temp": 2.2626}, "min": {"bvp": 0.5182, "eda": 2.3056, "acc_x": 2.1301, "acc_y": 1.3121, "acc_z": 1.9886, "temp": 1.7603}}, "1013": {"mean": {"bvp": 0.4139, "eda": 3.3561, "acc_x": 1.9428, "acc_y": 1.8468, "acc_z": 2.2445, "temp": 2.6366}, "min": {"bvp": 0.3556, "eda": 1.837, "acc_x": 1.8331, "acc_y": 1.5247, "acc_z": 2.1257, "temp": 2.5018}}, "1014": {"mean": {"bvp": 0.6745, "eda": 3.3347, "acc_x": 1.6689, "acc_y": 1.5212, "acc_z": 1.649, "temp": 2.5457}, "min": {"bvp": 0.5236, "eda": 2.6809, "acc_x": 1.6172, "acc_y": 1.2174, "acc_z": 1.5786, "temp": 2.3438}}, "1015": {"mean": {"bvp": 0.3882, "eda": 3.3445, "acc_x": 1.896, "acc_y": 1.5962, "acc_z": 1.727, "temp": 2.4658}, "min": {"bvp": 0.3544, "eda": 2.449, "acc_x": 1.8439, "acc_y": 1.2601, "acc_z": 1.7015, "temp": 2.3395}}}, "1002": {"1001": {"mean": {"bvp": 0.3565, "eda": 2.7521, "acc_x": 2.0323, "acc_y": 1.7357, "acc_z": 2.1356, "temp": 2.5774}, "min": {"bvp": 0.3374, "eda": 2.1119, "acc_x": 1.8624, "acc_y": 1.7085, "acc_z": 1.9657, "temp": 2.3348}}, "1002": {"mean": {"bvp": 0.7274, "eda": 2.7935, "acc_x": 2.0375, "acc_y": 1.6541, "acc_z": 1.6448, "temp": 2.2676}, "min": {"bvp": 0.7021, "eda": 2.0985, "acc_x": 1.7209, "acc_y": 1.3742, "acc_z": 1.5361, "temp": 2.0476}}, "1003": {"mean": {"bvp": 0.6286, "eda": 2.6939, "acc_x": 1.8595, "acc_y": 1.5442, "acc_z": 1.9407, "temp": 2.1475}, "min": {"bvp": 0.6148, "eda": 2.0689, "acc_x": 1.7525, "acc_y": 1.4675, "acc_z": 1.8308, "temp": 2.0298}}, "1004": {"mean": {"bvp": 0.6419, "eda": 2.6158, "acc_x": 1.9852, "acc_y": 1.6892, "acc_z": 1.7235, "temp": 2.5324}, "min": {"bvp": 0.592, "eda": 2.0437, "acc_x": 1.8238, "acc_y": 1.4674, "acc_z": 1.5715, "temp": 2.385}}, "1005": {"mean": {"bvp": 1.3011, "eda": 2.6576, "acc_x": 2.1607, "acc_y": 1.5659, "acc_z": 1.8698, "temp": 2.2808}, "min": {"bvp": 1.0647, "eda": 2.117, "acc_x": 1.9495, "acc_y": 1.4047, "acc_z": 1.7757, "temp": 2.2705}}, "1006": {"mean": {"bvp": 0.5493, "eda": 2.5102, "acc_x": 2.1981, "acc_y": 1.6353, "acc_z": 2.2534, "temp": 2.5729}, "min": {"bvp": 0.5065, "eda": 1.9798, "acc_x": 2.153, "acc_y": 1.5524, "acc_z": 2.1208, "temp": 2.3836}}, "1007": {"mean": {"bvp": 0.4235, "eda": 2.6502, "acc_x": 2.0558, "acc_y": 1.4349, "acc_z": 1.9615, "temp": 1.8996}, "min": {"bvp": 0.4124, "eda": 2.1413, "acc_x": 1.9117, "acc_y": 1.2044, "acc_z": 1.6612, "temp": 1.7481}}, "1008": {"mean": {"bvp": 0.4746, "eda": 2.6775, "acc_x": 2.0676, "acc_y": 1.7595, "acc_z": 1.7523, "temp": 2.267}, "min": {"bvp": 0.4439, "eda": 2.0811, "acc_x": 2.029, "acc_y": 1.6322, "acc_z": 1.6175, "temp": 2.0195}}, "1009": {"mean": {"bvp": 0.4691, "eda": 2.6882, "acc_x": 2.0689, "acc_y": 1.3022, "acc_z": 2.0783, "temp": 2.478}, "min": {"bvp": 0.4143, "eda": 2.1201, "acc_x": 1.8766, "acc_y": 1.239, "acc_z": 1.8912, "temp": 2.406}}, "1010": {"mean": {"bvp": 0.4938, "eda": 2.5444, "acc_x": 1.8905, "acc_y": 1.7393, "acc_z": 2.2529, "temp": 2.4171}, "min": {"bvp": 0.4678, "eda": 2.0414, "acc_x": 1.6584, "acc_y": 1.6122, "acc_z": 2.0545, "temp": 2.2931}}, "1011": {"mean": {"bvp": 0.7385, "eda": 2.7917, "acc_x": 1.9957, "acc_y": 1.2157, "acc_z": 2.2595, "temp": 2.6193}, "min": {"bvp": 0.725, "eda": 2.1926, "acc_x": 1.8297, "acc_y": 1.1736, "acc_z": 2.1276, "temp": 2.5344}}, "1012": {"mean": {"bvp": 0.5708, "eda": 2.5328, "acc_x": 1.9997, "acc_y": 1.4051, "acc_z": 2.1592, "temp": 1.7803}, "min": {"bvp": 0.5399, "eda": 1.7435, "acc_x": 1.7724, "acc_y": 1.3354, "acc_z": 1.9846, "temp": 1.7563}}, "1013": {"mean": {"bvp": 0.3843, "eda": 2.4774, "acc_x": 1.7106, "acc_y": 1.5671, "acc_z": 2.2769, "temp": 2.565}, "min": {"bvp": 0.3491, "eda": 1.3178, "acc_x": 1.6185, "acc_y": 1.4676, "acc_z": 2.1361, "temp": 2.3693}}, "1014": {"mean": {"bvp": 0.4659, "eda": 2.7748, "acc_x": 1.7014, "acc_y": 1.2407, "acc_z": 1.7536, "temp": 2.3946}, "min": {"bvp": 0.4204, "eda": 2.2376, "acc_x": 1.4309, "acc_y": 1.2179, "acc_z": 1.6859, "temp": 2.2559}}, "1015": {"mean": {"bvp": 0.4111, "eda": 2.7053, "acc_x": 1.7897, "acc_y": 1.4928, "acc_z": 1.8002, "temp": 2.3296}, "min": {"bvp": 0.3925, "eda": 2.0606, "acc_x": 1.7307, "acc_y": 1.4244, "acc_z": 1.6645, "temp": 2.2033}}}, "1003": {"1001": {"mean": {"bvp": 0.4156, "eda": 2.125, "acc_x": 1.9713, "acc_y": 1.7908, "acc_z": 2.109, "temp": 2.5258}, "min": {"bvp": 0.3372, "eda": 1.3255, "acc_x": 1.7158, "acc_y": 1.712, "acc_z": 1.981, "temp": 2.2599}}, "1002": {"mean": {"bvp": 0.7256, "eda": 2.3823, "acc_x": 2.3116, "acc_y": 1.6113, "acc_z": 1.5984, "temp": 2.4086}, "min": {"bvp": 0.6347, "eda": 1.9132, "acc_x": 1.8161, "acc_y": 1.58, "acc_z": 1.5156, "temp": 2.1116}}, "1003": {"mean": {"bvp": 0.6411, "eda": 2.1823, "acc_x": 2.1653, "acc_y": 1.5534, "acc_z": 1.9387, "temp": 2.3398}, "min": {"bvp": 0.5791, "eda": 1.6615, "acc_x": 1.765, "acc_y": 1.4873, "acc_z": 1.8824, "temp": 2.184}}, "1004": {"mean": {"bvp": 0.6965, "eda": 2.0655, "acc_x": 2.1479, "acc_y": 1.6152, "acc_z": 1.553, "temp": 2.5857}, "min": {"bvp": 0.6487, "eda": 1.4716, "acc_x": 1.9291, "acc_y": 1.4868, "acc_z": 1.5137, "temp": 2.5369}}, "1005": {"mean": {"bvp": 0.9853, "eda": 2.0014, "acc_x": 2.2789, "acc_y": 1.4956, "acc_z": 2.0971, "temp": 2.4674}, "min": {"bvp": 0.9688, "eda": 1.3005, "acc_x": 1.8358, "acc_y": 1.448, "acc_z": 1.8725, "temp": 2.4619}}, "1006": {"mean": {"bvp": 0.5849, "eda": 2.1907, "acc_x": 2.4027, "acc_y": 1.6428, "acc_z": 1.9341, "temp": 2.7433}, "min": {"bvp": 0.5229, "eda": 1.8019, "acc_x": 2.1604, "acc_y": 1.568, "acc_z": 1.8595, "temp": 2.4723}}, "1007": {"mean": {"bvp": 0.4314, "eda": 2.1059, "acc_x": 2.2438, "acc_y": 1.2823, "acc_z": 2.0812, "temp": 2.1652}, "min": {"bvp": 0.359, "eda": 1.4508, "acc_x": 1.8616, "acc_y": 1.1655, "acc_z": 1.8789, "temp": 1.8815}}, "1008": {"mean": {"bvp": 0.5188, "eda": 2.286, "acc_x": 2.1438, "acc_y": 1.7265, "acc_z": 1.7533, "temp": 2.5145}, "min": {"bvp": 0.4499, "eda": 1.8557, "acc_x": 1.9589, "acc_y": 1.5997, "acc_z": 1.6843, "temp": 2.3202}}, "1009": {"mean": {"bvp": 0.4016, "eda": 2.0366, "acc_x": 2.162, "acc_y": 1.4653, "acc_z": 1.991, "temp": 2.5106}, "min": {"bvp": 0.3184, "eda": 1.2634, "acc_x": 1.8398, "acc_y": 1.3924, "acc_z": 1.8974, "temp": 2.4455}}, "1010": {"mean": {"bvp": 0.5042, "eda": 1.9204, "acc_x": 2.0277, "acc_y": 1.6487, "acc_z": 2.3462, "temp": 2.5122}, "min": {"bvp": 0.4867, "eda": 1.1289, "acc_x": 1.685, "acc_y": 1.5329, "acc_z": 2.1938, "temp": 2.4958}}, "1011": {"mean": {"bvp": 0.7393, "eda": 2.2663, "acc_x": 2.0907, "acc_y": 1.2945, "acc_z": 2.2713, "temp": 2.7107}, "min": {"bvp": 0.6461, "eda": 1.6879, "acc_x": 1.7301, "acc_y": 1.1666, "acc_z": 2.1796, "temp": 2.6097}}, "1012": {"mean": {"bvp": 0.6074, "eda": 2.0389, "acc_x": 2.401, "acc_y": 1.4311, "acc_z": 2.1539, "temp": 2.0155}, "min": {"bvp": 0.5166, "eda": 1.4081, "acc_x": 1.9023, "acc_y": 1.3209, "acc_z": 2.0542, "temp": 1.8375}}, "1013": {"mean": {"bvp": 0.4456, "eda": 1.9954, "acc_x": 2.0459, "acc_y": 1.6682, "acc_z": 2.3679, "temp": 2.5813}, "min": {"bvp": 0.373, "eda": 1.4729, "acc_x": 1.8184, "acc_y": 1.6172, "acc_z": 2.1946, "temp": 2.5082}}, "1014": {"mean": {"bvp": 0.65, "eda": 2.2791, "acc_x": 1.6728, "acc_y": 1.3215, "acc_z": 1.8142, "temp": 2.4648}, "min": {"bvp": 0.4473, "eda": 1.7273, "acc_x": 1.5193, "acc_y": 1.1795, "acc_z": 1.7065, "temp": 2.1851}}, "1015": {"mean": {"bvp": 0.433, "eda": 2.0641, "acc_x": 1.9902, "acc_y": 1.4499, "acc_z": 1.8581, "temp": 2.5104}, "min": {"bvp": 0.3851, "eda": 1.3615, "acc_x": 1.6276, "acc_y": 1.3192, "acc_z": 1.5792, "temp": 2.3789}}}, "1004": {"1001": {"mean": {"bvp": 0.5341, "eda": 2.9358, "acc_x": 1.9615, "acc_y": 1.7404, "acc_z": 2.248, "temp": 2.4159}, "min": {"bvp": 0.4527, "eda": 1.2502, "acc_x": 1.902, "acc_y": 1.5989, "acc_z": 2.2139, "temp": 2.1898}}, "1002": {"mean": {"bvp": 0.6868, "eda": 3.3558, "acc_x": 2.147, "acc_y": 1.5438, "acc_z": 1.607, "temp": 2.4596}, "min": {"bvp": 0.6626, "eda": 1.9391, "acc_x": 1.996, "acc_y": 1.4139, "acc_z": 1.5379, "temp": 2.1544}}, "1003": {"mean": {"bvp": 0.9127, "eda": 3.1545, "acc_x": 2.1119, "acc_y": 1.5002, "acc_z": 1.9744, "temp": 2.3794}, "min": {"bvp": 0.7038, "eda": 1.5298, "acc_x": 1.9582, "acc_y": 1.4741, "acc_z": 1.9229, "temp": 2.1877}}, "1004": {"mean": {"bvp": 0.6239, "eda": 2.9968, "acc_x": 2.0935, "acc_y": 1.4627, "acc_z": 1.6107, "temp": 2.5046}, "min": {"bvp": 0.5898, "eda": 1.49, "acc_x": 1.8278, "acc_y": 1.3533, "acc_z": 1.5719, "temp": 2.408}}, "1005": {"mean": {"bvp": 1.8914, "eda": 2.9013, "acc_x": 2.1314, "acc_y": 1.4029, "acc_z": 2.1653, "temp": 2.4549}, "min": {"bvp": 1.4987, "eda": 1.1425, "acc_x": 1.9186, "acc_y": 1.2704, "acc_z": 2.0634, "temp": 2.3561}}, "1006": {"mean": {"bvp": 0.4987, "eda": 3.1426, "acc_x": 2.5123, "acc_y": 1.5584, "acc_z": 1.9755, "temp": 2.8023}, "min": {"bvp": 0.457, "eda": 2.1258, "acc_x": 2.4149, "acc_y": 1.527, "acc_z": 1.9372, "temp": 2.5393}}, "1007": {"mean": {"bvp": 0.7994, "eda": 2.8835, "acc_x": 2.2083, "acc_y": 1.2355, "acc_z": 2.3502, "temp": 2.3904}, "min": {"bvp": 0.5218, "eda": 1.4414, "acc_x": 2.1123, "acc_y": 1.0605, "acc_z": 2.2571, "temp": 2.0119}}, "1008": {"mean": {"bvp": 0.7048, "eda": 3.1951, "acc_x": 2.2715, "acc_y": 1.6744, "acc_z": 1.766, "temp": 2.5514}, "min": {"bvp": 0.5545, "eda": 1.8687, "acc_x": 2.1599, "acc_y": 1.5593, "acc_z": 1.7314, "temp": 2.4668}}, "1009": {"mean": {"bvp": 0.9579, "eda": 2.8595, "acc_x": 2.1056, "acc_y": 1.4627, "acc_z": 1.93, "temp": 2.4063}, "min": {"bvp": 0.5777, "eda": 1.1543, "acc_x": 2.006, "acc_y": 1.2635, "acc_z": 1.7855, "temp": 2.2697}}, "1010": {"mean": {"bvp": 0.5013, "eda": 2.6961, "acc_x": 1.8552, "acc_y": 1.5741, "acc_z": 2.3545, "temp": 2.4745}, "min": {"bvp": 0.474, "eda": 1.2176, "acc_x": 1.6136, "acc_y": 1.4547, "acc_z": 2.2879, "temp": 2.4048}}, "1011": {"mean": {"bvp": 1.0413, "eda": 3.1231, "acc_x": 1.9627, "acc_y": 1.186, "acc_z": 2.2852, "temp": 2.593}, "min": {"bvp": 0.8477, "eda": 1.4624, "acc_x": 1.9477, "acc_y": 1.0824, "acc_z": 2.2414, "temp": 2.5315}}, "1012": {"mean": {"bvp": 0.5017, "eda": 2.9838, "acc_x": 2.1351, "acc_y": 1.3722, "acc_z": 2.111, "temp": 2.1807}, "min": {"bvp": 0.4611, "eda": 1.2289, "acc_x": 1.9732, "acc_y": 1.2859, "acc_z": 1.9848, "temp": 1.8864}}, "1013": {"mean": {"bvp": 0.6389, "eda": 3.3428, "acc_x": 2.0947, "acc_y": 1.6728, "acc_z": 2.5611, "temp": 2.6581}, "min": {"bvp": 0.4696, "eda": 1.4439, "acc_x": 1.7594, "acc_y": 1.6109, "acc_z": 2.5071, "temp": 2.5195}}, "1014": {"mean": {"bvp": 0.4233, "eda": 3.1338, "acc_x": 1.6884, "acc_y": 1.3571, "acc_z": 1.7833, "temp": 2.4356}, "min": {"bvp": 0.3939, "eda": 1.7015, "acc_x": 1.3731, "acc_y": 1.3257, "acc_z": 1.7347, "temp": 2.2324}}, "1015": {"mean": {"bvp": 0.3793, "eda": 2.9986, "acc_x": 2.0212, "acc_y": 1.3426, "acc_z": 1.9247, "temp": 2.4806}, "min": {"bvp": 0.3517, "eda": 1.1237, "acc_x": 1.8939, "acc_y": 1.273, "acc_z": 1.8701, "temp": 2.4451}}}, "1005": {"1001": {"mean": {"bvp": 1.0282, "eda": 4.9622, "acc_x": 1.9853, "acc_y": 1.6265, "acc_z": 2.1319, "temp": 2.569}, "min": {"bvp": 0.6467, "eda": 4.512, "acc_x": 1.9312, "acc_y": 1.607, "acc_z": 1.951, "temp": 2.2659}}, "1002": {"mean": {"bvp": 1.5289, "eda": 5.1897, "acc_x": 2.3802, "acc_y": 1.6259, "acc_z": 1.6334, "temp": 2.3766}, "min": {"bvp": 1.1659, "eda": 4.7501, "acc_x": 2.2838, "acc_y": 1.5927, "acc_z": 1.4992, "temp": 2.2236}}, "1003": {"mean": {"bvp": 0.9465, "eda": 5.1388, "acc_x": 2.0862, "acc_y": 1.44, "acc_z": 1.952, "temp": 2.2449}, "min": {"bvp": 0.6919, "eda": 4.6825, "acc_x": 1.9946, "acc_y": 1.3903, "acc_z": 1.7382, "temp": 2.178}}, "1004": {"mean": {"bvp": 1.7582, "eda": 4.9437, "acc_x": 2.0874, "acc_y": 1.5968, "acc_z": 1.6299, "temp": 2.4501}, "min": {"bvp": 1.3502, "eda": 4.4829, "acc_x": 1.9478, "acc_y": 1.5266, "acc_z": 1.5619, "temp": 2.3576}}, "1005": {"mean": {"bvp": 0.8368, "eda": 4.9851, "acc_x": 2.3989, "acc_y": 1.4337, "acc_z": 1.8176, "temp": 2.3577}, "min": {"bvp": 0.8328, "eda": 4.5225, "acc_x": 2.2866, "acc_y": 1.3505, "acc_z": 1.5726, "temp": 2.2814}}, "1006": {"mean": {"bvp": 1.6613, "eda": 4.7426, "acc_x": 2.3509, "acc_y": 1.6215, "acc_z": 2.0978, "temp": 2.7328}, "min": {"bvp": 1.2648, "eda": 4.3053, "acc_x": 2.3476, "acc_y": 1.5849, "acc_z": 2.0261, "temp": 2.5982}}, "1007": {"mean": {"bvp": 0.7329, "eda": 4.758, "acc_x": 2.2494, "acc_y": 1.306, "acc_z": 1.9635, "temp": 2.1214}, "min": {"bvp": 0.445, "eda": 4.313, "acc_x": 2.1459, "acc_y": 1.1845, "acc_z": 1.6972, "temp": 2.0558}}, "1008": {"mean": {"bvp": 0.9388, "eda": 4.9795, "acc_x": 2.1652, "acc_y": 1.6729, "acc_z": 1.7164, "temp": 2.4581}, "min": {"bvp": 0.607, "eda": 4.5298, "acc_x": 2.0997, "acc_y": 1.6502, "acc_z": 1.6041, "temp": 2.4445}}, "1009": {"mean": {"bvp": 0.58, "eda": 4.9024, "acc_x": 2.1243, "acc_y": 1.2635, "acc_z": 1.9044, "temp": 2.4279}, "min": {"bvp": 0.4144, "eda": 4.4501, "acc_x": 2.0219, "acc_y": 1.2091, "acc_z": 1.7569, "temp": 2.3917}}, "1010": {"mean": {"bvp": 1.4327, "eda": 4.6141, "acc_x": 2.0194, "acc_y": 1.6762, "acc_z": 2.2535, "temp": 2.3717}, "min": {"bvp": 1.0518, "eda": 4.1613, "acc_x": 1.8683, "acc_y": 1.6345, "acc_z": 2.1245, "temp": 2.2851}}, "1011": {"mean": {"bvp": 0.951, "eda": 5.0879, "acc_x": 2.1416, "acc_y": 1.0997, "acc_z": 2.2236, "temp": 2.6772}, "min": {"bvp": 0.7477, "eda": 4.6489, "acc_x": 2.0129, "acc_y": 1.064, "acc_z": 1.946, "temp": 2.6492}}, "1012": {"mean": {"bvp": 1.6886, "eda": 5.0317, "acc_x": 2.4101, "acc_y": 1.3277, "acc_z": 2.0469, "temp": 1.9121}, "min": {"bvp": 1.2889, "eda": 4.5898, "acc_x": 2.2995, "acc_y": 1.2882, "acc_z": 1.9029, "temp": 1.7803}}, "1013": {"mean": {"bvp": 0.9006, "eda": 5.5219, "acc_x": 1.9507, "acc_y": 1.5356, "acc_z": 2.1724, "temp": 2.6198}, "min": {"bvp": 0.5498, "eda": 5.0679, "acc_x": 1.8271, "acc_y": 1.5024, "acc_z": 2.0198, "temp": 2.4747}}, "1014": {"mean": {"bvp": 1.9771, "eda": 4.9592, "acc_x": 1.6167, "acc_y": 1.121, "acc_z": 1.8379, "temp": 2.4246}, "min": {"bvp": 1.56, "eda": 4.5229, "acc_x": 1.5315, "acc_y": 1.0803, "acc_z": 1.6634, "temp": 2.2301}}, "1015": {"mean": {"bvp": 1.4495, "eda": 5.1449, "acc_x": 1.9479, "acc_y": 1.396, "acc_z": 1.8086, "temp": 2.4713}, "min": {"bvp": 1.0498, "eda": 4.6878, "acc_x": 1.8816, "acc_y": 1.3431, "acc_z": 1.6412, "temp": 2.2992}}}, "1006": {"1001": {"mean": {"bvp": 0.5431, "eda": 3.129, "acc_x": 2.4283, "acc_y": 1.7178, "acc_z": 1.9995, "temp": 2.6859}, "min": {"bvp": 0.3914, "eda": 2.4553, "acc_x": 2.0348, "acc_y": 1.6163, "acc_z": 1.9414, "temp": 2.4954}}, "1002": {"mean": {"bvp": 0.6849, "eda": 3.2412, "acc_x": 2.2092, "acc_y": 1.4175, "acc_z": 1.542, "temp": 2.7695}, "min": {"bvp": 0.663, "eda": 2.3316, "acc_x": 1.9468, "acc_y": 1.3739, "acc_z": 1.4699, "temp": 2.4418}}, "1003": {"mean": {"bvp": 0.9318, "eda": 3.1139, "acc_x": 2.1079, "acc_y": 1.4352, "acc_z": 1.9215, "temp": 2.6319}, "min": {"bvp": 0.6906, "eda": 2.1395, "acc_x": 1.8524, "acc_y": 1.2374, "acc_z": 1.854, "temp": 2.2843}}, "1004": {"mean": {"bvp": 0.6363, "eda": 2.9804, "acc_x": 2.1984, "acc_y": 1.3838, "acc_z": 1.4857, "temp": 2.819}, "min": {"bvp": 0.622, "eda": 2.1746, "acc_x": 2.0658, "acc_y": 1.3527, "acc_z": 1.4754, "temp": 2.4916}}, "1005": {"mean": {"bvp": 1.9309, "eda": 3.015, "acc_x": 2.4748, "acc_y": 1.4549, "acc_z": 1.9482, "temp": 2.5476}, "min": {"bvp": 1.5505, "eda": 2.168, "acc_x": 2.3075, "acc_y": 1.3486, "acc_z": 1.8696, "temp": 2.2347}}, "1006": {"mean": {"bvp": 0.5, "eda": 2.8325, "acc_x": 2.4844, "acc_y": 1.5788, "acc_z": 1.9029, "temp": 3.0689}, "min": {"bvp": 0.495, "eda": 2.0637, "acc_x": 2.2346, "acc_y": 1.3308, "acc_z": 1.8211, "temp": 2.7744}}, "1007": {"mean": {"bvp": 0.8187, "eda": 2.9551, "acc_x": 2.4034, "acc_y": 1.2613, "acc_z": 1.9944, "temp": 2.6877}, "min": {"bvp": 0.4996, "eda": 2.3425, "acc_x": 2.1057, "acc_y": 1.0413, "acc_z": 1.8432, "temp": 2.112}}, "1008": {"mean": {"bvp": 0.7155, "eda": 3.0593, "acc_x": 2.3638, "acc_y": 1.5367, "acc_z": 1.6514, "temp": 2.7287}, "min": {"bvp": 0.501, "eda": 2.2272, "acc_x": 2.0821, "acc_y": 1.4132, "acc_z": 1.6174, "temp": 2.3954}}, "1009": {"mean": {"bvp": 0.9971, "eda": 3.0435, "acc_x": 2.4681, "acc_y": 1.385, "acc_z": 1.9425, "temp": 2.6326}, "min": {"bvp": 0.6086, "eda": 2.3434, "acc_x": 2.1586, "acc_y": 1.162, "acc_z": 1.9028, "temp": 2.3819}}, "1010": {"mean": {"bvp": 0.4999, "eda": 2.8333, "acc_x": 2.1941, "acc_y": 1.5874, "acc_z": 2.2355, "temp": 2.7516}, "min": {"bvp": 0.4766, "eda": 2.2923, "acc_x": 2.0541, "acc_y": 1.3619, "acc_z": 2.1869, "temp": 2.3961}}, "1011": {"mean": {"bvp": 1.0511, "eda": 3.1434, "acc_x": 2.3562, "acc_y": 1.3729, "acc_z": 2.1836, "temp": 2.6936}, "min": {"bvp": 0.7985, "eda": 2.3468, "acc_x": 2.0357, "acc_y": 1.1783, "acc_z": 2.1227, "temp": 2.4796}}, "1012": {"mean": {"bvp": 0.504, "eda": 3.0388, "acc_x": 2.2493, "acc_y": 1.3099, "acc_z": 2.1235, "temp": 2.3725}, "min": {"bvp": 0.4928, "eda": 2.1129, "acc_x": 1.9618, "acc_y": 1.141, "acc_z": 2.0787, "temp": 1.7323}}, "1013": {"mean": {"bvp": 0.6432, "eda": 3.2013, "acc_x": 1.9069, "acc_y": 1.4927, "acc_z": 2.2895, "temp": 2.5151}, "min": {"bvp": 0.3998, "eda": 1.694, "acc_x": 1.7573, "acc_y": 1.4101, "acc_z": 2.2166, "temp": 2.4743}}, "1014": {"mean": {"bvp": 0.4217, "eda": 3.0947, "acc_x": 1.9111, "acc_y": 1.2369, "acc_z": 1.6711, "temp": 2.7068}, "min": {"bvp": 0.3871, "eda": 2.393, "acc_x": 1.7432, "acc_y": 1.1416, "acc_z": 1.5933, "temp": 2.4391}}, "1015": {"mean": {"bvp": 0.3642, "eda": 3.115, "acc_x": 2.1951, "acc_y": 1.5182, "acc_z": 1.6833, "temp": 2.4143}, "min": {"bvp": 0.3536, "eda": 2.1933, "acc_x": 1.8345, "acc_y": 1.2814, "acc_z": 1.5639, "temp": 2.2482}}}, "1007": {"1001": {"mean": {"bvp": 0.4051, "eda": 2.297, "acc_x": 1.9221, "acc_y": 1.7382, "acc_z": 2.1098, "temp": 3.0637}, "min": {"bvp": 0.3701, "eda": 1.2674, "acc_x": 1.7652, "acc_y": 1.6157, "acc_z": 2.0044, "temp": 2.133}}, "1002": {"mean": {"bvp": 0.9342, "eda": 2.7968, "acc_x": 1.9415, "acc_y": 1.5086, "acc_z": 1.5742, "temp": 3.2438}, "min": {"bvp": 0.8561, "eda": 1.8432, "acc_x": 1.8544, "acc_y": 1.4882, "acc_z": 1.456, "temp": 2.0774}}, "1003": {"mean": {"bvp": 0.6431, "eda": 2.5418, "acc_x": 1.9241, "acc_y": 1.4914, "acc_z": 1.8727, "temp": 3.0958}, "min": {"bvp": 0.6167, "eda": 1.4377, "acc_x": 1.7517, "acc_y": 1.4373, "acc_z": 1.826, "temp": 2.0134}}, "1004": {"mean": {"bvp": 1.0546, "eda": 2.3856, "acc_x": 1.8771, "acc_y": 1.4538, "acc_z": 1.6535, "temp": 3.1525}, "min": {"bvp": 0.9229, "eda": 1.3846, "acc_x": 1.7326, "acc_y": 1.3852, "acc_z": 1.579, "temp": 2.1426}}, "1005": {"mean": {"bvp": 1.0285, "eda": 2.2725, "acc_x": 2.16, "acc_y": 1.4261, "acc_z": 1.7886, "temp": 3.1067}, "min": {"bvp": 0.9655, "eda": 1.1665, "acc_x": 1.6633, "acc_y": 1.3186, "acc_z": 1.7268, "temp": 2.2493}}, "1006": {"mean": {"bvp": 0.9436, "eda": 2.62, "acc_x": 2.3186, "acc_y": 1.5781, "acc_z": 2.1627, "temp": 3.4999}, "min": {"bvp": 0.8062, "eda": 1.7192, "acc_x": 2.0131, "acc_y": 1.529, "acc_z": 2.0554, "temp": 2.3479}}, "1007": {"mean": {"bvp": 0.3758, "eda": 2.3258, "acc_x": 2.0283, "acc_y": 1.1473, "acc_z": 1.71, "temp": 3.1986}, "min": {"bvp": 0.3433, "eda": 1.4086, "acc_x": 1.8486, "acc_y": 1.0997, "acc_z": 1.6997, "temp": 1.7736}}, "1008": {"mean": {"bvp": 0.4717, "eda": 2.6706, "acc_x": 2.0604, "acc_y": 1.6244, "acc_z": 1.7099, "temp": 3.2331}, "min": {"bvp": 0.4711, "eda": 1.7077, "acc_x": 1.8808, "acc_y": 1.5776, "acc_z": 1.6738, "temp": 2.3149}}, "1009": {"mean": {"bvp": 0.3307, "eda": 2.2548, "acc_x": 1.9324, "acc_y": 1.4021, "acc_z": 1.929, "temp": 3.0152}, "min": {"bvp": 0.3196, "eda": 1.2035, "acc_x": 1.7974, "acc_y": 1.3071, "acc_z": 1.8524, "temp": 2.1236}}, "1010": {"mean": {"bvp": 0.7369, "eda": 2.1299, "acc_x": 1.8184, "acc_y": 1.5474, "acc_z": 2.1766, "temp": 3.1523}, "min": {"bvp": 0.617, "eda": 1.1369, "acc_x": 1.5574, "acc_y": 1.4904, "acc_z": 2.1409, "temp": 2.2247}}, "1011": {"mean": {"bvp": 0.7066, "eda": 2.4785, "acc_x": 1.9251, "acc_y": 1.1818, "acc_z": 2.1916, "temp": 3.1604}, "min": {"bvp": 0.6792, "eda": 1.3194, "acc_x": 1.7355, "acc_y": 1.1384, "acc_z": 2.1552, "temp": 2.5329}}, "1012": {"mean": {"bvp": 0.9753, "eda": 2.3667, "acc_x": 2.0219, "acc_y": 1.3634, "acc_z": 2.0699, "temp": 3.0649}, "min": {"bvp": 0.8515, "eda": 1.3155, "acc_x": 1.9103, "acc_y": 1.3519, "acc_z": 2.0515, "temp": 1.8617}}, "1013": {"mean": {"bvp": 0.3833, "eda": 2.5326, "acc_x": 1.7651, "acc_y": 1.5825, "acc_z": 2.2211, "temp": 2.9766}, "min": {"bvp": 0.3823, "eda": 1.2608, "acc_x": 1.6329, "acc_y": 1.5311, "acc_z": 2.1921, "temp": 2.4855}}, "1014": {"mean": {"bvp": 1.2191, "eda": 2.5629, "acc_x": 1.6234, "acc_y": 1.2559, "acc_z": 1.7453, "temp": 3.1751}, "min": {"bvp": 1.0733, "eda": 1.5117, "acc_x": 1.398, "acc_y": 1.1741, "acc_z": 1.6825, "temp": 2.1458}}, "1015": {"mean": {"bvp": 0.7204, "eda": 2.2676, "acc_x": 1.8418, "acc_y": 1.3157, "acc_z": 1.7119, "temp": 2.9777}, "min": {"bvp": 0.5948, "eda": 1.0422, "acc_x": 1.6495, "acc_y": 1.2727, "acc_z": 1.6324, "temp": 2.3934}}}, "1008": {"1001": {"mean": {"bvp": 0.3539, "eda": 3.2071, "acc_x": 2.6406, "acc_y": 1.7591, "acc_z": 2.3717, "temp": 2.3822}, "min": {"bvp": 0.31, "eda": 2.4907, "acc_x": 1.9093, "acc_y": 1.7069, "acc_z": 2.0956, "temp": 2.1474}}, "1002": {"mean": {"bvp": 0.7367, "eda": 3.3236, "acc_x": 2.5859, "acc_y": 1.8633, "acc_z": 1.8588, "temp": 2.4038}, "min": {"bvp": 0.7142, "eda": 2.3997, "acc_x": 2.1819, "acc_y": 1.7551, "acc_z": 1.6532, "temp": 2.2819}}, "1003": {"mean": {"bvp": 0.6158, "eda": 3.2273, "acc_x": 2.4176, "acc_y": 1.5772, "acc_z": 2.2351, "temp": 2.3228}, "min": {"bvp": 0.5971, "eda": 2.2814, "acc_x": 1.9006, "acc_y": 1.5328, "acc_z": 1.9935, "temp": 2.2364}}, "1004": {"mean": {"bvp": 0.7658, "eda": 3.0924, "acc_x": 2.3043, "acc_y": 1.8887, "acc_z": 1.713, "temp": 2.502}, "min": {"bvp": 0.6921, "eda": 2.2588, "acc_x": 1.9293, "acc_y": 1.8253, "acc_z": 1.5301, "temp": 2.451}}, "1005": {"mean": {"bvp": 1.1923, "eda": 3.1152, "acc_x": 2.6545, "acc_y": 1.663, "acc_z": 2.4748, "temp": 2.2931}, "min": {"bvp": 1.0081, "eda": 2.2629, "acc_x": 2.2928, "acc_y": 1.5892, "acc_z": 2.016, "temp": 2.1057}}, "1006": {"mean": {"bvp": 0.6526, "eda": 2.9451, "acc_x": 2.9868, "acc_y": 1.7036, "acc_z": 1.9705, "temp": 2.7297}, "min": {"bvp": 0.5923, "eda": 2.1325, "acc_x": 2.1518, "acc_y": 1.6513, "acc_z": 1.9133, "temp": 2.6064}}, "1007": {"mean": {"bvp": 0.3906, "eda": 3.0352, "acc_x": 2.6977, "acc_y": 1.5664, "acc_z": 2.6691, "temp": 2.2902}, "min": {"bvp": 0.3633, "eda": 2.3559, "acc_x": 2.0987, "acc_y": 1.523, "acc_z": 2.182, "temp": 2.1622}}, "1008": {"mean": {"bvp": 0.4605, "eda": 3.1559, "acc_x": 2.9734, "acc_y": 1.8019, "acc_z": 1.9298, "temp": 2.4361}, "min": {"bvp": 0.431, "eda": 2.314, "acc_x": 1.9825, "acc_y": 1.7679, "acc_z": 1.667, "temp": 2.4006}}, "1009": {"mean": {"bvp": 0.3971, "eda": 3.1136, "acc_x": 2.6831, "acc_y": 1.3557, "acc_z": 2.1131, "temp": 2.4037}, "min": {"bvp": 0.3291, "eda": 2.3611, "acc_x": 2.0442, "acc_y": 1.2874, "acc_z": 1.961, "temp": 2.3382}}, "1010": {"mean": {"bvp": 0.5303, "eda": 2.8945, "acc_x": 2.2079, "acc_y": 1.852, "acc_z": 2.5261, "temp": 2.4263}, "min": {"bvp": 0.4998, "eda": 2.2623, "acc_x": 1.9319, "acc_y": 1.7849, "acc_z": 2.2429, "temp": 2.3524}}, "1011": {"mean": {"bvp": 0.7056, "eda": 3.3143, "acc_x": 2.5611, "acc_y": 1.2091, "acc_z": 2.4703, "temp": 2.5073}, "min": {"bvp": 0.6735, "eda": 2.5355, "acc_x": 2.047, "acc_y": 1.1446, "acc_z": 2.2602, "temp": 2.4002}}, "1012": {"mean": {"bvp": 0.6573, "eda": 3.1314, "acc_x": 2.6738, "acc_y": 1.4779, "acc_z": 2.3304, "temp": 1.9746}, "min": {"bvp": 0.5883, "eda": 2.1833, "acc_x": 2.1796, "acc_y": 1.4412, "acc_z": 2.1198, "temp": 1.6598}}, "1013": {"mean": {"bvp": 0.3756, "eda": 3.3624, "acc_x": 2.3, "acc_y": 1.6594, "acc_z": 2.7789, "temp": 2.5704}, "min": {"bvp": 0.3482, "eda": 2.0521, "acc_x": 1.7192, "acc_y": 1.6319, "acc_z": 2.3714, "temp": 2.526}}, "1014": {"mean": {"bvp": 0.8215, "eda": 3.2281, "acc_x": 1.901, "acc_y": 1.2263, "acc_z": 2.0247, "temp": 2.3587}, "min": {"bvp": 0.6987, "eda": 2.5044, "acc_x": 1.6213, "acc_y": 1.1632, "acc_z": 1.7596, "temp": 2.2149}}, "1015": {"mean": {"bvp": 0.4351, "eda": 3.2525, "acc_x": 2.5769, "acc_y": 1.5207, "acc_z": 2.1305, "temp": 2.3498}, "min": {"bvp": 0.3963, "eda": 2.3484, "acc_x": 1.7837, "acc_y": 1.4895, "acc_z": 1.768, "temp": 2.2471}}}, "1009": {"1001": {"mean": {"bvp": 0.4684, "eda": 1.9655, "acc_x": 2.3755, "acc_y": 1.8326, "acc_z": 2.1633, "temp": 2.3706}, "min": {"bvp": 0.3936, "eda": 1.4658, "acc_x": 1.879, "acc_y": 1.7995, "acc_z": 1.7728, "temp": 2.2175}}, "1002": {"mean": {"bvp": 1.0066, "eda": 2.186, "acc_x": 2.3021, "acc_y": 1.8201, "acc_z": 1.7026, "temp": 2.2424}, "min": {"bvp": 0.9422, "eda": 1.813, "acc_x": 1.9422, "acc_y": 1.7604, "acc_z": 1.4568, "temp": 2.1452}}, "1003": {"mean": {"bvp": 0.6344, "eda": 1.9673, "acc_x": 2.2832, "acc_y": 1.6451, "acc_z": 2.0323, "temp": 2.1748}, "min": {"bvp": 0.6105, "eda": 1.4761, "acc_x": 1.8895, "acc_y": 1.5276, "acc_z": 1.7949, "temp": 1.9872}}, "1004": {"mean": {"bvp": 1.1716, "eda": 1.9528, "acc_x": 2.2386, "acc_y": 1.8405, "acc_z": 1.6059, "temp": 2.4569}, "min": {"bvp": 1.0693, "eda": 1.5476, "acc_x": 1.8234, "acc_y": 1.7628, "acc_z": 1.3582, "temp": 2.3226}}, "1005": {"mean": {"bvp": 1.0106, "eda": 1.8176, "acc_x": 2.427, "acc_y": 1.7319, "acc_z": 2.2139, "temp": 2.2764}, "min": {"bvp": 0.9487, "eda": 1.2897, "acc_x": 1.9108, "acc_y": 1.6009, "acc_z": 1.8286, "temp": 2.1605}}, "1006": {"mean": {"bvp": 1.0591, "eda": 2.0057, "acc_x": 2.7403, "acc_y": 1.7046, "acc_z": 1.9401, "temp": 2.5587}, "min": {"bvp": 0.9514, "eda": 1.6923, "acc_x": 2.434, "acc_y": 1.5946, "acc_z": 1.7872, "temp": 2.444}}, "1007": {"mean": {"bvp": 0.3732, "eda": 1.9619, "acc_x": 2.5569, "acc_y": 1.5946, "acc_z": 2.2906, "temp": 1.9953}, "min": {"bvp": 0.3485, "eda": 1.5895, "acc_x": 2.0482, "acc_y": 1.2883, "acc_z": 1.6296, "temp": 1.6966}}, "1008": {"mean": {"bvp": 0.4998, "eda": 2.1073, "acc_x": 2.4575, "acc_y": 1.8047, "acc_z": 1.8018, "temp": 2.2738}, "min": {"bvp": 0.4664, "eda": 1.783, "acc_x": 2.1909, "acc_y": 1.6042, "acc_z": 1.5812, "temp": 2.1511}}, "1009": {"mean": {"bvp": 0.3505, "eda": 1.8754, "acc_x": 2.5219, "acc_y": 1.3975, "acc_z": 2.0537, "temp": 2.3557}, "min": {"bvp": 0.3319, "eda": 1.3879, "acc_x": 2.0043, "acc_y": 1.2931, "acc_z": 1.8467, "temp": 2.27}}, "1010": {"mean": {"bvp": 0.8467, "eda": 1.7769, "acc_x": 2.0988, "acc_y": 1.8136, "acc_z": 2.3665, "temp": 2.3865}, "min": {"bvp": 0.7442, "eda": 1.3728, "acc_x": 1.6071, "acc_y": 1.6361, "acc_z": 2.0291, "temp": 2.2817}}, "1011": {"mean": {"bvp": 0.7043, "eda": 1.9817, "acc_x": 2.3384, "acc_y": 1.3172, "acc_z": 2.279, "temp": 2.5554}, "min": {"bvp": 0.6875, "eda": 1.2431, "acc_x": 1.7812, "acc_y": 1.2674, "acc_z": 2.0304, "temp": 2.3884}}, "1012": {"mean": {"bvp": 1.0861, "eda": 1.8398, "acc_x": 2.3393, "acc_y": 1.5624, "acc_z": 2.2423, "temp": 1.8613}, "min": {"bvp": 0.9915, "eda": 1.3081, "acc_x": 1.9141, "acc_y": 1.4792, "acc_z": 2.0059, "temp": 1.7406}}, "1013": {"mean": {"bvp": 0.4166, "eda": 1.864, "acc_x": 2.1563, "acc_y": 1.6696, "acc_z": 2.5152, "temp": 2.5137}, "min": {"bvp": 0.3756, "eda": 1.3569, "acc_x": 1.7806, "acc_y": 1.6226, "acc_z": 2.0385, "temp": 2.4717}}, "1014": {"mean": {"bvp": 1.3443, "eda": 2.0381, "acc_x": 1.8165, "acc_y": 1.2963, "acc_z": 1.8229, "temp": 2.2688}, "min": {"bvp": 1.2367, "eda": 1.4492, "acc_x": 1.3237, "acc_y": 1.196, "acc_z": 1.6435, "temp": 2.1685}}, "1015": {"mean": {"bvp": 0.8334, "eda": 1.8283, "acc_x": 2.3639, "acc_y": 1.5396, "acc_z": 1.9402, "temp": 2.335}, "min": {"bvp": 0.7303, "eda": 1.1225, "acc_x": 1.974, "acc_y": 1.4088, "acc_z": 1.5439, "temp": 2.1973}}}, "1010": {"1001": {"mean": {"bvp": 0.3756, "eda": 3.7605, "acc_x": 1.9511, "acc_y": 1.7401, "acc_z": 2.1645, "temp": 2.9037}, "min": {"bvp": 0.3338, "eda": 2.5126, "acc_x": 1.739, "acc_y": 1.6184, "acc_z": 2.0971, "temp": 2.2729}}, "1002": {"mean": {"bvp": 0.6686, "eda": 3.8777, "acc_x": 2.1325, "acc_y": 1.5873, "acc_z": 1.552, "temp": 2.995}, "min": {"bvp": 0.643, "eda": 2.368, "acc_x": 2.0249, "acc_y": 1.388, "acc_z": 1.4512, "temp": 2.276}}, "1003": {"mean": {"bvp": 0.7874, "eda": 3.7649, "acc_x": 2.0245, "acc_y": 1.5108, "acc_z": 1.8474, "temp": 2.8655}, "min": {"bvp": 0.725, "eda": 2.1778, "acc_x": 1.7867, "acc_y": 1.4281, "acc_z": 1.7565, "temp": 2.1207}}, "1004": {"mean": {"bvp": 0.6634, "eda": 3.6371, "acc_x": 2.1047, "acc_y": 1.59, "acc_z": 1.6976, "temp": 3.0463}, "min": {"bvp": 0.628, "eda": 2.2219, "acc_x": 1.9841, "acc_y": 1.4203, "acc_z": 1.5883, "temp": 2.3165}}, "1005": {"mean": {"bvp": 1.7767, "eda": 3.6761, "acc_x": 2.262, "acc_y": 1.5028, "acc_z": 1.7118, "temp": 2.9039}, "min": {"bvp": 1.6778, "eda": 2.2369, "acc_x": 2.1301, "acc_y": 1.381, "acc_z": 1.5798, "temp": 2.3562}}, "1006": {"mean": {"bvp": 0.528, "eda": 3.4926, "acc_x": 2.3109, "acc_y": 1.572, "acc_z": 2.2033, "temp": 3.274}, "min": {"bvp": 0.4815, "eda": 2.1124, "acc_x": 2.2018, "acc_y": 1.5015, "acc_z": 2.0547, "temp": 2.6204}}, "1007": {"mean": {"bvp": 0.6425, "eda": 3.5973, "acc_x": 2.1306, "acc_y": 1.2987, "acc_z": 1.8534, "temp": 2.9157}, "min": {"bvp": 0.5582, "eda": 2.4168, "acc_x": 2.0628, "acc_y": 1.0737, "acc_z": 1.7888, "temp": 1.9383}}, "1008": {"mean": {"bvp": 0.5498, "eda": 3.7101, "acc_x": 2.0588, "acc_y": 1.6877, "acc_z": 1.7277, "temp": 2.9542}, "min": {"bvp": 0.4926, "eda": 2.2916, "acc_x": 1.9927, "acc_y": 1.5957, "acc_z": 1.7032, "temp": 2.309}}, "1009": {"mean": {"bvp": 0.8213, "eda": 3.6863, "acc_x": 2.0582, "acc_y": 1.3693, "acc_z": 2.0006, "temp": 2.87}, "min": {"bvp": 0.7159, "eda": 2.4099, "acc_x": 1.902, "acc_y": 1.2875, "acc_z": 1.9473, "temp": 2.3458}}, "1010": {"mean": {"bvp": 0.487, "eda": 3.4777, "acc_x": 2.0512, "acc_y": 1.5822, "acc_z": 2.2082, "temp": 3.0092}, "min": {"bvp": 0.4819, "eda": 2.3636, "acc_x": 1.9338, "acc_y": 1.5304, "acc_z": 2.1667, "temp": 2.2626}}, "1011": {"mean": {"bvp": 0.9067, "eda": 3.8031, "acc_x": 2.0048, "acc_y": 1.2303, "acc_z": 2.203, "temp": 2.9977}, "min": {"bvp": 0.8371, "eda": 2.38, "acc_x": 1.9169, "acc_y": 1.0667, "acc_z": 2.0865, "temp": 2.5851}}, "1012": {"mean": {"bvp": 0.5334, "eda": 3.6948, "acc_x": 2.0973, "acc_y": 1.3686, "acc_z": 2.0688, "temp": 2.7636}, "min": {"bvp": 0.4913, "eda": 2.1603, "acc_x": 1.9871, "acc_y": 1.3117, "acc_z": 2.0108, "temp": 1.9346}}, "1013": {"mean": {"bvp": 0.4648, "eda": 3.8211, "acc_x": 1.9152, "acc_y": 1.626, "acc_z": 2.1938, "temp": 2.8122}, "min": {"bvp": 0.4003, "eda": 1.5963, "acc_x": 1.6485, "acc_y": 1.5695, "acc_z": 2.1194, "temp": 2.4781}}, "1014": {"mean": {"bvp": 0.5052, "eda": 3.7425, "acc_x": 1.7152, "acc_y": 1.2651, "acc_z": 1.8097, "temp": 2.9508}, "min": {"bvp": 0.3901, "eda": 2.4362, "acc_x": 1.6107, "acc_y": 1.1392, "acc_z": 1.7121, "temp": 2.2754}}, "1015": {"mean": {"bvp": 0.3546, "eda": 3.7729, "acc_x": 1.8222, "acc_y": 1.3785, "acc_z": 1.7634, "temp": 2.7903}, "min": {"bvp": 0.3358, "eda": 2.216, "acc_x": 1.7402, "acc_y": 1.2797, "acc_z": 1.7264, "temp": 2.4524}}}, "1011": {"1001": {"mean": {"bvp": 0.4843, "eda": 3.9164, "acc_x": 1.8671, "acc_y": 1.8753, "acc_z": 2.0671, "temp": 3.1519}, "min": {"bvp": 0.3886, "eda": 2.7356, "acc_x": 1.8243, "acc_y": 1.7637, "acc_z": 1.8399, "temp": 2.1764}}, "1002": {"mean": {"bvp": 0.9576, "eda": 3.9747, "acc_x": 2.0882, "acc_y": 1.8062, "acc_z": 1.5567, "temp": 3.4885}, "min": {"bvp": 0.7495, "eda": 2.4975, "acc_x": 1.9775, "acc_y": 1.6459, "acc_z": 1.4134, "temp": 2.1386}}, "1003": {"mean": {"bvp": 0.6587, "eda": 3.8945, "acc_x": 1.8449, "acc_y": 1.7, "acc_z": 1.8663, "temp": 3.4614}, "min": {"bvp": 0.6264, "eda": 2.3611, "acc_x": 1.7986, "acc_y": 1.6083, "acc_z": 1.7417, "temp": 2.1115}}, "1004": {"mean": {"bvp": 1.0552, "eda": 3.7994, "acc_x": 1.9154, "acc_y": 1.8789, "acc_z": 1.6313, "temp": 3.5353}, "min": {"bvp": 0.7098, "eda": 2.4424, "acc_x": 1.8414, "acc_y": 1.5951, "acc_z": 1.4154, "temp": 2.4118}}, "1005": {"mean": {"bvp": 0.9051, "eda": 3.822, "acc_x": 2.1292, "acc_y": 1.7127, "acc_z": 1.7726, "temp": 3.3524}, "min": {"bvp": 0.8465, "eda": 2.4349, "acc_x": 2.0808, "acc_y": 1.603, "acc_z": 1.7557, "temp": 2.2959}}, "1006": {"mean": {"bvp": 0.963, "eda": 3.6441, "acc_x": 2.2076, "acc_y": 1.7643, "acc_z": 2.1268, "temp": 3.7418}, "min": {"bvp": 0.643, "eda": 2.4051, "acc_x": 2.1436, "acc_y": 1.6846, "acc_z": 1.8898, "temp": 2.5129}}, "1007": {"mean": {"bvp": 0.3987, "eda": 3.7645, "acc_x": 2.0378, "acc_y": 1.57, "acc_z": 1.8408, "temp": 3.592}, "min": {"bvp": 0.3384, "eda": 2.6795, "acc_x": 2.0103, "acc_y": 1.2143, "acc_z": 1.7158, "temp": 1.9}}, "1008": {"mean": {"bvp": 0.5277, "eda": 3.8432, "acc_x": 1.9995, "acc_y": 1.8547, "acc_z": 1.6567, "temp": 3.4121}, "min": {"bvp": 0.468, "eda": 2.5003, "acc_x": 1.9295, "acc_y": 1.658, "acc_z": 1.4774, "temp": 2.1824}}, "1009": {"mean": {"bvp": 0.3702, "eda": 3.8327, "acc_x": 1.9942, "acc_y": 1.4908, "acc_z": 1.9094, "temp": 3.2581}, "min": {"bvp": 0.3528, "eda": 2.617, "acc_x": 1.9658, "acc_y": 1.4253, "acc_z": 1.73, "temp": 2.2583}}, "1010": {"mean": {"bvp": 0.8017, "eda": 3.6574, "acc_x": 1.8189, "acc_y": 1.827, "acc_z": 2.1621, "temp": 3.5235}, "min": {"bvp": 0.5948, "eda": 2.6603, "acc_x": 1.7149, "acc_y": 1.6324, "acc_z": 2.0438, "temp": 2.3738}}, "1011": {"mean": {"bvp": 0.7094, "eda": 3.9694, "acc_x": 1.9006, "acc_y": 1.378, "acc_z": 2.1857, "temp": 3.2849}, "min": {"bvp": 0.6808, "eda": 2.6446, "acc_x": 1.7951, "acc_y": 1.2065, "acc_z": 2.0088, "temp": 2.4827}}, "1012": {"mean": {"bvp": 0.9818, "eda": 3.8086, "acc_x": 2.0541, "acc_y": 1.5661, "acc_z": 2.0341, "temp": 3.3709}, "min": {"bvp": 0.6516, "eda": 2.3283, "acc_x": 2.017, "acc_y": 1.4587, "acc_z": 1.9124, "temp": 1.8775}}, "1013": {"mean": {"bvp": 0.4571, "eda": 3.9262, "acc_x": 1.7155, "acc_y": 1.7505, "acc_z": 2.2064, "temp": 2.9138}, "min": {"bvp": 0.3765, "eda": 1.7582, "acc_x": 1.6772, "acc_y": 1.7127, "acc_z": 2.1484, "temp": 2.4796}}, "1014": {"mean": {"bvp": 1.1933, "eda": 3.9041, "acc_x": 1.4747, "acc_y": 1.385, "acc_z": 1.7223, "temp": 3.3502}, "min": {"bvp": 0.7693, "eda": 2.6923, "acc_x": 1.4372, "acc_y": 1.2225, "acc_z": 1.5625, "temp": 2.1784}}, "1015": {"mean": {"bvp": 0.7619, "eda": 3.9277, "acc_x": 1.7447, "acc_y": 1.5871, "acc_z": 1.6324, "temp": 3.0325}, "min": {"bvp": 0.4946, "eda": 2.4286, "acc_x": 1.7301, "acc_y": 1.5042, "acc_z": 1.4345, "temp": 2.4169}}}, "1012": {"1001": {"mean": {"bvp": 0.4429, "eda": 2.2434, "acc_x": 2.3114, "acc_y": 1.9758, "acc_z": 2.059, "temp": 2.5904}, "min": {"bvp": 0.4088, "eda": 1.8843, "acc_x": 1.9963, "acc_y": 1.9138, "acc_z": 1.9876, "temp": 2.4008}}, "1002": {"mean": {"bvp": 0.667, "eda": 2.3111, "acc_x": 2.6203, "acc_y": 1.5696, "acc_z": 1.7537, "temp": 2.4958}, "min": {"bvp": 0.6336, "eda": 2.1284, "acc_x": 2.0861, "acc_y": 1.4747, "acc_z": 1.4997, "temp": 2.3551}}, "1003": {"mean": {"bvp": 0.8203, "eda": 2.0829, "acc_x": 2.3874, "acc_y": 1.6995, "acc_z": 2.0053, "temp": 2.3972}, "min": {"bvp": 0.7275, "eda": 1.8244, "acc_x": 1.8239, "acc_y": 1.5805, "acc_z": 1.748, "temp": 2.2077}}, "1004": {"mean": {"bvp": 0.6515, "eda": 2.1295, "acc_x": 2.5733, "acc_y": 1.7387, "acc_z": 1.6079, "temp": 2.5853}, "min": {"bvp": 0.6273, "eda": 1.7224, "acc_x": 2.1526, "acc_y": 1.5119, "acc_z": 1.4678, "temp": 2.3311}}, "1005": {"mean": {"bvp": 1.7952, "eda": 2.0451, "acc_x": 2.7582, "acc_y": 1.6322, "acc_z": 1.9619, "temp": 2.4822}, "min": {"bvp": 1.6586, "eda": 1.7301, "acc_x": 2.2422, "acc_y": 1.5081, "acc_z": 1.7944, "temp": 2.3871}}, "1006": {"mean": {"bvp": 0.5051, "eda": 2.0851, "acc_x": 2.4734, "acc_y": 1.7346, "acc_z": 1.9719, "temp": 2.8346}, "min": {"bvp": 0.4788, "eda": 1.7344, "acc_x": 2.1601, "acc_y": 1.6826, "acc_z": 1.8808, "temp": 2.7115}}, "1007": {"mean": {"bvp": 0.6925, "eda": 2.2506, "acc_x": 2.4905, "acc_y": 1.4094, "acc_z": 2.0399, "temp": 2.3389}, "min": {"bvp": 0.5659, "eda": 1.8049, "acc_x": 2.0836, "acc_y": 1.2438, "acc_z": 1.6827, "temp": 2.0503}}, "1008": {"mean": {"bvp": 0.5979, "eda": 2.2951, "acc_x": 2.2213, "acc_y": 1.7762, "acc_z": 1.6812, "temp": 2.5244}, "min": {"bvp": 0.5157, "eda": 2.0174, "acc_x": 1.9824, "acc_y": 1.5766, "acc_z": 1.6069, "temp": 2.3399}}, "1009": {"mean": {"bvp": 0.8563, "eda": 2.1676, "acc_x": 2.4158, "acc_y": 1.6436, "acc_z": 2.031, "temp": 2.5056}, "min": {"bvp": 0.7064, "eda": 1.839, "acc_x": 2.0782, "acc_y": 1.5562, "acc_z": 1.9042, "temp": 2.3943}}, "1010": {"mean": {"bvp": 0.4991, "eda": 2.1432, "acc_x": 2.5707, "acc_y": 1.755, "acc_z": 2.2787, "temp": 2.5032}, "min": {"bvp": 0.4884, "eda": 1.6431, "acc_x": 2.1434, "acc_y": 1.6922, "acc_z": 2.1705, "temp": 2.2586}}, "1011": {"mean": {"bvp": 0.9541, "eda": 2.0352, "acc_x": 2.4776, "acc_y": 1.5751, "acc_z": 2.1911, "temp": 2.6674}, "min": {"bvp": 0.8757, "eda": 1.6158, "acc_x": 2.0932, "acc_y": 1.4905, "acc_z": 1.952, "temp": 2.591}}, "1012": {"mean": {"bvp": 0.4858, "eda": 1.9728, "acc_x": 2.582, "acc_y": 1.5666, "acc_z": 2.1905, "temp": 2.1303}, "min": {"bvp": 0.4622, "eda": 1.6799, "acc_x": 2.0384, "acc_y": 1.4231, "acc_z": 1.9549, "temp": 1.8232}}, "1013": {"mean": {"bvp": 0.5111, "eda": 1.6582, "acc_x": 2.3028, "acc_y": 1.7291, "acc_z": 2.3216, "temp": 2.5796}, "min": {"bvp": 0.4225, "eda": 1.4616, "acc_x": 1.8422, "acc_y": 1.6252, "acc_z": 2.2115, "temp": 2.5392}}, "1014": {"mean": {"bvp": 0.4385, "eda": 2.1448, "acc_x": 2.3209, "acc_y": 1.62, "acc_z": 1.7568, "temp": 2.5061}, "min": {"bvp": 0.3892, "eda": 1.7885, "acc_x": 1.9743, "acc_y": 1.52, "acc_z": 1.6179, "temp": 2.4063}}, "1015": {"mean": {"bvp": 0.3573, "eda": 1.9416, "acc_x": 2.1414, "acc_y": 1.682, "acc_z": 1.7951, "temp": 2.4212}, "min": {"bvp": 0.3381, "eda": 1.5119, "acc_x": 1.7302, "acc_y": 1.5697, "acc_z": 1.7328, "temp": 2.3852}}}, "1013": {"1001": {"mean": {"bvp": 0.3389, "eda": 2.9258, "acc_x": 1.9846, "acc_y": 1.8218, "acc_z": 2.1575, "temp": 2.8447}, "min": {"bvp": 0.3318, "eda": 1.4881, "acc_x": 1.7569, "acc_y": 1.6862, "acc_z": 1.8974, "temp": 2.1505}}, "1002": {"mean": {"bvp": 0.7689, "eda": 3.0965, "acc_x": 2.0226, "acc_y": 1.6317, "acc_z": 1.569, "temp": 3.0861}, "min": {"bvp": 0.7351, "eda": 1.9977, "acc_x": 1.8898, "acc_y": 1.4539, "acc_z": 1.4839, "temp": 2.1352}}, "1003": {"mean": {"bvp": 0.6126, "eda": 2.8958, "acc_x": 1.8887, "acc_y": 1.5832, "acc_z": 1.9018, "temp": 3.0121}, "min": {"bvp": 0.6058, "eda": 1.5873, "acc_x": 1.8496, "acc_y": 1.5059, "acc_z": 1.7626, "temp": 2.1295}}, "1004": {"mean": {"bvp": 0.7963, "eda": 2.8576, "acc_x": 1.9504, "acc_y": 1.5999, "acc_z": 1.6047, "temp": 3.1298}, "min": {"bvp": 0.6942, "eda": 1.5982, "acc_x": 1.8327, "acc_y": 1.4423, "acc_z": 1.4374, "temp": 2.4256}}, "1005": {"mean": {"bvp": 1.257, "eda": 2.8471, "acc_x": 2.1933, "acc_y": 1.5434, "acc_z": 1.861, "temp": 2.9582}, "min": {"bvp": 1.2113, "eda": 1.528, "acc_x": 2.0675, "acc_y": 1.4901, "acc_z": 1.7549, "temp": 2.2888}}, "1006": {"mean": {"bvp": 0.6814, "eda": 2.8402, "acc_x": 2.3351, "acc_y": 1.6895, "acc_z": 2.0492, "temp": 3.3666}, "min": {"bvp": 0.5772, "eda": 1.8723, "acc_x": 2.1633, "acc_y": 1.5749, "acc_z": 1.9712, "temp": 2.4936}}, "1007": {"mean": {"bvp": 0.3658, "eda": 2.8961, "acc_x": 2.0928, "acc_y": 1.3852, "acc_z": 1.8191, "temp": 3.1219}, "min": {"bvp": 0.3581, "eda": 1.6845, "acc_x": 2.0036, "acc_y": 1.1541, "acc_z": 1.6914, "temp": 1.9377}}, "1008": {"mean": {"bvp": 0.4526, "eda": 3.0094, "acc_x": 2.1565, "acc_y": 1.7597, "acc_z": 1.6949, "temp": 3.0183}, "min": {"bvp": 0.4427, "eda": 1.9485, "acc_x": 2.0186, "acc_y": 1.6908, "acc_z": 1.5189, "temp": 2.203}}, "1009": {"mean": {"bvp": 0.3645, "eda": 2.8235, "acc_x": 2.0671, "acc_y": 1.444, "acc_z": 1.8554, "temp": 2.89}, "min": {"bvp": 0.3365, "eda": 1.3574, "acc_x": 1.847, "acc_y": 1.3237, "acc_z": 1.7243, "temp": 2.2635}}, "1010": {"mean": {"bvp": 0.5454, "eda": 2.7246, "acc_x": 1.8495, "acc_y": 1.7008, "acc_z": 2.2373, "temp": 3.0969}, "min": {"bvp": 0.473, "eda": 1.3899, "acc_x": 1.7043, "acc_y": 1.5324, "acc_z": 2.0346, "temp": 2.3715}}, "1011": {"mean": {"bvp": 0.6994, "eda": 3.0012, "acc_x": 1.9984, "acc_y": 1.3289, "acc_z": 2.1837, "temp": 2.9707}, "min": {"bvp": 0.6758, "eda": 1.6833, "acc_x": 1.8471, "acc_y": 1.1598, "acc_z": 2.0387, "temp": 2.5076}}, "1012": {"mean": {"bvp": 0.6968, "eda": 2.8647, "acc_x": 2.0198, "acc_y": 1.4213, "acc_z": 1.9795, "temp": 2.9046}, "min": {"bvp": 0.6104, "eda": 1.6784, "acc_x": 1.8605, "acc_y": 1.4135, "acc_z": 1.8805, "temp": 1.8606}}, "1013": {"mean": {"bvp": 0.3664, "eda": 2.7231, "acc_x": 1.7828, "acc_y": 1.6576, "acc_z": 2.2802, "temp": 2.7411}, "min": {"bvp": 0.3591, "eda": 1.3268, "acc_x": 1.6559, "acc_y": 1.6221, "acc_z": 2.074, "temp": 2.5134}}, "1014": {"mean": {"bvp": 0.8709, "eda": 3.0252, "acc_x": 1.6004, "acc_y": 1.3442, "acc_z": 1.8075, "temp": 2.9819}, "min": {"bvp": 0.7355, "eda": 1.8238, "acc_x": 1.4071, "acc_y": 1.1845, "acc_z": 1.6289, "temp": 2.17}}, "1015": {"mean": {"bvp": 0.4741, "eda": 2.8592, "acc_x": 1.8346, "acc_y": 1.5361, "acc_z": 1.7257, "temp": 2.7407}, "min": {"bvp": 0.4086, "eda": 1.4057, "acc_x": 1.6684, "acc_y": 1.2888, "acc_z": 1.5238, "temp": 2.3944}}}, "1014": {"1001": {"mean": {"bvp": 0.6509, "eda": 2.5578, "acc_x": 2.0929, "acc_y": 1.8511, "acc_z": 2.0867, "temp": 2.3915}, "min": {"bvp": 0.4087, "eda": 2.3135, "acc_x": 1.9607, "acc_y": 1.7378, "acc_z": 2.0687, "temp": 2.1504}}, "1002": {"mean": {"bvp": 0.7205, "eda": 2.5374, "acc_x": 2.1943, "acc_y": 1.7173, "acc_z": 1.5145, "temp": 2.2731}, "min": {"bvp": 0.6997, "eda": 2.1786, "acc_x": 1.8489, "acc_y": 1.3828, "acc_z": 1.5, "temp": 2.1291}}, "1003": {"mean": {"bvp": 1.0802, "eda": 2.3535, "acc_x": 1.9699, "acc_y": 1.5244, "acc_z": 1.8695, "temp": 2.2014}, "min": {"bvp": 0.8362, "eda": 1.9498, "acc_x": 1.7565, "acc_y": 1.2952, "acc_z": 1.8379, "temp": 2.1726}}, "1004": {"mean": {"bvp": 0.6547, "eda": 2.3075, "acc_x": 2.1201, "acc_y": 1.7103, "acc_z": 1.5859, "temp": 2.5154}, "min": {"bvp": 0.6088, "eda": 2.0059, "acc_x": 1.9506, "acc_y": 1.2953, "acc_z": 1.5783, "temp": 2.3723}}, "1005": {"mean": {"bvp": 2.1352, "eda": 2.341, "acc_x": 2.3677, "acc_y": 1.6202, "acc_z": 1.6835, "temp": 2.3989}, "min": {"bvp": 1.8491, "eda": 2.0373, "acc_x": 2.1733, "acc_y": 1.2979, "acc_z": 1.6219, "temp": 2.3063}}, "1006": {"mean": {"bvp": 0.5195, "eda": 2.1887, "acc_x": 2.2297, "acc_y": 1.6033, "acc_z": 2.0872, "temp": 2.5609}, "min": {"bvp": 0.4869, "eda": 1.8795, "acc_x": 2.1505, "acc_y": 1.4434, "acc_z": 2.0525, "temp": 2.3506}}, "1007": {"mean": {"bvp": 1.0033, "eda": 2.4298, "acc_x": 2.1926, "acc_y": 1.4206, "acc_z": 1.9322, "temp": 1.9594}, "min": {"bvp": 0.7247, "eda": 2.2603, "acc_x": 2.0848, "acc_y": 1.1365, "acc_z": 1.8853, "temp": 1.8317}}, "1008": {"mean": {"bvp": 0.8421, "eda": 2.4341, "acc_x": 2.0163, "acc_y": 1.7026, "acc_z": 1.6234, "temp": 2.3861}, "min": {"bvp": 0.5798, "eda": 2.1515, "acc_x": 1.9367, "acc_y": 1.5337, "acc_z": 1.5938, "temp": 2.2334}}, "1009": {"mean": {"bvp": 1.207, "eda": 2.4627, "acc_x": 2.1993, "acc_y": 1.5088, "acc_z": 1.798, "temp": 2.4454}, "min": {"bvp": 0.8966, "eda": 2.2234, "acc_x": 2.0199, "acc_y": 1.2754, "acc_z": 1.7445, "temp": 2.3645}}, "1010": {"mean": {"bvp": 0.5586, "eda": 2.3469, "acc_x": 2.0646, "acc_y": 1.6374, "acc_z": 2.1609, "temp": 2.3933}, "min": {"bvp": 0.4922, "eda": 2.2414, "acc_x": 1.8717, "acc_y": 1.4482, "acc_z": 2.1412, "temp": 2.2601}}, "1011": {"mean": {"bvp": 1.2008, "eda": 2.3876, "acc_x": 2.1639, "acc_y": 1.3251, "acc_z": 2.1374, "temp": 2.657}, "min": {"bvp": 0.9659, "eda": 1.9134, "acc_x": 1.9902, "acc_y": 1.1941, "acc_z": 2.1087, "temp": 2.5586}}, "1012": {"mean": {"bvp": 0.4872, "eda": 2.2967, "acc_x": 2.1718, "acc_y": 1.4656, "acc_z": 1.9337, "temp": 1.9504}, "min": {"bvp": 0.4819, "eda": 1.9299, "acc_x": 1.8321, "acc_y": 1.1742, "acc_z": 1.8848, "temp": 1.8731}}, "1013": {"mean": {"bvp": 0.7935, "eda": 2.1785, "acc_x": 1.7896, "acc_y": 1.6777, "acc_z": 2.1653, "temp": 2.7531}, "min": {"bvp": 0.5356, "eda": 1.5992, "acc_x": 1.6418, "acc_y": 1.4621, "acc_z": 2.0826, "temp": 2.5431}}, "1014": {"mean": {"bvp": 0.3973, "eda": 2.4092, "acc_x": 1.7512, "acc_y": 1.36, "acc_z": 1.7085, "temp": 2.3228}, "min": {"bvp": 0.3854, "eda": 1.9779, "acc_x": 1.5706, "acc_y": 1.2441, "acc_z": 1.677, "temp": 2.1564}}, "1015": {"mean": {"bvp": 0.4343, "eda": 2.3351, "acc_x": 1.8445, "acc_y": 1.4336, "acc_z": 1.6451, "temp": 2.5527}, "min": {"bvp": 0.4069, "eda": 1.9135, "acc_x": 1.7097, "acc_y": 1.3275, "acc_z": 1.5949, "temp": 2.3688}}}, "1015": {"1001": {"mean": {"bvp": 0.3317, "eda": 1.5981, "acc_x": 1.9577, "acc_y": 2.0616, "acc_z": 2.1185, "temp": 2.9689}, "min": {"bvp": 0.3127, "eda": 1.3702, "acc_x": 1.8238, "acc_y": 1.6975, "acc_z": 1.9932, "temp": 2.1892}}, "1002": {"mean": {"bvp": 0.7152, "eda": 2.038, "acc_x": 2.0184, "acc_y": 2.1278, "acc_z": 1.5459, "temp": 3.1034}, "min": {"bvp": 0.6904, "eda": 1.8818, "acc_x": 1.8609, "acc_y": 1.702, "acc_z": 1.349, "temp": 2.2492}}, "1003": {"mean": {"bvp": 0.6808, "eda": 1.7562, "acc_x": 1.8869, "acc_y": 1.9527, "acc_z": 1.9061, "temp": 3.0329}, "min": {"bvp": 0.6665, "eda": 1.5541, "acc_x": 1.8217, "acc_y": 1.4772, "acc_z": 1.7502, "temp": 2.3032}}, "1004": {"mean": {"bvp": 0.6896, "eda": 1.6584, "acc_x": 1.9588, "acc_y": 2.1499, "acc_z": 1.5317, "temp": 3.1061}, "min": {"bvp": 0.6397, "eda": 1.4612, "acc_x": 1.8651, "acc_y": 1.665, "acc_z": 1.4538, "temp": 2.4259}}, "1005": {"mean": {"bvp": 1.5692, "eda": 1.4823, "acc_x": 2.2269, "acc_y": 2.017, "acc_z": 1.9892, "temp": 3.036}, "min": {"bvp": 1.5366, "eda": 1.2437, "acc_x": 2.1033, "acc_y": 1.4567, "acc_z": 1.7314, "temp": 2.4449}}, "1006": {"mean": {"bvp": 0.5695, "eda": 1.8782, "acc_x": 2.2862, "acc_y": 2.0271, "acc_z": 1.955, "temp": 3.4325}, "min": {"bvp": 0.5337, "eda": 1.7203, "acc_x": 2.2129, "acc_y": 1.6826, "acc_z": 1.9404, "temp": 2.7062}}, "1007": {"mean": {"bvp": 0.4802, "eda": 1.5747, "acc_x": 2.1176, "acc_y": 1.9846, "acc_z": 2.1884, "temp": 3.1125}, "min": {"bvp": 0.4555, "eda": 1.4067, "acc_x": 2.0335, "acc_y": 1.3585, "acc_z": 1.8565, "temp": 2.2834}}, "1008": {"mean": {"bvp": 0.4699, "eda": 1.9077, "acc_x": 2.0716, "acc_y": 2.1457, "acc_z": 1.6579, "temp": 3.1268}, "min": {"bvp": 0.4567, "eda": 1.7528, "acc_x": 2.032, "acc_y": 1.6731, "acc_z": 1.5915, "temp": 2.4955}}, "1009": {"mean": {"bvp": 0.6118, "eda": 1.4851, "acc_x": 2.0789, "acc_y": 1.6391, "acc_z": 1.8502, "temp": 2.9948}, "min": {"bvp": 0.5764, "eda": 1.2632, "acc_x": 1.9659, "acc_y": 1.5221, "acc_z": 1.7568, "temp": 2.4564}}, "1010": {"mean": {"bvp": 0.4748, "eda": 1.3377, "acc_x": 1.8416, "acc_y": 2.1696, "acc_z": 2.2509, "temp": 3.0678}, "min": {"bvp": 0.4699, "eda": 1.1528, "acc_x": 1.6879, "acc_y": 1.7712, "acc_z": 2.1467, "temp": 2.346}}, "1011": {"mean": {"bvp": 0.7935, "eda": 1.7606, "acc_x": 1.9738, "acc_y": 1.5934, "acc_z": 2.1936, "temp": 3.0653}, "min": {"bvp": 0.7793, "eda": 1.5038, "acc_x": 1.8074, "acc_y": 1.1614, "acc_z": 2.0452, "temp": 2.5672}}, "1012": {"mean": {"bvp": 0.5759, "eda": 1.5881, "acc_x": 2.023, "acc_y": 1.8884, "acc_z": 2.012, "temp": 2.8881}, "min": {"bvp": 0.5304, "eda": 1.4228, "acc_x": 1.7814, "acc_y": 1.3586, "acc_z": 1.8907, "temp": 2.0907}}, "1013": {"mean": {"bvp": 0.3772, "eda": 1.8675, "acc_x": 1.7558, "acc_y": 1.961, "acc_z": 2.4006, "temp": 3.0036}, "min": {"bvp": 0.3688, "eda": 1.6451, "acc_x": 1.7244, "acc_y": 1.6118, "acc_z": 2.2216, "temp": 2.7023}}, "1014": {"mean": {"bvp": 0.6764, "eda": 1.8234, "acc_x": 1.5629, "acc_y": 1.6197, "acc_z": 1.7736, "temp": 3.0418}, "min": {"bvp": 0.5595, "eda": 1.5939, "acc_x": 1.4498, "acc_y": 1.184, "acc_z": 1.6653, "temp": 2.2473}}, "1015": {"mean": {"bvp": 0.3729, "eda": 1.5673, "acc_x": 1.7831, "acc_y": 1.8532, "acc_z": 1.7907, "temp": 2.9408}, "min": {"bvp": 0.3507, "eda": 1.2983, "acc_x": 1.6573, "acc_y": 1.5034, "acc_z": 1.6381, "temp": 2.5866}}}}