{"1001": {"1001": {"mean": {"bvp": 0.4431, "eda": 4.1367, "acc_x": 2.9835, "acc_y": 1.9193, "acc_z": 2.2429, "temp": 2.8188}, "min": {"bvp": 0.4158, "eda": 2.4905, "acc_x": 2.0895, "acc_y": 1.8087, "acc_z": 2.1888, "temp": 2.6141}}, "1002": {"mean": {"bvp": 0.7576, "eda": 4.3739, "acc_x": 3.0635, "acc_y": 1.712, "acc_z": 1.8278, "temp": 2.6823}, "min": {"bvp": 0.7517, "eda": 2.7485, "acc_x": 2.2144, "acc_y": 1.6172, "acc_z": 1.612, "temp": 2.1941}}, "1003": {"mean": {"bvp": 0.8949, "eda": 4.3303, "acc_x": 2.9179, "acc_y": 1.6784, "acc_z": 2.1738, "temp": 2.6113}, "min": {"bvp": 0.8656, "eda": 2.6554, "acc_x": 2.2947, "acc_y": 1.5211, "acc_z": 1.9789, "temp": 2.134}}, "1004": {"mean": {"bvp": 0.7267, "eda": 4.2216, "acc_x": 2.7287, "acc_y": 1.7224, "acc_z": 1.8198, "temp": 2.9724}, "min": {"bvp": 0.6574, "eda": 2.887, "acc_x": 2.174, "acc_y": 1.6603, "acc_z": 1.7874, "temp": 2.7472}}, "1005": {"mean": {"bvp": 1.9569, "eda": 4.0814, "acc_x": 2.952, "acc_y": 1.6041, "acc_z": 2.0891, "temp": 2.6528}, "min": {"bvp": 1.9136, "eda": 2.4131, "acc_x": 2.551, "acc_y": 1.4679, "acc_z": 1.9301, "temp": 2.4465}}, "1006": {"mean": {"bvp": 0.5899, "eda": 4.1382, "acc_x": 3.4673, "acc_y": 1.914, "acc_z": 2.081, "temp": 2.9453}, "min": {"bvp": 0.5333, "eda": 2.9646, "acc_x": 2.6341, "acc_y": 1.7665, "acc_z": 2.0367, "temp": 2.4496}}, "1007": {"mean": {"bvp": 0.7762, "eda": 4.2389, "acc_x": 3.141, "acc_y": 1.4142, "acc_z": 2.2871, "temp": 2.7502}, "min": {"bvp": 0.7364, "eda": 2.9517, "acc_x": 2.3107, "acc_y": 1.2803, "acc_z": 2.1082, "temp": 1.9946}}, "1008": {"mean": {"bvp": 0.6457, "eda": 4.2727, "acc_x": 3.4327, "acc_y": 1.8341, "acc_z": 1.8081, "temp": 2.696}, "min": {"bvp": 0.6153, "eda": 2.9401, "acc_x": 2.4095, "acc_y": 1.6875, "acc_z": 1.7537, "temp": 2.2608}}, "1009": {"mean": {"bvp": 0.9902, "eda": 4.1884, "acc_x": 3.2145, "acc_y": 1.6946, "acc_z": 2.1364, "temp": 2.7216}, "min": {"bvp": 0.946, "eda": 2.5781, "acc_x": 2.3037, "acc_y": 1.4365, "acc_z": 1.9551, "temp": 2.5622}}, "1010": {"mean": {"bvp": 0.4978, "eda": 3.9558, "acc_x": 2.5369, "acc_y": 1.8734, "acc_z": 2.3511, "temp": 2.8802}, "min": {"bvp": 0.4836, "eda": 2.6817, "acc_x": 2.1225, "acc_y": 1.7599, "acc_z": 2.2989, "temp": 2.6303}}, "1011": {"mean": {"bvp": 1.0473, "eda": 4.2741, "acc_x": 2.9102, "acc_y": 1.3819, "acc_z": 2.389, "temp": 2.8576}, "min": {"bvp": 1.0144, "eda": 2.6091, "acc_x": 2.1151, "acc_y": 1.2387, "acc_z": 2.3348, "temp": 2.7795}}, "1012": {"mean": {"bvp": 0.6051, "eda": 4.2075, "acc_x": 2.9742, "acc_y": 1.6344, "acc_z": 2.2179, "temp": 2.3904}, "min": {"bvp": 0.5419, "eda": 2.5159, "acc_x": 2.148, "acc_y": 1.4903, "acc_z": 2.0625, "temp": 1.8747}}, "1013": {"mean": {"bvp": 0.5591, "eda": 4.416, "acc_x": 2.6511, "acc_y": 1.8333, "acc_z": 2.4967, "temp": 2.6027}, "min": {"bvp": 0.5251, "eda": 2.2358, "acc_x": 2.0683, "acc_y": 1.6646, "acc_z": 2.4058, "temp": 2.5741}}, "1014": {"mean": {"bvp": 0.7232, "eda": 4.3142, "acc_x": 2.5698, "acc_y": 1.6079, "acc_z": 1.9261, "temp": 2.6897}, "min": {"bvp": 0.5624, "eda": 2.7213, "acc_x": 2.0487, "acc_y": 1.3892, "acc_z": 1.8349, "temp": 2.3545}}, "1015": {"mean": {"bvp": 0.3896, "eda": 4.2019, "acc_x": 3.0147, "acc_y": 1.7067, "acc_z": 1.883, "temp": 2.4971}, "min": {"bvp": 0.3779, "eda": 2.358, "acc_x": 2.017, "acc_y": 1.6074, "acc_z": 1.8465, "temp": 2.4298}}}, "1002": {"1001": {"mean": {"bvp": 0.4085, "eda": 3.4277, "acc_x": 2.0048, "acc_y": 1.9174, "acc_z": 2.2901, "temp": 2.8107}, "min": {"bvp": 0.395, "eda": 1.8263, "acc_x": 1.9428, "acc_y": 1.8043, "acc_z": 2.2617, "temp": 2.405}}, "1002": {"mean": {"bvp": 0.801, "eda": 3.5862, "acc_x": 2.3154, "acc_y": 1.9323, "acc_z": 1.8283, "temp": 2.4889}, "min": {"bvp": 0.687, "eda": 2.2274, "acc_x": 2.144, "acc_y": 1.6983, "acc_z": 1.7338, "temp": 2.2536}}, "1003": {"mean": {"bvp": 0.7897, "eda": 3.5427, "acc_x": 2.2157, "acc_y": 1.702, "acc_z": 2.1452, "temp": 2.4153}, "min": {"bvp": 0.6893, "eda": 2.083, "acc_x": 2.1769, "acc_y": 1.5476, "acc_z": 2.0856, "temp": 2.2397}}, "1004": {"mean": {"bvp": 0.8727, "eda": 3.4122, "acc_x": 2.1631, "acc_y": 2.0004, "acc_z": 1.88, "temp": 2.7851}, "min": {"bvp": 0.6918, "eda": 2.068, "acc_x": 2.1189, "acc_y": 1.7434, "acc_z": 1.8478, "temp": 2.5914}}, "1005": {"mean": {"bvp": 1.6037, "eda": 3.3846, "acc_x": 2.4107, "acc_y": 1.7832, "acc_z": 1.9567, "temp": 2.598}, "min": {"bvp": 1.0627, "eda": 1.7929, "acc_x": 2.3491, "acc_y": 1.5499, "acc_z": 1.9161, "temp": 2.4372}}, "1006": {"mean": {"bvp": 0.7592, "eda": 3.289, "acc_x": 2.446, "acc_y": 1.9507, "acc_z": 2.2087, "temp": 2.8283}, "min": {"bvp": 0.5987, "eda": 2.1487, "acc_x": 2.3331, "acc_y": 1.814, "acc_z": 2.1654, "temp": 2.6355}}, "1007": {"mean": {"bvp": 0.6036, "eda": 3.4936, "acc_x": 2.2209, "acc_y": 1.7101, "acc_z": 2.0507, "temp": 2.5407}, "min": {"bvp": 0.4015, "eda": 2.314, "acc_x": 2.1516, "acc_y": 1.4121, "acc_z": 2.005, "temp": 2.2257}}, "1008": {"mean": {"bvp": 0.5654, "eda": 3.4989, "acc_x": 2.2682, "acc_y": 1.9538, "acc_z": 1.8142, "temp": 2.6192}, "min": {"bvp": 0.5039, "eda": 2.2753, "acc_x": 2.1605, "acc_y": 1.7491, "acc_z": 1.7796, "temp": 2.4009}}, "1009": {"mean": {"bvp": 0.7415, "eda": 3.4167, "acc_x": 2.2149, "acc_y": 1.6077, "acc_z": 2.1875, "temp": 2.6868}, "min": {"bvp": 0.4123, "eda": 1.9573, "acc_x": 2.1408, "acc_y": 1.466, "acc_z": 2.1072, "temp": 2.5186}}, "1010": {"mean": {"bvp": 0.6273, "eda": 3.2833, "acc_x": 2.0752, "acc_y": 1.9424, "acc_z": 2.3171, "temp": 2.6963}, "min": {"bvp": 0.4762, "eda": 1.9368, "acc_x": 1.9871, "acc_y": 1.7855, "acc_z": 2.3115, "temp": 2.4965}}, "1011": {"mean": {"bvp": 0.9033, "eda": 3.5013, "acc_x": 2.0607, "acc_y": 1.3977, "acc_z": 2.3331, "temp": 2.895}, "min": {"bvp": 0.7372, "eda": 1.9292, "acc_x": 2.0126, "acc_y": 1.3178, "acc_z": 2.2857, "temp": 2.7477}}, "1012": {"mean": {"bvp": 0.7743, "eda": 3.3914, "acc_x": 2.2884, "acc_y": 1.709, "acc_z": 2.2052, "temp": 2.0937}, "min": {"bvp": 0.5934, "eda": 1.8564, "acc_x": 2.1508, "acc_y": 1.526, "acc_z": 2.1303, "temp": 1.8894}}, "1013": {"mean": {"bvp": 0.4719, "eda": 3.5492, "acc_x": 1.9891, "acc_y": 1.7782, "acc_z": 2.4278, "temp": 2.8782}, "min": {"bvp": 0.411, "eda": 1.7077, "acc_x": 1.9464, "acc_y": 1.6681, "acc_z": 2.4162, "temp": 2.6084}}, "1014": {"mean": {"bvp": 0.7697, "eda": 3.4666, "acc_x": 1.892, "acc_y": 1.5316, "acc_z": 1.9295, "temp": 2.5334}, "min": {"bvp": 0.4512, "eda": 2.1021, "acc_x": 1.7395, "acc_y": 1.4168, "acc_z": 1.8647, "temp": 2.2546}}, "1015": {"mean": {"bvp": 0.556, "eda": 3.3333, "acc_x": 1.8953, "acc_y": 1.7497, "acc_z": 1.9134, "temp": 2.6637}, "min": {"bvp": 0.3923, "eda": 1.6249, "acc_x": 1.8161, "acc_y": 1.6406, "acc_z": 1.8417, "temp": 2.5599}}}, "1003": {"1001": {"mean": {"bvp": 0.5154, "eda": 4.1397, "acc_x": 2.0435, "acc_y": 2.3014, "acc_z": 2.2211, "temp": 3.4928}, "min": {"bvp": 0.3611, "eda": 1.9616, "acc_x": 1.9134, "acc_y": 1.8386, "acc_z": 2.1572, "temp": 2.5351}}, "1002": {"mean": {"bvp": 0.9792, "eda": 4.4855, "acc_x": 2.2948, "acc_y": 2.2644, "acc_z": 1.9157, "temp": 3.309}, "min": {"bvp": 0.7698, "eda": 2.5212, "acc_x": 2.1802, "acc_y": 1.6547, "acc_z": 1.8614, "temp": 2.2406}}, "1003": {"mean": {"bvp": 0.7655, "eda": 4.3894, "acc_x": 2.2947, "acc_y": 2.1357, "acc_z": 2.2477, "temp": 3.2752}, "min": {"bvp": 0.7035, "eda": 2.2725, "acc_x": 2.2356, "acc_y": 1.5451, "acc_z": 2.186, "temp": 2.2237}}, "1004": {"mean": {"bvp": 1.0829, "eda": 4.166, "acc_x": 2.2825, "acc_y": 2.3157, "acc_z": 1.8823, "temp": 3.5667}, "min": {"bvp": 0.7853, "eda": 2.1658, "acc_x": 2.1921, "acc_y": 1.7212, "acc_z": 1.838, "temp": 2.5986}}, "1005": {"mean": {"bvp": 1.126, "eda": 4.1028, "acc_x": 2.491, "acc_y": 2.089, "acc_z": 2.0531, "temp": 3.3546}, "min": {"bvp": 1.0158, "eda": 1.9292, "acc_x": 2.3014, "acc_y": 1.5172, "acc_z": 1.9463, "temp": 2.4502}}, "1006": {"mean": {"bvp": 0.9589, "eda": 4.1237, "acc_x": 2.485, "acc_y": 2.3421, "acc_z": 2.1824, "temp": 3.566}, "min": {"bvp": 0.6553, "eda": 2.3453, "acc_x": 2.4436, "acc_y": 1.7975, "acc_z": 2.1264, "temp": 2.5908}}, "1007": {"mean": {"bvp": 0.514, "eda": 4.2303, "acc_x": 2.2573, "acc_y": 2.0232, "acc_z": 2.1906, "temp": 3.3445}, "min": {"bvp": 0.4414, "eda": 2.3736, "acc_x": 2.1943, "acc_y": 1.3904, "acc_z": 1.996, "temp": 2.1001}}, "1008": {"mean": {"bvp": 0.5914, "eda": 4.2771, "acc_x": 2.2517, "acc_y": 2.2354, "acc_z": 1.8145, "temp": 3.4028}, "min": {"bvp": 0.4835, "eda": 2.4066, "acc_x": 2.2439, "acc_y": 1.7223, "acc_z": 1.7615, "temp": 2.4325}}, "1009": {"mean": {"bvp": 0.4324, "eda": 4.2501, "acc_x": 2.2465, "acc_y": 2.1562, "acc_z": 2.2473, "temp": 3.4216}, "min": {"bvp": 0.3749, "eda": 2.2082, "acc_x": 2.172, "acc_y": 1.552, "acc_z": 2.1845, "temp": 2.543}}, "1010": {"mean": {"bvp": 0.7783, "eda": 3.911, "acc_x": 2.2145, "acc_y": 2.366, "acc_z": 2.3159, "temp": 3.4873}, "min": {"bvp": 0.5146, "eda": 2.0128, "acc_x": 1.9672, "acc_y": 1.8159, "acc_z": 2.2443, "temp": 2.5042}}, "1011": {"mean": {"bvp": 0.8073, "eda": 4.3263, "acc_x": 2.0956, "acc_y": 1.8641, "acc_z": 2.3746, "temp": 3.5728}, "min": {"bvp": 0.7807, "eda": 2.2173, "acc_x": 2.0182, "acc_y": 1.2918, "acc_z": 2.307, "temp": 2.8175}}, "1012": {"mean": {"bvp": 0.9881, "eda": 4.2739, "acc_x": 2.2359, "acc_y": 2.1192, "acc_z": 2.2717, "temp": 2.997}, "min": {"bvp": 0.6774, "eda": 2.155, "acc_x": 2.1985, "acc_y": 1.4986, "acc_z": 2.2238, "temp": 1.9332}}, "1013": {"mean": {"bvp": 0.5112, "eda": 4.5267, "acc_x": 2.1024, "acc_y": 2.254, "acc_z": 2.4532, "temp": 3.4111}, "min": {"bvp": 0.3837, "eda": 1.9881, "acc_x": 2.0638, "acc_y": 1.7138, "acc_z": 2.3884, "temp": 2.7312}}, "1014": {"mean": {"bvp": 1.2151, "eda": 4.3743, "acc_x": 2.0448, "acc_y": 2.0238, "acc_z": 1.9335, "temp": 3.3281}, "min": {"bvp": 0.8601, "eda": 2.3237, "acc_x": 1.8877, "acc_y": 1.4233, "acc_z": 1.8988, "temp": 2.3008}}, "1015": {"mean": {"bvp": 0.7189, "eda": 4.2276, "acc_x": 1.8983, "acc_y": 2.2053, "acc_z": 1.8304, "temp": 3.3969}, "min": {"bvp": 0.4213, "eda": 1.8683, "acc_x": 1.8526, "acc_y": 1.6873, "acc_z": 1.7937, "temp": 2.8301}}}, "1004": {"1001": {"mean": {"bvp": 0.7066, "eda": 3.6863, "acc_x": 2.8286, "acc_y": 2.6235, "acc_z": 2.3929, "temp": 3.3519}, "min": {"bvp": 0.5929, "eda": 1.5416, "acc_x": 2.3964, "acc_y": 1.9355, "acc_z": 2.1959, "temp": 2.4976}}, "1002": {"mean": {"bvp": 0.7509, "eda": 4.0067, "acc_x": 2.961, "acc_y": 2.0966, "acc_z": 1.9272, "temp": 3.3809}, "min": {"bvp": 0.7282, "eda": 2.1878, "acc_x": 2.3528, "acc_y": 1.5557, "acc_z": 1.7404, "temp": 2.3449}}, "1003": {"mean": {"bvp": 1.1445, "eda": 3.9091, "acc_x": 2.9301, "acc_y": 2.1959, "acc_z": 2.3139, "temp": 3.3273}, "min": {"bvp": 1.0425, "eda": 1.918, "acc_x": 2.3539, "acc_y": 1.5598, "acc_z": 2.1022, "temp": 2.3604}}, "1004": {"mean": {"bvp": 0.6789, "eda": 3.6251, "acc_x": 2.8812, "acc_y": 2.2313, "acc_z": 1.8348, "temp": 3.5283}, "min": {"bvp": 0.6491, "eda": 1.5939, "acc_x": 2.2129, "acc_y": 1.6678, "acc_z": 1.6085, "temp": 2.6356}}, "1005": {"mean": {"bvp": 2.2651, "eda": 3.5395, "acc_x": 3.1514, "acc_y": 2.2716, "acc_z": 2.4249, "temp": 3.2866}, "min": {"bvp": 2.149, "eda": 1.1863, "acc_x": 2.5015, "acc_y": 1.6046, "acc_z": 2.0819, "temp": 2.4953}}, "1006": {"mean": {"bvp": 0.541, "eda": 3.7117, "acc_x": 3.1462, "acc_y": 2.3504, "acc_z": 2.0795, "temp": 3.6288}, "min": {"bvp": 0.5194, "eda": 2.2641, "acc_x": 2.784, "acc_y": 1.7568, "acc_z": 1.9414, "temp": 2.6644}}, "1007": {"mean": {"bvp": 1.0854, "eda": 3.8031, "acc_x": 2.9718, "acc_y": 1.8905, "acc_z": 2.6719, "temp": 3.4182}, "min": {"bvp": 0.9652, "eda": 2.1001, "acc_x": 2.5864, "acc_y": 1.2577, "acc_z": 2.2892, "temp": 2.1621}}, "1008": {"mean": {"bvp": 0.9095, "eda": 3.795, "acc_x": 2.975, "acc_y": 2.4065, "acc_z": 1.9405, "temp": 3.4283}, "min": {"bvp": 0.8015, "eda": 1.9987, "acc_x": 2.7378, "acc_y": 1.8109, "acc_z": 1.737, "temp": 2.6108}}, "1009": {"mean": {"bvp": 1.3161, "eda": 3.7862, "acc_x": 2.9755, "acc_y": 2.3318, "acc_z": 2.2352, "temp": 3.3314}, "min": {"bvp": 1.1934, "eda": 1.8497, "acc_x": 2.6285, "acc_y": 1.5687, "acc_z": 2.1243, "temp": 2.604}}, "1010": {"mean": {"bvp": 0.5389, "eda": 3.4215, "acc_x": 2.8304, "acc_y": 2.332, "acc_z": 2.5424, "temp": 3.4572}, "min": {"bvp": 0.4823, "eda": 1.4443, "acc_x": 2.0392, "acc_y": 1.7158, "acc_z": 2.3012, "temp": 2.537}}, "1011": {"mean": {"bvp": 1.3053, "eda": 3.8279, "acc_x": 2.8489, "acc_y": 2.284, "acc_z": 2.531, "temp": 3.4462}, "min": {"bvp": 1.1988, "eda": 1.7979, "acc_x": 2.3356, "acc_y": 1.4495, "acc_z": 2.3404, "temp": 2.8713}}, "1012": {"mean": {"bvp": 0.5285, "eda": 3.7723, "acc_x": 3.0042, "acc_y": 2.1518, "acc_z": 2.3966, "temp": 3.0229}, "min": {"bvp": 0.5177, "eda": 1.7514, "acc_x": 2.5101, "acc_y": 1.5361, "acc_z": 2.2649, "temp": 1.8969}}, "1013": {"mean": {"bvp": 0.8421, "eda": 3.9084, "acc_x": 2.6755, "acc_y": 2.3452, "acc_z": 2.7634, "temp": 3.2495}, "min": {"bvp": 0.7292, "eda": 1.727, "acc_x": 1.8841, "acc_y": 1.6896, "acc_z": 2.4906, "temp": 2.8221}}, "1014": {"mean": {"bvp": 0.5147, "eda": 3.9189, "acc_x": 2.7381, "acc_y": 2.176, "acc_z": 2.0965, "temp": 3.3111}, "min": {"bvp": 0.4459, "eda": 2.1545, "acc_x": 2.0212, "acc_y": 1.4332, "acc_z": 1.892, "temp": 2.3021}}, "1015": {"mean": {"bvp": 0.4157, "eda": 3.7205, "acc_x": 2.6981, "acc_y": 2.3844, "acc_z": 2.1047, "temp": 3.2471}, "min": {"bvp": 0.3656, "eda": 1.4675, "acc_x": 2.3581, "acc_y": 1.6421, "acc_z": 1.8719, "temp": 2.5432}}}, "1005": {"1001": {"mean": {"bvp": 1.3826, "eda": 5.1314, "acc_x": 2.3615, "acc_y": 1.9523, "acc_z": 2.4831, "temp": 2.8233}, "min": {"bvp": 1.2047, "eda": 4.6167, "acc_x": 1.9152, "acc_y": 1.8214, "acc_z": 2.2713, "temp": 2.4235}}, "1002": {"mean": {"bvp": 1.9111, "eda": 5.361, "acc_x": 2.6063, "acc_y": 1.7971, "acc_z": 2.0312, "temp": 2.5791}, "min": {"bvp": 1.7425, "eda": 4.8139, "acc_x": 2.1921, "acc_y": 1.6136, "acc_z": 1.8905, "temp": 2.2234}}, "1003": {"mean": {"bvp": 1.2495, "eda": 5.3451, "acc_x": 2.5218, "acc_y": 1.6552, "acc_z": 2.3341, "temp": 2.5098}, "min": {"bvp": 1.0989, "eda": 4.8075, "acc_x": 2.241, "acc_y": 1.5355, "acc_z": 2.1046, "temp": 2.2109}}, "1004": {"mean": {"bvp": 2.1853, "eda": 5.0713, "acc_x": 2.2951, "acc_y": 1.8919, "acc_z": 2.0138, "temp": 2.8583}, "min": {"bvp": 2.0107, "eda": 4.5433, "acc_x": 1.9297, "acc_y": 1.7248, "acc_z": 1.8859, "temp": 2.5921}}, "1005": {"mean": {"bvp": 0.9331, "eda": 5.0973, "acc_x": 2.5644, "acc_y": 1.7415, "acc_z": 2.34, "temp": 2.6761}, "min": {"bvp": 0.9292, "eda": 4.5839, "acc_x": 2.2409, "acc_y": 1.6065, "acc_z": 1.9815, "temp": 2.4795}}, "1006": {"mean": {"bvp": 2.0814, "eda": 4.9098, "acc_x": 2.9595, "acc_y": 1.8903, "acc_z": 2.3315, "temp": 2.9173}, "min": {"bvp": 1.9042, "eda": 4.3584, "acc_x": 2.5803, "acc_y": 1.7903, "acc_z": 2.2161, "temp": 2.6196}}, "1007": {"mean": {"bvp": 1.0266, "eda": 5.0613, "acc_x": 2.5972, "acc_y": 1.5807, "acc_z": 2.4757, "temp": 2.6432}, "min": {"bvp": 0.8581, "eda": 4.5334, "acc_x": 2.2008, "acc_y": 1.4438, "acc_z": 1.9697, "temp": 2.1632}}, "1008": {"mean": {"bvp": 1.2797, "eda": 5.1116, "acc_x": 2.7587, "acc_y": 1.9102, "acc_z": 2.0438, "temp": 2.6747}, "min": {"bvp": 1.11, "eda": 4.581, "acc_x": 2.2373, "acc_y": 1.774, "acc_z": 1.869, "temp": 2.364}}, "1009": {"mean": {"bvp": 0.7756, "eda": 5.1688, "acc_x": 2.6164, "acc_y": 1.5831, "acc_z": 2.369, "temp": 2.7456}, "min": {"bvp": 0.619, "eda": 4.6335, "acc_x": 2.1854, "acc_y": 1.4903, "acc_z": 2.3257, "temp": 2.5582}}, "1010": {"mean": {"bvp": 1.8327, "eda": 4.7676, "acc_x": 2.1704, "acc_y": 1.8799, "acc_z": 2.5624, "temp": 2.7702}, "min": {"bvp": 1.656, "eda": 4.2581, "acc_x": 1.8909, "acc_y": 1.7722, "acc_z": 2.3359, "temp": 2.5003}}, "1011": {"mean": {"bvp": 1.1844, "eda": 5.2849, "acc_x": 2.4484, "acc_y": 1.4766, "acc_z": 2.5564, "temp": 2.9241}, "min": {"bvp": 1.0491, "eda": 4.7583, "acc_x": 2.0726, "acc_y": 1.2949, "acc_z": 2.3164, "temp": 2.8045}}, "1012": {"mean": {"bvp": 2.1225, "eda": 5.2267, "acc_x": 2.6332, "acc_y": 1.6413, "acc_z": 2.4504, "temp": 2.238}, "min": {"bvp": 1.9441, "eda": 4.6796, "acc_x": 2.3366, "acc_y": 1.5469, "acc_z": 2.2873, "temp": 1.864}}, "1013": {"mean": {"bvp": 1.2622, "eda": 5.6822, "acc_x": 2.2301, "acc_y": 1.7603, "acc_z": 2.7402, "temp": 2.8167}, "min": {"bvp": 1.0875, "eda": 5.1174, "acc_x": 1.8772, "acc_y": 1.6319, "acc_z": 2.4394, "temp": 2.6257}}, "1014": {"mean": {"bvp": 2.4385, "eda": 5.2984, "acc_x": 2.0708, "acc_y": 1.5177, "acc_z": 2.1468, "temp": 2.6174}, "min": {"bvp": 2.2566, "eda": 4.744, "acc_x": 1.5408, "acc_y": 1.3902, "acc_z": 1.9001, "temp": 2.2641}}, "1015": {"mean": {"bvp": 1.8449, "eda": 5.3038, "acc_x": 2.4136, "acc_y": 1.7715, "acc_z": 2.184, "temp": 2.659}, "min": {"bvp": 1.6641, "eda": 4.7602, "acc_x": 1.9299, "acc_y": 1.6484, "acc_z": 1.9373, "temp": 2.6079}}}, "1006": {"1001": {"mean": {"bvp": 0.7306, "eda": 3.0241, "acc_x": 2.8469, "acc_y": 1.8907, "acc_z": 2.5241, "temp": 2.9512}, "min": {"bvp": 0.4021, "eda": 1.5586, "acc_x": 2.1412, "acc_y": 1.8362, "acc_z": 2.142, "temp": 2.4142}}, "1002": {"mean": {"bvp": 0.8306, "eda": 3.2195, "acc_x": 3.1615, "acc_y": 1.6277, "acc_z": 2.0124, "temp": 3.0484}, "min": {"bvp": 0.7362, "eda": 1.9271, "acc_x": 2.4699, "acc_y": 1.5748, "acc_z": 1.634, "temp": 2.4829}}, "1003": {"mean": {"bvp": 1.1155, "eda": 3.1684, "acc_x": 3.1198, "acc_y": 1.5839, "acc_z": 2.4026, "temp": 2.9711}, "min": {"bvp": 0.7089, "eda": 1.7784, "acc_x": 2.2578, "acc_y": 1.5632, "acc_z": 2.029, "temp": 2.4589}}, "1004": {"mean": {"bvp": 0.7096, "eda": 2.9328, "acc_x": 3.0813, "acc_y": 1.6856, "acc_z": 1.9323, "temp": 3.1304}, "min": {"bvp": 0.6577, "eda": 1.5462, "acc_x": 2.133, "acc_y": 1.5489, "acc_z": 1.6611, "temp": 2.7114}}, "1005": {"mean": {"bvp": 2.1671, "eda": 2.8729, "acc_x": 3.2367, "acc_y": 1.5862, "acc_z": 2.583, "temp": 2.896}, "min": {"bvp": 1.5966, "eda": 1.202, "acc_x": 2.4268, "acc_y": 1.5064, "acc_z": 2.0319, "temp": 2.4688}}, "1006": {"mean": {"bvp": 0.5772, "eda": 2.9049, "acc_x": 3.1956, "acc_y": 1.7933, "acc_z": 2.1493, "temp": 3.3192}, "min": {"bvp": 0.5223, "eda": 1.9213, "acc_x": 2.5986, "acc_y": 1.744, "acc_z": 2.0281, "temp": 2.8108}}, "1007": {"mean": {"bvp": 1.0113, "eda": 3.023, "acc_x": 3.0669, "acc_y": 1.3196, "acc_z": 2.8366, "temp": 3.2198}, "min": {"bvp": 0.4768, "eda": 1.8249, "acc_x": 2.357, "acc_y": 1.2351, "acc_z": 2.229, "temp": 2.5733}}, "1008": {"mean": {"bvp": 0.8926, "eda": 3.0452, "acc_x": 2.957, "acc_y": 1.7897, "acc_z": 2.0716, "temp": 3.0541}, "min": {"bvp": 0.495, "eda": 1.8153, "acc_x": 2.5105, "acc_y": 1.7654, "acc_z": 1.6919, "temp": 2.6108}}, "1009": {"mean": {"bvp": 1.2153, "eda": 3.0123, "acc_x": 3.0062, "acc_y": 1.6106, "acc_z": 2.3032, "temp": 2.9166}, "min": {"bvp": 0.6167, "eda": 1.6193, "acc_x": 2.3463, "acc_y": 1.6078, "acc_z": 2.0489, "temp": 2.5398}}, "1010": {"mean": {"bvp": 0.6116, "eda": 2.7297, "acc_x": 3.0138, "acc_y": 1.7275, "acc_z": 2.677, "temp": 3.0736}, "min": {"bvp": 0.4877, "eda": 1.3445, "acc_x": 2.0405, "acc_y": 1.6924, "acc_z": 2.3147, "temp": 2.6184}}, "1011": {"mean": {"bvp": 1.2666, "eda": 3.1444, "acc_x": 2.9197, "acc_y": 1.3774, "acc_z": 2.6463, "temp": 3.0009}, "min": {"bvp": 0.8362, "eda": 1.7372, "acc_x": 2.1787, "acc_y": 1.2555, "acc_z": 2.3187, "temp": 2.6936}}, "1012": {"mean": {"bvp": 0.5732, "eda": 3.0244, "acc_x": 3.0413, "acc_y": 1.5635, "acc_z": 2.4808, "temp": 2.7921}, "min": {"bvp": 0.5357, "eda": 1.5962, "acc_x": 2.3967, "acc_y": 1.5483, "acc_z": 2.1934, "temp": 2.1671}}, "1013": {"mean": {"bvp": 0.8189, "eda": 3.3287, "acc_x": 2.9438, "acc_y": 1.7128, "acc_z": 2.9054, "temp": 2.7414}, "min": {"bvp": 0.3957, "eda": 1.7223, "acc_x": 2.0019, "acc_y": 1.6841, "acc_z": 2.439, "temp": 2.6103}}, "1014": {"mean": {"bvp": 0.4667, "eda": 3.1822, "acc_x": 2.9573, "acc_y": 1.4764, "acc_z": 2.2083, "temp": 2.9541}, "min": {"bvp": 0.4342, "eda": 2.0375, "acc_x": 1.9451, "acc_y": 1.4455, "acc_z": 1.8204, "temp": 2.3795}}, "1015": {"mean": {"bvp": 0.5032, "eda": 2.9827, "acc_x": 2.7497, "acc_y": 1.5974, "acc_z": 2.2545, "temp": 2.7253}, "min": {"bvp": 0.3892, "eda": 1.372, "acc_x": 2.0583, "acc_y": 1.4898, "acc_z": 1.8369, "temp": 2.5345}}}, "1007": {"1001": {"mean": {"bvp": 0.6515, "eda": 5.0845, "acc_x": 2.0944, "acc_y": 2.2178, "acc_z": 2.3258, "temp": 3.416}, "min": {"bvp": 0.3991, "eda": 4.443, "acc_x": 2.0232, "acc_y": 1.7509, "acc_z": 2.1788, "temp": 2.4509}}, "1002": {"mean": {"bvp": 1.2192, "eda": 5.3114, "acc_x": 2.3185, "acc_y": 2.3073, "acc_z": 2.0097, "temp": 3.4732}, "min": {"bvp": 0.9706, "eda": 4.6332, "acc_x": 2.1603, "acc_y": 1.6062, "acc_z": 1.8601, "temp": 2.2738}}, "1003": {"mean": {"bvp": 0.7616, "eda": 5.2918, "acc_x": 2.2381, "acc_y": 2.1421, "acc_z": 2.2875, "temp": 3.3796}, "min": {"bvp": 0.6787, "eda": 4.6184, "acc_x": 2.2054, "acc_y": 1.5104, "acc_z": 2.1897, "temp": 2.2387}}, "1004": {"mean": {"bvp": 1.4379, "eda": 5.0156, "acc_x": 2.1645, "acc_y": 2.2961, "acc_z": 2.0589, "temp": 3.5457}, "min": {"bvp": 1.1432, "eda": 4.3517, "acc_x": 2.133, "acc_y": 1.5571, "acc_z": 1.8392, "temp": 2.5322}}, "1005": {"mean": {"bvp": 1.1075, "eda": 5.0466, "acc_x": 2.4246, "acc_y": 2.0462, "acc_z": 1.9598, "temp": 3.3942}, "min": {"bvp": 0.9775, "eda": 4.4011, "acc_x": 2.401, "acc_y": 1.3833, "acc_z": 1.9105, "temp": 2.3869}}, "1006": {"mean": {"bvp": 1.3189, "eda": 4.8499, "acc_x": 2.5536, "acc_y": 2.3337, "acc_z": 2.417, "temp": 3.7519}, "min": {"bvp": 1.0163, "eda": 4.1603, "acc_x": 2.4869, "acc_y": 1.717, "acc_z": 2.1659, "temp": 2.6221}}, "1007": {"mean": {"bvp": 0.4612, "eda": 5.0089, "acc_x": 2.3042, "acc_y": 2.09, "acc_z": 2.0819, "temp": 3.4931}, "min": {"bvp": 0.3599, "eda": 4.3464, "acc_x": 2.2435, "acc_y": 1.3374, "acc_z": 2.0255, "temp": 2.0986}}, "1008": {"mean": {"bvp": 0.6491, "eda": 5.059, "acc_x": 2.4036, "acc_y": 2.273, "acc_z": 1.9054, "temp": 3.5555}, "min": {"bvp": 0.4876, "eda": 4.3923, "acc_x": 2.2903, "acc_y": 1.6642, "acc_z": 1.7527, "temp": 2.4964}}, "1009": {"mean": {"bvp": 0.3717, "eda": 5.1199, "acc_x": 2.3165, "acc_y": 2.0284, "acc_z": 2.3594, "temp": 3.4046}, "min": {"bvp": 0.3524, "eda": 4.4516, "acc_x": 2.2509, "acc_y": 1.5831, "acc_z": 2.1924, "temp": 2.4723}}, "1010": {"mean": {"bvp": 1.0818, "eda": 4.7196, "acc_x": 2.0727, "acc_y": 2.3207, "acc_z": 2.3461, "temp": 3.5233}, "min": {"bvp": 0.7919, "eda": 4.0832, "acc_x": 2.0165, "acc_y": 1.7137, "acc_z": 2.2853, "temp": 2.4604}}, "1011": {"mean": {"bvp": 0.7771, "eda": 5.2255, "acc_x": 2.11, "acc_y": 1.8019, "acc_z": 2.4162, "temp": 3.4613}, "min": {"bvp": 0.7142, "eda": 4.5644, "acc_x": 2.0582, "acc_y": 1.2739, "acc_z": 2.3214, "temp": 2.7042}}, "1012": {"mean": {"bvp": 1.3555, "eda": 5.1759, "acc_x": 2.2323, "acc_y": 2.1287, "acc_z": 2.3152, "temp": 3.1186}, "min": {"bvp": 1.0509, "eda": 4.4982, "acc_x": 2.1246, "acc_y": 1.4663, "acc_z": 2.2098, "temp": 1.9244}}, "1013": {"mean": {"bvp": 0.5843, "eda": 5.6337, "acc_x": 1.9993, "acc_y": 2.1992, "acc_z": 2.4415, "temp": 3.1352}, "min": {"bvp": 0.3913, "eda": 4.9385, "acc_x": 1.9918, "acc_y": 1.5974, "acc_z": 2.4042, "temp": 2.6574}}, "1014": {"mean": {"bvp": 1.6431, "eda": 5.2363, "acc_x": 1.9224, "acc_y": 1.9862, "acc_z": 1.9978, "temp": 3.4813}, "min": {"bvp": 1.3182, "eda": 4.5423, "acc_x": 1.8415, "acc_y": 1.3501, "acc_z": 1.8897, "temp": 2.2885}}, "1015": {"mean": {"bvp": 1.0668, "eda": 5.2485, "acc_x": 1.9649, "acc_y": 2.1171, "acc_z": 1.9185, "temp": 3.2252}, "min": {"bvp": 0.7573, "eda": 4.5634, "acc_x": 1.874, "acc_y": 1.5693, "acc_z": 1.8244, "temp": 2.6422}}}, "1008": {"1001": {"mean": {"bvp": 0.3768, "eda": 4.4739, "acc_x": 3.4135, "acc_y": 1.9366, "acc_z": 2.7681, "temp": 3.1717}, "min": {"bvp": 0.3475, "eda": 1.7507, "acc_x": 2.7936, "acc_y": 1.8693, "acc_z": 2.629, "temp": 2.8371}}, "1002": {"mean": {"bvp": 0.7902, "eda": 4.7627, "acc_x": 3.4701, "acc_y": 2.0091, "acc_z": 2.1808, "temp": 3.2211}, "min": {"bvp": 0.7704, "eda": 2.0977, "acc_x": 2.9061, "acc_y": 1.8159, "acc_z": 2.0251, "temp": 2.5065}}, "1003": {"mean": {"bvp": 0.7439, "eda": 4.7041, "acc_x": 3.2235, "acc_y": 1.7322, "acc_z": 2.5809, "temp": 3.1271}, "min": {"bvp": 0.6902, "eda": 1.9672, "acc_x": 2.6819, "acc_y": 1.5963, "acc_z": 2.4218, "temp": 2.425}}, "1004": {"mean": {"bvp": 0.8405, "eda": 4.4165, "acc_x": 3.0084, "acc_y": 2.1025, "acc_z": 2.0626, "temp": 3.3041}, "min": {"bvp": 0.8099, "eda": 1.665, "acc_x": 2.4816, "acc_y": 1.9122, "acc_z": 1.9246, "temp": 2.8282}}, "1005": {"mean": {"bvp": 1.5003, "eda": 4.3507, "acc_x": 3.1614, "acc_y": 1.8431, "acc_z": 2.9352, "temp": 3.0417}, "min": {"bvp": 1.1387, "eda": 1.4415, "acc_x": 2.6979, "acc_y": 1.7019, "acc_z": 2.7433, "temp": 2.5346}}, "1006": {"mean": {"bvp": 0.6999, "eda": 4.4136, "acc_x": 3.8785, "acc_y": 1.9713, "acc_z": 2.1913, "temp": 3.4755}, "min": {"bvp": 0.6648, "eda": 1.949, "acc_x": 3.3014, "acc_y": 1.8445, "acc_z": 2.0962, "temp": 2.8443}}, "1007": {"mean": {"bvp": 0.526, "eda": 4.4862, "acc_x": 3.5416, "acc_y": 1.785, "acc_z": 3.2448, "temp": 3.4147}, "min": {"bvp": 0.4237, "eda": 1.8942, "acc_x": 2.9483, "acc_y": 1.5687, "acc_z": 3.0525, "temp": 2.6428}}, "1008": {"mean": {"bvp": 0.5206, "eda": 4.5361, "acc_x": 3.9201, "acc_y": 1.9738, "acc_z": 2.2752, "temp": 3.183}, "min": {"bvp": 0.4855, "eda": 1.9408, "acc_x": 3.2764, "acc_y": 1.8489, "acc_z": 2.1156, "temp": 2.5946}}, "1009": {"mean": {"bvp": 0.6003, "eda": 4.5293, "acc_x": 3.6525, "acc_y": 1.5945, "acc_z": 2.405, "temp": 3.0602}, "min": {"bvp": 0.3869, "eda": 1.7944, "acc_x": 3.0347, "acc_y": 1.5239, "acc_z": 2.2857, "temp": 2.6356}}, "1010": {"mean": {"bvp": 0.5359, "eda": 4.1253, "acc_x": 2.7518, "acc_y": 1.972, "acc_z": 2.9001, "temp": 3.2447}, "min": {"bvp": 0.5216, "eda": 1.4342, "acc_x": 2.2508, "acc_y": 1.841, "acc_z": 2.7482, "temp": 2.7246}}, "1011": {"mean": {"bvp": 0.861, "eda": 4.654, "acc_x": 3.2916, "acc_y": 1.4236, "acc_z": 2.8486, "temp": 3.1262}, "min": {"bvp": 0.7908, "eda": 1.9717, "acc_x": 2.6962, "acc_y": 1.3699, "acc_z": 2.6978, "temp": 2.8243}}, "1012": {"mean": {"bvp": 0.7263, "eda": 4.5837, "acc_x": 3.3741, "acc_y": 1.7663, "acc_z": 2.6295, "temp": 2.9694}, "min": {"bvp": 0.6869, "eda": 1.8341, "acc_x": 2.8195, "acc_y": 1.6083, "acc_z": 2.495, "temp": 2.0884}}, "1013": {"mean": {"bvp": 0.4296, "eda": 4.9777, "acc_x": 2.9379, "acc_y": 1.7892, "acc_z": 3.2124, "temp": 2.8137}, "min": {"bvp": 0.3928, "eda": 2.0735, "acc_x": 2.3813, "acc_y": 1.692, "acc_z": 3.0507, "temp": 2.676}}, "1014": {"mean": {"bvp": 0.9358, "eda": 4.7343, "acc_x": 2.8301, "acc_y": 1.5366, "acc_z": 2.4571, "temp": 3.1526}, "min": {"bvp": 0.8827, "eda": 2.1263, "acc_x": 2.2912, "acc_y": 1.4283, "acc_z": 2.2921, "temp": 2.5459}}, "1015": {"mean": {"bvp": 0.4522, "eda": 4.5881, "acc_x": 3.49, "acc_y": 1.7479, "acc_z": 2.5496, "temp": 2.7823}, "min": {"bvp": 0.4204, "eda": 1.6831, "acc_x": 2.8347, "acc_y": 1.6723, "acc_z": 2.378, "temp": 2.4831}}}, "1009": {"1001": {"mean": {"bvp": 0.6807, "eda": 4.4821, "acc_x": 2.736, "acc_y": 1.9929, "acc_z": 2.3504, "temp": 2.9143}, "min": {"bvp": 0.378, "eda": 2.6179, "acc_x": 2.2258, "acc_y": 1.8995, "acc_z": 2.0962, "temp": 2.77}}, "1002": {"mean": {"bvp": 1.2413, "eda": 4.6621, "acc_x": 2.7224, "acc_y": 2.1606, "acc_z": 1.9528, "temp": 2.5537}, "min": {"bvp": 0.938, "eda": 2.6661, "acc_x": 2.2619, "acc_y": 1.9676, "acc_z": 1.7643, "temp": 2.2867}}, "1003": {"mean": {"bvp": 0.8061, "eda": 4.6366, "acc_x": 2.6574, "acc_y": 1.846, "acc_z": 2.3183, "temp": 2.4442}, "min": {"bvp": 0.6728, "eda": 2.6281, "acc_x": 2.2999, "acc_y": 1.6867, "acc_z": 2.0876, "temp": 2.2073}}, "1004": {"mean": {"bvp": 1.4576, "eda": 4.3804, "acc_x": 2.505, "acc_y": 2.2452, "acc_z": 1.9081, "temp": 2.826}, "min": {"bvp": 1.1056, "eda": 2.4236, "acc_x": 2.1441, "acc_y": 2.0619, "acc_z": 1.7597, "temp": 2.7207}}, "1005": {"mean": {"bvp": 1.1815, "eda": 4.4193, "acc_x": 2.7334, "acc_y": 1.9508, "acc_z": 2.2543, "temp": 2.664}, "min": {"bvp": 1.001, "eda": 2.5153, "acc_x": 2.4603, "acc_y": 1.7941, "acc_z": 1.9226, "temp": 2.4863}}, "1006": {"mean": {"bvp": 1.3354, "eda": 4.2176, "acc_x": 3.1225, "acc_y": 2.0804, "acc_z": 2.1747, "temp": 2.9149}, "min": {"bvp": 0.9742, "eda": 2.2227, "acc_x": 2.7072, "acc_y": 1.9314, "acc_z": 2.0416, "temp": 2.6595}}, "1007": {"mean": {"bvp": 0.5358, "eda": 4.393, "acc_x": 2.8889, "acc_y": 1.9574, "acc_z": 2.3012, "temp": 2.632}, "min": {"bvp": 0.4016, "eda": 2.4833, "acc_x": 2.4151, "acc_y": 1.7377, "acc_z": 1.8559, "temp": 2.3154}}, "1008": {"mean": {"bvp": 0.6896, "eda": 4.4341, "acc_x": 3.004, "acc_y": 2.0774, "acc_z": 1.9883, "temp": 2.7129}, "min": {"bvp": 0.4785, "eda": 2.489, "acc_x": 2.4195, "acc_y": 1.9238, "acc_z": 1.7425, "temp": 2.4066}}, "1009": {"mean": {"bvp": 0.4515, "eda": 4.4775, "acc_x": 2.9311, "acc_y": 1.6576, "acc_z": 2.2284, "temp": 2.7446}, "min": {"bvp": 0.3714, "eda": 2.5137, "acc_x": 2.4699, "acc_y": 1.5591, "acc_z": 2.092, "temp": 2.6181}}, "1010": {"mean": {"bvp": 1.1006, "eda": 4.1436, "acc_x": 2.3208, "acc_y": 2.0836, "acc_z": 2.4756, "temp": 2.7608}, "min": {"bvp": 0.7541, "eda": 2.3383, "acc_x": 2.0216, "acc_y": 1.9367, "acc_z": 2.1753, "temp": 2.6229}}, "1011": {"mean": {"bvp": 0.8424, "eda": 4.5919, "acc_x": 2.6727, "acc_y": 1.4707, "acc_z": 2.5144, "temp": 2.8898}, "min": {"bvp": 0.7565, "eda": 2.6143, "acc_x": 2.1992, "acc_y": 1.3619, "acc_z": 2.2418, "temp": 2.8164}}, "1012": {"mean": {"bvp": 1.371, "eda": 4.5202, "acc_x": 2.682, "acc_y": 1.8924, "acc_z": 2.3677, "temp": 2.0496}, "min": {"bvp": 1.0068, "eda": 2.5047, "acc_x": 2.1018, "acc_y": 1.7209, "acc_z": 2.1429, "temp": 1.8567}}, "1013": {"mean": {"bvp": 0.6238, "eda": 4.9312, "acc_x": 2.3289, "acc_y": 1.8775, "acc_z": 2.5878, "temp": 2.7142}, "min": {"bvp": 0.3848, "eda": 2.8168, "acc_x": 1.9887, "acc_y": 1.7494, "acc_z": 2.2884, "temp": 2.6586}}, "1014": {"mean": {"bvp": 1.6577, "eda": 4.5683, "acc_x": 2.2085, "acc_y": 1.6293, "acc_z": 2.1497, "temp": 2.6703}, "min": {"bvp": 1.2717, "eda": 2.5051, "acc_x": 1.7836, "acc_y": 1.4869, "acc_z": 1.8452, "temp": 2.4392}}, "1015": {"mean": {"bvp": 1.082, "eda": 4.5559, "acc_x": 2.6562, "acc_y": 1.8178, "acc_z": 2.0785, "temp": 2.5327}, "min": {"bvp": 0.7127, "eda": 2.4643, "acc_x": 2.1512, "acc_y": 1.7054, "acc_z": 1.7623, "temp": 2.4692}}}, "1010": {"1001": {"mean": {"bvp": 0.3716, "eda": 4.1278, "acc_x": 2.776, "acc_y": 2.1388, "acc_z": 2.356, "temp": 3.4358}, "min": {"bvp": 0.356, "eda": 2.1146, "acc_x": 1.9796, "acc_y": 1.8466, "acc_z": 2.1794, "temp": 2.9112}}, "1002": {"mean": {"bvp": 0.7743, "eda": 4.3389, "acc_x": 3.0468, "acc_y": 1.8018, "acc_z": 1.9395, "temp": 3.4076}, "min": {"bvp": 0.7004, "eda": 2.2812, "acc_x": 2.4027, "acc_y": 1.7125, "acc_z": 1.5998, "temp": 2.3294}}, "1003": {"mean": {"bvp": 0.7897, "eda": 4.2835, "acc_x": 3.0155, "acc_y": 1.8429, "acc_z": 2.2032, "temp": 3.3096}, "min": {"bvp": 0.7542, "eda": 2.1527, "acc_x": 2.4739, "acc_y": 1.6181, "acc_z": 1.9763, "temp": 2.2653}}, "1004": {"mean": {"bvp": 0.6992, "eda": 4.1394, "acc_x": 2.9436, "acc_y": 1.8307, "acc_z": 2.0359, "temp": 3.538}, "min": {"bvp": 0.6592, "eda": 2.2763, "acc_x": 2.3339, "acc_y": 1.7788, "acc_z": 1.7262, "temp": 2.8632}}, "1005": {"mean": {"bvp": 1.7914, "eda": 4.0052, "acc_x": 3.1472, "acc_y": 1.8034, "acc_z": 1.9901, "temp": 3.3144}, "min": {"bvp": 1.7286, "eda": 1.8214, "acc_x": 2.4979, "acc_y": 1.6805, "acc_z": 1.9611, "temp": 2.5797}}, "1006": {"mean": {"bvp": 0.5858, "eda": 4.0882, "acc_x": 3.1699, "acc_y": 2.0284, "acc_z": 2.4218, "temp": 3.6448}, "min": {"bvp": 0.556, "eda": 2.448, "acc_x": 2.5867, "acc_y": 1.8654, "acc_z": 2.1307, "temp": 2.6238}}, "1007": {"mean": {"bvp": 0.6233, "eda": 4.1793, "acc_x": 2.94, "acc_y": 1.5895, "acc_z": 2.0747, "temp": 3.5308}, "min": {"bvp": 0.5666, "eda": 2.4104, "acc_x": 2.2333, "acc_y": 1.5597, "acc_z": 1.9991, "temp": 2.2722}}, "1008": {"mean": {"bvp": 0.5424, "eda": 4.2005, "acc_x": 2.9513, "acc_y": 2.0212, "acc_z": 1.918, "temp": 3.3905}, "min": {"bvp": 0.5119, "eda": 2.3723, "acc_x": 2.2676, "acc_y": 1.8505, "acc_z": 1.7464, "temp": 2.4818}}, "1009": {"mean": {"bvp": 0.8152, "eda": 4.1561, "acc_x": 2.9252, "acc_y": 1.9337, "acc_z": 2.3271, "temp": 3.3351}, "min": {"bvp": 0.7486, "eda": 2.121, "acc_x": 2.2028, "acc_y": 1.5635, "acc_z": 2.0237, "temp": 2.7312}}, "1010": {"mean": {"bvp": 0.5196, "eda": 3.8915, "acc_x": 2.8901, "acc_y": 2.0276, "acc_z": 2.3683, "temp": 3.4752}, "min": {"bvp": 0.4672, "eda": 2.1391, "acc_x": 2.2715, "acc_y": 1.8739, "acc_z": 2.3181, "temp": 2.7616}}, "1011": {"mean": {"bvp": 0.9344, "eda": 4.2167, "acc_x": 2.8605, "acc_y": 1.7726, "acc_z": 2.3986, "temp": 3.4018}, "min": {"bvp": 0.8925, "eda": 2.088, "acc_x": 2.203, "acc_y": 1.2907, "acc_z": 2.2832, "temp": 2.852}}, "1012": {"mean": {"bvp": 0.6011, "eda": 4.1452, "acc_x": 3.0215, "acc_y": 1.7607, "acc_z": 2.3087, "temp": 3.1407}, "min": {"bvp": 0.5648, "eda": 1.9708, "acc_x": 2.4083, "acc_y": 1.6238, "acc_z": 2.1613, "temp": 1.8503}}, "1013": {"mean": {"bvp": 0.4466, "eda": 4.3786, "acc_x": 2.8615, "acc_y": 2.0078, "acc_z": 2.482, "temp": 3.1519}, "min": {"bvp": 0.4105, "eda": 1.7526, "acc_x": 2.3216, "acc_y": 1.712, "acc_z": 2.3915, "temp": 2.7508}}, "1014": {"mean": {"bvp": 0.6015, "eda": 4.2956, "acc_x": 2.8627, "acc_y": 1.7904, "acc_z": 1.9834, "temp": 3.385}, "min": {"bvp": 0.4601, "eda": 2.2921, "acc_x": 2.2996, "acc_y": 1.4342, "acc_z": 1.8224, "temp": 2.5006}}, "1015": {"mean": {"bvp": 0.4385, "eda": 4.1246, "acc_x": 2.6831, "acc_y": 2.041, "acc_z": 1.9789, "temp": 3.091}, "min": {"bvp": 0.3926, "eda": 1.76, "acc_x": 1.9603, "acc_y": 1.6704, "acc_z": 1.8439, "temp": 2.5799}}}, "1011": {"1001": {"mean": {"bvp": 0.4972, "eda": 4.7958, "acc_x": 2.0397, "acc_y": 2.9221, "acc_z": 2.2848, "temp": 4.1623}, "min": {"bvp": 0.377, "eda": 4.2121, "acc_x": 1.9355, "acc_y": 1.9684, "acc_z": 2.2519, "temp": 3.3577}}, "1002": {"mean": {"bvp": 1.0738, "eda": 5.0226, "acc_x": 2.3422, "acc_y": 2.7926, "acc_z": 1.8983, "temp": 4.6576}, "min": {"bvp": 0.9426, "eda": 4.4223, "acc_x": 2.2479, "acc_y": 1.9914, "acc_z": 1.8611, "temp": 3.7824}}, "1003": {"mean": {"bvp": 0.7045, "eda": 5.0028, "acc_x": 2.2369, "acc_y": 2.707, "acc_z": 2.221, "temp": 4.5835}, "min": {"bvp": 0.6878, "eda": 4.4041, "acc_x": 2.22, "acc_y": 1.7544, "acc_z": 2.2041, "temp": 3.6831}}, "1004": {"mean": {"bvp": 1.2642, "eda": 4.7214, "acc_x": 2.112, "acc_y": 2.8958, "acc_z": 1.9225, "temp": 4.5527}, "min": {"bvp": 1.1027, "eda": 4.1197, "acc_x": 2.0956, "acc_y": 2.1718, "acc_z": 1.8573, "temp": 3.7002}}, "1005": {"mean": {"bvp": 1.0807, "eda": 4.7432, "acc_x": 2.3808, "acc_y": 2.7862, "acc_z": 1.9882, "temp": 4.2845}, "min": {"bvp": 0.9341, "eda": 4.1385, "acc_x": 2.3211, "acc_y": 1.8504, "acc_z": 1.9826, "temp": 3.4569}}, "1006": {"mean": {"bvp": 1.1423, "eda": 4.5656, "acc_x": 2.5636, "acc_y": 2.8597, "acc_z": 2.2591, "temp": 4.8025}, "min": {"bvp": 0.9712, "eda": 3.9727, "acc_x": 2.5046, "acc_y": 1.9674, "acc_z": 2.1628, "temp": 3.9673}}, "1007": {"mean": {"bvp": 0.4109, "eda": 4.7139, "acc_x": 2.2732, "acc_y": 2.6525, "acc_z": 2.1247, "temp": 4.8954}, "min": {"bvp": 0.4003, "eda": 4.1115, "acc_x": 2.2011, "acc_y": 1.8214, "acc_z": 2.0955, "temp": 4.008}}, "1008": {"mean": {"bvp": 0.5383, "eda": 4.7745, "acc_x": 2.3896, "acc_y": 2.8844, "acc_z": 1.82, "temp": 4.4874}, "min": {"bvp": 0.4842, "eda": 4.1868, "acc_x": 2.2711, "acc_y": 1.9885, "acc_z": 1.7753, "temp": 3.6439}}, "1009": {"mean": {"bvp": 0.4178, "eda": 4.824, "acc_x": 2.2718, "acc_y": 2.6774, "acc_z": 2.2476, "temp": 4.2274}, "min": {"bvp": 0.3779, "eda": 4.2194, "acc_x": 2.1907, "acc_y": 1.6218, "acc_z": 2.1941, "temp": 3.4124}}, "1010": {"mean": {"bvp": 0.9109, "eda": 4.4246, "acc_x": 2.0005, "acc_y": 2.8557, "acc_z": 2.317, "temp": 4.5298}, "min": {"bvp": 0.7491, "eda": 3.8357, "acc_x": 1.9693, "acc_y": 1.961, "acc_z": 2.3057, "temp": 3.6685}}, "1011": {"mean": {"bvp": 0.7646, "eda": 4.9508, "acc_x": 2.0803, "acc_y": 2.5756, "acc_z": 2.3859, "temp": 4.146}, "min": {"bvp": 0.7527, "eda": 4.3808, "acc_x": 2.0118, "acc_y": 1.4507, "acc_z": 2.3736, "temp": 3.3792}}, "1012": {"mean": {"bvp": 1.1788, "eda": 4.8917, "acc_x": 2.2439, "acc_y": 2.7084, "acc_z": 2.2573, "temp": 4.5952}, "min": {"bvp": 1.0066, "eda": 4.2993, "acc_x": 2.1297, "acc_y": 1.7928, "acc_z": 2.2426, "temp": 3.6555}}, "1013": {"mean": {"bvp": 0.4565, "eda": 5.3441, "acc_x": 1.9909, "acc_y": 2.7711, "acc_z": 2.4374, "temp": 3.549}, "min": {"bvp": 0.3841, "eda": 4.7351, "acc_x": 1.9807, "acc_y": 1.7988, "acc_z": 2.4252, "temp": 2.8737}}, "1014": {"mean": {"bvp": 1.4582, "eda": 4.946, "acc_x": 1.9183, "acc_y": 2.6161, "acc_z": 1.9524, "temp": 4.4731}, "min": {"bvp": 1.2731, "eda": 4.3387, "acc_x": 1.8341, "acc_y": 1.584, "acc_z": 1.94, "temp": 3.6228}}, "1015": {"mean": {"bvp": 0.8872, "eda": 4.9565, "acc_x": 1.9595, "acc_y": 2.7658, "acc_z": 1.9094, "temp": 3.8043}, "min": {"bvp": 0.712, "eda": 4.3511, "acc_x": 1.8852, "acc_y": 1.7597, "acc_z": 1.8961, "temp": 3.0299}}}, "1012": {"1001": {"mean": {"bvp": 0.6799, "eda": 2.5794, "acc_x": 3.2238, "acc_y": 2.2362, "acc_z": 2.7195, "temp": 3.7274}, "min": {"bvp": 0.4129, "eda": 1.7787, "acc_x": 2.5254, "acc_y": 2.1121, "acc_z": 2.5988, "temp": 2.3331}}, "1002": {"mean": {"bvp": 0.7908, "eda": 2.5456, "acc_x": 3.5207, "acc_y": 1.6528, "acc_z": 2.2858, "temp": 4.033}, "min": {"bvp": 0.7637, "eda": 2.2664, "acc_x": 2.7964, "acc_y": 1.5827, "acc_z": 2.1377, "temp": 2.2103}}, "1003": {"mean": {"bvp": 1.1145, "eda": 2.4687, "acc_x": 3.5908, "acc_y": 1.7219, "acc_z": 2.6137, "temp": 3.9844}, "min": {"bvp": 0.8604, "eda": 2.0045, "acc_x": 2.8477, "acc_y": 1.631, "acc_z": 2.546, "temp": 2.199}}, "1004": {"mean": {"bvp": 0.6969, "eda": 2.3773, "acc_x": 3.7176, "acc_y": 1.7947, "acc_z": 2.2415, "temp": 4.1417}, "min": {"bvp": 0.6893, "eda": 1.7383, "acc_x": 2.9396, "acc_y": 1.7471, "acc_z": 2.0258, "temp": 2.768}}, "1005": {"mean": {"bvp": 2.2208, "eda": 2.4524, "acc_x": 3.9859, "acc_y": 1.8658, "acc_z": 2.6655, "temp": 3.9048}, "min": {"bvp": 1.9114, "eda": 1.5568, "acc_x": 3.235, "acc_y": 1.7618, "acc_z": 2.0435, "temp": 2.5636}}, "1006": {"mean": {"bvp": 0.5541, "eda": 2.2776, "acc_x": 3.3386, "acc_y": 1.9223, "acc_z": 2.4435, "temp": 4.2509}, "min": {"bvp": 0.5388, "eda": 2.0339, "acc_x": 2.7192, "acc_y": 1.8427, "acc_z": 2.1455, "temp": 2.577}}, "1007": {"mean": {"bvp": 1.0424, "eda": 2.498, "acc_x": 3.3366, "acc_y": 1.3398, "acc_z": 2.8809, "temp": 4.1228}, "min": {"bvp": 0.7304, "eda": 2.0479, "acc_x": 2.6633, "acc_y": 1.3222, "acc_z": 2.0783, "temp": 2.0193}}, "1008": {"mean": {"bvp": 0.878, "eda": 2.4639, "acc_x": 3.0156, "acc_y": 1.9388, "acc_z": 2.2906, "temp": 3.9649}, "min": {"bvp": 0.61, "eda": 1.9897, "acc_x": 2.4304, "acc_y": 1.8992, "acc_z": 2.2215, "temp": 2.3324}}, "1009": {"mean": {"bvp": 1.268, "eda": 2.4674, "acc_x": 3.2399, "acc_y": 1.9695, "acc_z": 2.5426, "temp": 3.9408}, "min": {"bvp": 0.9399, "eda": 1.9829, "acc_x": 2.5982, "acc_y": 1.8139, "acc_z": 2.3632, "temp": 2.7754}}, "1010": {"mean": {"bvp": 0.5563, "eda": 2.4583, "acc_x": 3.8494, "acc_y": 1.9016, "acc_z": 2.7976, "temp": 4.1009}, "min": {"bvp": 0.4863, "eda": 1.5542, "acc_x": 3.0391, "acc_y": 1.8307, "acc_z": 2.5389, "temp": 2.6825}}, "1011": {"mean": {"bvp": 1.2752, "eda": 2.4918, "acc_x": 3.3607, "acc_y": 1.9043, "acc_z": 2.8054, "temp": 3.904}, "min": {"bvp": 1.0137, "eda": 1.8758, "acc_x": 2.6365, "acc_y": 1.7437, "acc_z": 2.6639, "temp": 2.8497}}, "1012": {"mean": {"bvp": 0.5475, "eda": 2.4131, "acc_x": 3.5332, "acc_y": 1.6758, "acc_z": 2.641, "temp": 3.9031}, "min": {"bvp": 0.5153, "eda": 1.9606, "acc_x": 2.7994, "acc_y": 1.5792, "acc_z": 2.5792, "temp": 1.9332}}, "1013": {"mean": {"bvp": 0.8064, "eda": 2.402, "acc_x": 3.5539, "acc_y": 1.9176, "acc_z": 3.0025, "temp": 3.4627}, "min": {"bvp": 0.5198, "eda": 1.9538, "acc_x": 2.7469, "acc_y": 1.8075, "acc_z": 2.557, "temp": 2.678}}, "1014": {"mean": {"bvp": 0.5657, "eda": 2.3119, "acc_x": 3.675, "acc_y": 1.711, "acc_z": 2.4151, "temp": 3.936}, "min": {"bvp": 0.4442, "eda": 2.0943, "acc_x": 2.871, "acc_y": 1.5983, "acc_z": 2.2838, "temp": 2.3138}}, "1015": {"mean": {"bvp": 0.436, "eda": 2.226, "acc_x": 2.9248, "acc_y": 1.9906, "acc_z": 2.4252, "temp": 3.5624}, "min": {"bvp": 0.3792, "eda": 1.5971, "acc_x": 2.2281, "acc_y": 1.8745, "acc_z": 2.1778, "temp": 2.4719}}}, "1013": {"1001": {"mean": {"bvp": 0.4016, "eda": 3.72, "acc_x": 2.6214, "acc_y": 2.4292, "acc_z": 2.3304, "temp": 3.8624}, "min": {"bvp": 0.3581, "eda": 2.8865, "acc_x": 2.0151, "acc_y": 2.178, "acc_z": 2.2508, "temp": 3.6557}}, "1002": {"mean": {"bvp": 0.9512, "eda": 3.6526, "acc_x": 2.8581, "acc_y": 2.2146, "acc_z": 1.9417, "temp": 4.3391}, "min": {"bvp": 0.8611, "eda": 2.7608, "acc_x": 2.1733, "acc_y": 1.6246, "acc_z": 1.6999, "temp": 4.078}}, "1003": {"mean": {"bvp": 0.6898, "eda": 3.6515, "acc_x": 2.8315, "acc_y": 2.1444, "acc_z": 2.2477, "temp": 4.2684}, "min": {"bvp": 0.6856, "eda": 2.7621, "acc_x": 2.1784, "acc_y": 1.723, "acc_z": 2.0722, "temp": 4.0065}}, "1004": {"mean": {"bvp": 1.1113, "eda": 3.5232, "acc_x": 2.8411, "acc_y": 2.3156, "acc_z": 2.0213, "temp": 4.2503}, "min": {"bvp": 0.9783, "eda": 2.665, "acc_x": 2.105, "acc_y": 1.7313, "acc_z": 1.8373, "temp": 4.0269}}, "1005": {"mean": {"bvp": 1.3424, "eda": 3.6564, "acc_x": 3.0878, "acc_y": 2.2459, "acc_z": 1.9998, "temp": 3.9603}, "min": {"bvp": 1.2382, "eda": 2.82, "acc_x": 2.353, "acc_y": 1.8185, "acc_z": 1.9777, "temp": 3.7138}}, "1006": {"mean": {"bvp": 0.9802, "eda": 3.2771, "acc_x": 2.9287, "acc_y": 2.3224, "acc_z": 2.3546, "temp": 4.4854}, "min": {"bvp": 0.844, "eda": 2.369, "acc_x": 2.4967, "acc_y": 1.9091, "acc_z": 2.1318, "temp": 4.2357}}, "1007": {"mean": {"bvp": 0.4065, "eda": 3.5365, "acc_x": 2.774, "acc_y": 2.0249, "acc_z": 2.1675, "temp": 4.5792}, "min": {"bvp": 0.3943, "eda": 2.6704, "acc_x": 2.2268, "acc_y": 1.3529, "acc_z": 2.0963, "temp": 4.3125}}, "1008": {"mean": {"bvp": 0.4961, "eda": 3.5474, "acc_x": 2.7239, "acc_y": 2.3715, "acc_z": 1.9013, "temp": 4.169}, "min": {"bvp": 0.4819, "eda": 2.6854, "acc_x": 2.3433, "acc_y": 1.9921, "acc_z": 1.7873, "temp": 3.9217}}, "1009": {"mean": {"bvp": 0.4089, "eda": 3.58, "acc_x": 2.7711, "acc_y": 2.1175, "acc_z": 2.3016, "temp": 3.907}, "min": {"bvp": 0.3592, "eda": 2.7121, "acc_x": 2.246, "acc_y": 1.7666, "acc_z": 2.0826, "temp": 3.6761}}, "1010": {"mean": {"bvp": 0.7609, "eda": 3.5134, "acc_x": 2.819, "acc_y": 2.3157, "acc_z": 2.3593, "temp": 4.2235}, "min": {"bvp": 0.6399, "eda": 2.6461, "acc_x": 1.9958, "acc_y": 1.9006, "acc_z": 2.3109, "temp": 3.9919}}, "1011": {"mean": {"bvp": 0.7719, "eda": 3.6794, "acc_x": 2.6949, "acc_y": 2.0699, "acc_z": 2.4273, "temp": 3.8288}, "min": {"bvp": 0.7592, "eda": 2.8494, "acc_x": 2.045, "acc_y": 1.8368, "acc_z": 2.3446, "temp": 3.6204}}, "1012": {"mean": {"bvp": 1.0137, "eda": 3.5722, "acc_x": 2.866, "acc_y": 2.1195, "acc_z": 2.2945, "temp": 4.2754}, "min": {"bvp": 0.876, "eda": 2.7004, "acc_x": 2.2542, "acc_y": 1.6194, "acc_z": 2.145, "temp": 3.9882}}, "1013": {"mean": {"bvp": 0.3993, "eda": 3.7683, "acc_x": 2.6235, "acc_y": 2.2435, "acc_z": 2.4725, "temp": 3.2052}, "min": {"bvp": 0.3799, "eda": 2.6275, "acc_x": 1.7639, "acc_y": 1.9, "acc_z": 2.444, "temp": 3.0169}}, "1014": {"mean": {"bvp": 1.2776, "eda": 3.4674, "acc_x": 2.7267, "acc_y": 2.0527, "acc_z": 1.9826, "temp": 4.1599}, "min": {"bvp": 1.1228, "eda": 2.4503, "acc_x": 1.9487, "acc_y": 1.6919, "acc_z": 1.8547, "temp": 3.9082}}, "1015": {"mean": {"bvp": 0.7205, "eda": 3.5389, "acc_x": 2.455, "acc_y": 2.2536, "acc_z": 1.9375, "temp": 3.47}, "min": {"bvp": 0.5838, "eda": 2.5873, "acc_x": 1.928, "acc_y": 1.9661, "acc_z": 1.8622, "temp": 3.2445}}}, "1014": {"1001": {"mean": {"bvp": 0.8709, "eda": 3.2458, "acc_x": 2.0988, "acc_y": 2.0449, "acc_z": 2.2502, "temp": 3.6226}, "min": {"bvp": 0.8331, "eda": 1.8256, "acc_x": 2.0417, "acc_y": 1.9277, "acc_z": 2.1915, "temp": 2.9697}}, "1002": {"mean": {"bvp": 0.8517, "eda": 3.4763, "acc_x": 2.3757, "acc_y": 2.0005, "acc_z": 1.7951, "temp": 3.5895}, "min": {"bvp": 0.8406, "eda": 2.1513, "acc_x": 2.2635, "acc_y": 1.7055, "acc_z": 1.6493, "temp": 2.4346}}, "1003": {"mean": {"bvp": 1.2962, "eda": 3.3992, "acc_x": 2.2751, "acc_y": 1.7763, "acc_z": 2.1308, "temp": 3.5004}, "min": {"bvp": 1.2602, "eda": 1.9527, "acc_x": 2.1128, "acc_y": 1.6456, "acc_z": 2.0208, "temp": 2.3888}}, "1004": {"mean": {"bvp": 0.6836, "eda": 3.2503, "acc_x": 2.2678, "acc_y": 2.1145, "acc_z": 1.8642, "temp": 3.6995}, "min": {"bvp": 0.6828, "eda": 2.0463, "acc_x": 2.0812, "acc_y": 1.9128, "acc_z": 1.811, "temp": 2.8866}}, "1005": {"mean": {"bvp": 2.4372, "eda": 3.1135, "acc_x": 2.415, "acc_y": 1.9031, "acc_z": 1.9655, "temp": 3.4942}, "min": {"bvp": 2.3977, "eda": 1.55, "acc_x": 2.3221, "acc_y": 1.7545, "acc_z": 1.9172, "temp": 2.6977}}, "1006": {"mean": {"bvp": 0.5599, "eda": 3.2016, "acc_x": 2.5818, "acc_y": 1.9403, "acc_z": 2.1919, "temp": 3.8228}, "min": {"bvp": 0.5533, "eda": 2.2542, "acc_x": 2.4941, "acc_y": 1.8307, "acc_z": 2.1293, "temp": 2.7316}}, "1007": {"mean": {"bvp": 1.2591, "eda": 3.2945, "acc_x": 2.3063, "acc_y": 1.7403, "acc_z": 2.1029, "temp": 3.7244}, "min": {"bvp": 1.2189, "eda": 2.1824, "acc_x": 2.2492, "acc_y": 1.4847, "acc_z": 2.0172, "temp": 2.4049}}, "1008": {"mean": {"bvp": 1.0689, "eda": 3.3431, "acc_x": 2.3737, "acc_y": 1.9957, "acc_z": 1.7958, "temp": 3.5897}, "min": {"bvp": 1.0313, "eda": 2.211, "acc_x": 2.3148, "acc_y": 1.9141, "acc_z": 1.7453, "temp": 2.6536}}, "1009": {"mean": {"bvp": 1.4958, "eda": 3.2969, "acc_x": 2.3124, "acc_y": 1.6936, "acc_z": 2.1639, "temp": 3.5144}, "min": {"bvp": 1.4542, "eda": 1.9852, "acc_x": 2.2677, "acc_y": 1.5261, "acc_z": 2.0484, "temp": 2.7902}}, "1010": {"mean": {"bvp": 0.6256, "eda": 3.0158, "acc_x": 2.1059, "acc_y": 1.8962, "acc_z": 2.3142, "temp": 3.6344}, "min": {"bvp": 0.6016, "eda": 1.8656, "acc_x": 1.9577, "acc_y": 1.8305, "acc_z": 2.2925, "temp": 2.8232}}, "1011": {"mean": {"bvp": 1.461, "eda": 3.4097, "acc_x": 2.1358, "acc_y": 1.5576, "acc_z": 2.3456, "temp": 3.5838}, "min": {"bvp": 1.4265, "eda": 2.028, "acc_x": 2.0434, "acc_y": 1.4319, "acc_z": 2.3208, "temp": 2.8762}}, "1012": {"mean": {"bvp": 0.5447, "eda": 3.3184, "acc_x": 2.2411, "acc_y": 1.806, "acc_z": 2.1875, "temp": 3.3128}, "min": {"bvp": 0.5414, "eda": 1.9302, "acc_x": 2.0942, "acc_y": 1.624, "acc_z": 2.1135, "temp": 1.8833}}, "1013": {"mean": {"bvp": 1.0092, "eda": 3.5304, "acc_x": 2.1011, "acc_y": 1.8477, "acc_z": 2.4316, "temp": 3.3666}, "min": {"bvp": 0.9701, "eda": 1.7258, "acc_x": 1.8956, "acc_y": 1.7469, "acc_z": 2.414, "temp": 2.7855}}, "1014": {"mean": {"bvp": 0.4479, "eda": 3.3714, "acc_x": 2.0785, "acc_y": 1.6186, "acc_z": 1.8878, "temp": 3.5555}, "min": {"bvp": 0.4328, "eda": 2.0328, "acc_x": 1.8085, "acc_y": 1.4946, "acc_z": 1.8438, "temp": 2.5909}}, "1015": {"mean": {"bvp": 0.5012, "eda": 3.2489, "acc_x": 1.9877, "acc_y": 1.7446, "acc_z": 1.8682, "temp": 3.2995}, "min": {"bvp": 0.4731, "eda": 1.6264, "acc_x": 1.9214, "acc_y": 1.6908, "acc_z": 1.8332, "temp": 2.625}}}, "1015": {"1001": {"mean": {"bvp": 0.3632, "eda": 3.5143, "acc_x": 2.1464, "acc_y": 2.3813, "acc_z": 2.5348, "temp": 4.468}, "min": {"bvp": 0.3449, "eda": 1.6895, "acc_x": 1.9579, "acc_y": 1.9245, "acc_z": 2.2426, "temp": 4.0247}}, "1002": {"mean": {"bvp": 0.7739, "eda": 3.7834, "acc_x": 2.4661, "acc_y": 2.6658, "acc_z": 2.0196, "temp": 5.0429}, "min": {"bvp": 0.7576, "eda": 2.1239, "acc_x": 2.3527, "acc_y": 1.766, "acc_z": 1.8671, "temp": 4.5419}}, "1003": {"mean": {"bvp": 0.7482, "eda": 3.7183, "acc_x": 2.2879, "acc_y": 2.3273, "acc_z": 2.4147, "temp": 4.9695}, "min": {"bvp": 0.7164, "eda": 1.9539, "acc_x": 2.2066, "acc_y": 1.6023, "acc_z": 2.2174, "temp": 4.4734}}, "1004": {"mean": {"bvp": 0.781, "eda": 3.4362, "acc_x": 2.183, "acc_y": 2.7384, "acc_z": 1.9241, "temp": 4.8986}, "min": {"bvp": 0.7182, "eda": 1.6373, "acc_x": 2.1176, "acc_y": 1.8588, "acc_z": 1.7604, "temp": 4.4423}}, "1005": {"mean": {"bvp": 1.6983, "eda": 3.4031, "acc_x": 2.3986, "acc_y": 2.4071, "acc_z": 2.5877, "temp": 4.6181}, "min": {"bvp": 1.6297, "eda": 1.4428, "acc_x": 2.3275, "acc_y": 1.6728, "acc_z": 2.1116, "temp": 4.1437}}, "1006": {"mean": {"bvp": 0.6403, "eda": 3.4228, "acc_x": 2.6694, "acc_y": 2.5497, "acc_z": 2.1323, "temp": 5.152}, "min": {"bvp": 0.578, "eda": 1.9762, "acc_x": 2.5016, "acc_y": 1.8913, "acc_z": 2.0103, "temp": 4.6736}}, "1007": {"mean": {"bvp": 0.5503, "eda": 3.548, "acc_x": 2.3636, "acc_y": 2.4467, "acc_z": 2.863, "temp": 5.2818}, "min": {"bvp": 0.4963, "eda": 1.9857, "acc_x": 2.2062, "acc_y": 1.3988, "acc_z": 2.3353, "temp": 4.7838}}, "1008": {"mean": {"bvp": 0.5131, "eda": 3.5603, "acc_x": 2.5138, "acc_y": 2.4707, "acc_z": 2.051, "temp": 4.8329}, "min": {"bvp": 0.4838, "eda": 1.9272, "acc_x": 2.2777, "acc_y": 1.696, "acc_z": 1.7607, "temp": 4.3568}}, "1009": {"mean": {"bvp": 0.7197, "eda": 3.5635, "acc_x": 2.3905, "acc_y": 2.1252, "acc_z": 2.3, "temp": 4.5427}, "min": {"bvp": 0.649, "eda": 1.8264, "acc_x": 2.2023, "acc_y": 1.7335, "acc_z": 2.1841, "temp": 4.0857}}, "1010": {"mean": {"bvp": 0.5106, "eda": 3.1863, "acc_x": 2.019, "acc_y": 2.5499, "acc_z": 2.6566, "temp": 4.8841}, "min": {"bvp": 0.4814, "eda": 1.4226, "acc_x": 1.9725, "acc_y": 1.8772, "acc_z": 2.3265, "temp": 4.419}}, "1011": {"mean": {"bvp": 0.879, "eda": 3.6646, "acc_x": 2.1629, "acc_y": 1.9185, "acc_z": 2.6305, "temp": 4.4271}, "min": {"bvp": 0.8398, "eda": 1.8862, "acc_x": 2.0182, "acc_y": 1.4445, "acc_z": 2.3708, "temp": 3.9952}}, "1012": {"mean": {"bvp": 0.6619, "eda": 3.5619, "acc_x": 2.3569, "acc_y": 2.3904, "acc_z": 2.4613, "temp": 5.0277}, "min": {"bvp": 0.5968, "eda": 1.7264, "acc_x": 2.2342, "acc_y": 1.6062, "acc_z": 2.2554, "temp": 4.4957}}, "1013": {"mean": {"bvp": 0.4131, "eda": 3.9341, "acc_x": 2.0417, "acc_y": 2.3301, "acc_z": 2.919, "temp": 3.7349}, "min": {"bvp": 0.3831, "eda": 1.9688, "acc_x": 1.9802, "acc_y": 1.7446, "acc_z": 2.5244, "temp": 3.3327}}, "1014": {"mean": {"bvp": 0.8366, "eda": 3.7055, "acc_x": 2.0109, "acc_y": 2.1158, "acc_z": 2.2097, "temp": 4.8416}, "min": {"bvp": 0.735, "eda": 2.065, "acc_x": 1.9616, "acc_y": 1.4786, "acc_z": 1.932, "temp": 4.3522}}, "1015": {"mean": {"bvp": 0.4162, "eda": 3.5638, "acc_x": 2.1015, "acc_y": 2.2584, "acc_z": 2.27, "temp": 4.0849}, "min": {"bvp": 0.3864, "eda": 1.6011, "acc_x": 1.8956, "acc_y": 1.7625, "acc_z": 1.9004, "temp": 3.6335}}}}