{"1001": {"1001": {"mean": {"bvp": 0.3727, "eda": 3.791, "acc_x": 2.3318, "acc_y": 1.9793, "acc_z": 2.0205, "temp": 2.6931}, "min": {"bvp": 0.3327, "eda": 1.7592, "acc_x": 1.7365, "acc_y": 1.7642, "acc_z": 2.0023, "temp": 2.6588}}, "1002": {"mean": {"bvp": 0.7257, "eda": 4.0074, "acc_x": 2.4634, "acc_y": 1.9694, "acc_z": 1.4914, "temp": 2.727}, "min": {"bvp": 0.7084, "eda": 1.9522, "acc_x": 1.9082, "acc_y": 1.5575, "acc_z": 1.4301, "temp": 2.2536}}, "1003": {"mean": {"bvp": 0.721, "eda": 3.8782, "acc_x": 2.3444, "acc_y": 1.8098, "acc_z": 1.86, "temp": 2.7007}, "min": {"bvp": 0.6597, "eda": 1.6796, "acc_x": 1.9168, "acc_y": 1.4667, "acc_z": 1.8343, "temp": 2.1403}}, "1004": {"mean": {"bvp": 0.7009, "eda": 3.8148, "acc_x": 2.2935, "acc_y": 1.9873, "acc_z": 1.5162, "temp": 2.9219}, "min": {"bvp": 0.6376, "eda": 1.8873, "acc_x": 1.9169, "acc_y": 1.5515, "acc_z": 1.5025, "temp": 2.6137}}, "1005": {"mean": {"bvp": 1.5803, "eda": 3.7275, "acc_x": 2.4359, "acc_y": 1.9147, "acc_z": 1.8961, "temp": 2.6324}, "min": {"bvp": 1.4225, "eda": 1.5433, "acc_x": 2.0705, "acc_y": 1.513, "acc_z": 1.8632, "temp": 2.2988}}, "1006": {"mean": {"bvp": 0.5801, "eda": 3.6957, "acc_x": 2.7942, "acc_y": 1.9347, "acc_z": 2.0029, "temp": 3.0041}, "min": {"bvp": 0.5305, "eda": 1.9282, "acc_x": 2.1708, "acc_y": 1.6048, "acc_z": 1.9804, "temp": 2.5315}}, "1007": {"mean": {"bvp": 0.5134, "eda": 3.7154, "acc_x": 2.5325, "acc_y": 1.8002, "acc_z": 1.9823, "temp": 2.6544}, "min": {"bvp": 0.4142, "eda": 1.882, "acc_x": 2.0374, "acc_y": 1.3223, "acc_z": 1.8099, "temp": 1.7664}}, "1008": {"mean": {"bvp": 0.508, "eda": 3.872, "acc_x": 2.7194, "acc_y": 1.9785, "acc_z": 1.6176, "temp": 2.7338}, "min": {"bvp": 0.4657, "eda": 1.954, "acc_x": 2.1302, "acc_y": 1.6766, "acc_z": 1.5984, "temp": 2.2778}}, "1009": {"mean": {"bvp": 0.6235, "eda": 3.7581, "acc_x": 2.4629, "acc_y": 1.4775, "acc_z": 1.9169, "temp": 2.7027}, "min": {"bvp": 0.4662, "eda": 1.6945, "acc_x": 1.9524, "acc_y": 1.2816, "acc_z": 1.8037, "temp": 2.4898}}, "1010": {"mean": {"bvp": 0.4905, "eda": 3.5541, "acc_x": 2.0929, "acc_y": 2.0666, "acc_z": 2.2349, "temp": 2.8149}, "min": {"bvp": 0.4659, "eda": 1.7479, "acc_x": 1.7521, "acc_y": 1.7153, "acc_z": 2.1693, "temp": 2.4679}}, "1011": {"mean": {"bvp": 0.8257, "eda": 3.881, "acc_x": 2.3086, "acc_y": 1.5519, "acc_z": 2.1995, "temp": 2.7944}, "min": {"bvp": 0.7536, "eda": 1.7346, "acc_x": 1.8636, "acc_y": 1.2884, "acc_z": 2.1611, "temp": 2.7024}}, "1012": {"mean": {"bvp": 0.5899, "eda": 3.7172, "acc_x": 2.4855, "acc_y": 1.7255, "acc_z": 2.1041, "temp": 2.4171}, "min": {"bvp": 0.5493, "eda": 1.4057, "acc_x": 1.9325, "acc_y": 1.3257, "acc_z": 2.0508, "temp": 1.7014}}, "1013": {"mean": {"bvp": 0.4175, "eda": 3.9805, "acc_x": 2.273, "acc_y": 1.8023, "acc_z": 2.2843, "temp": 2.7079}, "min": {"bvp": 0.3627, "eda": 1.246, "acc_x": 1.7513, "acc_y": 1.5402, "acc_z": 2.2395, "temp": 2.5553}}, "1014": {"mean": {"bvp": 0.6873, "eda": 3.845, "acc_x": 1.8394, "acc_y": 1.5322, "acc_z": 1.6889, "temp": 2.6534}, "min": {"bvp": 0.5689, "eda": 1.8396, "acc_x": 1.4683, "acc_y": 1.249, "acc_z": 1.6623, "temp": 2.3501}}, "1015": {"mean": {"bvp": 0.3851, "eda": 3.8229, "acc_x": 2.3087, "acc_y": 1.7872, "acc_z": 1.7539, "temp": 2.5139}, "min": {"bvp": 0.3618, "eda": 1.4769, "acc_x": 1.6493, "acc_y": 1.5217, "acc_z": 1.7332, "temp": 2.4341}}}, "1002": {"1001": {"mean": {"bvp": 0.3555, "eda": 2.973, "acc_x": 2.0282, "acc_y": 1.7401, "acc_z": 2.1519, "temp": 2.5245}, "min": {"bvp": 0.3236, "eda": 2.1491, "acc_x": 1.8339, "acc_y": 1.6647, "acc_z": 1.9869, "temp": 2.363}}, "1002": {"mean": {"bvp": 0.7133, "eda": 2.9882, "acc_x": 2.0934, "acc_y": 1.6896, "acc_z": 1.7153, "temp": 2.2219}, "min": {"bvp": 0.6477, "eda": 2.1163, "acc_x": 1.9144, "acc_y": 1.4385, "acc_z": 1.6508, "temp": 2.0694}}, "1003": {"mean": {"bvp": 0.6739, "eda": 2.9626, "acc_x": 1.9237, "acc_y": 1.5392, "acc_z": 1.9957, "temp": 2.1152}, "min": {"bvp": 0.6523, "eda": 2.1584, "acc_x": 1.8034, "acc_y": 1.4273, "acc_z": 1.9336, "temp": 2.0312}}, "1004": {"mean": {"bvp": 0.6557, "eda": 2.856, "acc_x": 1.9946, "acc_y": 1.747, "acc_z": 1.7558, "temp": 2.4933}, "min": {"bvp": 0.5954, "eda": 2.0929, "acc_x": 1.766, "acc_y": 1.5937, "acc_z": 1.5896, "temp": 2.4374}}, "1005": {"mean": {"bvp": 1.396, "eda": 2.9089, "acc_x": 2.2081, "acc_y": 1.5605, "acc_z": 1.9023, "temp": 2.3186}, "min": {"bvp": 1.0724, "eda": 2.1873, "acc_x": 1.9064, "acc_y": 1.4384, "acc_z": 1.8454, "temp": 2.2539}}, "1006": {"mean": {"bvp": 0.5531, "eda": 2.7251, "acc_x": 2.2617, "acc_y": 1.6503, "acc_z": 2.2802, "temp": 2.5638}, "min": {"bvp": 0.5187, "eda": 2.0407, "acc_x": 2.2489, "acc_y": 1.5615, "acc_z": 2.1171, "temp": 2.4173}}, "1007": {"mean": {"bvp": 0.4609, "eda": 2.8936, "acc_x": 2.1103, "acc_y": 1.4586, "acc_z": 1.9714, "temp": 1.9272}, "min": {"bvp": 0.4096, "eda": 2.1962, "acc_x": 1.9606, "acc_y": 1.2225, "acc_z": 1.7396, "temp": 1.802}}, "1008": {"mean": {"bvp": 0.4874, "eda": 2.9039, "acc_x": 2.1168, "acc_y": 1.767, "acc_z": 1.7699, "temp": 2.2799}, "min": {"bvp": 0.4738, "eda": 2.1227, "acc_x": 2.0825, "acc_y": 1.6316, "acc_z": 1.6338, "temp": 2.0771}}, "1009": {"mean": {"bvp": 0.537, "eda": 2.9027, "acc_x": 2.0926, "acc_y": 1.3788, "acc_z": 2.1325, "temp": 2.4388}, "min": {"bvp": 0.4119, "eda": 2.1402, "acc_x": 1.8708, "acc_y": 1.297, "acc_z": 1.9529, "temp": 2.3196}}, "1010": {"mean": {"bvp": 0.5007, "eda": 2.8104, "acc_x": 1.9125, "acc_y": 1.7772, "acc_z": 2.2684, "temp": 2.4049}, "min": {"bvp": 0.4867, "eda": 2.1366, "acc_x": 1.5796, "acc_y": 1.671, "acc_z": 2.1024, "temp": 2.3403}}, "1011": {"mean": {"bvp": 0.78, "eda": 3.0486, "acc_x": 2.048, "acc_y": 1.2149, "acc_z": 2.2951, "temp": 2.602}, "min": {"bvp": 0.7666, "eda": 2.237, "acc_x": 1.856, "acc_y": 1.1379, "acc_z": 2.2057, "temp": 2.5595}}, "1012": {"mean": {"bvp": 0.5691, "eda": 2.8003, "acc_x": 2.1479, "acc_y": 1.4231, "acc_z": 2.2264, "temp": 1.8262}, "min": {"bvp": 0.5282, "eda": 1.8421, "acc_x": 2.0733, "acc_y": 1.3112, "acc_z": 2.1256, "temp": 1.7822}}, "1013": {"mean": {"bvp": 0.4024, "eda": 2.7964, "acc_x": 1.7712, "acc_y": 1.5973, "acc_z": 2.3104, "temp": 2.5466}, "min": {"bvp": 0.3917, "eda": 1.5132, "acc_x": 1.6961, "acc_y": 1.4985, "acc_z": 2.207, "temp": 2.3973}}, "1014": {"mean": {"bvp": 0.4626, "eda": 2.9745, "acc_x": 1.7485, "acc_y": 1.2418, "acc_z": 1.7729, "temp": 2.3507}, "min": {"bvp": 0.4093, "eda": 2.222, "acc_x": 1.4381, "acc_y": 1.1242, "acc_z": 1.7343, "temp": 2.2127}}, "1015": {"mean": {"bvp": 0.4188, "eda": 2.932, "acc_x": 1.8259, "acc_y": 1.4858, "acc_z": 1.8129, "temp": 2.3692}, "min": {"bvp": 0.4061, "eda": 2.0826, "acc_x": 1.7563, "acc_y": 1.4122, "acc_z": 1.6618, "temp": 2.2298}}}, "1003": {"1001": {"mean": {"bvp": 0.4553, "eda": 2.8124, "acc_x": 1.9088, "acc_y": 1.7798, "acc_z": 2.1606, "temp": 2.5849}, "min": {"bvp": 0.333, "eda": 1.4165, "acc_x": 1.7978, "acc_y": 1.773, "acc_z": 2.0531, "temp": 2.3003}}, "1002": {"mean": {"bvp": 0.7885, "eda": 3.0757, "acc_x": 2.1595, "acc_y": 1.5782, "acc_z": 1.6255, "temp": 2.4267}, "min": {"bvp": 0.7349, "eda": 1.9575, "acc_x": 1.9125, "acc_y": 1.4536, "acc_z": 1.5227, "temp": 2.1395}}, "1003": {"mean": {"bvp": 0.6663, "eda": 2.9171, "acc_x": 2.1054, "acc_y": 1.5968, "acc_z": 1.9359, "temp": 2.3451}, "min": {"bvp": 0.6336, "eda": 1.7102, "acc_x": 1.9247, "acc_y": 1.5413, "acc_z": 1.8702, "temp": 2.194}}, "1004": {"mean": {"bvp": 0.7434, "eda": 2.8464, "acc_x": 2.0426, "acc_y": 1.5647, "acc_z": 1.6064, "temp": 2.6035}, "min": {"bvp": 0.656, "eda": 1.526, "acc_x": 1.9666, "acc_y": 1.5101, "acc_z": 1.5812, "temp": 2.5516}}, "1005": {"mean": {"bvp": 0.985, "eda": 2.7354, "acc_x": 2.1593, "acc_y": 1.5286, "acc_z": 2.0858, "temp": 2.5022}, "min": {"bvp": 0.9707, "eda": 1.3854, "acc_x": 1.9586, "acc_y": 1.4721, "acc_z": 1.8316, "temp": 2.4673}}, "1006": {"mean": {"bvp": 0.6424, "eda": 2.8621, "acc_x": 2.3877, "acc_y": 1.6759, "acc_z": 2.0155, "temp": 2.7562}, "min": {"bvp": 0.5808, "eda": 1.8548, "acc_x": 2.2327, "acc_y": 1.6026, "acc_z": 1.8984, "temp": 2.5044}}, "1007": {"mean": {"bvp": 0.4227, "eda": 2.8699, "acc_x": 2.2096, "acc_y": 1.3626, "acc_z": 2.101, "temp": 2.1683}, "min": {"bvp": 0.3628, "eda": 1.6931, "acc_x": 2.0083, "acc_y": 1.2022, "acc_z": 1.8702, "temp": 1.9121}}, "1008": {"mean": {"bvp": 0.5266, "eda": 3.0005, "acc_x": 2.1677, "acc_y": 1.7327, "acc_z": 1.7705, "temp": 2.5553}, "min": {"bvp": 0.4661, "eda": 1.9097, "acc_x": 2.0551, "acc_y": 1.6972, "acc_z": 1.6683, "temp": 2.3629}}, "1009": {"mean": {"bvp": 0.399, "eda": 2.8461, "acc_x": 2.0821, "acc_y": 1.4602, "acc_z": 2.0277, "temp": 2.5495}, "min": {"bvp": 0.325, "eda": 1.6217, "acc_x": 1.9286, "acc_y": 1.4058, "acc_z": 1.9312, "temp": 2.4786}}, "1010": {"mean": {"bvp": 0.5391, "eda": 2.619, "acc_x": 1.9165, "acc_y": 1.7232, "acc_z": 2.3639, "temp": 2.5263}, "min": {"bvp": 0.5153, "eda": 1.1856, "acc_x": 1.7691, "acc_y": 1.6725, "acc_z": 2.1798, "temp": 2.4916}}, "1011": {"mean": {"bvp": 0.7352, "eda": 3.014, "acc_x": 1.9888, "acc_y": 1.3295, "acc_z": 2.2908, "temp": 2.74}, "min": {"bvp": 0.6708, "eda": 1.9578, "acc_x": 1.804, "acc_y": 1.1696, "acc_z": 2.1756, "temp": 2.6342}}, "1012": {"mean": {"bvp": 0.6669, "eda": 2.7741, "acc_x": 2.2697, "acc_y": 1.455, "acc_z": 2.1617, "temp": 2.0277}, "min": {"bvp": 0.6223, "eda": 1.5938, "acc_x": 1.9796, "acc_y": 1.3784, "acc_z": 2.0454, "temp": 1.8536}}, "1013": {"mean": {"bvp": 0.4416, "eda": 2.8753, "acc_x": 2.0015, "acc_y": 1.6327, "acc_z": 2.3913, "temp": 2.61}, "min": {"bvp": 0.3547, "eda": 1.3929, "acc_x": 1.9365, "acc_y": 1.5203, "acc_z": 2.24, "temp": 2.5311}}, "1014": {"mean": {"bvp": 0.7923, "eda": 2.9771, "acc_x": 1.6123, "acc_y": 1.381, "acc_z": 1.8252, "temp": 2.4807}, "min": {"bvp": 0.6497, "eda": 1.9348, "acc_x": 1.5932, "acc_y": 1.2839, "acc_z": 1.7088, "temp": 2.2168}}, "1015": {"mean": {"bvp": 0.4705, "eda": 2.8317, "acc_x": 1.9268, "acc_y": 1.5359, "acc_z": 1.9188, "temp": 2.5373}, "min": {"bvp": 0.4324, "eda": 1.5797, "acc_x": 1.7055, "acc_y": 1.3362, "acc_z": 1.6977, "temp": 2.4045}}}, "1004": {"1001": {"mean": {"bvp": 0.523, "eda": 2.4414, "acc_x": 2.1145, "acc_y": 1.8053, "acc_z": 2.2396, "temp": 2.4941}, "min": {"bvp": 0.4014, "eda": 1.3499, "acc_x": 1.8903, "acc_y": 1.6594, "acc_z": 2.1879, "temp": 2.3264}}, "1002": {"mean": {"bvp": 0.6965, "eda": 2.8261, "acc_x": 2.2269, "acc_y": 1.5944, "acc_z": 1.7235, "temp": 2.4768}, "min": {"bvp": 0.6701, "eda": 2.0612, "acc_x": 2.089, "acc_y": 1.4632, "acc_z": 1.615, "temp": 2.1988}}, "1003": {"mean": {"bvp": 0.9152, "eda": 2.6288, "acc_x": 2.1782, "acc_y": 1.5422, "acc_z": 2.0475, "temp": 2.4214}, "min": {"bvp": 0.705, "eda": 1.6092, "acc_x": 2.0031, "acc_y": 1.4353, "acc_z": 1.9248, "temp": 2.2783}}, "1004": {"mean": {"bvp": 0.6168, "eda": 2.4671, "acc_x": 2.1778, "acc_y": 1.5626, "acc_z": 1.6225, "temp": 2.5841}, "min": {"bvp": 0.5917, "eda": 1.5265, "acc_x": 2.0549, "acc_y": 1.3798, "acc_z": 1.5806, "temp": 2.5157}}, "1005": {"mean": {"bvp": 1.9101, "eda": 2.3725, "acc_x": 2.3046, "acc_y": 1.5146, "acc_z": 2.2335, "temp": 2.5077}, "min": {"bvp": 1.5103, "eda": 1.1983, "acc_x": 2.163, "acc_y": 1.3015, "acc_z": 2.1149, "temp": 2.4573}}, "1006": {"mean": {"bvp": 0.4775, "eda": 2.6026, "acc_x": 2.6339, "acc_y": 1.6367, "acc_z": 2.0193, "temp": 2.8112}, "min": {"bvp": 0.4576, "eda": 2.1394, "acc_x": 2.4186, "acc_y": 1.5595, "acc_z": 1.935, "temp": 2.5728}}, "1007": {"mean": {"bvp": 0.8001, "eda": 2.4597, "acc_x": 2.3504, "acc_y": 1.2535, "acc_z": 2.4278, "temp": 2.4076}, "min": {"bvp": 0.5042, "eda": 1.6182, "acc_x": 2.1355, "acc_y": 1.1626, "acc_z": 2.2787, "temp": 2.068}}, "1008": {"mean": {"bvp": 0.6909, "eda": 2.6951, "acc_x": 2.4398, "acc_y": 1.6613, "acc_z": 1.7545, "temp": 2.5893}, "min": {"bvp": 0.5121, "eda": 1.9651, "acc_x": 2.1919, "acc_y": 1.5814, "acc_z": 1.6877, "temp": 2.5297}}, "1009": {"mean": {"bvp": 0.9692, "eda": 2.4679, "acc_x": 2.2764, "acc_y": 1.5762, "acc_z": 2.0367, "temp": 2.5205}, "min": {"bvp": 0.5724, "eda": 1.4805, "acc_x": 2.0377, "acc_y": 1.2861, "acc_z": 1.9431, "temp": 2.5016}}, "1010": {"mean": {"bvp": 0.4771, "eda": 2.2047, "acc_x": 2.0074, "acc_y": 1.6884, "acc_z": 2.3758, "temp": 2.5323}, "min": {"bvp": 0.474, "eda": 1.3148, "acc_x": 1.8943, "acc_y": 1.6204, "acc_z": 2.298, "temp": 2.4565}}, "1011": {"mean": {"bvp": 1.0342, "eda": 2.7153, "acc_x": 2.0838, "acc_y": 1.3397, "acc_z": 2.3533, "temp": 2.712}, "min": {"bvp": 0.8161, "eda": 1.5942, "acc_x": 1.942, "acc_y": 1.1977, "acc_z": 2.2807, "temp": 2.6346}}, "1012": {"mean": {"bvp": 0.4829, "eda": 2.5419, "acc_x": 2.1682, "acc_y": 1.4531, "acc_z": 2.2022, "temp": 2.1813}, "min": {"bvp": 0.4636, "eda": 1.5166, "acc_x": 2.0508, "acc_y": 1.3288, "acc_z": 2.1414, "temp": 1.986}}, "1013": {"mean": {"bvp": 0.6388, "eda": 2.7982, "acc_x": 2.1846, "acc_y": 1.6898, "acc_z": 2.5739, "temp": 2.7736}, "min": {"bvp": 0.4689, "eda": 1.6534, "acc_x": 2.0261, "acc_y": 1.6228, "acc_z": 2.507, "temp": 2.568}}, "1014": {"mean": {"bvp": 0.4653, "eda": 2.7287, "acc_x": 1.8236, "acc_y": 1.3699, "acc_z": 1.8495, "temp": 2.4385}, "min": {"bvp": 0.398, "eda": 1.909, "acc_x": 1.6724, "acc_y": 1.3129, "acc_z": 1.7372, "temp": 2.2392}}, "1015": {"mean": {"bvp": 0.3678, "eda": 2.5277, "acc_x": 2.0668, "acc_y": 1.4868, "acc_z": 1.9216, "temp": 2.578}, "min": {"bvp": 0.353, "eda": 1.2777, "acc_x": 1.8171, "acc_y": 1.3927, "acc_z": 1.8479, "temp": 2.4072}}}, "1005": {"1001": {"mean": {"bvp": 1.1385, "eda": 5.3114, "acc_x": 2.0219, "acc_y": 1.6412, "acc_z": 2.1109, "temp": 2.5132}, "min": {"bvp": 0.9631, "eda": 4.5081, "acc_x": 1.8261, "acc_y": 1.6085, "acc_z": 2.0323, "temp": 2.3016}}, "1002": {"mean": {"bvp": 1.6441, "eda": 5.5649, "acc_x": 2.3985, "acc_y": 1.639, "acc_z": 1.7941, "temp": 2.3051}, "min": {"bvp": 1.4768, "eda": 4.7568, "acc_x": 2.2181, "acc_y": 1.5807, "acc_z": 1.6265, "temp": 2.2061}}, "1003": {"mean": {"bvp": 1.0294, "eda": 5.4968, "acc_x": 2.188, "acc_y": 1.4415, "acc_z": 2.0955, "temp": 2.1753}, "min": {"bvp": 0.8937, "eda": 4.6816, "acc_x": 2.0451, "acc_y": 1.3679, "acc_z": 1.8747, "temp": 2.0365}}, "1004": {"mean": {"bvp": 1.8913, "eda": 5.2899, "acc_x": 2.1092, "acc_y": 1.618, "acc_z": 1.6907, "temp": 2.3795}, "min": {"bvp": 1.7112, "eda": 4.4676, "acc_x": 1.8476, "acc_y": 1.5413, "acc_z": 1.6869, "temp": 2.1647}}, "1005": {"mean": {"bvp": 0.857, "eda": 5.3311, "acc_x": 2.4647, "acc_y": 1.4588, "acc_z": 1.9069, "temp": 2.3824}, "min": {"bvp": 0.836, "eda": 4.5102, "acc_x": 2.2976, "acc_y": 1.3737, "acc_z": 1.7399, "temp": 2.2991}}, "1006": {"mean": {"bvp": 1.7943, "eda": 5.1085, "acc_x": 2.4183, "acc_y": 1.5928, "acc_z": 2.1334, "temp": 2.686}, "min": {"bvp": 1.6197, "eda": 4.3085, "acc_x": 2.3857, "acc_y": 1.5278, "acc_z": 2.082, "temp": 2.6104}}, "1007": {"mean": {"bvp": 0.8019, "eda": 5.1341, "acc_x": 2.3232, "acc_y": 1.2892, "acc_z": 1.9663, "temp": 2.0979}, "min": {"bvp": 0.6427, "eda": 4.3324, "acc_x": 2.1585, "acc_y": 1.184, "acc_z": 1.7802, "temp": 1.9793}}, "1008": {"mean": {"bvp": 1.0413, "eda": 5.3451, "acc_x": 2.2038, "acc_y": 1.6704, "acc_z": 1.7249, "temp": 2.4168}, "min": {"bvp": 0.8774, "eda": 4.5356, "acc_x": 2.1729, "acc_y": 1.6264, "acc_z": 1.7114, "temp": 2.2725}}, "1009": {"mean": {"bvp": 0.6042, "eda": 5.3069, "acc_x": 2.1599, "acc_y": 1.3656, "acc_z": 2.1241, "temp": 2.3944}, "min": {"bvp": 0.489, "eda": 4.4938, "acc_x": 1.9756, "acc_y": 1.3356, "acc_z": 2.022, "temp": 2.2547}}, "1010": {"mean": {"bvp": 1.555, "eda": 4.9566, "acc_x": 2.0376, "acc_y": 1.6826, "acc_z": 2.2642, "temp": 2.3435}, "min": {"bvp": 1.3822, "eda": 4.1504, "acc_x": 1.7695, "acc_y": 1.6332, "acc_z": 2.2209, "temp": 2.2148}}, "1011": {"mean": {"bvp": 1.0124, "eda": 5.4645, "acc_x": 2.2178, "acc_y": 1.112, "acc_z": 2.3124, "temp": 2.6419}, "min": {"bvp": 0.8856, "eda": 4.6683, "acc_x": 2.029, "acc_y": 1.0834, "acc_z": 2.132, "temp": 2.5194}}, "1012": {"mean": {"bvp": 1.8274, "eda": 5.4007, "acc_x": 2.4863, "acc_y": 1.3541, "acc_z": 2.2302, "temp": 1.9584}, "min": {"bvp": 1.6462, "eda": 4.5981, "acc_x": 2.3135, "acc_y": 1.3054, "acc_z": 2.0916, "temp": 1.8946}}, "1013": {"mean": {"bvp": 1.0092, "eda": 5.9015, "acc_x": 2.0339, "acc_y": 1.5428, "acc_z": 2.2118, "temp": 2.625}, "min": {"bvp": 0.84, "eda": 5.0735, "acc_x": 1.8696, "acc_y": 1.496, "acc_z": 2.1597, "temp": 2.4851}}, "1014": {"mean": {"bvp": 2.1108, "eda": 5.36, "acc_x": 1.648, "acc_y": 1.1592, "acc_z": 1.8416, "temp": 2.3654}, "min": {"bvp": 1.9272, "eda": 4.5585, "acc_x": 1.4884, "acc_y": 1.1214, "acc_z": 1.7975, "temp": 2.2416}}, "1015": {"mean": {"bvp": 1.5775, "eda": 5.5129, "acc_x": 1.9989, "acc_y": 1.4047, "acc_z": 1.7521, "temp": 2.5101}, "min": {"bvp": 1.3975, "eda": 4.6939, "acc_x": 1.8935, "acc_y": 1.3486, "acc_z": 1.7016, "temp": 2.4438}}}, "1006": {"1001": {"mean": {"bvp": 0.6239, "eda": 2.8469, "acc_x": 2.3442, "acc_y": 1.75, "acc_z": 2.0523, "temp": 2.7619}, "min": {"bvp": 0.3983, "eda": 1.451, "acc_x": 1.9826, "acc_y": 1.6062, "acc_z": 2.0158, "temp": 2.3978}}, "1002": {"mean": {"bvp": 0.7273, "eda": 3.1431, "acc_x": 2.2651, "acc_y": 1.4714, "acc_z": 1.6424, "temp": 2.8539}, "min": {"bvp": 0.6635, "eda": 1.8627, "acc_x": 1.9442, "acc_y": 1.3886, "acc_z": 1.5507, "temp": 2.3705}}, "1003": {"mean": {"bvp": 1.0037, "eda": 2.9789, "acc_x": 2.1623, "acc_y": 1.457, "acc_z": 1.957, "temp": 2.7411}, "min": {"bvp": 0.6918, "eda": 1.5354, "acc_x": 1.9686, "acc_y": 1.2451, "acc_z": 1.8464, "temp": 2.3002}}, "1004": {"mean": {"bvp": 0.6472, "eda": 2.8412, "acc_x": 2.1931, "acc_y": 1.4343, "acc_z": 1.5613, "temp": 2.8844}, "min": {"bvp": 0.6379, "eda": 1.5603, "acc_x": 2.0443, "acc_y": 1.4031, "acc_z": 1.5311, "temp": 2.4439}}, "1005": {"mean": {"bvp": 2.0322, "eda": 2.7759, "acc_x": 2.4692, "acc_y": 1.501, "acc_z": 1.9801, "temp": 2.6403}, "min": {"bvp": 1.5676, "eda": 1.2833, "acc_x": 2.3121, "acc_y": 1.3876, "acc_z": 1.9384, "temp": 2.2335}}, "1006": {"mean": {"bvp": 0.4994, "eda": 2.8192, "acc_x": 2.4977, "acc_y": 1.6235, "acc_z": 2.0102, "temp": 3.1565}, "min": {"bvp": 0.4717, "eda": 1.8244, "acc_x": 2.292, "acc_y": 1.4306, "acc_z": 1.9422, "temp": 2.6741}}, "1007": {"mean": {"bvp": 0.901, "eda": 2.7804, "acc_x": 2.4403, "acc_y": 1.316, "acc_z": 2.0369, "temp": 2.8171}, "min": {"bvp": 0.4906, "eda": 1.5529, "acc_x": 2.1481, "acc_y": 1.2157, "acc_z": 1.8994, "temp": 2.1942}}, "1008": {"mean": {"bvp": 0.7829, "eda": 2.9846, "acc_x": 2.349, "acc_y": 1.5896, "acc_z": 1.6699, "temp": 2.8382}, "min": {"bvp": 0.4927, "eda": 1.7714, "acc_x": 2.1388, "acc_y": 1.5143, "acc_z": 1.6332, "temp": 2.3735}}, "1009": {"mean": {"bvp": 1.0922, "eda": 2.8426, "acc_x": 2.422, "acc_y": 1.4049, "acc_z": 2.048, "temp": 2.7115}, "min": {"bvp": 0.6112, "eda": 1.467, "acc_x": 2.1565, "acc_y": 1.1379, "acc_z": 2.0066, "temp": 2.2967}}, "1010": {"mean": {"bvp": 0.5344, "eda": 2.5738, "acc_x": 2.154, "acc_y": 1.6841, "acc_z": 2.2702, "temp": 2.8373}, "min": {"bvp": 0.4897, "eda": 1.3491, "acc_x": 2.0108, "acc_y": 1.5688, "acc_z": 2.2125, "temp": 2.4176}}, "1011": {"mean": {"bvp": 1.1254, "eda": 2.9709, "acc_x": 2.336, "acc_y": 1.3861, "acc_z": 2.2384, "temp": 2.7594}, "min": {"bvp": 0.8038, "eda": 1.5535, "acc_x": 2.0198, "acc_y": 1.169, "acc_z": 2.2095, "temp": 2.4069}}, "1012": {"mean": {"bvp": 0.507, "eda": 2.8349, "acc_x": 2.3622, "acc_y": 1.3145, "acc_z": 2.1906, "temp": 2.4685}, "min": {"bvp": 0.4913, "eda": 1.3044, "acc_x": 1.9878, "acc_y": 1.152, "acc_z": 2.1598, "temp": 1.7681}}, "1013": {"mean": {"bvp": 0.7153, "eda": 3.1601, "acc_x": 1.9068, "acc_y": 1.5106, "acc_z": 2.3355, "temp": 2.5705}, "min": {"bvp": 0.393, "eda": 1.4101, "acc_x": 1.7903, "acc_y": 1.4113, "acc_z": 2.2189, "temp": 2.4044}}, "1014": {"mean": {"bvp": 0.4293, "eda": 2.9849, "acc_x": 1.8513, "acc_y": 1.2769, "acc_z": 1.7127, "temp": 2.7933}, "min": {"bvp": 0.3928, "eda": 1.7554, "acc_x": 1.7276, "acc_y": 1.1641, "acc_z": 1.6743, "temp": 2.3256}}, "1015": {"mean": {"bvp": 0.3994, "eda": 2.8982, "acc_x": 2.1636, "acc_y": 1.5651, "acc_z": 1.7256, "temp": 2.482}, "min": {"bvp": 0.3535, "eda": 1.3067, "acc_x": 1.8517, "acc_y": 1.3677, "acc_z": 1.5932, "temp": 2.2547}}}, "1007": {"1001": {"mean": {"bvp": 0.4063, "eda": 2.4274, "acc_x": 1.9105, "acc_y": 1.8288, "acc_z": 2.1456, "temp": 2.6933}, "min": {"bvp": 0.3736, "eda": 1.3432, "acc_x": 1.8044, "acc_y": 1.6993, "acc_z": 2.0529, "temp": 2.1961}}, "1002": {"mean": {"bvp": 0.9298, "eda": 2.9498, "acc_x": 1.9704, "acc_y": 1.5617, "acc_z": 1.6585, "temp": 2.7757}, "min": {"bvp": 0.8586, "eda": 2.0908, "acc_x": 1.8798, "acc_y": 1.5255, "acc_z": 1.588, "temp": 2.112}}, "1003": {"mean": {"bvp": 0.6671, "eda": 2.6994, "acc_x": 1.9791, "acc_y": 1.5466, "acc_z": 1.9205, "temp": 2.6467}, "min": {"bvp": 0.6417, "eda": 1.75, "acc_x": 1.7913, "acc_y": 1.5212, "acc_z": 1.9004, "temp": 2.1849}}, "1004": {"mean": {"bvp": 1.0626, "eda": 2.6201, "acc_x": 1.8828, "acc_y": 1.505, "acc_z": 1.6989, "temp": 2.8034}, "min": {"bvp": 0.9293, "eda": 1.5038, "acc_x": 1.7766, "acc_y": 1.4542, "acc_z": 1.6386, "temp": 2.5164}}, "1005": {"mean": {"bvp": 1.0365, "eda": 2.4493, "acc_x": 2.1823, "acc_y": 1.5184, "acc_z": 1.8163, "temp": 2.7048}, "min": {"bvp": 0.9714, "eda": 1.3386, "acc_x": 1.7338, "acc_y": 1.3399, "acc_z": 1.7421, "temp": 2.3959}}, "1006": {"mean": {"bvp": 0.9526, "eda": 2.8145, "acc_x": 2.3476, "acc_y": 1.6717, "acc_z": 2.1975, "temp": 3.0743}, "min": {"bvp": 0.8125, "eda": 2.102, "acc_x": 2.0492, "acc_y": 1.5432, "acc_z": 2.1274, "temp": 2.3698}}, "1007": {"mean": {"bvp": 0.3872, "eda": 2.6255, "acc_x": 2.0828, "acc_y": 1.2967, "acc_z": 1.7516, "temp": 2.7034}, "min": {"bvp": 0.3491, "eda": 1.6145, "acc_x": 1.8964, "acc_y": 1.2007, "acc_z": 1.7141, "temp": 1.8328}}, "1008": {"mean": {"bvp": 0.488, "eda": 2.8604, "acc_x": 2.0942, "acc_y": 1.6827, "acc_z": 1.7274, "temp": 2.803}, "min": {"bvp": 0.4756, "eda": 1.9792, "acc_x": 1.9092, "acc_y": 1.615, "acc_z": 1.706, "temp": 2.3835}}, "1009": {"mean": {"bvp": 0.3365, "eda": 2.5594, "acc_x": 1.9596, "acc_y": 1.4723, "acc_z": 1.9935, "temp": 2.6871}, "min": {"bvp": 0.3219, "eda": 1.5941, "acc_x": 1.8615, "acc_y": 1.3215, "acc_z": 1.8996, "temp": 2.4321}}, "1010": {"mean": {"bvp": 0.7439, "eda": 2.3461, "acc_x": 1.8304, "acc_y": 1.6693, "acc_z": 2.1813, "temp": 2.7402}, "min": {"bvp": 0.6197, "eda": 1.2881, "acc_x": 1.626, "acc_y": 1.5253, "acc_z": 2.1456, "temp": 2.4723}}, "1011": {"mean": {"bvp": 0.721, "eda": 2.6867, "acc_x": 1.957, "acc_y": 1.346, "acc_z": 2.1868, "temp": 2.793}, "min": {"bvp": 0.6925, "eda": 1.7354, "acc_x": 1.7743, "acc_y": 1.2039, "acc_z": 2.1462, "temp": 2.6677}}, "1012": {"mean": {"bvp": 0.9854, "eda": 2.5169, "acc_x": 2.0854, "acc_y": 1.4178, "acc_z": 2.1022, "temp": 2.555}, "min": {"bvp": 0.8637, "eda": 1.4731, "acc_x": 1.9545, "acc_y": 1.3871, "acc_z": 2.0793, "temp": 1.8966}}, "1013": {"mean": {"bvp": 0.4029, "eda": 2.7282, "acc_x": 1.8114, "acc_y": 1.6247, "acc_z": 2.2503, "temp": 2.8198}, "min": {"bvp": 0.3867, "eda": 1.6197, "acc_x": 1.6953, "acc_y": 1.5527, "acc_z": 2.2232, "temp": 2.7857}}, "1014": {"mean": {"bvp": 1.2215, "eda": 2.8191, "acc_x": 1.6558, "acc_y": 1.3423, "acc_z": 1.7537, "temp": 2.7254}, "min": {"bvp": 1.079, "eda": 1.9753, "acc_x": 1.4661, "acc_y": 1.2497, "acc_z": 1.7256, "temp": 2.1651}}, "1015": {"mean": {"bvp": 0.7234, "eda": 2.4956, "acc_x": 1.8523, "acc_y": 1.5051, "acc_z": 1.7296, "temp": 2.6884}, "min": {"bvp": 0.5984, "eda": 1.4144, "acc_x": 1.659, "acc_y": 1.3067, "acc_z": 1.6744, "temp": 2.6578}}}, "1008": {"1001": {"mean": {"bvp": 0.3521, "eda": 3.621, "acc_x": 2.698, "acc_y": 1.7854, "acc_z": 2.4088, "temp": 2.4383}, "min": {"bvp": 0.3225, "eda": 1.772, "acc_x": 1.9174, "acc_y": 1.7387, "acc_z": 2.1508, "temp": 2.2584}}, "1002": {"mean": {"bvp": 0.7444, "eda": 3.8592, "acc_x": 2.6756, "acc_y": 1.8885, "acc_z": 1.874, "temp": 2.4372}, "min": {"bvp": 0.7312, "eda": 2.0884, "acc_x": 2.1602, "acc_y": 1.7798, "acc_z": 1.6877, "temp": 2.3511}}, "1003": {"mean": {"bvp": 0.6315, "eda": 3.7488, "acc_x": 2.5035, "acc_y": 1.5835, "acc_z": 2.2486, "temp": 2.334}, "min": {"bvp": 0.6138, "eda": 1.8796, "acc_x": 1.9533, "acc_y": 1.5503, "acc_z": 2.0578, "temp": 2.2608}}, "1004": {"mean": {"bvp": 0.7883, "eda": 3.5985, "acc_x": 2.3738, "acc_y": 1.9155, "acc_z": 1.7478, "temp": 2.559}, "min": {"bvp": 0.7525, "eda": 1.8066, "acc_x": 1.9371, "acc_y": 1.8487, "acc_z": 1.5894, "temp": 2.506}}, "1005": {"mean": {"bvp": 1.2024, "eda": 3.5722, "acc_x": 2.7141, "acc_y": 1.6873, "acc_z": 2.4927, "temp": 2.3451}, "min": {"bvp": 1.0163, "eda": 1.6513, "acc_x": 2.3192, "acc_y": 1.6105, "acc_z": 2.0319, "temp": 2.1696}}, "1006": {"mean": {"bvp": 0.6687, "eda": 3.5192, "acc_x": 3.0902, "acc_y": 1.7116, "acc_z": 1.9881, "temp": 2.7794}, "min": {"bvp": 0.6395, "eda": 1.9704, "acc_x": 2.2162, "acc_y": 1.657, "acc_z": 1.9432, "temp": 2.6989}}, "1007": {"mean": {"bvp": 0.404, "eda": 3.5041, "acc_x": 2.7915, "acc_y": 1.5847, "acc_z": 2.6985, "temp": 2.3504}, "min": {"bvp": 0.3897, "eda": 1.7775, "acc_x": 2.1389, "acc_y": 1.5278, "acc_z": 2.2197, "temp": 2.2813}}, "1008": {"mean": {"bvp": 0.4641, "eda": 3.6956, "acc_x": 3.0555, "acc_y": 1.8045, "acc_z": 1.947, "temp": 2.491}, "min": {"bvp": 0.4625, "eda": 1.9989, "acc_x": 2.0265, "acc_y": 1.7764, "acc_z": 1.6965, "temp": 2.4597}}, "1009": {"mean": {"bvp": 0.4054, "eda": 3.5842, "acc_x": 2.7957, "acc_y": 1.443, "acc_z": 2.1789, "temp": 2.452}, "min": {"bvp": 0.3449, "eda": 1.7308, "acc_x": 2.0397, "acc_y": 1.3627, "acc_z": 2.0372, "temp": 2.4294}}, "1010": {"mean": {"bvp": 0.5313, "eda": 3.3181, "acc_x": 2.2659, "acc_y": 1.8712, "acc_z": 2.548, "temp": 2.4671}, "min": {"bvp": 0.4995, "eda": 1.5448, "acc_x": 1.9338, "acc_y": 1.8138, "acc_z": 2.2629, "temp": 2.4048}}, "1011": {"mean": {"bvp": 0.7229, "eda": 3.7895, "acc_x": 2.6344, "acc_y": 1.2316, "acc_z": 2.5103, "temp": 2.5864}, "min": {"bvp": 0.6957, "eda": 1.9982, "acc_x": 2.0716, "acc_y": 1.1613, "acc_z": 2.3079, "temp": 2.4603}}, "1012": {"mean": {"bvp": 0.6825, "eda": 3.6133, "acc_x": 2.7661, "acc_y": 1.4996, "acc_z": 2.37, "temp": 2.0161}, "min": {"bvp": 0.6513, "eda": 1.6727, "acc_x": 2.2399, "acc_y": 1.4596, "acc_z": 2.1844, "temp": 1.7299}}, "1013": {"mean": {"bvp": 0.3749, "eda": 3.9871, "acc_x": 2.3834, "acc_y": 1.6598, "acc_z": 2.7846, "temp": 2.5767}, "min": {"bvp": 0.3628, "eda": 1.9122, "acc_x": 1.8148, "acc_y": 1.6285, "acc_z": 2.3788, "temp": 2.5331}}, "1014": {"mean": {"bvp": 0.8584, "eda": 3.7371, "acc_x": 1.9779, "acc_y": 1.2446, "acc_z": 2.0556, "temp": 2.4018}, "min": {"bvp": 0.8108, "eda": 2.0581, "acc_x": 1.6174, "acc_y": 1.1997, "acc_z": 1.7879, "temp": 2.2905}}, "1015": {"mean": {"bvp": 0.4428, "eda": 3.7181, "acc_x": 2.6515, "acc_y": 1.5331, "acc_z": 2.1478, "temp": 2.4003}, "min": {"bvp": 0.4073, "eda": 1.7586, "acc_x": 1.7911, "acc_y": 1.5037, "acc_z": 1.7855, "temp": 2.2517}}}, "1009": {"1001": {"mean": {"bvp": 0.5573, "eda": 2.3702, "acc_x": 2.5557, "acc_y": 1.8246, "acc_z": 2.4402, "temp": 2.4308}, "min": {"bvp": 0.3884, "eda": 1.5036, "acc_x": 2.119, "acc_y": 1.7485, "acc_z": 2.0241, "temp": 2.2965}}, "1002": {"mean": {"bvp": 1.0891, "eda": 2.5001, "acc_x": 2.3047, "acc_y": 1.8524, "acc_z": 1.8874, "temp": 2.2556}, "min": {"bvp": 0.9321, "eda": 1.797, "acc_x": 2.0119, "acc_y": 1.7417, "acc_z": 1.4814, "temp": 2.1064}}, "1003": {"mean": {"bvp": 0.6973, "eda": 2.3632, "acc_x": 2.3397, "acc_y": 1.6333, "acc_z": 2.2298, "temp": 2.1512}, "min": {"bvp": 0.6245, "eda": 1.4952, "acc_x": 2.1013, "acc_y": 1.5, "acc_z": 1.7762, "temp": 1.9722}}, "1004": {"mean": {"bvp": 1.2788, "eda": 2.2987, "acc_x": 2.2694, "acc_y": 1.9472, "acc_z": 1.8164, "temp": 2.5884}, "min": {"bvp": 1.0759, "eda": 1.5369, "acc_x": 2.023, "acc_y": 1.7649, "acc_z": 1.5557, "temp": 2.5366}}, "1005": {"mean": {"bvp": 1.0188, "eda": 2.2327, "acc_x": 2.6072, "acc_y": 1.7234, "acc_z": 2.5067, "temp": 2.3189}, "min": {"bvp": 0.9556, "eda": 1.3246, "acc_x": 2.3906, "acc_y": 1.5293, "acc_z": 1.797, "temp": 2.2243}}, "1006": {"mean": {"bvp": 1.1633, "eda": 2.3153, "acc_x": 2.8501, "acc_y": 1.6952, "acc_z": 2.056, "temp": 2.5948}, "min": {"bvp": 0.957, "eda": 1.7114, "acc_x": 2.6617, "acc_y": 1.5498, "acc_z": 2.0014, "temp": 2.4717}}, "1007": {"mean": {"bvp": 0.431, "eda": 2.3726, "acc_x": 2.6522, "acc_y": 1.61, "acc_z": 2.6059, "temp": 2.0279}, "min": {"bvp": 0.3521, "eda": 1.6983, "acc_x": 2.2903, "acc_y": 1.2982, "acc_z": 1.6446, "temp": 1.7556}}, "1008": {"mean": {"bvp": 0.5787, "eda": 2.4545, "acc_x": 2.6547, "acc_y": 1.8377, "acc_z": 2.0236, "temp": 2.2555}, "min": {"bvp": 0.4682, "eda": 1.8452, "acc_x": 2.4115, "acc_y": 1.6131, "acc_z": 1.6816, "temp": 2.0743}}, "1009": {"mean": {"bvp": 0.3693, "eda": 2.3367, "acc_x": 2.6259, "acc_y": 1.462, "acc_z": 2.1926, "temp": 2.4478}, "min": {"bvp": 0.3446, "eda": 1.5974, "acc_x": 2.2325, "acc_y": 1.4295, "acc_z": 1.9005, "temp": 2.3611}}, "1010": {"mean": {"bvp": 0.944, "eda": 2.1927, "acc_x": 2.1792, "acc_y": 1.8279, "acc_z": 2.5734, "temp": 2.486}, "min": {"bvp": 0.7449, "eda": 1.3935, "acc_x": 1.9441, "acc_y": 1.6192, "acc_z": 2.1426, "temp": 2.4652}}, "1011": {"mean": {"bvp": 0.7447, "eda": 2.4013, "acc_x": 2.4817, "acc_y": 1.2825, "acc_z": 2.5116, "temp": 2.558}, "min": {"bvp": 0.6969, "eda": 1.3131, "acc_x": 2.1189, "acc_y": 1.1848, "acc_z": 2.0455, "temp": 2.4653}}, "1012": {"mean": {"bvp": 1.1948, "eda": 2.2463, "acc_x": 2.3438, "acc_y": 1.5486, "acc_z": 2.3762, "temp": 1.8722}, "min": {"bvp": 0.9943, "eda": 1.301, "acc_x": 1.9808, "acc_y": 1.4049, "acc_z": 2.0253, "temp": 1.8103}}, "1013": {"mean": {"bvp": 0.5017, "eda": 2.2994, "acc_x": 2.1703, "acc_y": 1.7002, "acc_z": 2.8006, "temp": 2.5095}, "min": {"bvp": 0.3764, "eda": 1.3613, "acc_x": 1.9819, "acc_y": 1.6059, "acc_z": 2.1908, "temp": 2.3814}}, "1014": {"mean": {"bvp": 1.4496, "eda": 2.4383, "acc_x": 1.898, "acc_y": 1.2962, "acc_z": 2.1135, "temp": 2.3231}, "min": {"bvp": 1.2319, "eda": 1.5873, "acc_x": 1.7215, "acc_y": 1.1929, "acc_z": 1.6628, "temp": 2.2272}}, "1015": {"mean": {"bvp": 0.9345, "eda": 2.2584, "acc_x": 2.3906, "acc_y": 1.5313, "acc_z": 2.2093, "temp": 2.2594}, "min": {"bvp": 0.7266, "eda": 1.2281, "acc_x": 2.0134, "acc_y": 1.3768, "acc_z": 1.7314, "temp": 2.2125}}}, "1010": {"1001": {"mean": {"bvp": 0.3777, "eda": 3.9828, "acc_x": 2.0029, "acc_y": 1.7581, "acc_z": 2.2351, "temp": 3.0}, "min": {"bvp": 0.3251, "eda": 1.5939, "acc_x": 1.7422, "acc_y": 1.6454, "acc_z": 2.1298, "temp": 2.2992}}, "1002": {"mean": {"bvp": 0.7078, "eda": 4.2446, "acc_x": 2.2389, "acc_y": 1.5991, "acc_z": 1.6544, "temp": 3.0612}, "min": {"bvp": 0.6735, "eda": 1.8983, "acc_x": 2.1279, "acc_y": 1.3896, "acc_z": 1.4888, "temp": 2.2933}}, "1003": {"mean": {"bvp": 0.7899, "eda": 4.092, "acc_x": 2.1422, "acc_y": 1.4987, "acc_z": 1.9375, "temp": 2.9387}, "min": {"bvp": 0.7237, "eda": 1.5638, "acc_x": 2.0558, "acc_y": 1.4462, "acc_z": 1.7782, "temp": 2.1284}}, "1004": {"mean": {"bvp": 0.6801, "eda": 3.9851, "acc_x": 2.1381, "acc_y": 1.6277, "acc_z": 1.7811, "temp": 3.1293}, "min": {"bvp": 0.6417, "eda": 1.6474, "acc_x": 2.0724, "acc_y": 1.4808, "acc_z": 1.6214, "temp": 2.3798}}, "1005": {"mean": {"bvp": 1.7942, "eda": 3.9321, "acc_x": 2.3507, "acc_y": 1.5205, "acc_z": 1.7742, "temp": 2.974}, "min": {"bvp": 1.6908, "eda": 1.4057, "acc_x": 2.2471, "acc_y": 1.4112, "acc_z": 1.6903, "temp": 2.3625}}, "1006": {"mean": {"bvp": 0.5619, "eda": 3.8916, "acc_x": 2.364, "acc_y": 1.6021, "acc_z": 2.2944, "temp": 3.3419}, "min": {"bvp": 0.4987, "eda": 1.7648, "acc_x": 2.2939, "acc_y": 1.5325, "acc_z": 2.103, "temp": 2.6491}}, "1007": {"mean": {"bvp": 0.6438, "eda": 3.8907, "acc_x": 2.2273, "acc_y": 1.3393, "acc_z": 1.9163, "temp": 2.9976}, "min": {"bvp": 0.5475, "eda": 1.6727, "acc_x": 2.1694, "acc_y": 1.1022, "acc_z": 1.8037, "temp": 1.9486}}, "1008": {"mean": {"bvp": 0.5471, "eda": 4.0587, "acc_x": 2.1359, "acc_y": 1.7006, "acc_z": 1.7787, "temp": 3.0524}, "min": {"bvp": 0.4833, "eda": 1.7642, "acc_x": 2.0693, "acc_y": 1.6034, "acc_z": 1.7056, "temp": 2.3933}}, "1009": {"mean": {"bvp": 0.8344, "eda": 3.969, "acc_x": 2.1051, "acc_y": 1.4158, "acc_z": 2.0898, "temp": 2.9521}, "min": {"bvp": 0.7208, "eda": 1.571, "acc_x": 1.9469, "acc_y": 1.3908, "acc_z": 1.9783, "temp": 2.3721}}, "1010": {"mean": {"bvp": 0.488, "eda": 3.7202, "acc_x": 2.1175, "acc_y": 1.685, "acc_z": 2.2622, "temp": 3.0843}, "min": {"bvp": 0.4834, "eda": 1.5074, "acc_x": 2.0165, "acc_y": 1.5801, "acc_z": 2.1993, "temp": 2.3081}}, "1011": {"mean": {"bvp": 0.9103, "eda": 4.0733, "acc_x": 2.1088, "acc_y": 1.2279, "acc_z": 2.2929, "temp": 3.0775}, "min": {"bvp": 0.8325, "eda": 1.5741, "acc_x": 1.9633, "acc_y": 1.0726, "acc_z": 2.1239, "temp": 2.6348}}, "1012": {"mean": {"bvp": 0.5746, "eda": 3.9623, "acc_x": 2.244, "acc_y": 1.3758, "acc_z": 2.143, "temp": 2.8136}, "min": {"bvp": 0.5095, "eda": 1.3782, "acc_x": 2.0652, "acc_y": 1.3094, "acc_z": 2.025, "temp": 1.8792}}, "1013": {"mean": {"bvp": 0.4612, "eda": 4.2099, "acc_x": 2.0091, "acc_y": 1.6077, "acc_z": 2.2251, "temp": 2.8675}, "min": {"bvp": 0.3906, "eda": 1.1415, "acc_x": 1.7961, "acc_y": 1.5718, "acc_z": 2.1289, "temp": 2.5388}}, "1014": {"mean": {"bvp": 0.5517, "eda": 4.0594, "acc_x": 1.7898, "acc_y": 1.2788, "acc_z": 1.8451, "temp": 3.0179}, "min": {"bvp": 0.4076, "eda": 1.7406, "acc_x": 1.6584, "acc_y": 1.1612, "acc_z": 1.7523, "temp": 2.2753}}, "1015": {"mean": {"bvp": 0.3685, "eda": 4.0315, "acc_x": 1.8895, "acc_y": 1.4579, "acc_z": 1.7837, "temp": 2.8465}, "min": {"bvp": 0.3377, "eda": 1.3499, "acc_x": 1.7903, "acc_y": 1.2946, "acc_z": 1.6897, "temp": 2.4357}}}, "1011": {"1001": {"mean": {"bvp": 0.5332, "eda": 3.9299, "acc_x": 1.8335, "acc_y": 2.0378, "acc_z": 2.1628, "temp": 3.1891}, "min": {"bvp": 0.383, "eda": 2.8514, "acc_x": 1.7688, "acc_y": 1.9972, "acc_z": 2.1059, "temp": 2.2174}}, "1002": {"mean": {"bvp": 1.0762, "eda": 3.9966, "acc_x": 2.1405, "acc_y": 2.0258, "acc_z": 1.6192, "temp": 3.5058}, "min": {"bvp": 0.922, "eda": 2.5719, "acc_x": 1.9778, "acc_y": 1.6709, "acc_z": 1.5257, "temp": 2.1626}}, "1003": {"mean": {"bvp": 0.6835, "eda": 3.9548, "acc_x": 1.9222, "acc_y": 1.8627, "acc_z": 1.9371, "temp": 3.4889}, "min": {"bvp": 0.6409, "eda": 2.5713, "acc_x": 1.7984, "acc_y": 1.7311, "acc_z": 1.8721, "temp": 2.1834}}, "1004": {"mean": {"bvp": 1.2536, "eda": 3.8291, "acc_x": 1.9189, "acc_y": 2.1362, "acc_z": 1.6994, "temp": 3.6124}, "min": {"bvp": 1.0684, "eda": 2.6161, "acc_x": 1.8693, "acc_y": 1.6568, "acc_z": 1.6146, "temp": 2.591}}, "1005": {"mean": {"bvp": 0.9152, "eda": 3.8564, "acc_x": 2.1441, "acc_y": 1.9317, "acc_z": 1.7829, "temp": 3.4136}, "min": {"bvp": 0.8436, "eda": 2.6168, "acc_x": 2.0173, "acc_y": 1.7229, "acc_z": 1.7253, "temp": 2.4769}}, "1006": {"mean": {"bvp": 1.1481, "eda": 3.6803, "acc_x": 2.2284, "acc_y": 1.9081, "acc_z": 2.2015, "temp": 3.7555}, "min": {"bvp": 0.9526, "eda": 2.5283, "acc_x": 2.165, "acc_y": 1.7537, "acc_z": 2.139, "temp": 2.5302}}, "1007": {"mean": {"bvp": 0.3947, "eda": 3.8011, "acc_x": 2.0654, "acc_y": 1.7944, "acc_z": 1.863, "temp": 3.6085}, "min": {"bvp": 0.3458, "eda": 2.8007, "acc_x": 1.9693, "acc_y": 1.279, "acc_z": 1.7558, "temp": 1.931}}, "1008": {"mean": {"bvp": 0.5463, "eda": 3.8793, "acc_x": 2.0659, "acc_y": 2.0117, "acc_z": 1.7211, "temp": 3.4454}, "min": {"bvp": 0.468, "eda": 2.6307, "acc_x": 1.9949, "acc_y": 1.6905, "acc_z": 1.6597, "temp": 2.2386}}, "1009": {"mean": {"bvp": 0.378, "eda": 3.8553, "acc_x": 1.9851, "acc_y": 1.6539, "acc_z": 1.9743, "temp": 3.3672}, "min": {"bvp": 0.3735, "eda": 2.6589, "acc_x": 1.8913, "acc_y": 1.5552, "acc_z": 1.8562, "temp": 2.5375}}, "1010": {"mean": {"bvp": 0.9245, "eda": 3.6928, "acc_x": 1.8035, "acc_y": 2.002, "acc_z": 2.2039, "temp": 3.5715}, "min": {"bvp": 0.7402, "eda": 2.8534, "acc_x": 1.6642, "acc_y": 1.7092, "acc_z": 2.1466, "temp": 2.4905}}, "1011": {"mean": {"bvp": 0.7241, "eda": 4.0281, "acc_x": 1.9042, "acc_y": 1.5674, "acc_z": 2.2333, "temp": 3.3713}, "min": {"bvp": 0.6876, "eda": 2.8044, "acc_x": 1.8101, "acc_y": 1.5074, "acc_z": 2.1519, "temp": 2.7034}}, "1012": {"mean": {"bvp": 1.1803, "eda": 3.8702, "acc_x": 2.1175, "acc_y": 1.76, "acc_z": 2.0878, "temp": 3.4092}, "min": {"bvp": 0.9859, "eda": 2.5076, "acc_x": 1.9718, "acc_y": 1.5172, "acc_z": 2.0117, "temp": 1.9837}}, "1013": {"mean": {"bvp": 0.4711, "eda": 4.0306, "acc_x": 1.8056, "acc_y": 1.9028, "acc_z": 2.2383, "temp": 2.9429}, "min": {"bvp": 0.3729, "eda": 2.0635, "acc_x": 1.7778, "acc_y": 1.7763, "acc_z": 2.2033, "temp": 2.5332}}, "1014": {"mean": {"bvp": 1.4326, "eda": 3.9337, "acc_x": 1.479, "acc_y": 1.5599, "acc_z": 1.7587, "temp": 3.382}, "min": {"bvp": 1.2212, "eda": 2.739, "acc_x": 1.4353, "acc_y": 1.5075, "acc_z": 1.7058, "temp": 2.2193}}, "1015": {"mean": {"bvp": 0.9201, "eda": 3.9559, "acc_x": 1.7533, "acc_y": 1.7507, "acc_z": 1.685, "temp": 3.0509}, "min": {"bvp": 0.7215, "eda": 2.5423, "acc_x": 1.6541, "acc_y": 1.6548, "acc_z": 1.6011, "temp": 2.4374}}}, "1012": {"1001": {"mean": {"bvp": 0.4317, "eda": 2.2381, "acc_x": 2.352, "acc_y": 1.9858, "acc_z": 2.0971, "temp": 2.6997}, "min": {"bvp": 0.3911, "eda": 1.8512, "acc_x": 1.9322, "acc_y": 1.8968, "acc_z": 2.027, "temp": 2.528}}, "1002": {"mean": {"bvp": 0.6795, "eda": 2.2669, "acc_x": 2.7475, "acc_y": 1.629, "acc_z": 1.7623, "temp": 2.6517}, "min": {"bvp": 0.6375, "eda": 2.1346, "acc_x": 2.0745, "acc_y": 1.4558, "acc_z": 1.5265, "temp": 2.1761}}, "1003": {"mean": {"bvp": 0.8142, "eda": 2.1225, "acc_x": 2.5817, "acc_y": 1.7003, "acc_z": 2.0423, "temp": 2.5288}, "min": {"bvp": 0.7245, "eda": 1.8447, "acc_x": 1.9051, "acc_y": 1.5412, "acc_z": 1.7667, "temp": 1.9865}}, "1004": {"mean": {"bvp": 0.6526, "eda": 2.1873, "acc_x": 2.7297, "acc_y": 1.7684, "acc_z": 1.6548, "temp": 2.6876}, "min": {"bvp": 0.6307, "eda": 2.0612, "acc_x": 2.1355, "acc_y": 1.4796, "acc_z": 1.5202, "temp": 2.3584}}, "1005": {"mean": {"bvp": 1.8089, "eda": 2.0577, "acc_x": 2.8993, "acc_y": 1.6575, "acc_z": 1.9707, "temp": 2.6259}, "min": {"bvp": 1.6649, "eda": 1.6916, "acc_x": 2.2863, "acc_y": 1.5104, "acc_z": 1.793, "temp": 2.2627}}, "1006": {"mean": {"bvp": 0.5051, "eda": 2.0388, "acc_x": 2.5806, "acc_y": 1.7363, "acc_z": 2.0375, "temp": 2.9841}, "min": {"bvp": 0.4824, "eda": 2.0199, "acc_x": 2.2308, "acc_y": 1.6433, "acc_z": 1.9225, "temp": 2.5428}}, "1007": {"mean": {"bvp": 0.6827, "eda": 2.2947, "acc_x": 2.5855, "acc_y": 1.4369, "acc_z": 2.044, "temp": 2.5043}, "min": {"bvp": 0.5519, "eda": 2.1333, "acc_x": 2.0949, "acc_y": 1.2456, "acc_z": 1.6898, "temp": 1.7208}}, "1008": {"mean": {"bvp": 0.583, "eda": 2.2988, "acc_x": 2.3065, "acc_y": 1.8055, "acc_z": 1.718, "temp": 2.6315}, "min": {"bvp": 0.5035, "eda": 2.2614, "acc_x": 2.0141, "acc_y": 1.6159, "acc_z": 1.634, "temp": 2.1544}}, "1009": {"mean": {"bvp": 0.8587, "eda": 2.1552, "acc_x": 2.4476, "acc_y": 1.6569, "acc_z": 2.1191, "temp": 2.6174}, "min": {"bvp": 0.7048, "eda": 1.9123, "acc_x": 2.0534, "acc_y": 1.5415, "acc_z": 1.9378, "temp": 2.3049}}, "1010": {"mean": {"bvp": 0.4947, "eda": 2.2018, "acc_x": 2.7266, "acc_y": 1.7868, "acc_z": 2.3004, "temp": 2.6398}, "min": {"bvp": 0.4822, "eda": 1.9155, "acc_x": 2.1068, "acc_y": 1.6993, "acc_z": 2.1656, "temp": 2.2804}}, "1011": {"mean": {"bvp": 0.9465, "eda": 2.1293, "acc_x": 2.5625, "acc_y": 1.5687, "acc_z": 2.2512, "temp": 2.7476}, "min": {"bvp": 0.8596, "eda": 1.6726, "acc_x": 2.078, "acc_y": 1.4412, "acc_z": 2.0123, "temp": 2.544}}, "1012": {"mean": {"bvp": 0.4938, "eda": 1.9912, "acc_x": 2.68, "acc_y": 1.5742, "acc_z": 2.2323, "temp": 2.3492}, "min": {"bvp": 0.4768, "eda": 1.7162, "acc_x": 2.0421, "acc_y": 1.3726, "acc_z": 1.9637, "temp": 1.7554}}, "1013": {"mean": {"bvp": 0.4962, "eda": 1.6711, "acc_x": 2.5574, "acc_y": 1.7271, "acc_z": 2.3203, "temp": 2.6508}, "min": {"bvp": 0.4075, "eda": 1.4719, "acc_x": 1.9627, "acc_y": 1.5824, "acc_z": 2.1948, "temp": 2.5034}}, "1014": {"mean": {"bvp": 0.4509, "eda": 2.1756, "acc_x": 2.5289, "acc_y": 1.6248, "acc_z": 1.797, "temp": 2.6588}, "min": {"bvp": 0.4094, "eda": 1.9281, "acc_x": 1.9874, "acc_y": 1.4654, "acc_z": 1.688, "temp": 2.3358}}, "1015": {"mean": {"bvp": 0.3541, "eda": 1.9836, "acc_x": 2.2095, "acc_y": 1.6901, "acc_z": 1.7983, "temp": 2.4983}, "min": {"bvp": 0.3338, "eda": 1.5718, "acc_x": 1.743, "acc_y": 1.5445, "acc_z": 1.7326, "temp": 2.2925}}}, "1013": {"1001": {"mean": {"bvp": 0.3595, "eda": 2.9721, "acc_x": 2.0028, "acc_y": 1.9391, "acc_z": 2.2468, "temp": 2.9359}, "min": {"bvp": 0.3509, "eda": 1.5522, "acc_x": 1.8016, "acc_y": 1.8226, "acc_z": 2.1119, "temp": 2.1888}}, "1002": {"mean": {"bvp": 0.8183, "eda": 3.1156, "acc_x": 2.0372, "acc_y": 1.8485, "acc_z": 1.6998, "temp": 3.1969}, "min": {"bvp": 0.7729, "eda": 1.9931, "acc_x": 1.9756, "acc_y": 1.4937, "acc_z": 1.6354, "temp": 2.1812}}, "1003": {"mean": {"bvp": 0.6344, "eda": 2.9605, "acc_x": 1.9509, "acc_y": 1.7259, "acc_z": 2.016, "temp": 3.1372}, "min": {"bvp": 0.6118, "eda": 1.6205, "acc_x": 1.8718, "acc_y": 1.5964, "acc_z": 1.9273, "temp": 2.2125}}, "1004": {"mean": {"bvp": 0.8796, "eda": 2.9017, "acc_x": 1.9678, "acc_y": 1.8186, "acc_z": 1.7101, "temp": 3.2816}, "min": {"bvp": 0.6985, "eda": 1.6345, "acc_x": 1.8552, "acc_y": 1.4995, "acc_z": 1.6984, "temp": 2.583}}, "1005": {"mean": {"bvp": 1.2667, "eda": 2.9023, "acc_x": 2.2021, "acc_y": 1.742, "acc_z": 1.9118, "temp": 3.0843}, "min": {"bvp": 1.2167, "eda": 1.5767, "acc_x": 2.0595, "acc_y": 1.5113, "acc_z": 1.7798, "temp": 2.427}}, "1006": {"mean": {"bvp": 0.7597, "eda": 2.8765, "acc_x": 2.3822, "acc_y": 1.7941, "acc_z": 2.1295, "temp": 3.4604}, "min": {"bvp": 0.5786, "eda": 1.9136, "acc_x": 2.2444, "acc_y": 1.6051, "acc_z": 2.0176, "temp": 2.5191}}, "1007": {"mean": {"bvp": 0.3697, "eda": 2.9902, "acc_x": 2.1219, "acc_y": 1.5872, "acc_z": 1.8828, "temp": 3.2518}, "min": {"bvp": 0.3421, "eda": 1.8704, "acc_x": 2.0066, "acc_y": 1.1831, "acc_z": 1.783, "temp": 1.9794}}, "1008": {"mean": {"bvp": 0.4676, "eda": 3.0525, "acc_x": 2.1971, "acc_y": 1.9177, "acc_z": 1.7763, "temp": 3.1359}, "min": {"bvp": 0.4533, "eda": 1.9918, "acc_x": 2.0351, "acc_y": 1.7426, "acc_z": 1.723, "temp": 2.2712}}, "1009": {"mean": {"bvp": 0.3647, "eda": 2.9438, "acc_x": 2.1176, "acc_y": 1.5523, "acc_z": 1.9962, "temp": 3.0573}, "min": {"bvp": 0.3189, "eda": 1.6644, "acc_x": 1.9085, "acc_y": 1.4125, "acc_z": 1.9116, "temp": 2.5109}}, "1010": {"mean": {"bvp": 0.5975, "eda": 2.7487, "acc_x": 1.8624, "acc_y": 1.8736, "acc_z": 2.3021, "temp": 3.2305}, "min": {"bvp": 0.4767, "eda": 1.4194, "acc_x": 1.7, "acc_y": 1.5992, "acc_z": 2.1683, "temp": 2.4793}}, "1011": {"mean": {"bvp": 0.714, "eda": 3.0581, "acc_x": 2.0068, "acc_y": 1.4322, "acc_z": 2.2822, "temp": 3.0967}, "min": {"bvp": 0.6735, "eda": 1.7478, "acc_x": 1.8068, "acc_y": 1.1616, "acc_z": 2.2155, "temp": 2.6788}}, "1012": {"mean": {"bvp": 0.786, "eda": 2.93, "acc_x": 2.0593, "acc_y": 1.6051, "acc_z": 2.1089, "temp": 3.0417}, "min": {"bvp": 0.6161, "eda": 1.7079, "acc_x": 1.9357, "acc_y": 1.4392, "acc_z": 2.0031, "temp": 1.9538}}, "1013": {"mean": {"bvp": 0.3793, "eda": 2.8426, "acc_x": 1.8211, "acc_y": 1.7687, "acc_z": 2.36, "temp": 2.7804}, "min": {"bvp": 0.3685, "eda": 1.3761, "acc_x": 1.6966, "acc_y": 1.6532, "acc_z": 2.227, "temp": 2.5676}}, "1014": {"mean": {"bvp": 0.9784, "eda": 3.0637, "acc_x": 1.6704, "acc_y": 1.4557, "acc_z": 1.8665, "temp": 3.085}, "min": {"bvp": 0.7388, "eda": 1.9255, "acc_x": 1.514, "acc_y": 1.2468, "acc_z": 1.7392, "temp": 2.1984}}, "1015": {"mean": {"bvp": 0.5433, "eda": 2.9278, "acc_x": 1.8463, "acc_y": 1.6322, "acc_z": 1.7864, "temp": 2.7961}, "min": {"bvp": 0.4087, "eda": 1.5519, "acc_x": 1.6677, "acc_y": 1.3024, "acc_z": 1.6463, "temp": 2.4148}}}, "1014": {"1001": {"mean": {"bvp": 0.776, "eda": 2.7614, "acc_x": 2.2284, "acc_y": 1.9384, "acc_z": 2.0959, "temp": 2.4627}, "min": {"bvp": 0.7589, "eda": 1.7598, "acc_x": 1.9993, "acc_y": 1.7512, "acc_z": 2.0657, "temp": 2.2095}}, "1002": {"mean": {"bvp": 0.7391, "eda": 2.8655, "acc_x": 2.48, "acc_y": 1.8262, "acc_z": 1.6797, "temp": 2.3157}, "min": {"bvp": 0.7087, "eda": 1.9187, "acc_x": 2.0192, "acc_y": 1.4161, "acc_z": 1.5252, "temp": 2.1615}}, "1003": {"mean": {"bvp": 1.198, "eda": 2.7356, "acc_x": 2.2982, "acc_y": 1.6347, "acc_z": 1.9959, "temp": 2.2582}, "min": {"bvp": 1.1838, "eda": 1.604, "acc_x": 1.8317, "acc_y": 1.3319, "acc_z": 1.8554, "temp": 2.1698}}, "1004": {"mean": {"bvp": 0.6842, "eda": 2.6532, "acc_x": 2.4154, "acc_y": 1.8959, "acc_z": 1.6105, "temp": 2.5495}, "min": {"bvp": 0.6649, "eda": 1.7098, "acc_x": 1.9586, "acc_y": 1.5232, "acc_z": 1.5931, "temp": 2.4418}}, "1005": {"mean": {"bvp": 2.2959, "eda": 2.6201, "acc_x": 2.6397, "acc_y": 1.7727, "acc_z": 1.8441, "temp": 2.4398}, "min": {"bvp": 2.2751, "eda": 1.5112, "acc_x": 2.1847, "acc_y": 1.459, "acc_z": 1.6488, "temp": 2.2992}}, "1006": {"mean": {"bvp": 0.541, "eda": 2.4943, "acc_x": 2.3855, "acc_y": 1.6774, "acc_z": 2.0705, "temp": 2.5899}, "min": {"bvp": 0.5325, "eda": 1.6632, "acc_x": 2.1891, "acc_y": 1.5357, "acc_z": 2.0248, "temp": 2.4027}}, "1007": {"mean": {"bvp": 1.1479, "eda": 2.6583, "acc_x": 2.3858, "acc_y": 1.467, "acc_z": 2.0063, "temp": 2.0105}, "min": {"bvp": 1.131, "eda": 1.791, "acc_x": 2.1412, "acc_y": 1.2256, "acc_z": 1.912, "temp": 1.9345}}, "1008": {"mean": {"bvp": 0.9663, "eda": 2.7338, "acc_x": 2.1559, "acc_y": 1.7579, "acc_z": 1.6557, "temp": 2.4427}, "min": {"bvp": 0.9553, "eda": 1.7972, "acc_x": 1.9786, "acc_y": 1.5536, "acc_z": 1.6067, "temp": 2.2678}}, "1009": {"mean": {"bvp": 1.3734, "eda": 2.6825, "acc_x": 2.304, "acc_y": 1.5749, "acc_z": 1.9916, "temp": 2.4858}, "min": {"bvp": 1.3579, "eda": 1.674, "acc_x": 2.0299, "acc_y": 1.2695, "acc_z": 1.8056, "temp": 2.3949}}, "1010": {"mean": {"bvp": 0.588, "eda": 2.5309, "acc_x": 2.3857, "acc_y": 1.7591, "acc_z": 2.2121, "temp": 2.453}, "min": {"bvp": 0.582, "eda": 1.6855, "acc_x": 1.8747, "acc_y": 1.6244, "acc_z": 2.1553, "temp": 2.3249}}, "1011": {"mean": {"bvp": 1.3182, "eda": 2.7353, "acc_x": 2.36, "acc_y": 1.4431, "acc_z": 2.2441, "temp": 2.6985}, "min": {"bvp": 1.3013, "eda": 1.5481, "acc_x": 2.0238, "acc_y": 1.3367, "acc_z": 2.1311, "temp": 2.5878}}, "1012": {"mean": {"bvp": 0.4968, "eda": 2.6578, "acc_x": 2.4744, "acc_y": 1.605, "acc_z": 2.117, "temp": 1.9517}, "min": {"bvp": 0.49, "eda": 1.5504, "acc_x": 2.1263, "acc_y": 1.2753, "acc_z": 1.9437, "temp": 1.8515}}, "1013": {"mean": {"bvp": 0.9152, "eda": 2.6256, "acc_x": 2.178, "acc_y": 1.7351, "acc_z": 2.2515, "temp": 2.7644}, "min": {"bvp": 0.9023, "eda": 1.4263, "acc_x": 1.6882, "acc_y": 1.4621, "acc_z": 2.1436, "temp": 2.5595}}, "1014": {"mean": {"bvp": 0.4099, "eda": 2.7043, "acc_x": 2.1614, "acc_y": 1.4016, "acc_z": 1.7464, "temp": 2.3386}, "min": {"bvp": 0.4007, "eda": 1.6778, "acc_x": 1.589, "acc_y": 1.2365, "acc_z": 1.6834, "temp": 2.1588}}, "1015": {"mean": {"bvp": 0.4481, "eda": 2.658, "acc_x": 2.0159, "acc_y": 1.5371, "acc_z": 1.6684, "temp": 2.5486}, "min": {"bvp": 0.4376, "eda": 1.4065, "acc_x": 1.8158, "acc_y": 1.5011, "acc_z": 1.5989, "temp": 2.3504}}}, "1015": {"1001": {"mean": {"bvp": 0.3404, "eda": 2.3708, "acc_x": 1.9439, "acc_y": 2.0809, "acc_z": 2.209, "temp": 3.0261}, "min": {"bvp": 0.3315, "eda": 1.4977, "acc_x": 1.8363, "acc_y": 1.7467, "acc_z": 2.0547, "temp": 2.2678}}, "1002": {"mean": {"bvp": 0.7125, "eda": 2.7375, "acc_x": 2.0886, "acc_y": 2.3425, "acc_z": 1.6407, "temp": 3.134}, "min": {"bvp": 0.6696, "eda": 2.0316, "acc_x": 1.9337, "acc_y": 1.6538, "acc_z": 1.5228, "temp": 2.2786}}, "1003": {"mean": {"bvp": 0.6879, "eda": 2.5327, "acc_x": 1.9306, "acc_y": 1.9247, "acc_z": 2.0168, "temp": 3.0799}, "min": {"bvp": 0.6764, "eda": 1.7118, "acc_x": 1.8736, "acc_y": 1.2942, "acc_z": 1.8709, "temp": 2.3672}}, "1004": {"mean": {"bvp": 0.6932, "eda": 2.3705, "acc_x": 1.9369, "acc_y": 2.3471, "acc_z": 1.6148, "temp": 3.168}, "min": {"bvp": 0.643, "eda": 1.5713, "acc_x": 1.8708, "acc_y": 1.5802, "acc_z": 1.521, "temp": 2.515}}, "1005": {"mean": {"bvp": 1.5849, "eda": 2.2852, "acc_x": 2.188, "acc_y": 2.0722, "acc_z": 2.1456, "temp": 3.0701}, "min": {"bvp": 1.5523, "eda": 1.37, "acc_x": 2.057, "acc_y": 1.4416, "acc_z": 1.9226, "temp": 2.5049}}, "1006": {"mean": {"bvp": 0.5725, "eda": 2.4556, "acc_x": 2.3125, "acc_y": 2.0492, "acc_z": 1.9786, "temp": 3.4525}, "min": {"bvp": 0.5365, "eda": 1.8806, "acc_x": 2.2125, "acc_y": 1.5196, "acc_z": 1.9782, "temp": 2.7001}}, "1007": {"mean": {"bvp": 0.4825, "eda": 2.3271, "acc_x": 2.1485, "acc_y": 2.1016, "acc_z": 2.2975, "temp": 3.1763}, "min": {"bvp": 0.4599, "eda": 1.5757, "acc_x": 2.02, "acc_y": 1.3625, "acc_z": 1.9852, "temp": 2.3235}}, "1008": {"mean": {"bvp": 0.4732, "eda": 2.5802, "acc_x": 2.109, "acc_y": 2.2089, "acc_z": 1.7699, "temp": 3.171}, "min": {"bvp": 0.4598, "eda": 1.9085, "acc_x": 2.056, "acc_y": 1.6258, "acc_z": 1.6644, "temp": 2.5631}}, "1009": {"mean": {"bvp": 0.6212, "eda": 2.3657, "acc_x": 2.0732, "acc_y": 1.6576, "acc_z": 1.9415, "temp": 3.059}, "min": {"bvp": 0.5892, "eda": 1.5345, "acc_x": 1.9443, "acc_y": 1.316, "acc_z": 1.8149, "temp": 2.5628}}, "1010": {"mean": {"bvp": 0.4757, "eda": 2.0706, "acc_x": 1.8098, "acc_y": 2.173, "acc_z": 2.3396, "temp": 3.1108}, "min": {"bvp": 0.4721, "eda": 1.2371, "acc_x": 1.7241, "acc_y": 1.5179, "acc_z": 2.2412, "temp": 2.4327}}, "1011": {"mean": {"bvp": 0.7971, "eda": 2.5803, "acc_x": 1.9631, "acc_y": 1.5936, "acc_z": 2.3276, "temp": 3.1306}, "min": {"bvp": 0.785, "eda": 1.7568, "acc_x": 1.8268, "acc_y": 1.2493, "acc_z": 2.192, "temp": 2.7014}}, "1012": {"mean": {"bvp": 0.5796, "eda": 2.398, "acc_x": 2.1196, "acc_y": 1.9432, "acc_z": 2.1205, "temp": 2.9487}, "min": {"bvp": 0.5305, "eda": 1.5271, "acc_x": 1.9265, "acc_y": 1.3648, "acc_z": 1.9912, "temp": 2.179}}, "1013": {"mean": {"bvp": 0.3799, "eda": 2.7502, "acc_x": 1.8141, "acc_y": 2.0517, "acc_z": 2.5106, "temp": 3.0198}, "min": {"bvp": 0.3755, "eda": 1.8533, "acc_x": 1.7836, "acc_y": 1.624, "acc_z": 2.3361, "temp": 2.7378}}, "1014": {"mean": {"bvp": 0.6781, "eda": 2.5918, "acc_x": 1.5428, "acc_y": 1.6578, "acc_z": 1.8249, "temp": 3.066}, "min": {"bvp": 0.5599, "eda": 1.8891, "acc_x": 1.4832, "acc_y": 1.3705, "acc_z": 1.713, "temp": 2.2708}}, "1015": {"mean": {"bvp": 0.3729, "eda": 2.4376, "acc_x": 1.7989, "acc_y": 1.8206, "acc_z": 1.8687, "temp": 2.9955}, "min": {"bvp": 0.3508, "eda": 1.5148, "acc_x": 1.619, "acc_y": 1.3745, "acc_z": 1.7583, "temp": 2.6519}}}}