{"1": {"non-stress": 0.067, "stress": 0.072}, "2": {"non-stress": 0.161, "stress": 0.111}, "3": {"non-stress": 0.211, "stress": 0.161}, "4": {"non-stress": 0.278, "stress": 0.211}, "5": {"non-stress": 0.294, "stress": 0.239}, "6": {"non-stress": 0.35, "stress": 0.283}, "7": {"non-stress": 0.406, "stress": 0.339}, "8": {"non-stress": 0.461, "stress": 0.406}, "9": {"non-stress": 0.528, "stress": 0.467}, "10": {"non-stress": 0.622, "stress": 0.522}, "11": {"non-stress": 0.689, "stress": 0.628}, "12": {"non-stress": 0.766, "stress": 0.711}, "13": {"non-stress": 0.833, "stress": 0.778}, "14": {"non-stress": 0.944, "stress": 0.872}, "15": {"non-stress": 1.0, "stress": 1.0}}