{"rank": {"bvp": [2462, 2332, 7227, 46, 539, 4518, 1779, 4129, 73, 4791, 6000, 1428, 1538, 126, 201], "eda": [0, 0, 0, 0, 0, 0, 0, 0, 0, 0, 0, 0, 0, 0, 0], "temp": [0, 0, 0, 0, 0, 0, 0, 0, 0, 0, 0, 0, 0, 0, 0], "acc": [0, 0, 0, 0, 0, 0, 0, 0, 0, 0, 0, 0, 0, 0, 0], "bvp+eda": [316, 254, 2584, 0, 16, 1124, 154, 775, 1, 1126, 1744, 97, 108, 0, 0], "bvp+temp": [329, 231, 2586, 0, 10, 1036, 162, 925, 0, 1120, 1773, 109, 110, 0, 1], "bvp+acc": [289, 319, 2625, 0, 14, 987, 146, 848, 2, 1113, 1745, 115, 129, 2, 3], "eda+temp": [0, 0, 0, 0, 0, 0, 0, 0, 0, 0, 0, 0, 0, 0, 0], "eda+acc": [0, 0, 0, 0, 0, 0, 0, 0, 0, 0, 0, 0, 0, 0, 0], "temp+acc": [0, 0, 0, 0, 0, 0, 0, 0, 0, 0, 0, 0, 0, 0, 0], "bvp+eda+temp": [29, 20, 615, 0, 0, 152, 7, 130, 0, 164, 343, 5, 5, 0, 0], "bvp+eda+acc": [34, 17, 768, 0, 0, 194, 10, 116, 0, 249, 409, 12, 6, 0, 0], "bvp+temp+acc": [29, 24, 655, 0, 0, 128, 8, 128, 0, 160, 334, 3, 8, 0, 0], "eda+temp+acc": [0, 0, 0, 0, 0, 0, 0, 0, 0, 0, 0, 0, 0, 0, 0], "bvp+eda+temp+acc": [4, 2, 175, 0, 0, 25, 1, 15, 0, 31, 61, 1, 0, 0, 0]}, "score": {"bvp": [2462, 2332, 7227, 46, 539, 4518, 1779, 4129, 73, 4791, 6000, 1428, 1538, 126, 201], "eda": [0, 0, 0, 0, 0, 0, 0, 0, 0, 0, 0, 0, 0, 0, 0], "temp": [0, 0, 0, 0, 0, 0, 0, 0, 0, 0, 0, 0, 0, 0, 0], "acc": [0, 0, 0, 0, 0, 0, 0, 0, 0, 0, 0, 0, 0, 0, 0], "bvp+eda": [0, 0, 0, 0, 0, 0, 0, 0, 0, 0, 0, 0, 0, 0, 0], "bvp+temp": [0, 0, 0, 0, 0, 0, 0, 0, 0, 0, 0, 0, 0, 0, 0], "bvp+acc": [0, 0, 0, 0, 0, 0, 0, 0, 0, 0, 0, 0, 0, 0, 0], "eda+temp": [0, 0, 0, 0, 0, 0, 0, 0, 0, 0, 0, 0, 0, 0, 0], "eda+acc": [0, 0, 0, 0, 0, 0, 0, 0, 0, 0, 0, 0, 0, 0, 0], "temp+acc": [0, 0, 0, 0, 0, 0, 0, 0, 0, 0, 0, 0, 0, 0, 0], "bvp+eda+temp": [0, 0, 0, 0, 0, 0, 0, 0, 0, 0, 0, 0, 0, 0, 0], "bvp+eda+acc": [0, 0, 0, 0, 0, 0, 0, 0, 0, 0, 0, 0, 0, 0, 0], "bvp+temp+acc": [0, 0, 0, 0, 0, 0, 0, 0, 0, 0, 0, 0, 0, 0, 0], "eda+temp+acc": [0, 0, 0, 0, 0, 0, 0, 0, 0, 0, 0, 0, 0, 0, 0], "bvp+eda+temp+acc": [0, 0, 0, 0, 0, 0, 0, 0, 0, 0, 0, 0, 0, 0, 0]}}