{"rank": {"bvp": [1, 11, 6, 7, 0, 3, 2, 3, 1, 4, 8, 5, 0, 0, 0], "eda": [12, 6, 4, 8, 14, 1, 11, 5, 9, 13, 11, 1, 4, 0, 5], "temp": [13, 7, 2, 10, 3, 8, 3, 6, 10, 12, 14, 0, 0, 6, 6], "acc": [13, 6, 11, 8, 5, 13, 2, 3, 4, 6, 6, 10, 13, 1, 2], "bvp+eda": [6, 10, 4, 9, 9, 2, 6, 2, 2, 9, 13, 2, 0, 0, 1], "bvp+temp": [8, 10, 1, 10, 0, 5, 0, 2, 4, 10, 14, 0, 0, 1, 2], "bvp+acc": [5, 9, 9, 7, 0, 10, 1, 2, 0, 3, 7, 8, 5, 1, 0], "eda+temp": [14, 6, 2, 11, 9, 4, 6, 6, 12, 14, 14, 0, 0, 2, 5], "eda+acc": [14, 4, 9, 9, 11, 8, 4, 3, 7, 13, 9, 6, 9, 0, 2], "temp+acc": [14, 6, 6, 9, 3, 11, 1, 4, 8, 11, 12, 4, 6, 2, 2], "bvp+eda+temp": [11, 9, 2, 9, 5, 2, 3, 4, 8, 13, 14, 1, 0, 1, 2], "bvp+eda+acc": [11, 9, 6, 9, 5, 5, 3, 2, 4, 9, 10, 3, 4, 0, 1], "bvp+temp+acc": [11, 11, 6, 9, 1, 9, 0, 1, 2, 7, 12, 3, 2, 0, 0], "eda+temp+acc": [14, 6, 6, 11, 8, 8, 3, 5, 8, 12, 12, 3, 5, 0, 2], "bvp+eda+temp+acc": [13, 9, 6, 10, 6, 5, 0, 2, 6, 12, 13, 2, 2, 0, 0]}, "score": {"bvp": [1, 11, 6, 7, 0, 3, 2, 3, 1, 4, 8, 5, 0, 0, 0], "eda": [12, 6, 4, 8, 14, 1, 11, 5, 9, 13, 11, 1, 4, 0, 5], "temp": [13, 7, 2, 10, 3, 8, 3, 6, 10, 12, 14, 0, 0, 6, 6], "acc": [13, 6, 11, 8, 5, 13, 2, 3, 4, 6, 6, 10, 13, 1, 2], "bvp+eda": [8, 10, 7, 7, 4, 1, 6, 4, 2, 11, 10, 2, 0, 0, 0], "bvp+temp": [5, 9, 1, 9, 0, 5, 1, 4, 5, 9, 14, 0, 0, 1, 1], "bvp+acc": [4, 10, 7, 8, 0, 8, 0, 2, 0, 3, 6, 7, 3, 1, 0], "eda+temp": [14, 6, 1, 11, 10, 4, 5, 7, 9, 14, 14, 0, 0, 2, 4], "eda+acc": [14, 5, 11, 10, 13, 3, 6, 5, 8, 13, 10, 2, 5, 0, 1], "temp+acc": [12, 8, 2, 9, 2, 11, 3, 6, 9, 10, 14, 1, 1, 2, 6], "bvp+eda+temp": [10, 9, 1, 8, 1, 2, 3, 5, 6, 12, 14, 0, 0, 1, 2], "bvp+eda+acc": [10, 8, 6, 7, 3, 3, 2, 2, 1, 11, 10, 2, 0, 0, 1], "bvp+temp+acc": [8, 10, 1, 9, 0, 9, 0, 4, 5, 9, 14, 0, 0, 0, 0], "eda+temp+acc": [14, 5, 3, 11, 9, 5, 4, 7, 9, 13, 14, 0, 0, 1, 3], "bvp+eda+temp+acc": [10, 8, 1, 8, 1, 4, 2, 4, 5, 12, 13, 0, 0, 0, 1]}}