{"1": {"non-stress": 0.002, "stress": 0.003}, "2": {"non-stress": 0.004, "stress": 0.005}, "3": {"non-stress": 0.006, "stress": 0.007}, "4": {"non-stress": 0.008, "stress": 0.009}, "5": {"non-stress": 0.01, "stress": 0.011}, "6": {"non-stress": 0.012, "stress": 0.012}, "7": {"non-stress": 0.013, "stress": 0.014}, "8": {"non-stress": 0.015, "stress": 0.016}, "9": {"non-stress": 0.017, "stress": 0.018}, "10": {"non-stress": 0.018, "stress": 0.02}, "11": {"non-stress": 0.02, "stress": 0.021}, "12": {"non-stress": 0.022, "stress": 0.023}, "13": {"non-stress": 0.023, "stress": 0.024}, "14": {"non-stress": 0.025, "stress": 0.026}, "15": {"non-stress": 0.026, "stress": 0.027}, "16": {"non-stress": 0.028, "stress": 0.029}, "17": {"non-stress": 0.029, "stress": 0.031}, "18": {"non-stress": 0.031, "stress": 0.033}, "19": {"non-stress": 0.033, "stress": 0.034}, "20": {"non-stress": 0.034, "stress": 0.036}, "21": {"non-stress": 0.036, "stress": 0.038}, "22": {"non-stress": 0.038, "stress": 0.04}, "23": {"non-stress": 0.039, "stress": 0.042}, "24": {"non-stress": 0.041, "stress": 0.044}, "25": {"non-stress": 0.042, "stress": 0.045}, "26": {"non-stress": 0.044, "stress": 0.047}, "27": {"non-stress": 0.045, "stress": 0.049}, "28": {"non-stress": 0.047, "stress": 0.051}, "29": {"non-stress": 0.049, "stress": 0.053}, "30": {"non-stress": 0.05, "stress": 0.055}, "31": {"non-stress": 0.051, "stress": 0.056}, "32": {"non-stress": 0.053, "stress": 0.058}, "33": {"non-stress": 0.054, "stress": 0.06}, "34": {"non-stress": 0.056, "stress": 0.061}, "35": {"non-stress": 0.058, "stress": 0.062}, "36": {"non-stress": 0.06, "stress": 0.064}, "37": {"non-stress": 0.061, "stress": 0.065}, "38": {"non-stress": 0.063, "stress": 0.067}, "39": {"non-stress": 0.065, "stress": 0.068}, "40": {"non-stress": 0.066, "stress": 0.07}, "41": {"non-stress": 0.067, "stress": 0.071}, "42": {"non-stress": 0.069, "stress": 0.073}, "43": {"non-stress": 0.071, "stress": 0.074}, "44": {"non-stress": 0.073, "stress": 0.076}, "45": {"non-stress": 0.074, "stress": 0.077}, "46": {"non-stress": 0.075, "stress": 0.079}, "47": {"non-stress": 0.077, "stress": 0.08}, "48": {"non-stress": 0.078, "stress": 0.082}, "49": {"non-stress": 0.08, "stress": 0.083}, "50": {"non-stress": 0.081, "stress": 0.084}, "51": {"non-stress": 0.083, "stress": 0.085}, "52": {"non-stress": 0.085, "stress": 0.087}, "53": {"non-stress": 0.086, "stress": 0.089}, "54": {"non-stress": 0.087, "stress": 0.091}, "55": {"non-stress": 0.089, "stress": 0.092}, "56": {"non-stress": 0.09, "stress": 0.093}, "57": {"non-stress": 0.091, "stress": 0.094}, "58": {"non-stress": 0.093, "stress": 0.095}, "59": {"non-stress": 0.094, "stress": 0.097}, "60": {"non-stress": 0.096, "stress": 0.098}, "61": {"non-stress": 0.097, "stress": 0.099}, "62": {"non-stress": 0.099, "stress": 0.102}, "63": {"non-stress": 0.1, "stress": 0.103}, "64": {"non-stress": 0.102, "stress": 0.105}, "65": {"non-stress": 0.103, "stress": 0.107}, "66": {"non-stress": 0.104, "stress": 0.109}, "67": {"non-stress": 0.106, "stress": 0.109}, "68": {"non-stress": 0.107, "stress": 0.111}, "69": {"non-stress": 0.108, "stress": 0.113}, "70": {"non-stress": 0.109, "stress": 0.114}, "71": {"non-stress": 0.11, "stress": 0.116}, "72": {"non-stress": 0.112, "stress": 0.117}, "73": {"non-stress": 0.114, "stress": 0.118}, "74": {"non-stress": 0.115, "stress": 0.12}, "75": {"non-stress": 0.115, "stress": 0.121}, "76": {"non-stress": 0.117, "stress": 0.122}, "77": {"non-stress": 0.118, "stress": 0.124}, "78": {"non-stress": 0.119, "stress": 0.125}, "79": {"non-stress": 0.121, "stress": 0.127}, "80": {"non-stress": 0.122, "stress": 0.127}, "81": {"non-stress": 0.123, "stress": 0.129}, "82": {"non-stress": 0.124, "stress": 0.13}, "83": {"non-stress": 0.126, "stress": 0.132}, "84": {"non-stress": 0.127, "stress": 0.133}, "85": {"non-stress": 0.128, "stress": 0.135}, "86": {"non-stress": 0.129, "stress": 0.136}, "87": {"non-stress": 0.13, "stress": 0.138}, "88": {"non-stress": 0.131, "stress": 0.139}, "89": {"non-stress": 0.133, "stress": 0.14}, "90": {"non-stress": 0.134, "stress": 0.142}, "91": {"non-stress": 0.135, "stress": 0.143}, "92": {"non-stress": 0.136, "stress": 0.145}, "93": {"non-stress": 0.137, "stress": 0.145}, "94": {"non-stress": 0.139, "stress": 0.147}, "95": {"non-stress": 0.14, "stress": 0.148}, "96": {"non-stress": 0.141, "stress": 0.149}, "97": {"non-stress": 0.143, "stress": 0.151}, "98": {"non-stress": 0.145, "stress": 0.152}, "99": {"non-stress": 0.146, "stress": 0.153}, "100": {"non-stress": 0.148, "stress": 0.155}, "101": {"non-stress": 0.148, "stress": 0.156}, "102": {"non-stress": 0.149, "stress": 0.158}, "103": {"non-stress": 0.151, "stress": 0.159}, "104": {"non-stress": 0.152, "stress": 0.161}, "105": {"non-stress": 0.153, "stress": 0.162}, "106": {"non-stress": 0.155, "stress": 0.163}, "107": {"non-stress": 0.156, "stress": 0.164}, "108": {"non-stress": 0.157, "stress": 0.165}, "109": {"non-stress": 0.158, "stress": 0.166}, "110": {"non-stress": 0.16, "stress": 0.167}, "111": {"non-stress": 0.161, "stress": 0.169}, "112": {"non-stress": 0.162, "stress": 0.17}, "113": {"non-stress": 0.163, "stress": 0.172}, "114": {"non-stress": 0.165, "stress": 0.173}, "115": {"non-stress": 0.165, "stress": 0.175}, "116": {"non-stress": 0.167, "stress": 0.176}, "117": {"non-stress": 0.168, "stress": 0.177}, "118": {"non-stress": 0.17, "stress": 0.179}, "119": {"non-stress": 0.172, "stress": 0.18}, "120": {"non-stress": 0.174, "stress": 0.181}, "121": {"non-stress": 0.175, "stress": 0.184}, "122": {"non-stress": 0.176, "stress": 0.184}, "123": {"non-stress": 0.177, "stress": 0.186}, "124": {"non-stress": 0.179, "stress": 0.187}, "125": {"non-stress": 0.181, "stress": 0.188}, "126": {"non-stress": 0.182, "stress": 0.189}, "127": {"non-stress": 0.183, "stress": 0.191}, "128": {"non-stress": 0.184, "stress": 0.192}, "129": {"non-stress": 0.185, "stress": 0.194}, "130": {"non-stress": 0.187, "stress": 0.195}, "131": {"non-stress": 0.188, "stress": 0.196}, "132": {"non-stress": 0.19, "stress": 0.198}, "133": {"non-stress": 0.191, "stress": 0.199}, "134": {"non-stress": 0.192, "stress": 0.2}, "135": {"non-stress": 0.194, "stress": 0.201}, "136": {"non-stress": 0.195, "stress": 0.202}, "137": {"non-stress": 0.197, "stress": 0.203}, "138": {"non-stress": 0.198, "stress": 0.205}, "139": {"non-stress": 0.199, "stress": 0.207}, "140": {"non-stress": 0.201, "stress": 0.208}, "141": {"non-stress": 0.202, "stress": 0.209}, "142": {"non-stress": 0.203, "stress": 0.21}, "143": {"non-stress": 0.205, "stress": 0.212}, "144": {"non-stress": 0.206, "stress": 0.213}, "145": {"non-stress": 0.207, "stress": 0.215}, "146": {"non-stress": 0.208, "stress": 0.216}, "147": {"non-stress": 0.209, "stress": 0.217}, "148": {"non-stress": 0.211, "stress": 0.218}, "149": {"non-stress": 0.212, "stress": 0.219}, "150": {"non-stress": 0.214, "stress": 0.22}, "151": {"non-stress": 0.215, "stress": 0.221}, "152": {"non-stress": 0.216, "stress": 0.223}, "153": {"non-stress": 0.217, "stress": 0.223}, "154": {"non-stress": 0.218, "stress": 0.225}, "155": {"non-stress": 0.219, "stress": 0.226}, "156": {"non-stress": 0.221, "stress": 0.227}, "157": {"non-stress": 0.222, "stress": 0.229}, "158": {"non-stress": 0.223, "stress": 0.23}, "159": {"non-stress": 0.224, "stress": 0.231}, "160": {"non-stress": 0.225, "stress": 0.233}, "161": {"non-stress": 0.227, "stress": 0.235}, "162": {"non-stress": 0.229, "stress": 0.235}, "163": {"non-stress": 0.229, "stress": 0.237}, "164": {"non-stress": 0.231, "stress": 0.238}, "165": {"non-stress": 0.232, "stress": 0.239}, "166": {"non-stress": 0.233, "stress": 0.24}, "167": {"non-stress": 0.234, "stress": 0.242}, "168": {"non-stress": 0.235, "stress": 0.243}, "169": {"non-stress": 0.237, "stress": 0.243}, "170": {"non-stress": 0.238, "stress": 0.245}, "171": {"non-stress": 0.24, "stress": 0.246}, "172": {"non-stress": 0.24, "stress": 0.247}, "173": {"non-stress": 0.242, "stress": 0.248}, "174": {"non-stress": 0.242, "stress": 0.249}, "175": {"non-stress": 0.243, "stress": 0.25}, "176": {"non-stress": 0.245, "stress": 0.251}, "177": {"non-stress": 0.246, "stress": 0.252}, "178": {"non-stress": 0.247, "stress": 0.253}, "179": {"non-stress": 0.248, "stress": 0.254}, "180": {"non-stress": 0.249, "stress": 0.255}, "181": {"non-stress": 0.251, "stress": 0.256}, "182": {"non-stress": 0.252, "stress": 0.258}, "183": {"non-stress": 0.253, "stress": 0.259}, "184": {"non-stress": 0.254, "stress": 0.259}, "185": {"non-stress": 0.255, "stress": 0.261}, "186": {"non-stress": 0.257, "stress": 0.263}, "187": {"non-stress": 0.258, "stress": 0.264}, "188": {"non-stress": 0.259, "stress": 0.265}, "189": {"non-stress": 0.261, "stress": 0.266}, "190": {"non-stress": 0.262, "stress": 0.267}, "191": {"non-stress": 0.263, "stress": 0.269}, "192": {"non-stress": 0.264, "stress": 0.27}, "193": {"non-stress": 0.265, "stress": 0.271}, "194": {"non-stress": 0.267, "stress": 0.272}, "195": {"non-stress": 0.268, "stress": 0.273}, "196": {"non-stress": 0.269, "stress": 0.274}, "197": {"non-stress": 0.271, "stress": 0.276}, "198": {"non-stress": 0.272, "stress": 0.277}, "199": {"non-stress": 0.274, "stress": 0.278}, "200": {"non-stress": 0.275, "stress": 0.279}, "201": {"non-stress": 0.276, "stress": 0.281}, "202": {"non-stress": 0.277, "stress": 0.281}, "203": {"non-stress": 0.278, "stress": 0.282}, "204": {"non-stress": 0.279, "stress": 0.283}, "205": {"non-stress": 0.279, "stress": 0.285}, "206": {"non-stress": 0.281, "stress": 0.286}, "207": {"non-stress": 0.282, "stress": 0.287}, "208": {"non-stress": 0.284, "stress": 0.288}, "209": {"non-stress": 0.285, "stress": 0.29}, "210": {"non-stress": 0.286, "stress": 0.291}, "211": {"non-stress": 0.287, "stress": 0.292}, "212": {"non-stress": 0.288, "stress": 0.294}, "213": {"non-stress": 0.29, "stress": 0.295}, "214": {"non-stress": 0.291, "stress": 0.296}, "215": {"non-stress": 0.292, "stress": 0.297}, "216": {"non-stress": 0.293, "stress": 0.299}, "217": {"non-stress": 0.295, "stress": 0.3}, "218": {"non-stress": 0.296, "stress": 0.302}, "219": {"non-stress": 0.297, "stress": 0.303}, "220": {"non-stress": 0.297, "stress": 0.304}, "221": {"non-stress": 0.299, "stress": 0.305}, "222": {"non-stress": 0.3, "stress": 0.306}, "223": {"non-stress": 0.301, "stress": 0.307}, "224": {"non-stress": 0.302, "stress": 0.309}, "225": {"non-stress": 0.303, "stress": 0.31}, "226": {"non-stress": 0.304, "stress": 0.311}, "227": {"non-stress": 0.305, "stress": 0.312}, "228": {"non-stress": 0.306, "stress": 0.313}, "229": {"non-stress": 0.307, "stress": 0.315}, "230": {"non-stress": 0.308, "stress": 0.316}, "231": {"non-stress": 0.309, "stress": 0.317}, "232": {"non-stress": 0.311, "stress": 0.319}, "233": {"non-stress": 0.312, "stress": 0.32}, "234": {"non-stress": 0.312, "stress": 0.321}, "235": {"non-stress": 0.314, "stress": 0.321}, "236": {"non-stress": 0.315, "stress": 0.323}, "237": {"non-stress": 0.316, "stress": 0.323}, "238": {"non-stress": 0.317, "stress": 0.325}, "239": {"non-stress": 0.318, "stress": 0.326}, "240": {"non-stress": 0.319, "stress": 0.328}, "241": {"non-stress": 0.321, "stress": 0.329}, "242": {"non-stress": 0.322, "stress": 0.33}, "243": {"non-stress": 0.323, "stress": 0.331}, "244": {"non-stress": 0.324, "stress": 0.333}, "245": {"non-stress": 0.326, "stress": 0.334}, "246": {"non-stress": 0.327, "stress": 0.334}, "247": {"non-stress": 0.327, "stress": 0.336}, "248": {"non-stress": 0.328, "stress": 0.336}, "249": {"non-stress": 0.329, "stress": 0.338}, "250": {"non-stress": 0.33, "stress": 0.339}, "251": {"non-stress": 0.331, "stress": 0.34}, "252": {"non-stress": 0.333, "stress": 0.341}, "253": {"non-stress": 0.334, "stress": 0.343}, "254": {"non-stress": 0.335, "stress": 0.344}, "255": {"non-stress": 0.336, "stress": 0.345}, "256": {"non-stress": 0.337, "stress": 0.346}, "257": {"non-stress": 0.338, "stress": 0.346}, "258": {"non-stress": 0.34, "stress": 0.348}, "259": {"non-stress": 0.341, "stress": 0.349}, "260": {"non-stress": 0.343, "stress": 0.35}, "261": {"non-stress": 0.344, "stress": 0.352}, "262": {"non-stress": 0.345, "stress": 0.353}, "263": {"non-stress": 0.346, "stress": 0.354}, "264": {"non-stress": 0.347, "stress": 0.356}, "265": {"non-stress": 0.348, "stress": 0.357}, "266": {"non-stress": 0.349, "stress": 0.358}, "267": {"non-stress": 0.35, "stress": 0.36}, "268": {"non-stress": 0.351, "stress": 0.361}, "269": {"non-stress": 0.352, "stress": 0.363}, "270": {"non-stress": 0.353, "stress": 0.364}, "271": {"non-stress": 0.355, "stress": 0.365}, "272": {"non-stress": 0.355, "stress": 0.367}, "273": {"non-stress": 0.357, "stress": 0.368}, "274": {"non-stress": 0.358, "stress": 0.369}, "275": {"non-stress": 0.359, "stress": 0.37}, "276": {"non-stress": 0.361, "stress": 0.371}, "277": {"non-stress": 0.361, "stress": 0.372}, "278": {"non-stress": 0.362, "stress": 0.373}, "279": {"non-stress": 0.364, "stress": 0.375}, "280": {"non-stress": 0.364, "stress": 0.376}, "281": {"non-stress": 0.366, "stress": 0.377}, "282": {"non-stress": 0.367, "stress": 0.378}, "283": {"non-stress": 0.369, "stress": 0.379}, "284": {"non-stress": 0.37, "stress": 0.38}, "285": {"non-stress": 0.371, "stress": 0.381}, "286": {"non-stress": 0.373, "stress": 0.382}, "287": {"non-stress": 0.374, "stress": 0.384}, "288": {"non-stress": 0.375, "stress": 0.385}, "289": {"non-stress": 0.376, "stress": 0.386}, "290": {"non-stress": 0.377, "stress": 0.388}, "291": {"non-stress": 0.378, "stress": 0.389}, "292": {"non-stress": 0.379, "stress": 0.39}, "293": {"non-stress": 0.38, "stress": 0.391}, "294": {"non-stress": 0.382, "stress": 0.392}, "295": {"non-stress": 0.383, "stress": 0.394}, "296": {"non-stress": 0.385, "stress": 0.395}, "297": {"non-stress": 0.386, "stress": 0.396}, "298": {"non-stress": 0.387, "stress": 0.398}, "299": {"non-stress": 0.388, "stress": 0.399}, "300": {"non-stress": 0.39, "stress": 0.4}, "301": {"non-stress": 0.39, "stress": 0.402}, "302": {"non-stress": 0.392, "stress": 0.403}, "303": {"non-stress": 0.393, "stress": 0.404}, "304": {"non-stress": 0.394, "stress": 0.405}, "305": {"non-stress": 0.395, "stress": 0.405}, "306": {"non-stress": 0.396, "stress": 0.407}, "307": {"non-stress": 0.396, "stress": 0.408}, "308": {"non-stress": 0.398, "stress": 0.409}, "309": {"non-stress": 0.399, "stress": 0.41}, "310": {"non-stress": 0.4, "stress": 0.411}, "311": {"non-stress": 0.401, "stress": 0.413}, "312": {"non-stress": 0.401, "stress": 0.414}, "313": {"non-stress": 0.402, "stress": 0.415}, "314": {"non-stress": 0.404, "stress": 0.416}, "315": {"non-stress": 0.405, "stress": 0.418}, "316": {"non-stress": 0.406, "stress": 0.418}, "317": {"non-stress": 0.407, "stress": 0.419}, "318": {"non-stress": 0.408, "stress": 0.42}, "319": {"non-stress": 0.409, "stress": 0.421}, "320": {"non-stress": 0.411, "stress": 0.422}, "321": {"non-stress": 0.412, "stress": 0.423}, "322": {"non-stress": 0.413, "stress": 0.424}, "323": {"non-stress": 0.414, "stress": 0.425}, "324": {"non-stress": 0.415, "stress": 0.426}, "325": {"non-stress": 0.416, "stress": 0.427}, "326": {"non-stress": 0.417, "stress": 0.428}, "327": {"non-stress": 0.418, "stress": 0.429}, "328": {"non-stress": 0.419, "stress": 0.431}, "329": {"non-stress": 0.42, "stress": 0.431}, "330": {"non-stress": 0.421, "stress": 0.433}, "331": {"non-stress": 0.421, "stress": 0.434}, "332": {"non-stress": 0.422, "stress": 0.435}, "333": {"non-stress": 0.423, "stress": 0.436}, "334": {"non-stress": 0.424, "stress": 0.437}, "335": {"non-stress": 0.425, "stress": 0.438}, "336": {"non-stress": 0.426, "stress": 0.439}, "337": {"non-stress": 0.427, "stress": 0.44}, "338": {"non-stress": 0.429, "stress": 0.441}, "339": {"non-stress": 0.43, "stress": 0.443}, "340": {"non-stress": 0.431, "stress": 0.443}, "341": {"non-stress": 0.432, "stress": 0.444}, "342": {"non-stress": 0.433, "stress": 0.445}, "343": {"non-stress": 0.433, "stress": 0.446}, "344": {"non-stress": 0.434, "stress": 0.447}, "345": {"non-stress": 0.435, "stress": 0.448}, "346": {"non-stress": 0.437, "stress": 0.449}, "347": {"non-stress": 0.438, "stress": 0.451}, "348": {"non-stress": 0.439, "stress": 0.451}, "349": {"non-stress": 0.44, "stress": 0.453}, "350": {"non-stress": 0.44, "stress": 0.454}, "351": {"non-stress": 0.441, "stress": 0.455}, "352": {"non-stress": 0.442, "stress": 0.456}, "353": {"non-stress": 0.443, "stress": 0.457}, "354": {"non-stress": 0.445, "stress": 0.458}, "355": {"non-stress": 0.446, "stress": 0.459}, "356": {"non-stress": 0.448, "stress": 0.46}, "357": {"non-stress": 0.448, "stress": 0.461}, "358": {"non-stress": 0.45, "stress": 0.462}, "359": {"non-stress": 0.45, "stress": 0.462}, "360": {"non-stress": 0.451, "stress": 0.463}, "361": {"non-stress": 0.452, "stress": 0.464}, "362": {"non-stress": 0.453, "stress": 0.465}, "363": {"non-stress": 0.454, "stress": 0.466}, "364": {"non-stress": 0.455, "stress": 0.467}, "365": {"non-stress": 0.456, "stress": 0.468}, "366": {"non-stress": 0.457, "stress": 0.469}, "367": {"non-stress": 0.458, "stress": 0.471}, "368": {"non-stress": 0.459, "stress": 0.472}, "369": {"non-stress": 0.46, "stress": 0.473}, "370": {"non-stress": 0.461, "stress": 0.474}, "371": {"non-stress": 0.462, "stress": 0.475}, "372": {"non-stress": 0.463, "stress": 0.476}, "373": {"non-stress": 0.464, "stress": 0.477}, "374": {"non-stress": 0.465, "stress": 0.477}, "375": {"non-stress": 0.466, "stress": 0.478}, "376": {"non-stress": 0.467, "stress": 0.479}, "377": {"non-stress": 0.468, "stress": 0.48}, "378": {"non-stress": 0.468, "stress": 0.481}, "379": {"non-stress": 0.47, "stress": 0.482}, "380": {"non-stress": 0.471, "stress": 0.483}, "381": {"non-stress": 0.472, "stress": 0.484}, "382": {"non-stress": 0.473, "stress": 0.485}, "383": {"non-stress": 0.474, "stress": 0.487}, "384": {"non-stress": 0.475, "stress": 0.487}, "385": {"non-stress": 0.476, "stress": 0.488}, "386": {"non-stress": 0.478, "stress": 0.489}, "387": {"non-stress": 0.479, "stress": 0.49}, "388": {"non-stress": 0.48, "stress": 0.491}, "389": {"non-stress": 0.481, "stress": 0.492}, "390": {"non-stress": 0.481, "stress": 0.493}, "391": {"non-stress": 0.482, "stress": 0.494}, "392": {"non-stress": 0.483, "stress": 0.495}, "393": {"non-stress": 0.484, "stress": 0.496}, "394": {"non-stress": 0.485, "stress": 0.497}, "395": {"non-stress": 0.486, "stress": 0.498}, "396": {"non-stress": 0.487, "stress": 0.499}, "397": {"non-stress": 0.488, "stress": 0.5}, "398": {"non-stress": 0.49, "stress": 0.501}, "399": {"non-stress": 0.491, "stress": 0.502}, "400": {"non-stress": 0.492, "stress": 0.503}, "401": {"non-stress": 0.493, "stress": 0.504}, "402": {"non-stress": 0.494, "stress": 0.504}, "403": {"non-stress": 0.494, "stress": 0.505}, "404": {"non-stress": 0.496, "stress": 0.506}, "405": {"non-stress": 0.497, "stress": 0.507}, "406": {"non-stress": 0.498, "stress": 0.508}, "407": {"non-stress": 0.499, "stress": 0.509}, "408": {"non-stress": 0.5, "stress": 0.51}, "409": {"non-stress": 0.501, "stress": 0.511}, "410": {"non-stress": 0.502, "stress": 0.512}, "411": {"non-stress": 0.503, "stress": 0.513}, "412": {"non-stress": 0.503, "stress": 0.514}, "413": {"non-stress": 0.504, "stress": 0.515}, "414": {"non-stress": 0.505, "stress": 0.516}, "415": {"non-stress": 0.506, "stress": 0.516}, "416": {"non-stress": 0.507, "stress": 0.517}, "417": {"non-stress": 0.507, "stress": 0.518}, "418": {"non-stress": 0.509, "stress": 0.519}, "419": {"non-stress": 0.51, "stress": 0.521}, "420": {"non-stress": 0.511, "stress": 0.522}, "421": {"non-stress": 0.513, "stress": 0.523}, "422": {"non-stress": 0.514, "stress": 0.524}, "423": {"non-stress": 0.515, "stress": 0.524}, "424": {"non-stress": 0.516, "stress": 0.525}, "425": {"non-stress": 0.517, "stress": 0.526}, "426": {"non-stress": 0.518, "stress": 0.527}, "427": {"non-stress": 0.519, "stress": 0.527}, "428": {"non-stress": 0.521, "stress": 0.528}, "429": {"non-stress": 0.522, "stress": 0.529}, "430": {"non-stress": 0.522, "stress": 0.53}, "431": {"non-stress": 0.523, "stress": 0.531}, "432": {"non-stress": 0.525, "stress": 0.531}, "433": {"non-stress": 0.526, "stress": 0.532}, "434": {"non-stress": 0.527, "stress": 0.533}, "435": {"non-stress": 0.528, "stress": 0.534}, "436": {"non-stress": 0.529, "stress": 0.535}, "437": {"non-stress": 0.53, "stress": 0.536}, "438": {"non-stress": 0.531, "stress": 0.536}, "439": {"non-stress": 0.531, "stress": 0.537}, "440": {"non-stress": 0.532, "stress": 0.538}, "441": {"non-stress": 0.533, "stress": 0.538}, "442": {"non-stress": 0.534, "stress": 0.539}, "443": {"non-stress": 0.535, "stress": 0.54}, "444": {"non-stress": 0.536, "stress": 0.542}, "445": {"non-stress": 0.536, "stress": 0.542}, "446": {"non-stress": 0.538, "stress": 0.544}, "447": {"non-stress": 0.539, "stress": 0.545}, "448": {"non-stress": 0.54, "stress": 0.546}, "449": {"non-stress": 0.541, "stress": 0.547}, "450": {"non-stress": 0.542, "stress": 0.548}, "451": {"non-stress": 0.543, "stress": 0.549}, "452": {"non-stress": 0.544, "stress": 0.55}, "453": {"non-stress": 0.545, "stress": 0.55}, "454": {"non-stress": 0.546, "stress": 0.551}, "455": {"non-stress": 0.548, "stress": 0.552}, "456": {"non-stress": 0.549, "stress": 0.553}, "457": {"non-stress": 0.55, "stress": 0.555}, "458": {"non-stress": 0.551, "stress": 0.556}, "459": {"non-stress": 0.552, "stress": 0.557}, "460": {"non-stress": 0.553, "stress": 0.558}, "461": {"non-stress": 0.555, "stress": 0.559}, "462": {"non-stress": 0.556, "stress": 0.56}, "463": {"non-stress": 0.557, "stress": 0.562}, "464": {"non-stress": 0.558, "stress": 0.563}, "465": {"non-stress": 0.559, "stress": 0.564}, "466": {"non-stress": 0.56, "stress": 0.565}, "467": {"non-stress": 0.56, "stress": 0.566}, "468": {"non-stress": 0.561, "stress": 0.566}, "469": {"non-stress": 0.562, "stress": 0.568}, "470": {"non-stress": 0.563, "stress": 0.568}, "471": {"non-stress": 0.563, "stress": 0.569}, "472": {"non-stress": 0.564, "stress": 0.571}, "473": {"non-stress": 0.565, "stress": 0.572}, "474": {"non-stress": 0.566, "stress": 0.573}, "475": {"non-stress": 0.567, "stress": 0.574}, "476": {"non-stress": 0.568, "stress": 0.574}, "477": {"non-stress": 0.568, "stress": 0.575}, "478": {"non-stress": 0.57, "stress": 0.577}, "479": {"non-stress": 0.57, "stress": 0.578}, "480": {"non-stress": 0.571, "stress": 0.578}, "481": {"non-stress": 0.572, "stress": 0.58}, "482": {"non-stress": 0.572, "stress": 0.58}, "483": {"non-stress": 0.574, "stress": 0.581}, "484": {"non-stress": 0.575, "stress": 0.582}, "485": {"non-stress": 0.576, "stress": 0.583}, "486": {"non-stress": 0.577, "stress": 0.584}, "487": {"non-stress": 0.578, "stress": 0.585}, "488": {"non-stress": 0.579, "stress": 0.587}, "489": {"non-stress": 0.579, "stress": 0.587}, "490": {"non-stress": 0.581, "stress": 0.588}, "491": {"non-stress": 0.582, "stress": 0.589}, "492": {"non-stress": 0.583, "stress": 0.59}, "493": {"non-stress": 0.585, "stress": 0.591}, "494": {"non-stress": 0.586, "stress": 0.592}, "495": {"non-stress": 0.587, "stress": 0.593}, "496": {"non-stress": 0.588, "stress": 0.593}, "497": {"non-stress": 0.589, "stress": 0.594}, "498": {"non-stress": 0.59, "stress": 0.595}, "499": {"non-stress": 0.591, "stress": 0.596}, "500": {"non-stress": 0.591, "stress": 0.596}, "501": {"non-stress": 0.593, "stress": 0.597}, "502": {"non-stress": 0.593, "stress": 0.598}, "503": {"non-stress": 0.594, "stress": 0.599}, "504": {"non-stress": 0.596, "stress": 0.6}, "505": {"non-stress": 0.597, "stress": 0.601}, "506": {"non-stress": 0.597, "stress": 0.602}, "507": {"non-stress": 0.598, "stress": 0.603}, "508": {"non-stress": 0.599, "stress": 0.604}, "509": {"non-stress": 0.6, "stress": 0.605}, "510": {"non-stress": 0.601, "stress": 0.606}, "511": {"non-stress": 0.602, "stress": 0.607}, "512": {"non-stress": 0.603, "stress": 0.608}, "513": {"non-stress": 0.604, "stress": 0.609}, "514": {"non-stress": 0.605, "stress": 0.609}, "515": {"non-stress": 0.606, "stress": 0.61}, "516": {"non-stress": 0.608, "stress": 0.611}, "517": {"non-stress": 0.609, "stress": 0.612}, "518": {"non-stress": 0.61, "stress": 0.613}, "519": {"non-stress": 0.611, "stress": 0.614}, "520": {"non-stress": 0.612, "stress": 0.615}, "521": {"non-stress": 0.613, "stress": 0.617}, "522": {"non-stress": 0.614, "stress": 0.617}, "523": {"non-stress": 0.615, "stress": 0.618}, "524": {"non-stress": 0.616, "stress": 0.619}, "525": {"non-stress": 0.616, "stress": 0.62}, "526": {"non-stress": 0.617, "stress": 0.62}, "527": {"non-stress": 0.618, "stress": 0.621}, "528": {"non-stress": 0.619, "stress": 0.623}, "529": {"non-stress": 0.62, "stress": 0.624}, "530": {"non-stress": 0.621, "stress": 0.624}, "531": {"non-stress": 0.622, "stress": 0.625}, "532": {"non-stress": 0.623, "stress": 0.626}, "533": {"non-stress": 0.624, "stress": 0.627}, "534": {"non-stress": 0.625, "stress": 0.628}, "535": {"non-stress": 0.625, "stress": 0.628}, "536": {"non-stress": 0.626, "stress": 0.629}, "537": {"non-stress": 0.627, "stress": 0.63}, "538": {"non-stress": 0.628, "stress": 0.631}, "539": {"non-stress": 0.629, "stress": 0.632}, "540": {"non-stress": 0.63, "stress": 0.634}, "541": {"non-stress": 0.631, "stress": 0.634}, "542": {"non-stress": 0.632, "stress": 0.635}, "543": {"non-stress": 0.633, "stress": 0.637}, "544": {"non-stress": 0.634, "stress": 0.638}, "545": {"non-stress": 0.635, "stress": 0.639}, "546": {"non-stress": 0.636, "stress": 0.639}, "547": {"non-stress": 0.637, "stress": 0.64}, "548": {"non-stress": 0.638, "stress": 0.641}, "549": {"non-stress": 0.639, "stress": 0.642}, "550": {"non-stress": 0.64, "stress": 0.644}, "551": {"non-stress": 0.641, "stress": 0.644}, "552": {"non-stress": 0.642, "stress": 0.645}, "553": {"non-stress": 0.643, "stress": 0.646}, "554": {"non-stress": 0.644, "stress": 0.647}, "555": {"non-stress": 0.645, "stress": 0.648}, "556": {"non-stress": 0.646, "stress": 0.649}, "557": {"non-stress": 0.647, "stress": 0.65}, "558": {"non-stress": 0.648, "stress": 0.652}, "559": {"non-stress": 0.649, "stress": 0.652}, "560": {"non-stress": 0.65, "stress": 0.653}, "561": {"non-stress": 0.651, "stress": 0.654}, "562": {"non-stress": 0.652, "stress": 0.655}, "563": {"non-stress": 0.653, "stress": 0.655}, "564": {"non-stress": 0.653, "stress": 0.656}, "565": {"non-stress": 0.654, "stress": 0.657}, "566": {"non-stress": 0.655, "stress": 0.658}, "567": {"non-stress": 0.656, "stress": 0.659}, "568": {"non-stress": 0.657, "stress": 0.659}, "569": {"non-stress": 0.657, "stress": 0.66}, "570": {"non-stress": 0.658, "stress": 0.661}, "571": {"non-stress": 0.659, "stress": 0.663}, "572": {"non-stress": 0.66, "stress": 0.663}, "573": {"non-stress": 0.661, "stress": 0.665}, "574": {"non-stress": 0.662, "stress": 0.666}, "575": {"non-stress": 0.662, "stress": 0.666}, "576": {"non-stress": 0.664, "stress": 0.667}, "577": {"non-stress": 0.665, "stress": 0.668}, "578": {"non-stress": 0.665, "stress": 0.669}, "579": {"non-stress": 0.666, "stress": 0.67}, "580": {"non-stress": 0.667, "stress": 0.671}, "581": {"non-stress": 0.668, "stress": 0.672}, "582": {"non-stress": 0.669, "stress": 0.673}, "583": {"non-stress": 0.67, "stress": 0.674}, "584": {"non-stress": 0.671, "stress": 0.675}, "585": {"non-stress": 0.673, "stress": 0.676}, "586": {"non-stress": 0.674, "stress": 0.677}, "587": {"non-stress": 0.674, "stress": 0.677}, "588": {"non-stress": 0.675, "stress": 0.678}, "589": {"non-stress": 0.676, "stress": 0.679}, "590": {"non-stress": 0.677, "stress": 0.679}, "591": {"non-stress": 0.678, "stress": 0.68}, "592": {"non-stress": 0.679, "stress": 0.681}, "593": {"non-stress": 0.68, "stress": 0.682}, "594": {"non-stress": 0.681, "stress": 0.683}, "595": {"non-stress": 0.682, "stress": 0.683}, "596": {"non-stress": 0.683, "stress": 0.684}, "597": {"non-stress": 0.684, "stress": 0.684}, "598": {"non-stress": 0.684, "stress": 0.685}, "599": {"non-stress": 0.686, "stress": 0.686}, "600": {"non-stress": 0.688, "stress": 0.687}, "601": {"non-stress": 0.689, "stress": 0.688}, "602": {"non-stress": 0.689, "stress": 0.69}, "603": {"non-stress": 0.69, "stress": 0.69}, "604": {"non-stress": 0.691, "stress": 0.691}, "605": {"non-stress": 0.692, "stress": 0.692}, "606": {"non-stress": 0.693, "stress": 0.693}, "607": {"non-stress": 0.693, "stress": 0.694}, "608": {"non-stress": 0.694, "stress": 0.695}, "609": {"non-stress": 0.694, "stress": 0.695}, "610": {"non-stress": 0.695, "stress": 0.696}, "611": {"non-stress": 0.696, "stress": 0.697}, "612": {"non-stress": 0.697, "stress": 0.697}, "613": {"non-stress": 0.697, "stress": 0.698}, "614": {"non-stress": 0.698, "stress": 0.699}, "615": {"non-stress": 0.699, "stress": 0.7}, "616": {"non-stress": 0.7, "stress": 0.7}, "617": {"non-stress": 0.701, "stress": 0.702}, "618": {"non-stress": 0.701, "stress": 0.702}, "619": {"non-stress": 0.702, "stress": 0.703}, "620": {"non-stress": 0.703, "stress": 0.705}, "621": {"non-stress": 0.704, "stress": 0.706}, "622": {"non-stress": 0.705, "stress": 0.707}, "623": {"non-stress": 0.707, "stress": 0.708}, "624": {"non-stress": 0.707, "stress": 0.709}, "625": {"non-stress": 0.708, "stress": 0.71}, "626": {"non-stress": 0.709, "stress": 0.711}, "627": {"non-stress": 0.71, "stress": 0.712}, "628": {"non-stress": 0.712, "stress": 0.713}, "629": {"non-stress": 0.712, "stress": 0.714}, "630": {"non-stress": 0.713, "stress": 0.715}, "631": {"non-stress": 0.714, "stress": 0.716}, "632": {"non-stress": 0.715, "stress": 0.717}, "633": {"non-stress": 0.715, "stress": 0.718}, "634": {"non-stress": 0.716, "stress": 0.719}, "635": {"non-stress": 0.717, "stress": 0.72}, "636": {"non-stress": 0.718, "stress": 0.721}, "637": {"non-stress": 0.719, "stress": 0.722}, "638": {"non-stress": 0.72, "stress": 0.723}, "639": {"non-stress": 0.721, "stress": 0.724}, "640": {"non-stress": 0.722, "stress": 0.725}, "641": {"non-stress": 0.723, "stress": 0.725}, "642": {"non-stress": 0.724, "stress": 0.726}, "643": {"non-stress": 0.725, "stress": 0.728}, "644": {"non-stress": 0.726, "stress": 0.729}, "645": {"non-stress": 0.727, "stress": 0.729}, "646": {"non-stress": 0.727, "stress": 0.73}, "647": {"non-stress": 0.728, "stress": 0.732}, "648": {"non-stress": 0.728, "stress": 0.732}, "649": {"non-stress": 0.729, "stress": 0.733}, "650": {"non-stress": 0.73, "stress": 0.734}, "651": {"non-stress": 0.731, "stress": 0.734}, "652": {"non-stress": 0.731, "stress": 0.735}, "653": {"non-stress": 0.732, "stress": 0.736}, "654": {"non-stress": 0.733, "stress": 0.738}, "655": {"non-stress": 0.734, "stress": 0.738}, "656": {"non-stress": 0.735, "stress": 0.739}, "657": {"non-stress": 0.736, "stress": 0.74}, "658": {"non-stress": 0.737, "stress": 0.741}, "659": {"non-stress": 0.737, "stress": 0.742}, "660": {"non-stress": 0.738, "stress": 0.743}, "661": {"non-stress": 0.739, "stress": 0.744}, "662": {"non-stress": 0.74, "stress": 0.745}, "663": {"non-stress": 0.74, "stress": 0.745}, "664": {"non-stress": 0.741, "stress": 0.746}, "665": {"non-stress": 0.742, "stress": 0.747}, "666": {"non-stress": 0.743, "stress": 0.748}, "667": {"non-stress": 0.744, "stress": 0.749}, "668": {"non-stress": 0.744, "stress": 0.75}, "669": {"non-stress": 0.745, "stress": 0.751}, "670": {"non-stress": 0.746, "stress": 0.752}, "671": {"non-stress": 0.747, "stress": 0.753}, "672": {"non-stress": 0.748, "stress": 0.754}, "673": {"non-stress": 0.748, "stress": 0.754}, "674": {"non-stress": 0.749, "stress": 0.755}, "675": {"non-stress": 0.75, "stress": 0.756}, "676": {"non-stress": 0.751, "stress": 0.757}, "677": {"non-stress": 0.752, "stress": 0.757}, "678": {"non-stress": 0.753, "stress": 0.758}, "679": {"non-stress": 0.754, "stress": 0.759}, "680": {"non-stress": 0.755, "stress": 0.76}, "681": {"non-stress": 0.756, "stress": 0.761}, "682": {"non-stress": 0.757, "stress": 0.762}, "683": {"non-stress": 0.758, "stress": 0.763}, "684": {"non-stress": 0.759, "stress": 0.764}, "685": {"non-stress": 0.76, "stress": 0.765}, "686": {"non-stress": 0.761, "stress": 0.766}, "687": {"non-stress": 0.761, "stress": 0.767}, "688": {"non-stress": 0.762, "stress": 0.767}, "689": {"non-stress": 0.763, "stress": 0.768}, "690": {"non-stress": 0.764, "stress": 0.769}, "691": {"non-stress": 0.764, "stress": 0.769}, "692": {"non-stress": 0.765, "stress": 0.77}, "693": {"non-stress": 0.766, "stress": 0.771}, "694": {"non-stress": 0.767, "stress": 0.772}, "695": {"non-stress": 0.768, "stress": 0.773}, "696": {"non-stress": 0.769, "stress": 0.774}, "697": {"non-stress": 0.77, "stress": 0.775}, "698": {"non-stress": 0.77, "stress": 0.776}, "699": {"non-stress": 0.771, "stress": 0.776}, "700": {"non-stress": 0.772, "stress": 0.777}, "701": {"non-stress": 0.773, "stress": 0.778}, "702": {"non-stress": 0.774, "stress": 0.779}, "703": {"non-stress": 0.775, "stress": 0.779}, "704": {"non-stress": 0.776, "stress": 0.78}, "705": {"non-stress": 0.777, "stress": 0.781}, "706": {"non-stress": 0.778, "stress": 0.782}, "707": {"non-stress": 0.779, "stress": 0.783}, "708": {"non-stress": 0.78, "stress": 0.784}, "709": {"non-stress": 0.78, "stress": 0.784}, "710": {"non-stress": 0.781, "stress": 0.785}, "711": {"non-stress": 0.782, "stress": 0.785}, "712": {"non-stress": 0.783, "stress": 0.786}, "713": {"non-stress": 0.783, "stress": 0.787}, "714": {"non-stress": 0.784, "stress": 0.788}, "715": {"non-stress": 0.785, "stress": 0.789}, "716": {"non-stress": 0.786, "stress": 0.79}, "717": {"non-stress": 0.786, "stress": 0.79}, "718": {"non-stress": 0.787, "stress": 0.791}, "719": {"non-stress": 0.788, "stress": 0.792}, "720": {"non-stress": 0.788, "stress": 0.793}, "721": {"non-stress": 0.789, "stress": 0.794}, "722": {"non-stress": 0.79, "stress": 0.795}, "723": {"non-stress": 0.791, "stress": 0.796}, "724": {"non-stress": 0.791, "stress": 0.797}, "725": {"non-stress": 0.792, "stress": 0.797}, "726": {"non-stress": 0.794, "stress": 0.798}, "727": {"non-stress": 0.794, "stress": 0.799}, "728": {"non-stress": 0.796, "stress": 0.8}, "729": {"non-stress": 0.797, "stress": 0.801}, "730": {"non-stress": 0.798, "stress": 0.802}, "731": {"non-stress": 0.799, "stress": 0.804}, "732": {"non-stress": 0.8, "stress": 0.805}, "733": {"non-stress": 0.801, "stress": 0.805}, "734": {"non-stress": 0.802, "stress": 0.806}, "735": {"non-stress": 0.803, "stress": 0.807}, "736": {"non-stress": 0.803, "stress": 0.808}, "737": {"non-stress": 0.804, "stress": 0.809}, "738": {"non-stress": 0.805, "stress": 0.809}, "739": {"non-stress": 0.806, "stress": 0.81}, "740": {"non-stress": 0.807, "stress": 0.811}, "741": {"non-stress": 0.808, "stress": 0.812}, "742": {"non-stress": 0.808, "stress": 0.813}, "743": {"non-stress": 0.809, "stress": 0.814}, "744": {"non-stress": 0.81, "stress": 0.814}, "745": {"non-stress": 0.811, "stress": 0.815}, "746": {"non-stress": 0.812, "stress": 0.816}, "747": {"non-stress": 0.812, "stress": 0.817}, "748": {"non-stress": 0.813, "stress": 0.817}, "749": {"non-stress": 0.814, "stress": 0.818}, "750": {"non-stress": 0.815, "stress": 0.819}, "751": {"non-stress": 0.816, "stress": 0.82}, "752": {"non-stress": 0.817, "stress": 0.82}, "753": {"non-stress": 0.817, "stress": 0.822}, "754": {"non-stress": 0.817, "stress": 0.823}, "755": {"non-stress": 0.818, "stress": 0.823}, "756": {"non-stress": 0.819, "stress": 0.824}, "757": {"non-stress": 0.82, "stress": 0.825}, "758": {"non-stress": 0.821, "stress": 0.826}, "759": {"non-stress": 0.821, "stress": 0.827}, "760": {"non-stress": 0.822, "stress": 0.828}, "761": {"non-stress": 0.823, "stress": 0.829}, "762": {"non-stress": 0.824, "stress": 0.829}, "763": {"non-stress": 0.825, "stress": 0.83}, "764": {"non-stress": 0.825, "stress": 0.831}, "765": {"non-stress": 0.826, "stress": 0.832}, "766": {"non-stress": 0.827, "stress": 0.833}, "767": {"non-stress": 0.828, "stress": 0.833}, "768": {"non-stress": 0.829, "stress": 0.834}, "769": {"non-stress": 0.83, "stress": 0.835}, "770": {"non-stress": 0.831, "stress": 0.836}, "771": {"non-stress": 0.832, "stress": 0.837}, "772": {"non-stress": 0.832, "stress": 0.837}, "773": {"non-stress": 0.833, "stress": 0.838}, "774": {"non-stress": 0.833, "stress": 0.839}, "775": {"non-stress": 0.834, "stress": 0.84}, "776": {"non-stress": 0.835, "stress": 0.841}, "777": {"non-stress": 0.836, "stress": 0.842}, "778": {"non-stress": 0.836, "stress": 0.842}, "779": {"non-stress": 0.837, "stress": 0.843}, "780": {"non-stress": 0.838, "stress": 0.844}, "781": {"non-stress": 0.839, "stress": 0.844}, "782": {"non-stress": 0.84, "stress": 0.845}, "783": {"non-stress": 0.841, "stress": 0.846}, "784": {"non-stress": 0.842, "stress": 0.847}, "785": {"non-stress": 0.843, "stress": 0.848}, "786": {"non-stress": 0.844, "stress": 0.848}, "787": {"non-stress": 0.845, "stress": 0.849}, "788": {"non-stress": 0.845, "stress": 0.85}, "789": {"non-stress": 0.846, "stress": 0.851}, "790": {"non-stress": 0.847, "stress": 0.852}, "791": {"non-stress": 0.848, "stress": 0.853}, "792": {"non-stress": 0.849, "stress": 0.853}, "793": {"non-stress": 0.85, "stress": 0.854}, "794": {"non-stress": 0.85, "stress": 0.855}, "795": {"non-stress": 0.851, "stress": 0.856}, "796": {"non-stress": 0.852, "stress": 0.857}, "797": {"non-stress": 0.853, "stress": 0.857}, "798": {"non-stress": 0.854, "stress": 0.858}, "799": {"non-stress": 0.855, "stress": 0.859}, "800": {"non-stress": 0.856, "stress": 0.86}, "801": {"non-stress": 0.856, "stress": 0.86}, "802": {"non-stress": 0.857, "stress": 0.861}, "803": {"non-stress": 0.858, "stress": 0.862}, "804": {"non-stress": 0.859, "stress": 0.863}, "805": {"non-stress": 0.86, "stress": 0.864}, "806": {"non-stress": 0.861, "stress": 0.864}, "807": {"non-stress": 0.862, "stress": 0.865}, "808": {"non-stress": 0.863, "stress": 0.866}, "809": {"non-stress": 0.864, "stress": 0.866}, "810": {"non-stress": 0.864, "stress": 0.867}, "811": {"non-stress": 0.865, "stress": 0.868}, "812": {"non-stress": 0.865, "stress": 0.868}, "813": {"non-stress": 0.866, "stress": 0.869}, "814": {"non-stress": 0.867, "stress": 0.87}, "815": {"non-stress": 0.868, "stress": 0.87}, "816": {"non-stress": 0.869, "stress": 0.871}, "817": {"non-stress": 0.87, "stress": 0.872}, "818": {"non-stress": 0.87, "stress": 0.873}, "819": {"non-stress": 0.871, "stress": 0.874}, "820": {"non-stress": 0.871, "stress": 0.874}, "821": {"non-stress": 0.873, "stress": 0.875}, "822": {"non-stress": 0.873, "stress": 0.876}, "823": {"non-stress": 0.874, "stress": 0.877}, "824": {"non-stress": 0.875, "stress": 0.878}, "825": {"non-stress": 0.875, "stress": 0.878}, "826": {"non-stress": 0.876, "stress": 0.88}, "827": {"non-stress": 0.877, "stress": 0.88}, "828": {"non-stress": 0.877, "stress": 0.881}, "829": {"non-stress": 0.878, "stress": 0.882}, "830": {"non-stress": 0.879, "stress": 0.883}, "831": {"non-stress": 0.88, "stress": 0.884}, "832": {"non-stress": 0.881, "stress": 0.884}, "833": {"non-stress": 0.882, "stress": 0.885}, "834": {"non-stress": 0.883, "stress": 0.885}, "835": {"non-stress": 0.884, "stress": 0.886}, "836": {"non-stress": 0.884, "stress": 0.887}, "837": {"non-stress": 0.885, "stress": 0.887}, "838": {"non-stress": 0.886, "stress": 0.888}, "839": {"non-stress": 0.887, "stress": 0.888}, "840": {"non-stress": 0.887, "stress": 0.889}, "841": {"non-stress": 0.889, "stress": 0.89}, "842": {"non-stress": 0.89, "stress": 0.89}, "843": {"non-stress": 0.89, "stress": 0.891}, "844": {"non-stress": 0.891, "stress": 0.892}, "845": {"non-stress": 0.892, "stress": 0.893}, "846": {"non-stress": 0.892, "stress": 0.894}, "847": {"non-stress": 0.893, "stress": 0.895}, "848": {"non-stress": 0.894, "stress": 0.895}, "849": {"non-stress": 0.895, "stress": 0.897}, "850": {"non-stress": 0.896, "stress": 0.898}, "851": {"non-stress": 0.896, "stress": 0.898}, "852": {"non-stress": 0.897, "stress": 0.898}, "853": {"non-stress": 0.897, "stress": 0.899}, "854": {"non-stress": 0.898, "stress": 0.9}, "855": {"non-stress": 0.899, "stress": 0.901}, "856": {"non-stress": 0.9, "stress": 0.902}, "857": {"non-stress": 0.901, "stress": 0.903}, "858": {"non-stress": 0.901, "stress": 0.904}, "859": {"non-stress": 0.902, "stress": 0.905}, "860": {"non-stress": 0.903, "stress": 0.905}, "861": {"non-stress": 0.903, "stress": 0.906}, "862": {"non-stress": 0.904, "stress": 0.907}, "863": {"non-stress": 0.905, "stress": 0.908}, "864": {"non-stress": 0.905, "stress": 0.908}, "865": {"non-stress": 0.906, "stress": 0.909}, "866": {"non-stress": 0.907, "stress": 0.909}, "867": {"non-stress": 0.907, "stress": 0.91}, "868": {"non-stress": 0.908, "stress": 0.911}, "869": {"non-stress": 0.908, "stress": 0.912}, "870": {"non-stress": 0.909, "stress": 0.912}, "871": {"non-stress": 0.91, "stress": 0.913}, "872": {"non-stress": 0.911, "stress": 0.914}, "873": {"non-stress": 0.912, "stress": 0.915}, "874": {"non-stress": 0.913, "stress": 0.915}, "875": {"non-stress": 0.914, "stress": 0.916}, "876": {"non-stress": 0.914, "stress": 0.917}, "877": {"non-stress": 0.915, "stress": 0.917}, "878": {"non-stress": 0.916, "stress": 0.918}, "879": {"non-stress": 0.917, "stress": 0.919}, "880": {"non-stress": 0.917, "stress": 0.919}, "881": {"non-stress": 0.918, "stress": 0.919}, "882": {"non-stress": 0.918, "stress": 0.92}, "883": {"non-stress": 0.919, "stress": 0.921}, "884": {"non-stress": 0.92, "stress": 0.922}, "885": {"non-stress": 0.921, "stress": 0.922}, "886": {"non-stress": 0.922, "stress": 0.923}, "887": {"non-stress": 0.923, "stress": 0.924}, "888": {"non-stress": 0.924, "stress": 0.925}, "889": {"non-stress": 0.925, "stress": 0.926}, "890": {"non-stress": 0.925, "stress": 0.926}, "891": {"non-stress": 0.926, "stress": 0.927}, "892": {"non-stress": 0.927, "stress": 0.928}, "893": {"non-stress": 0.928, "stress": 0.929}, "894": {"non-stress": 0.928, "stress": 0.93}, "895": {"non-stress": 0.929, "stress": 0.93}, "896": {"non-stress": 0.93, "stress": 0.931}, "897": {"non-stress": 0.932, "stress": 0.932}, "898": {"non-stress": 0.933, "stress": 0.933}, "899": {"non-stress": 0.933, "stress": 0.934}, "900": {"non-stress": 0.934, "stress": 0.935}, "901": {"non-stress": 0.935, "stress": 0.935}, "902": {"non-stress": 0.935, "stress": 0.936}, "903": {"non-stress": 0.936, "stress": 0.936}, "904": {"non-stress": 0.937, "stress": 0.937}, "905": {"non-stress": 0.937, "stress": 0.938}, "906": {"non-stress": 0.938, "stress": 0.939}, "907": {"non-stress": 0.939, "stress": 0.939}, "908": {"non-stress": 0.939, "stress": 0.94}, "909": {"non-stress": 0.94, "stress": 0.941}, "910": {"non-stress": 0.941, "stress": 0.941}, "911": {"non-stress": 0.942, "stress": 0.942}, "912": {"non-stress": 0.943, "stress": 0.942}, "913": {"non-stress": 0.944, "stress": 0.943}, "914": {"non-stress": 0.944, "stress": 0.944}, "915": {"non-stress": 0.944, "stress": 0.944}, "916": {"non-stress": 0.945, "stress": 0.945}, "917": {"non-stress": 0.946, "stress": 0.945}, "918": {"non-stress": 0.947, "stress": 0.946}, "919": {"non-stress": 0.947, "stress": 0.947}, "920": {"non-stress": 0.948, "stress": 0.947}, "921": {"non-stress": 0.949, "stress": 0.948}, "922": {"non-stress": 0.95, "stress": 0.949}, "923": {"non-stress": 0.95, "stress": 0.949}, "924": {"non-stress": 0.951, "stress": 0.95}, "925": {"non-stress": 0.951, "stress": 0.95}, "926": {"non-stress": 0.952, "stress": 0.951}, "927": {"non-stress": 0.952, "stress": 0.951}, "928": {"non-stress": 0.953, "stress": 0.952}, "929": {"non-stress": 0.954, "stress": 0.953}, "930": {"non-stress": 0.955, "stress": 0.953}, "931": {"non-stress": 0.956, "stress": 0.954}, "932": {"non-stress": 0.957, "stress": 0.955}, "933": {"non-stress": 0.957, "stress": 0.956}, "934": {"non-stress": 0.958, "stress": 0.957}, "935": {"non-stress": 0.959, "stress": 0.958}, "936": {"non-stress": 0.959, "stress": 0.959}, "937": {"non-stress": 0.96, "stress": 0.959}, "938": {"non-stress": 0.961, "stress": 0.96}, "939": {"non-stress": 0.961, "stress": 0.961}, "940": {"non-stress": 0.962, "stress": 0.962}, "941": {"non-stress": 0.963, "stress": 0.962}, "942": {"non-stress": 0.964, "stress": 0.963}, "943": {"non-stress": 0.965, "stress": 0.963}, "944": {"non-stress": 0.966, "stress": 0.964}, "945": {"non-stress": 0.967, "stress": 0.965}, "946": {"non-stress": 0.967, "stress": 0.966}, "947": {"non-stress": 0.968, "stress": 0.967}, "948": {"non-stress": 0.969, "stress": 0.967}, "949": {"non-stress": 0.969, "stress": 0.968}, "950": {"non-stress": 0.97, "stress": 0.969}, "951": {"non-stress": 0.971, "stress": 0.97}, "952": {"non-stress": 0.971, "stress": 0.97}, "953": {"non-stress": 0.972, "stress": 0.971}, "954": {"non-stress": 0.973, "stress": 0.972}, "955": {"non-stress": 0.973, "stress": 0.972}, "956": {"non-stress": 0.974, "stress": 0.973}, "957": {"non-stress": 0.974, "stress": 0.974}, "958": {"non-stress": 0.975, "stress": 0.974}, "959": {"non-stress": 0.975, "stress": 0.975}, "960": {"non-stress": 0.976, "stress": 0.976}, "961": {"non-stress": 0.977, "stress": 0.976}, "962": {"non-stress": 0.978, "stress": 0.977}, "963": {"non-stress": 0.978, "stress": 0.978}, "964": {"non-stress": 0.979, "stress": 0.978}, "965": {"non-stress": 0.98, "stress": 0.979}, "966": {"non-stress": 0.981, "stress": 0.98}, "967": {"non-stress": 0.981, "stress": 0.981}, "968": {"non-stress": 0.982, "stress": 0.981}, "969": {"non-stress": 0.982, "stress": 0.982}, "970": {"non-stress": 0.983, "stress": 0.983}, "971": {"non-stress": 0.984, "stress": 0.983}, "972": {"non-stress": 0.984, "stress": 0.984}, "973": {"non-stress": 0.985, "stress": 0.985}, "974": {"non-stress": 0.985, "stress": 0.985}, "975": {"non-stress": 0.986, "stress": 0.986}, "976": {"non-stress": 0.986, "stress": 0.986}, "977": {"non-stress": 0.987, "stress": 0.987}, "978": {"non-stress": 0.987, "stress": 0.987}, "979": {"non-stress": 0.988, "stress": 0.988}, "980": {"non-stress": 0.988, "stress": 0.989}, "981": {"non-stress": 0.989, "stress": 0.989}, "982": {"non-stress": 0.99, "stress": 0.99}, "983": {"non-stress": 0.991, "stress": 0.99}, "984": {"non-stress": 0.991, "stress": 0.991}, "985": {"non-stress": 0.992, "stress": 0.991}, "986": {"non-stress": 0.993, "stress": 0.992}, "987": {"non-stress": 0.993, "stress": 0.992}, "988": {"non-stress": 0.994, "stress": 0.993}, "989": {"non-stress": 0.994, "stress": 0.994}, "990": {"non-stress": 0.995, "stress": 0.994}, "991": {"non-stress": 0.995, "stress": 0.995}, "992": {"non-stress": 0.996, "stress": 0.995}, "993": {"non-stress": 0.996, "stress": 0.996}, "994": {"non-stress": 0.997, "stress": 0.996}, "995": {"non-stress": 0.998, "stress": 0.996}, "996": {"non-stress": 0.998, "stress": 0.997}, "997": {"non-stress": 0.999, "stress": 0.998}, "998": {"non-stress": 0.999, "stress": 0.999}, "999": {"non-stress": 1.0, "stress": 0.999}, "1000": {"non-stress": 1.0, "stress": 1.0}}