{"1": {"rank": 0.002, "score": 0.002, "mean": 0.002}, "2": {"rank": 0.005, "score": 0.005, "mean": 0.005}, "3": {"rank": 0.007, "score": 0.006, "mean": 0.007}, "4": {"rank": 0.01, "score": 0.008, "mean": 0.009}, "5": {"rank": 0.012, "score": 0.01, "mean": 0.011}, "6": {"rank": 0.014, "score": 0.012, "mean": 0.013}, "7": {"rank": 0.016, "score": 0.014, "mean": 0.015}, "8": {"rank": 0.017, "score": 0.015, "mean": 0.016}, "9": {"rank": 0.019, "score": 0.017, "mean": 0.018}, "10": {"rank": 0.021, "score": 0.019, "mean": 0.02}, "11": {"rank": 0.022, "score": 0.021, "mean": 0.022}, "12": {"rank": 0.024, "score": 0.022, "mean": 0.023}, "13": {"rank": 0.026, "score": 0.024, "mean": 0.025}, "14": {"rank": 0.027, "score": 0.025, "mean": 0.026}, "15": {"rank": 0.029, "score": 0.027, "mean": 0.028}, "16": {"rank": 0.031, "score": 0.028, "mean": 0.03}, "17": {"rank": 0.032, "score": 0.03, "mean": 0.031}, "18": {"rank": 0.034, "score": 0.032, "mean": 0.033}, "19": {"rank": 0.036, "score": 0.033, "mean": 0.035}, "20": {"rank": 0.038, "score": 0.035, "mean": 0.037}, "21": {"rank": 0.04, "score": 0.037, "mean": 0.038}, "22": {"rank": 0.042, "score": 0.039, "mean": 0.04}, "23": {"rank": 0.043, "score": 0.04, "mean": 0.042}, "24": {"rank": 0.045, "score": 0.042, "mean": 0.043}, "25": {"rank": 0.046, "score": 0.044, "mean": 0.045}, "26": {"rank": 0.049, "score": 0.045, "mean": 0.047}, "27": {"rank": 0.05, "score": 0.047, "mean": 0.049}, "28": {"rank": 0.052, "score": 0.049, "mean": 0.05}, "29": {"rank": 0.053, "score": 0.051, "mean": 0.052}, "30": {"rank": 0.055, "score": 0.053, "mean": 0.054}, "31": {"rank": 0.056, "score": 0.054, "mean": 0.055}, "32": {"rank": 0.058, "score": 0.055, "mean": 0.057}, "33": {"rank": 0.06, "score": 0.057, "mean": 0.058}, "34": {"rank": 0.061, "score": 0.059, "mean": 0.06}, "35": {"rank": 0.063, "score": 0.06, "mean": 0.061}, "36": {"rank": 0.064, "score": 0.062, "mean": 0.063}, "37": {"rank": 0.066, "score": 0.063, "mean": 0.064}, "38": {"rank": 0.067, "score": 0.065, "mean": 0.066}, "39": {"rank": 0.069, "score": 0.067, "mean": 0.068}, "40": {"rank": 0.07, "score": 0.068, "mean": 0.069}, "41": {"rank": 0.071, "score": 0.069, "mean": 0.07}, "42": {"rank": 0.073, "score": 0.071, "mean": 0.072}, "43": {"rank": 0.075, "score": 0.073, "mean": 0.074}, "44": {"rank": 0.076, "score": 0.074, "mean": 0.075}, "45": {"rank": 0.078, "score": 0.076, "mean": 0.077}, "46": {"rank": 0.079, "score": 0.077, "mean": 0.078}, "47": {"rank": 0.081, "score": 0.078, "mean": 0.08}, "48": {"rank": 0.082, "score": 0.08, "mean": 0.081}, "49": {"rank": 0.084, "score": 0.081, "mean": 0.083}, "50": {"rank": 0.086, "score": 0.083, "mean": 0.084}, "51": {"rank": 0.087, "score": 0.084, "mean": 0.085}, "52": {"rank": 0.089, "score": 0.086, "mean": 0.087}, "53": {"rank": 0.09, "score": 0.087, "mean": 0.089}, "54": {"rank": 0.092, "score": 0.089, "mean": 0.09}, "55": {"rank": 0.093, "score": 0.09, "mean": 0.092}, "56": {"rank": 0.095, "score": 0.092, "mean": 0.093}, "57": {"rank": 0.096, "score": 0.093, "mean": 0.094}, "58": {"rank": 0.098, "score": 0.094, "mean": 0.096}, "59": {"rank": 0.099, "score": 0.095, "mean": 0.097}, "60": {"rank": 0.101, "score": 0.097, "mean": 0.099}, "61": {"rank": 0.103, "score": 0.098, "mean": 0.101}, "62": {"rank": 0.105, "score": 0.1, "mean": 0.103}, "63": {"rank": 0.106, "score": 0.102, "mean": 0.104}, "64": {"rank": 0.108, "score": 0.104, "mean": 0.106}, "65": {"rank": 0.11, "score": 0.105, "mean": 0.107}, "66": {"rank": 0.112, "score": 0.107, "mean": 0.109}, "67": {"rank": 0.113, "score": 0.108, "mean": 0.11}, "68": {"rank": 0.114, "score": 0.109, "mean": 0.112}, "69": {"rank": 0.116, "score": 0.111, "mean": 0.113}, "70": {"rank": 0.117, "score": 0.112, "mean": 0.115}, "71": {"rank": 0.119, "score": 0.113, "mean": 0.116}, "72": {"rank": 0.121, "score": 0.114, "mean": 0.117}, "73": {"rank": 0.122, "score": 0.116, "mean": 0.119}, "74": {"rank": 0.123, "score": 0.117, "mean": 0.12}, "75": {"rank": 0.125, "score": 0.118, "mean": 0.122}, "76": {"rank": 0.126, "score": 0.119, "mean": 0.123}, "77": {"rank": 0.127, "score": 0.121, "mean": 0.124}, "78": {"rank": 0.128, "score": 0.122, "mean": 0.125}, "79": {"rank": 0.129, "score": 0.124, "mean": 0.127}, "80": {"rank": 0.131, "score": 0.125, "mean": 0.128}, "81": {"rank": 0.132, "score": 0.126, "mean": 0.129}, "82": {"rank": 0.133, "score": 0.127, "mean": 0.13}, "83": {"rank": 0.135, "score": 0.129, "mean": 0.132}, "84": {"rank": 0.137, "score": 0.13, "mean": 0.133}, "85": {"rank": 0.138, "score": 0.131, "mean": 0.135}, "86": {"rank": 0.139, "score": 0.133, "mean": 0.136}, "87": {"rank": 0.141, "score": 0.134, "mean": 0.137}, "88": {"rank": 0.142, "score": 0.135, "mean": 0.138}, "89": {"rank": 0.143, "score": 0.137, "mean": 0.14}, "90": {"rank": 0.144, "score": 0.138, "mean": 0.141}, "91": {"rank": 0.146, "score": 0.139, "mean": 0.142}, "92": {"rank": 0.147, "score": 0.14, "mean": 0.144}, "93": {"rank": 0.149, "score": 0.141, "mean": 0.145}, "94": {"rank": 0.15, "score": 0.143, "mean": 0.146}, "95": {"rank": 0.151, "score": 0.144, "mean": 0.148}, "96": {"rank": 0.153, "score": 0.145, "mean": 0.149}, "97": {"rank": 0.154, "score": 0.147, "mean": 0.15}, "98": {"rank": 0.155, "score": 0.148, "mean": 0.152}, "99": {"rank": 0.157, "score": 0.15, "mean": 0.153}, "100": {"rank": 0.158, "score": 0.151, "mean": 0.155}, "101": {"rank": 0.159, "score": 0.152, "mean": 0.156}, "102": {"rank": 0.161, "score": 0.154, "mean": 0.157}, "103": {"rank": 0.162, "score": 0.155, "mean": 0.158}, "104": {"rank": 0.163, "score": 0.156, "mean": 0.16}, "105": {"rank": 0.165, "score": 0.158, "mean": 0.161}, "106": {"rank": 0.166, "score": 0.159, "mean": 0.162}, "107": {"rank": 0.167, "score": 0.16, "mean": 0.164}, "108": {"rank": 0.168, "score": 0.161, "mean": 0.165}, "109": {"rank": 0.17, "score": 0.162, "mean": 0.166}, "110": {"rank": 0.172, "score": 0.164, "mean": 0.168}, "111": {"rank": 0.173, "score": 0.165, "mean": 0.169}, "112": {"rank": 0.174, "score": 0.166, "mean": 0.17}, "113": {"rank": 0.175, "score": 0.167, "mean": 0.171}, "114": {"rank": 0.177, "score": 0.169, "mean": 0.173}, "115": {"rank": 0.178, "score": 0.17, "mean": 0.174}, "116": {"rank": 0.179, "score": 0.171, "mean": 0.175}, "117": {"rank": 0.181, "score": 0.173, "mean": 0.177}, "118": {"rank": 0.183, "score": 0.174, "mean": 0.178}, "119": {"rank": 0.184, "score": 0.176, "mean": 0.18}, "120": {"rank": 0.185, "score": 0.177, "mean": 0.181}, "121": {"rank": 0.187, "score": 0.179, "mean": 0.183}, "122": {"rank": 0.188, "score": 0.18, "mean": 0.184}, "123": {"rank": 0.19, "score": 0.182, "mean": 0.186}, "124": {"rank": 0.19, "score": 0.183, "mean": 0.187}, "125": {"rank": 0.192, "score": 0.184, "mean": 0.188}, "126": {"rank": 0.193, "score": 0.186, "mean": 0.189}, "127": {"rank": 0.195, "score": 0.187, "mean": 0.191}, "128": {"rank": 0.196, "score": 0.188, "mean": 0.192}, "129": {"rank": 0.198, "score": 0.19, "mean": 0.194}, "130": {"rank": 0.199, "score": 0.191, "mean": 0.195}, "131": {"rank": 0.2, "score": 0.192, "mean": 0.196}, "132": {"rank": 0.201, "score": 0.194, "mean": 0.198}, "133": {"rank": 0.203, "score": 0.195, "mean": 0.199}, "134": {"rank": 0.204, "score": 0.196, "mean": 0.2}, "135": {"rank": 0.205, "score": 0.198, "mean": 0.201}, "136": {"rank": 0.206, "score": 0.199, "mean": 0.202}, "137": {"rank": 0.208, "score": 0.2, "mean": 0.204}, "138": {"rank": 0.209, "score": 0.202, "mean": 0.205}, "139": {"rank": 0.21, "score": 0.203, "mean": 0.207}, "140": {"rank": 0.212, "score": 0.204, "mean": 0.208}, "141": {"rank": 0.213, "score": 0.206, "mean": 0.209}, "142": {"rank": 0.214, "score": 0.207, "mean": 0.21}, "143": {"rank": 0.215, "score": 0.208, "mean": 0.212}, "144": {"rank": 0.216, "score": 0.209, "mean": 0.213}, "145": {"rank": 0.218, "score": 0.211, "mean": 0.214}, "146": {"rank": 0.219, "score": 0.212, "mean": 0.216}, "147": {"rank": 0.22, "score": 0.213, "mean": 0.217}, "148": {"rank": 0.222, "score": 0.214, "mean": 0.218}, "149": {"rank": 0.223, "score": 0.216, "mean": 0.219}, "150": {"rank": 0.224, "score": 0.217, "mean": 0.221}, "151": {"rank": 0.225, "score": 0.218, "mean": 0.222}, "152": {"rank": 0.227, "score": 0.219, "mean": 0.223}, "153": {"rank": 0.228, "score": 0.22, "mean": 0.224}, "154": {"rank": 0.229, "score": 0.221, "mean": 0.225}, "155": {"rank": 0.231, "score": 0.223, "mean": 0.227}, "156": {"rank": 0.232, "score": 0.224, "mean": 0.228}, "157": {"rank": 0.233, "score": 0.225, "mean": 0.229}, "158": {"rank": 0.235, "score": 0.227, "mean": 0.231}, "159": {"rank": 0.236, "score": 0.228, "mean": 0.232}, "160": {"rank": 0.237, "score": 0.229, "mean": 0.233}, "161": {"rank": 0.238, "score": 0.231, "mean": 0.234}, "162": {"rank": 0.239, "score": 0.232, "mean": 0.236}, "163": {"rank": 0.241, "score": 0.233, "mean": 0.237}, "164": {"rank": 0.242, "score": 0.234, "mean": 0.238}, "165": {"rank": 0.243, "score": 0.235, "mean": 0.239}, "166": {"rank": 0.244, "score": 0.237, "mean": 0.24}, "167": {"rank": 0.245, "score": 0.238, "mean": 0.241}, "168": {"rank": 0.246, "score": 0.239, "mean": 0.242}, "169": {"rank": 0.247, "score": 0.24, "mean": 0.244}, "170": {"rank": 0.248, "score": 0.242, "mean": 0.245}, "171": {"rank": 0.25, "score": 0.243, "mean": 0.246}, "172": {"rank": 0.251, "score": 0.244, "mean": 0.247}, "173": {"rank": 0.252, "score": 0.245, "mean": 0.248}, "174": {"rank": 0.253, "score": 0.245, "mean": 0.249}, "175": {"rank": 0.254, "score": 0.247, "mean": 0.25}, "176": {"rank": 0.255, "score": 0.248, "mean": 0.252}, "177": {"rank": 0.257, "score": 0.249, "mean": 0.253}, "178": {"rank": 0.258, "score": 0.25, "mean": 0.254}, "179": {"rank": 0.259, "score": 0.251, "mean": 0.255}, "180": {"rank": 0.26, "score": 0.252, "mean": 0.256}, "181": {"rank": 0.261, "score": 0.253, "mean": 0.257}, "182": {"rank": 0.262, "score": 0.255, "mean": 0.259}, "183": {"rank": 0.264, "score": 0.256, "mean": 0.26}, "184": {"rank": 0.265, "score": 0.257, "mean": 0.261}, "185": {"rank": 0.266, "score": 0.258, "mean": 0.262}, "186": {"rank": 0.267, "score": 0.26, "mean": 0.263}, "187": {"rank": 0.268, "score": 0.261, "mean": 0.265}, "188": {"rank": 0.27, "score": 0.262, "mean": 0.266}, "189": {"rank": 0.271, "score": 0.263, "mean": 0.267}, "190": {"rank": 0.272, "score": 0.264, "mean": 0.268}, "191": {"rank": 0.273, "score": 0.266, "mean": 0.269}, "192": {"rank": 0.274, "score": 0.267, "mean": 0.271}, "193": {"rank": 0.276, "score": 0.268, "mean": 0.272}, "194": {"rank": 0.277, "score": 0.269, "mean": 0.273}, "195": {"rank": 0.278, "score": 0.271, "mean": 0.274}, "196": {"rank": 0.279, "score": 0.272, "mean": 0.275}, "197": {"rank": 0.28, "score": 0.274, "mean": 0.277}, "198": {"rank": 0.281, "score": 0.275, "mean": 0.278}, "199": {"rank": 0.282, "score": 0.276, "mean": 0.279}, "200": {"rank": 0.284, "score": 0.277, "mean": 0.281}, "201": {"rank": 0.285, "score": 0.279, "mean": 0.282}, "202": {"rank": 0.286, "score": 0.279, "mean": 0.283}, "203": {"rank": 0.288, "score": 0.28, "mean": 0.284}, "204": {"rank": 0.289, "score": 0.281, "mean": 0.285}, "205": {"rank": 0.29, "score": 0.282, "mean": 0.286}, "206": {"rank": 0.291, "score": 0.283, "mean": 0.287}, "207": {"rank": 0.292, "score": 0.284, "mean": 0.288}, "208": {"rank": 0.294, "score": 0.286, "mean": 0.29}, "209": {"rank": 0.295, "score": 0.287, "mean": 0.291}, "210": {"rank": 0.296, "score": 0.288, "mean": 0.292}, "211": {"rank": 0.297, "score": 0.289, "mean": 0.293}, "212": {"rank": 0.298, "score": 0.291, "mean": 0.295}, "213": {"rank": 0.299, "score": 0.292, "mean": 0.296}, "214": {"rank": 0.301, "score": 0.293, "mean": 0.297}, "215": {"rank": 0.302, "score": 0.295, "mean": 0.298}, "216": {"rank": 0.303, "score": 0.296, "mean": 0.299}, "217": {"rank": 0.304, "score": 0.297, "mean": 0.301}, "218": {"rank": 0.305, "score": 0.299, "mean": 0.302}, "219": {"rank": 0.306, "score": 0.3, "mean": 0.303}, "220": {"rank": 0.307, "score": 0.3, "mean": 0.304}, "221": {"rank": 0.309, "score": 0.302, "mean": 0.305}, "222": {"rank": 0.31, "score": 0.303, "mean": 0.307}, "223": {"rank": 0.311, "score": 0.304, "mean": 0.308}, "224": {"rank": 0.313, "score": 0.305, "mean": 0.309}, "225": {"rank": 0.314, "score": 0.306, "mean": 0.31}, "226": {"rank": 0.315, "score": 0.307, "mean": 0.311}, "227": {"rank": 0.316, "score": 0.308, "mean": 0.312}, "228": {"rank": 0.317, "score": 0.31, "mean": 0.313}, "229": {"rank": 0.318, "score": 0.311, "mean": 0.314}, "230": {"rank": 0.319, "score": 0.312, "mean": 0.316}, "231": {"rank": 0.32, "score": 0.313, "mean": 0.317}, "232": {"rank": 0.321, "score": 0.315, "mean": 0.318}, "233": {"rank": 0.323, "score": 0.316, "mean": 0.319}, "234": {"rank": 0.324, "score": 0.316, "mean": 0.32}, "235": {"rank": 0.325, "score": 0.318, "mean": 0.321}, "236": {"rank": 0.326, "score": 0.319, "mean": 0.322}, "237": {"rank": 0.327, "score": 0.32, "mean": 0.323}, "238": {"rank": 0.328, "score": 0.321, "mean": 0.324}, "239": {"rank": 0.33, "score": 0.322, "mean": 0.326}, "240": {"rank": 0.331, "score": 0.324, "mean": 0.327}, "241": {"rank": 0.332, "score": 0.325, "mean": 0.329}, "242": {"rank": 0.333, "score": 0.326, "mean": 0.33}, "243": {"rank": 0.334, "score": 0.327, "mean": 0.331}, "244": {"rank": 0.336, "score": 0.328, "mean": 0.332}, "245": {"rank": 0.337, "score": 0.33, "mean": 0.333}, "246": {"rank": 0.338, "score": 0.33, "mean": 0.334}, "247": {"rank": 0.339, "score": 0.331, "mean": 0.335}, "248": {"rank": 0.34, "score": 0.332, "mean": 0.336}, "249": {"rank": 0.342, "score": 0.334, "mean": 0.338}, "250": {"rank": 0.342, "score": 0.334, "mean": 0.338}, "251": {"rank": 0.344, "score": 0.336, "mean": 0.34}, "252": {"rank": 0.345, "score": 0.337, "mean": 0.341}, "253": {"rank": 0.346, "score": 0.338, "mean": 0.342}, "254": {"rank": 0.348, "score": 0.339, "mean": 0.344}, "255": {"rank": 0.349, "score": 0.34, "mean": 0.345}, "256": {"rank": 0.35, "score": 0.341, "mean": 0.346}, "257": {"rank": 0.351, "score": 0.342, "mean": 0.347}, "258": {"rank": 0.352, "score": 0.344, "mean": 0.348}, "259": {"rank": 0.353, "score": 0.345, "mean": 0.349}, "260": {"rank": 0.355, "score": 0.347, "mean": 0.351}, "261": {"rank": 0.356, "score": 0.348, "mean": 0.352}, "262": {"rank": 0.357, "score": 0.349, "mean": 0.353}, "263": {"rank": 0.359, "score": 0.35, "mean": 0.354}, "264": {"rank": 0.36, "score": 0.351, "mean": 0.356}, "265": {"rank": 0.361, "score": 0.353, "mean": 0.357}, "266": {"rank": 0.362, "score": 0.354, "mean": 0.358}, "267": {"rank": 0.363, "score": 0.355, "mean": 0.359}, "268": {"rank": 0.365, "score": 0.356, "mean": 0.36}, "269": {"rank": 0.366, "score": 0.357, "mean": 0.362}, "270": {"rank": 0.367, "score": 0.359, "mean": 0.363}, "271": {"rank": 0.368, "score": 0.36, "mean": 0.364}, "272": {"rank": 0.369, "score": 0.361, "mean": 0.365}, "273": {"rank": 0.371, "score": 0.362, "mean": 0.366}, "274": {"rank": 0.372, "score": 0.364, "mean": 0.368}, "275": {"rank": 0.373, "score": 0.364, "mean": 0.369}, "276": {"rank": 0.374, "score": 0.366, "mean": 0.37}, "277": {"rank": 0.375, "score": 0.367, "mean": 0.371}, "278": {"rank": 0.376, "score": 0.368, "mean": 0.372}, "279": {"rank": 0.377, "score": 0.369, "mean": 0.373}, "280": {"rank": 0.378, "score": 0.37, "mean": 0.374}, "281": {"rank": 0.379, "score": 0.372, "mean": 0.375}, "282": {"rank": 0.38, "score": 0.373, "mean": 0.376}, "283": {"rank": 0.381, "score": 0.374, "mean": 0.377}, "284": {"rank": 0.382, "score": 0.375, "mean": 0.378}, "285": {"rank": 0.383, "score": 0.376, "mean": 0.38}, "286": {"rank": 0.384, "score": 0.378, "mean": 0.381}, "287": {"rank": 0.386, "score": 0.379, "mean": 0.382}, "288": {"rank": 0.387, "score": 0.38, "mean": 0.383}, "289": {"rank": 0.388, "score": 0.381, "mean": 0.384}, "290": {"rank": 0.389, "score": 0.382, "mean": 0.386}, "291": {"rank": 0.39, "score": 0.383, "mean": 0.387}, "292": {"rank": 0.39, "score": 0.385, "mean": 0.388}, "293": {"rank": 0.392, "score": 0.386, "mean": 0.389}, "294": {"rank": 0.393, "score": 0.387, "mean": 0.39}, "295": {"rank": 0.394, "score": 0.388, "mean": 0.391}, "296": {"rank": 0.395, "score": 0.39, "mean": 0.393}, "297": {"rank": 0.396, "score": 0.391, "mean": 0.394}, "298": {"rank": 0.398, "score": 0.393, "mean": 0.395}, "299": {"rank": 0.398, "score": 0.393, "mean": 0.396}, "300": {"rank": 0.4, "score": 0.395, "mean": 0.397}, "301": {"rank": 0.401, "score": 0.396, "mean": 0.398}, "302": {"rank": 0.402, "score": 0.397, "mean": 0.4}, "303": {"rank": 0.403, "score": 0.398, "mean": 0.401}, "304": {"rank": 0.404, "score": 0.399, "mean": 0.402}, "305": {"rank": 0.405, "score": 0.4, "mean": 0.403}, "306": {"rank": 0.406, "score": 0.401, "mean": 0.404}, "307": {"rank": 0.407, "score": 0.402, "mean": 0.405}, "308": {"rank": 0.408, "score": 0.403, "mean": 0.406}, "309": {"rank": 0.409, "score": 0.404, "mean": 0.407}, "310": {"rank": 0.41, "score": 0.405, "mean": 0.408}, "311": {"rank": 0.411, "score": 0.407, "mean": 0.409}, "312": {"rank": 0.412, "score": 0.408, "mean": 0.41}, "313": {"rank": 0.414, "score": 0.409, "mean": 0.411}, "314": {"rank": 0.415, "score": 0.41, "mean": 0.412}, "315": {"rank": 0.416, "score": 0.411, "mean": 0.413}, "316": {"rank": 0.417, "score": 0.412, "mean": 0.414}, "317": {"rank": 0.418, "score": 0.413, "mean": 0.415}, "318": {"rank": 0.419, "score": 0.414, "mean": 0.416}, "319": {"rank": 0.42, "score": 0.415, "mean": 0.418}, "320": {"rank": 0.421, "score": 0.416, "mean": 0.419}, "321": {"rank": 0.422, "score": 0.418, "mean": 0.42}, "322": {"rank": 0.423, "score": 0.418, "mean": 0.421}, "323": {"rank": 0.424, "score": 0.42, "mean": 0.422}, "324": {"rank": 0.425, "score": 0.421, "mean": 0.423}, "325": {"rank": 0.426, "score": 0.422, "mean": 0.424}, "326": {"rank": 0.427, "score": 0.422, "mean": 0.425}, "327": {"rank": 0.428, "score": 0.424, "mean": 0.426}, "328": {"rank": 0.429, "score": 0.425, "mean": 0.427}, "329": {"rank": 0.43, "score": 0.425, "mean": 0.428}, "330": {"rank": 0.431, "score": 0.427, "mean": 0.429}, "331": {"rank": 0.432, "score": 0.428, "mean": 0.43}, "332": {"rank": 0.433, "score": 0.429, "mean": 0.431}, "333": {"rank": 0.434, "score": 0.43, "mean": 0.432}, "334": {"rank": 0.435, "score": 0.43, "mean": 0.433}, "335": {"rank": 0.436, "score": 0.432, "mean": 0.434}, "336": {"rank": 0.437, "score": 0.432, "mean": 0.435}, "337": {"rank": 0.438, "score": 0.433, "mean": 0.436}, "338": {"rank": 0.44, "score": 0.435, "mean": 0.437}, "339": {"rank": 0.44, "score": 0.436, "mean": 0.438}, "340": {"rank": 0.441, "score": 0.437, "mean": 0.439}, "341": {"rank": 0.442, "score": 0.438, "mean": 0.44}, "342": {"rank": 0.443, "score": 0.439, "mean": 0.441}, "343": {"rank": 0.444, "score": 0.44, "mean": 0.442}, "344": {"rank": 0.445, "score": 0.441, "mean": 0.443}, "345": {"rank": 0.446, "score": 0.442, "mean": 0.444}, "346": {"rank": 0.447, "score": 0.443, "mean": 0.445}, "347": {"rank": 0.448, "score": 0.444, "mean": 0.446}, "348": {"rank": 0.449, "score": 0.445, "mean": 0.447}, "349": {"rank": 0.45, "score": 0.446, "mean": 0.448}, "350": {"rank": 0.451, "score": 0.447, "mean": 0.449}, "351": {"rank": 0.452, "score": 0.448, "mean": 0.45}, "352": {"rank": 0.453, "score": 0.449, "mean": 0.451}, "353": {"rank": 0.454, "score": 0.45, "mean": 0.452}, "354": {"rank": 0.455, "score": 0.452, "mean": 0.453}, "355": {"rank": 0.457, "score": 0.453, "mean": 0.455}, "356": {"rank": 0.458, "score": 0.454, "mean": 0.456}, "357": {"rank": 0.459, "score": 0.455, "mean": 0.457}, "358": {"rank": 0.46, "score": 0.456, "mean": 0.458}, "359": {"rank": 0.46, "score": 0.456, "mean": 0.458}, "360": {"rank": 0.461, "score": 0.457, "mean": 0.459}, "361": {"rank": 0.462, "score": 0.458, "mean": 0.46}, "362": {"rank": 0.463, "score": 0.459, "mean": 0.461}, "363": {"rank": 0.464, "score": 0.46, "mean": 0.462}, "364": {"rank": 0.465, "score": 0.461, "mean": 0.463}, "365": {"rank": 0.466, "score": 0.462, "mean": 0.464}, "366": {"rank": 0.467, "score": 0.463, "mean": 0.465}, "367": {"rank": 0.468, "score": 0.464, "mean": 0.466}, "368": {"rank": 0.47, "score": 0.466, "mean": 0.468}, "369": {"rank": 0.471, "score": 0.467, "mean": 0.469}, "370": {"rank": 0.471, "score": 0.467, "mean": 0.469}, "371": {"rank": 0.472, "score": 0.468, "mean": 0.47}, "372": {"rank": 0.473, "score": 0.469, "mean": 0.471}, "373": {"rank": 0.474, "score": 0.47, "mean": 0.472}, "374": {"rank": 0.475, "score": 0.471, "mean": 0.473}, "375": {"rank": 0.476, "score": 0.472, "mean": 0.474}, "376": {"rank": 0.477, "score": 0.473, "mean": 0.475}, "377": {"rank": 0.478, "score": 0.474, "mean": 0.476}, "378": {"rank": 0.479, "score": 0.475, "mean": 0.477}, "379": {"rank": 0.48, "score": 0.476, "mean": 0.478}, "380": {"rank": 0.482, "score": 0.477, "mean": 0.479}, "381": {"rank": 0.482, "score": 0.478, "mean": 0.48}, "382": {"rank": 0.483, "score": 0.479, "mean": 0.481}, "383": {"rank": 0.484, "score": 0.48, "mean": 0.482}, "384": {"rank": 0.486, "score": 0.481, "mean": 0.483}, "385": {"rank": 0.487, "score": 0.482, "mean": 0.484}, "386": {"rank": 0.488, "score": 0.483, "mean": 0.486}, "387": {"rank": 0.489, "score": 0.484, "mean": 0.487}, "388": {"rank": 0.49, "score": 0.485, "mean": 0.488}, "389": {"rank": 0.491, "score": 0.486, "mean": 0.489}, "390": {"rank": 0.492, "score": 0.487, "mean": 0.49}, "391": {"rank": 0.493, "score": 0.488, "mean": 0.491}, "392": {"rank": 0.494, "score": 0.489, "mean": 0.492}, "393": {"rank": 0.495, "score": 0.49, "mean": 0.492}, "394": {"rank": 0.496, "score": 0.491, "mean": 0.493}, "395": {"rank": 0.497, "score": 0.492, "mean": 0.494}, "396": {"rank": 0.498, "score": 0.493, "mean": 0.495}, "397": {"rank": 0.499, "score": 0.494, "mean": 0.497}, "398": {"rank": 0.5, "score": 0.495, "mean": 0.498}, "399": {"rank": 0.501, "score": 0.496, "mean": 0.499}, "400": {"rank": 0.502, "score": 0.497, "mean": 0.5}, "401": {"rank": 0.503, "score": 0.498, "mean": 0.501}, "402": {"rank": 0.504, "score": 0.499, "mean": 0.502}, "403": {"rank": 0.505, "score": 0.5, "mean": 0.503}, "404": {"rank": 0.506, "score": 0.501, "mean": 0.504}, "405": {"rank": 0.507, "score": 0.502, "mean": 0.505}, "406": {"rank": 0.508, "score": 0.503, "mean": 0.506}, "407": {"rank": 0.509, "score": 0.504, "mean": 0.507}, "408": {"rank": 0.51, "score": 0.505, "mean": 0.508}, "409": {"rank": 0.512, "score": 0.506, "mean": 0.509}, "410": {"rank": 0.513, "score": 0.507, "mean": 0.51}, "411": {"rank": 0.514, "score": 0.508, "mean": 0.511}, "412": {"rank": 0.514, "score": 0.509, "mean": 0.512}, "413": {"rank": 0.515, "score": 0.509, "mean": 0.512}, "414": {"rank": 0.516, "score": 0.51, "mean": 0.513}, "415": {"rank": 0.517, "score": 0.511, "mean": 0.514}, "416": {"rank": 0.518, "score": 0.512, "mean": 0.515}, "417": {"rank": 0.519, "score": 0.513, "mean": 0.516}, "418": {"rank": 0.52, "score": 0.514, "mean": 0.517}, "419": {"rank": 0.521, "score": 0.515, "mean": 0.518}, "420": {"rank": 0.522, "score": 0.517, "mean": 0.519}, "421": {"rank": 0.523, "score": 0.518, "mean": 0.52}, "422": {"rank": 0.524, "score": 0.519, "mean": 0.522}, "423": {"rank": 0.525, "score": 0.52, "mean": 0.522}, "424": {"rank": 0.526, "score": 0.52, "mean": 0.523}, "425": {"rank": 0.527, "score": 0.521, "mean": 0.524}, "426": {"rank": 0.528, "score": 0.522, "mean": 0.525}, "427": {"rank": 0.53, "score": 0.523, "mean": 0.526}, "428": {"rank": 0.53, "score": 0.524, "mean": 0.527}, "429": {"rank": 0.531, "score": 0.525, "mean": 0.528}, "430": {"rank": 0.532, "score": 0.526, "mean": 0.529}, "431": {"rank": 0.533, "score": 0.527, "mean": 0.53}, "432": {"rank": 0.534, "score": 0.528, "mean": 0.531}, "433": {"rank": 0.535, "score": 0.529, "mean": 0.532}, "434": {"rank": 0.536, "score": 0.53, "mean": 0.533}, "435": {"rank": 0.537, "score": 0.531, "mean": 0.534}, "436": {"rank": 0.538, "score": 0.532, "mean": 0.535}, "437": {"rank": 0.54, "score": 0.533, "mean": 0.536}, "438": {"rank": 0.54, "score": 0.534, "mean": 0.537}, "439": {"rank": 0.541, "score": 0.534, "mean": 0.538}, "440": {"rank": 0.542, "score": 0.535, "mean": 0.538}, "441": {"rank": 0.543, "score": 0.536, "mean": 0.539}, "442": {"rank": 0.544, "score": 0.537, "mean": 0.54}, "443": {"rank": 0.545, "score": 0.537, "mean": 0.541}, "444": {"rank": 0.546, "score": 0.539, "mean": 0.542}, "445": {"rank": 0.547, "score": 0.539, "mean": 0.543}, "446": {"rank": 0.548, "score": 0.541, "mean": 0.544}, "447": {"rank": 0.549, "score": 0.542, "mean": 0.545}, "448": {"rank": 0.55, "score": 0.543, "mean": 0.546}, "449": {"rank": 0.551, "score": 0.544, "mean": 0.547}, "450": {"rank": 0.552, "score": 0.545, "mean": 0.548}, "451": {"rank": 0.553, "score": 0.546, "mean": 0.549}, "452": {"rank": 0.553, "score": 0.547, "mean": 0.55}, "453": {"rank": 0.555, "score": 0.548, "mean": 0.551}, "454": {"rank": 0.556, "score": 0.549, "mean": 0.552}, "455": {"rank": 0.557, "score": 0.55, "mean": 0.553}, "456": {"rank": 0.558, "score": 0.551, "mean": 0.555}, "457": {"rank": 0.559, "score": 0.552, "mean": 0.556}, "458": {"rank": 0.56, "score": 0.553, "mean": 0.557}, "459": {"rank": 0.561, "score": 0.555, "mean": 0.558}, "460": {"rank": 0.562, "score": 0.556, "mean": 0.559}, "461": {"rank": 0.563, "score": 0.557, "mean": 0.56}, "462": {"rank": 0.564, "score": 0.558, "mean": 0.561}, "463": {"rank": 0.565, "score": 0.559, "mean": 0.562}, "464": {"rank": 0.567, "score": 0.56, "mean": 0.564}, "465": {"rank": 0.568, "score": 0.561, "mean": 0.564}, "466": {"rank": 0.569, "score": 0.562, "mean": 0.565}, "467": {"rank": 0.57, "score": 0.563, "mean": 0.566}, "468": {"rank": 0.571, "score": 0.564, "mean": 0.567}, "469": {"rank": 0.571, "score": 0.565, "mean": 0.568}, "470": {"rank": 0.572, "score": 0.566, "mean": 0.569}, "471": {"rank": 0.573, "score": 0.566, "mean": 0.57}, "472": {"rank": 0.574, "score": 0.568, "mean": 0.571}, "473": {"rank": 0.575, "score": 0.569, "mean": 0.572}, "474": {"rank": 0.576, "score": 0.57, "mean": 0.573}, "475": {"rank": 0.577, "score": 0.57, "mean": 0.573}, "476": {"rank": 0.577, "score": 0.571, "mean": 0.574}, "477": {"rank": 0.578, "score": 0.572, "mean": 0.575}, "478": {"rank": 0.58, "score": 0.573, "mean": 0.576}, "479": {"rank": 0.58, "score": 0.574, "mean": 0.577}, "480": {"rank": 0.582, "score": 0.575, "mean": 0.578}, "481": {"rank": 0.582, "score": 0.576, "mean": 0.579}, "482": {"rank": 0.583, "score": 0.576, "mean": 0.58}, "483": {"rank": 0.584, "score": 0.577, "mean": 0.581}, "484": {"rank": 0.585, "score": 0.578, "mean": 0.582}, "485": {"rank": 0.585, "score": 0.579, "mean": 0.582}, "486": {"rank": 0.586, "score": 0.581, "mean": 0.584}, "487": {"rank": 0.587, "score": 0.582, "mean": 0.584}, "488": {"rank": 0.589, "score": 0.583, "mean": 0.586}, "489": {"rank": 0.59, "score": 0.583, "mean": 0.586}, "490": {"rank": 0.59, "score": 0.584, "mean": 0.587}, "491": {"rank": 0.591, "score": 0.585, "mean": 0.588}, "492": {"rank": 0.592, "score": 0.587, "mean": 0.59}, "493": {"rank": 0.593, "score": 0.588, "mean": 0.591}, "494": {"rank": 0.594, "score": 0.589, "mean": 0.592}, "495": {"rank": 0.595, "score": 0.59, "mean": 0.593}, "496": {"rank": 0.597, "score": 0.591, "mean": 0.594}, "497": {"rank": 0.598, "score": 0.592, "mean": 0.595}, "498": {"rank": 0.599, "score": 0.592, "mean": 0.596}, "499": {"rank": 0.6, "score": 0.593, "mean": 0.596}, "500": {"rank": 0.6, "score": 0.594, "mean": 0.597}, "501": {"rank": 0.601, "score": 0.595, "mean": 0.598}, "502": {"rank": 0.602, "score": 0.596, "mean": 0.599}, "503": {"rank": 0.603, "score": 0.597, "mean": 0.6}, "504": {"rank": 0.604, "score": 0.598, "mean": 0.601}, "505": {"rank": 0.605, "score": 0.599, "mean": 0.602}, "506": {"rank": 0.606, "score": 0.6, "mean": 0.603}, "507": {"rank": 0.606, "score": 0.6, "mean": 0.603}, "508": {"rank": 0.608, "score": 0.602, "mean": 0.605}, "509": {"rank": 0.608, "score": 0.603, "mean": 0.606}, "510": {"rank": 0.609, "score": 0.604, "mean": 0.606}, "511": {"rank": 0.61, "score": 0.605, "mean": 0.607}, "512": {"rank": 0.611, "score": 0.606, "mean": 0.609}, "513": {"rank": 0.612, "score": 0.607, "mean": 0.61}, "514": {"rank": 0.614, "score": 0.607, "mean": 0.611}, "515": {"rank": 0.614, "score": 0.608, "mean": 0.611}, "516": {"rank": 0.615, "score": 0.609, "mean": 0.612}, "517": {"rank": 0.616, "score": 0.61, "mean": 0.613}, "518": {"rank": 0.617, "score": 0.611, "mean": 0.614}, "519": {"rank": 0.619, "score": 0.613, "mean": 0.616}, "520": {"rank": 0.62, "score": 0.614, "mean": 0.617}, "521": {"rank": 0.621, "score": 0.615, "mean": 0.618}, "522": {"rank": 0.621, "score": 0.616, "mean": 0.618}, "523": {"rank": 0.622, "score": 0.616, "mean": 0.619}, "524": {"rank": 0.623, "score": 0.617, "mean": 0.62}, "525": {"rank": 0.624, "score": 0.618, "mean": 0.621}, "526": {"rank": 0.625, "score": 0.619, "mean": 0.622}, "527": {"rank": 0.626, "score": 0.62, "mean": 0.623}, "528": {"rank": 0.627, "score": 0.621, "mean": 0.624}, "529": {"rank": 0.628, "score": 0.622, "mean": 0.625}, "530": {"rank": 0.628, "score": 0.623, "mean": 0.625}, "531": {"rank": 0.629, "score": 0.623, "mean": 0.626}, "532": {"rank": 0.63, "score": 0.625, "mean": 0.627}, "533": {"rank": 0.63, "score": 0.625, "mean": 0.628}, "534": {"rank": 0.631, "score": 0.626, "mean": 0.629}, "535": {"rank": 0.633, "score": 0.627, "mean": 0.63}, "536": {"rank": 0.633, "score": 0.628, "mean": 0.631}, "537": {"rank": 0.635, "score": 0.629, "mean": 0.632}, "538": {"rank": 0.635, "score": 0.63, "mean": 0.633}, "539": {"rank": 0.636, "score": 0.631, "mean": 0.633}, "540": {"rank": 0.637, "score": 0.632, "mean": 0.635}, "541": {"rank": 0.638, "score": 0.633, "mean": 0.635}, "542": {"rank": 0.639, "score": 0.633, "mean": 0.636}, "543": {"rank": 0.64, "score": 0.635, "mean": 0.637}, "544": {"rank": 0.641, "score": 0.636, "mean": 0.638}, "545": {"rank": 0.642, "score": 0.637, "mean": 0.639}, "546": {"rank": 0.643, "score": 0.638, "mean": 0.64}, "547": {"rank": 0.644, "score": 0.639, "mean": 0.641}, "548": {"rank": 0.645, "score": 0.64, "mean": 0.642}, "549": {"rank": 0.645, "score": 0.641, "mean": 0.643}, "550": {"rank": 0.646, "score": 0.642, "mean": 0.644}, "551": {"rank": 0.647, "score": 0.643, "mean": 0.645}, "552": {"rank": 0.648, "score": 0.643, "mean": 0.646}, "553": {"rank": 0.649, "score": 0.644, "mean": 0.647}, "554": {"rank": 0.65, "score": 0.645, "mean": 0.648}, "555": {"rank": 0.651, "score": 0.646, "mean": 0.649}, "556": {"rank": 0.652, "score": 0.647, "mean": 0.65}, "557": {"rank": 0.653, "score": 0.648, "mean": 0.651}, "558": {"rank": 0.655, "score": 0.65, "mean": 0.652}, "559": {"rank": 0.656, "score": 0.651, "mean": 0.653}, "560": {"rank": 0.657, "score": 0.651, "mean": 0.654}, "561": {"rank": 0.657, "score": 0.652, "mean": 0.655}, "562": {"rank": 0.659, "score": 0.653, "mean": 0.656}, "563": {"rank": 0.659, "score": 0.654, "mean": 0.657}, "564": {"rank": 0.66, "score": 0.655, "mean": 0.658}, "565": {"rank": 0.661, "score": 0.655, "mean": 0.658}, "566": {"rank": 0.662, "score": 0.657, "mean": 0.659}, "567": {"rank": 0.663, "score": 0.657, "mean": 0.66}, "568": {"rank": 0.664, "score": 0.658, "mean": 0.661}, "569": {"rank": 0.665, "score": 0.659, "mean": 0.662}, "570": {"rank": 0.666, "score": 0.66, "mean": 0.663}, "571": {"rank": 0.667, "score": 0.661, "mean": 0.664}, "572": {"rank": 0.668, "score": 0.661, "mean": 0.665}, "573": {"rank": 0.669, "score": 0.663, "mean": 0.666}, "574": {"rank": 0.67, "score": 0.664, "mean": 0.667}, "575": {"rank": 0.671, "score": 0.664, "mean": 0.668}, "576": {"rank": 0.672, "score": 0.665, "mean": 0.669}, "577": {"rank": 0.673, "score": 0.666, "mean": 0.67}, "578": {"rank": 0.674, "score": 0.667, "mean": 0.67}, "579": {"rank": 0.674, "score": 0.668, "mean": 0.671}, "580": {"rank": 0.675, "score": 0.669, "mean": 0.672}, "581": {"rank": 0.677, "score": 0.67, "mean": 0.673}, "582": {"rank": 0.678, "score": 0.671, "mean": 0.674}, "583": {"rank": 0.678, "score": 0.672, "mean": 0.675}, "584": {"rank": 0.679, "score": 0.673, "mean": 0.676}, "585": {"rank": 0.68, "score": 0.674, "mean": 0.677}, "586": {"rank": 0.681, "score": 0.675, "mean": 0.678}, "587": {"rank": 0.682, "score": 0.676, "mean": 0.679}, "588": {"rank": 0.682, "score": 0.677, "mean": 0.679}, "589": {"rank": 0.683, "score": 0.677, "mean": 0.68}, "590": {"rank": 0.684, "score": 0.678, "mean": 0.681}, "591": {"rank": 0.685, "score": 0.679, "mean": 0.682}, "592": {"rank": 0.685, "score": 0.68, "mean": 0.683}, "593": {"rank": 0.686, "score": 0.681, "mean": 0.684}, "594": {"rank": 0.687, "score": 0.682, "mean": 0.684}, "595": {"rank": 0.688, "score": 0.683, "mean": 0.685}, "596": {"rank": 0.689, "score": 0.683, "mean": 0.686}, "597": {"rank": 0.689, "score": 0.684, "mean": 0.687}, "598": {"rank": 0.69, "score": 0.685, "mean": 0.687}, "599": {"rank": 0.691, "score": 0.686, "mean": 0.688}, "600": {"rank": 0.692, "score": 0.687, "mean": 0.69}, "601": {"rank": 0.693, "score": 0.688, "mean": 0.691}, "602": {"rank": 0.694, "score": 0.689, "mean": 0.692}, "603": {"rank": 0.695, "score": 0.69, "mean": 0.692}, "604": {"rank": 0.696, "score": 0.691, "mean": 0.694}, "605": {"rank": 0.697, "score": 0.692, "mean": 0.695}, "606": {"rank": 0.698, "score": 0.693, "mean": 0.695}, "607": {"rank": 0.699, "score": 0.694, "mean": 0.696}, "608": {"rank": 0.7, "score": 0.694, "mean": 0.697}, "609": {"rank": 0.7, "score": 0.695, "mean": 0.698}, "610": {"rank": 0.701, "score": 0.696, "mean": 0.698}, "611": {"rank": 0.702, "score": 0.696, "mean": 0.699}, "612": {"rank": 0.703, "score": 0.697, "mean": 0.7}, "613": {"rank": 0.704, "score": 0.698, "mean": 0.701}, "614": {"rank": 0.704, "score": 0.698, "mean": 0.701}, "615": {"rank": 0.705, "score": 0.699, "mean": 0.702}, "616": {"rank": 0.706, "score": 0.7, "mean": 0.703}, "617": {"rank": 0.707, "score": 0.701, "mean": 0.704}, "618": {"rank": 0.708, "score": 0.702, "mean": 0.705}, "619": {"rank": 0.708, "score": 0.703, "mean": 0.706}, "620": {"rank": 0.709, "score": 0.704, "mean": 0.707}, "621": {"rank": 0.71, "score": 0.705, "mean": 0.708}, "622": {"rank": 0.711, "score": 0.706, "mean": 0.708}, "623": {"rank": 0.712, "score": 0.707, "mean": 0.71}, "624": {"rank": 0.713, "score": 0.708, "mean": 0.71}, "625": {"rank": 0.713, "score": 0.709, "mean": 0.711}, "626": {"rank": 0.714, "score": 0.71, "mean": 0.712}, "627": {"rank": 0.715, "score": 0.711, "mean": 0.713}, "628": {"rank": 0.716, "score": 0.712, "mean": 0.714}, "629": {"rank": 0.717, "score": 0.713, "mean": 0.715}, "630": {"rank": 0.718, "score": 0.714, "mean": 0.716}, "631": {"rank": 0.719, "score": 0.715, "mean": 0.717}, "632": {"rank": 0.72, "score": 0.716, "mean": 0.718}, "633": {"rank": 0.72, "score": 0.717, "mean": 0.719}, "634": {"rank": 0.721, "score": 0.718, "mean": 0.719}, "635": {"rank": 0.722, "score": 0.719, "mean": 0.72}, "636": {"rank": 0.723, "score": 0.72, "mean": 0.721}, "637": {"rank": 0.724, "score": 0.721, "mean": 0.722}, "638": {"rank": 0.724, "score": 0.722, "mean": 0.723}, "639": {"rank": 0.725, "score": 0.722, "mean": 0.724}, "640": {"rank": 0.727, "score": 0.723, "mean": 0.725}, "641": {"rank": 0.727, "score": 0.724, "mean": 0.726}, "642": {"rank": 0.728, "score": 0.725, "mean": 0.727}, "643": {"rank": 0.729, "score": 0.726, "mean": 0.728}, "644": {"rank": 0.73, "score": 0.727, "mean": 0.729}, "645": {"rank": 0.731, "score": 0.728, "mean": 0.73}, "646": {"rank": 0.732, "score": 0.729, "mean": 0.73}, "647": {"rank": 0.733, "score": 0.73, "mean": 0.731}, "648": {"rank": 0.734, "score": 0.73, "mean": 0.732}, "649": {"rank": 0.735, "score": 0.731, "mean": 0.733}, "650": {"rank": 0.735, "score": 0.732, "mean": 0.734}, "651": {"rank": 0.736, "score": 0.733, "mean": 0.734}, "652": {"rank": 0.737, "score": 0.733, "mean": 0.735}, "653": {"rank": 0.738, "score": 0.734, "mean": 0.736}, "654": {"rank": 0.739, "score": 0.735, "mean": 0.737}, "655": {"rank": 0.74, "score": 0.736, "mean": 0.738}, "656": {"rank": 0.741, "score": 0.737, "mean": 0.739}, "657": {"rank": 0.742, "score": 0.738, "mean": 0.74}, "658": {"rank": 0.743, "score": 0.739, "mean": 0.741}, "659": {"rank": 0.744, "score": 0.74, "mean": 0.742}, "660": {"rank": 0.745, "score": 0.74, "mean": 0.743}, "661": {"rank": 0.746, "score": 0.741, "mean": 0.743}, "662": {"rank": 0.746, "score": 0.742, "mean": 0.744}, "663": {"rank": 0.747, "score": 0.743, "mean": 0.745}, "664": {"rank": 0.748, "score": 0.744, "mean": 0.746}, "665": {"rank": 0.749, "score": 0.745, "mean": 0.747}, "666": {"rank": 0.75, "score": 0.746, "mean": 0.748}, "667": {"rank": 0.751, "score": 0.747, "mean": 0.749}, "668": {"rank": 0.752, "score": 0.747, "mean": 0.749}, "669": {"rank": 0.752, "score": 0.748, "mean": 0.75}, "670": {"rank": 0.753, "score": 0.749, "mean": 0.751}, "671": {"rank": 0.754, "score": 0.75, "mean": 0.752}, "672": {"rank": 0.755, "score": 0.751, "mean": 0.753}, "673": {"rank": 0.756, "score": 0.751, "mean": 0.754}, "674": {"rank": 0.757, "score": 0.752, "mean": 0.754}, "675": {"rank": 0.757, "score": 0.753, "mean": 0.755}, "676": {"rank": 0.758, "score": 0.754, "mean": 0.756}, "677": {"rank": 0.759, "score": 0.755, "mean": 0.757}, "678": {"rank": 0.76, "score": 0.756, "mean": 0.758}, "679": {"rank": 0.761, "score": 0.757, "mean": 0.759}, "680": {"rank": 0.761, "score": 0.757, "mean": 0.759}, "681": {"rank": 0.762, "score": 0.758, "mean": 0.76}, "682": {"rank": 0.763, "score": 0.759, "mean": 0.761}, "683": {"rank": 0.764, "score": 0.761, "mean": 0.762}, "684": {"rank": 0.765, "score": 0.761, "mean": 0.763}, "685": {"rank": 0.766, "score": 0.762, "mean": 0.764}, "686": {"rank": 0.767, "score": 0.763, "mean": 0.765}, "687": {"rank": 0.768, "score": 0.764, "mean": 0.766}, "688": {"rank": 0.769, "score": 0.765, "mean": 0.767}, "689": {"rank": 0.77, "score": 0.765, "mean": 0.768}, "690": {"rank": 0.771, "score": 0.766, "mean": 0.769}, "691": {"rank": 0.771, "score": 0.767, "mean": 0.769}, "692": {"rank": 0.772, "score": 0.768, "mean": 0.77}, "693": {"rank": 0.773, "score": 0.769, "mean": 0.771}, "694": {"rank": 0.774, "score": 0.769, "mean": 0.772}, "695": {"rank": 0.775, "score": 0.77, "mean": 0.773}, "696": {"rank": 0.776, "score": 0.771, "mean": 0.773}, "697": {"rank": 0.776, "score": 0.772, "mean": 0.774}, "698": {"rank": 0.777, "score": 0.773, "mean": 0.775}, "699": {"rank": 0.778, "score": 0.774, "mean": 0.776}, "700": {"rank": 0.779, "score": 0.775, "mean": 0.777}, "701": {"rank": 0.78, "score": 0.776, "mean": 0.778}, "702": {"rank": 0.78, "score": 0.776, "mean": 0.778}, "703": {"rank": 0.781, "score": 0.777, "mean": 0.779}, "704": {"rank": 0.782, "score": 0.778, "mean": 0.78}, "705": {"rank": 0.783, "score": 0.779, "mean": 0.781}, "706": {"rank": 0.784, "score": 0.78, "mean": 0.782}, "707": {"rank": 0.785, "score": 0.781, "mean": 0.783}, "708": {"rank": 0.786, "score": 0.782, "mean": 0.784}, "709": {"rank": 0.786, "score": 0.782, "mean": 0.784}, "710": {"rank": 0.787, "score": 0.783, "mean": 0.785}, "711": {"rank": 0.788, "score": 0.784, "mean": 0.786}, "712": {"rank": 0.789, "score": 0.784, "mean": 0.787}, "713": {"rank": 0.79, "score": 0.785, "mean": 0.787}, "714": {"rank": 0.791, "score": 0.786, "mean": 0.788}, "715": {"rank": 0.791, "score": 0.787, "mean": 0.789}, "716": {"rank": 0.792, "score": 0.788, "mean": 0.79}, "717": {"rank": 0.793, "score": 0.788, "mean": 0.791}, "718": {"rank": 0.794, "score": 0.789, "mean": 0.791}, "719": {"rank": 0.794, "score": 0.79, "mean": 0.792}, "720": {"rank": 0.795, "score": 0.791, "mean": 0.793}, "721": {"rank": 0.796, "score": 0.791, "mean": 0.794}, "722": {"rank": 0.797, "score": 0.792, "mean": 0.795}, "723": {"rank": 0.798, "score": 0.793, "mean": 0.795}, "724": {"rank": 0.799, "score": 0.794, "mean": 0.796}, "725": {"rank": 0.799, "score": 0.795, "mean": 0.797}, "726": {"rank": 0.8, "score": 0.796, "mean": 0.798}, "727": {"rank": 0.801, "score": 0.797, "mean": 0.799}, "728": {"rank": 0.802, "score": 0.798, "mean": 0.8}, "729": {"rank": 0.803, "score": 0.799, "mean": 0.801}, "730": {"rank": 0.804, "score": 0.8, "mean": 0.802}, "731": {"rank": 0.805, "score": 0.801, "mean": 0.803}, "732": {"rank": 0.806, "score": 0.802, "mean": 0.804}, "733": {"rank": 0.807, "score": 0.803, "mean": 0.805}, "734": {"rank": 0.808, "score": 0.804, "mean": 0.806}, "735": {"rank": 0.808, "score": 0.805, "mean": 0.807}, "736": {"rank": 0.809, "score": 0.806, "mean": 0.808}, "737": {"rank": 0.81, "score": 0.806, "mean": 0.808}, "738": {"rank": 0.811, "score": 0.807, "mean": 0.809}, "739": {"rank": 0.812, "score": 0.808, "mean": 0.81}, "740": {"rank": 0.813, "score": 0.809, "mean": 0.811}, "741": {"rank": 0.814, "score": 0.81, "mean": 0.812}, "742": {"rank": 0.815, "score": 0.811, "mean": 0.813}, "743": {"rank": 0.815, "score": 0.811, "mean": 0.813}, "744": {"rank": 0.816, "score": 0.812, "mean": 0.814}, "745": {"rank": 0.817, "score": 0.813, "mean": 0.815}, "746": {"rank": 0.817, "score": 0.814, "mean": 0.816}, "747": {"rank": 0.818, "score": 0.815, "mean": 0.816}, "748": {"rank": 0.819, "score": 0.815, "mean": 0.817}, "749": {"rank": 0.819, "score": 0.816, "mean": 0.818}, "750": {"rank": 0.82, "score": 0.817, "mean": 0.819}, "751": {"rank": 0.821, "score": 0.818, "mean": 0.819}, "752": {"rank": 0.822, "score": 0.819, "mean": 0.82}, "753": {"rank": 0.823, "score": 0.819, "mean": 0.821}, "754": {"rank": 0.824, "score": 0.82, "mean": 0.822}, "755": {"rank": 0.824, "score": 0.821, "mean": 0.823}, "756": {"rank": 0.825, "score": 0.822, "mean": 0.823}, "757": {"rank": 0.825, "score": 0.822, "mean": 0.824}, "758": {"rank": 0.827, "score": 0.823, "mean": 0.825}, "759": {"rank": 0.827, "score": 0.824, "mean": 0.826}, "760": {"rank": 0.828, "score": 0.825, "mean": 0.826}, "761": {"rank": 0.828, "score": 0.826, "mean": 0.827}, "762": {"rank": 0.829, "score": 0.827, "mean": 0.828}, "763": {"rank": 0.83, "score": 0.828, "mean": 0.829}, "764": {"rank": 0.83, "score": 0.828, "mean": 0.829}, "765": {"rank": 0.831, "score": 0.829, "mean": 0.83}, "766": {"rank": 0.832, "score": 0.83, "mean": 0.831}, "767": {"rank": 0.833, "score": 0.831, "mean": 0.832}, "768": {"rank": 0.834, "score": 0.832, "mean": 0.833}, "769": {"rank": 0.834, "score": 0.832, "mean": 0.833}, "770": {"rank": 0.835, "score": 0.833, "mean": 0.834}, "771": {"rank": 0.836, "score": 0.834, "mean": 0.835}, "772": {"rank": 0.837, "score": 0.835, "mean": 0.836}, "773": {"rank": 0.838, "score": 0.835, "mean": 0.837}, "774": {"rank": 0.838, "score": 0.836, "mean": 0.837}, "775": {"rank": 0.84, "score": 0.837, "mean": 0.838}, "776": {"rank": 0.841, "score": 0.838, "mean": 0.839}, "777": {"rank": 0.841, "score": 0.839, "mean": 0.84}, "778": {"rank": 0.842, "score": 0.839, "mean": 0.841}, "779": {"rank": 0.842, "score": 0.84, "mean": 0.841}, "780": {"rank": 0.843, "score": 0.841, "mean": 0.842}, "781": {"rank": 0.844, "score": 0.842, "mean": 0.843}, "782": {"rank": 0.845, "score": 0.842, "mean": 0.844}, "783": {"rank": 0.846, "score": 0.843, "mean": 0.844}, "784": {"rank": 0.847, "score": 0.844, "mean": 0.846}, "785": {"rank": 0.848, "score": 0.845, "mean": 0.847}, "786": {"rank": 0.848, "score": 0.846, "mean": 0.847}, "787": {"rank": 0.849, "score": 0.847, "mean": 0.848}, "788": {"rank": 0.85, "score": 0.848, "mean": 0.849}, "789": {"rank": 0.85, "score": 0.849, "mean": 0.85}, "790": {"rank": 0.851, "score": 0.85, "mean": 0.85}, "791": {"rank": 0.852, "score": 0.85, "mean": 0.851}, "792": {"rank": 0.853, "score": 0.851, "mean": 0.852}, "793": {"rank": 0.854, "score": 0.852, "mean": 0.853}, "794": {"rank": 0.855, "score": 0.853, "mean": 0.854}, "795": {"rank": 0.855, "score": 0.853, "mean": 0.854}, "796": {"rank": 0.856, "score": 0.854, "mean": 0.855}, "797": {"rank": 0.857, "score": 0.855, "mean": 0.856}, "798": {"rank": 0.858, "score": 0.856, "mean": 0.857}, "799": {"rank": 0.859, "score": 0.857, "mean": 0.858}, "800": {"rank": 0.859, "score": 0.858, "mean": 0.858}, "801": {"rank": 0.86, "score": 0.858, "mean": 0.859}, "802": {"rank": 0.861, "score": 0.859, "mean": 0.86}, "803": {"rank": 0.861, "score": 0.86, "mean": 0.861}, "804": {"rank": 0.862, "score": 0.861, "mean": 0.861}, "805": {"rank": 0.863, "score": 0.862, "mean": 0.862}, "806": {"rank": 0.863, "score": 0.863, "mean": 0.863}, "807": {"rank": 0.864, "score": 0.863, "mean": 0.864}, "808": {"rank": 0.865, "score": 0.864, "mean": 0.865}, "809": {"rank": 0.866, "score": 0.865, "mean": 0.865}, "810": {"rank": 0.867, "score": 0.865, "mean": 0.866}, "811": {"rank": 0.867, "score": 0.866, "mean": 0.867}, "812": {"rank": 0.868, "score": 0.867, "mean": 0.867}, "813": {"rank": 0.868, "score": 0.867, "mean": 0.868}, "814": {"rank": 0.869, "score": 0.868, "mean": 0.869}, "815": {"rank": 0.87, "score": 0.869, "mean": 0.869}, "816": {"rank": 0.87, "score": 0.87, "mean": 0.87}, "817": {"rank": 0.871, "score": 0.871, "mean": 0.871}, "818": {"rank": 0.872, "score": 0.872, "mean": 0.872}, "819": {"rank": 0.873, "score": 0.872, "mean": 0.873}, "820": {"rank": 0.874, "score": 0.873, "mean": 0.873}, "821": {"rank": 0.874, "score": 0.874, "mean": 0.874}, "822": {"rank": 0.875, "score": 0.874, "mean": 0.875}, "823": {"rank": 0.876, "score": 0.875, "mean": 0.876}, "824": {"rank": 0.876, "score": 0.876, "mean": 0.876}, "825": {"rank": 0.877, "score": 0.877, "mean": 0.877}, "826": {"rank": 0.878, "score": 0.878, "mean": 0.878}, "827": {"rank": 0.879, "score": 0.879, "mean": 0.879}, "828": {"rank": 0.879, "score": 0.879, "mean": 0.879}, "829": {"rank": 0.88, "score": 0.88, "mean": 0.88}, "830": {"rank": 0.881, "score": 0.881, "mean": 0.881}, "831": {"rank": 0.882, "score": 0.882, "mean": 0.882}, "832": {"rank": 0.882, "score": 0.883, "mean": 0.883}, "833": {"rank": 0.883, "score": 0.883, "mean": 0.883}, "834": {"rank": 0.884, "score": 0.884, "mean": 0.884}, "835": {"rank": 0.884, "score": 0.885, "mean": 0.885}, "836": {"rank": 0.885, "score": 0.886, "mean": 0.885}, "837": {"rank": 0.886, "score": 0.886, "mean": 0.886}, "838": {"rank": 0.887, "score": 0.887, "mean": 0.887}, "839": {"rank": 0.887, "score": 0.888, "mean": 0.887}, "840": {"rank": 0.888, "score": 0.888, "mean": 0.888}, "841": {"rank": 0.889, "score": 0.889, "mean": 0.889}, "842": {"rank": 0.889, "score": 0.89, "mean": 0.89}, "843": {"rank": 0.89, "score": 0.891, "mean": 0.89}, "844": {"rank": 0.891, "score": 0.892, "mean": 0.891}, "845": {"rank": 0.892, "score": 0.892, "mean": 0.892}, "846": {"rank": 0.893, "score": 0.893, "mean": 0.893}, "847": {"rank": 0.893, "score": 0.894, "mean": 0.894}, "848": {"rank": 0.894, "score": 0.895, "mean": 0.895}, "849": {"rank": 0.895, "score": 0.896, "mean": 0.895}, "850": {"rank": 0.896, "score": 0.897, "mean": 0.896}, "851": {"rank": 0.896, "score": 0.897, "mean": 0.897}, "852": {"rank": 0.897, "score": 0.898, "mean": 0.897}, "853": {"rank": 0.898, "score": 0.898, "mean": 0.898}, "854": {"rank": 0.899, "score": 0.899, "mean": 0.899}, "855": {"rank": 0.9, "score": 0.9, "mean": 0.9}, "856": {"rank": 0.9, "score": 0.901, "mean": 0.9}, "857": {"rank": 0.901, "score": 0.902, "mean": 0.902}, "858": {"rank": 0.902, "score": 0.903, "mean": 0.902}, "859": {"rank": 0.902, "score": 0.903, "mean": 0.903}, "860": {"rank": 0.903, "score": 0.904, "mean": 0.903}, "861": {"rank": 0.904, "score": 0.905, "mean": 0.904}, "862": {"rank": 0.905, "score": 0.905, "mean": 0.905}, "863": {"rank": 0.906, "score": 0.906, "mean": 0.906}, "864": {"rank": 0.906, "score": 0.907, "mean": 0.907}, "865": {"rank": 0.907, "score": 0.907, "mean": 0.907}, "866": {"rank": 0.908, "score": 0.908, "mean": 0.908}, "867": {"rank": 0.909, "score": 0.909, "mean": 0.909}, "868": {"rank": 0.909, "score": 0.909, "mean": 0.909}, "869": {"rank": 0.91, "score": 0.91, "mean": 0.91}, "870": {"rank": 0.911, "score": 0.911, "mean": 0.911}, "871": {"rank": 0.912, "score": 0.912, "mean": 0.912}, "872": {"rank": 0.912, "score": 0.912, "mean": 0.912}, "873": {"rank": 0.913, "score": 0.913, "mean": 0.913}, "874": {"rank": 0.914, "score": 0.914, "mean": 0.914}, "875": {"rank": 0.914, "score": 0.915, "mean": 0.915}, "876": {"rank": 0.915, "score": 0.915, "mean": 0.915}, "877": {"rank": 0.916, "score": 0.916, "mean": 0.916}, "878": {"rank": 0.916, "score": 0.917, "mean": 0.917}, "879": {"rank": 0.917, "score": 0.918, "mean": 0.917}, "880": {"rank": 0.918, "score": 0.918, "mean": 0.918}, "881": {"rank": 0.919, "score": 0.919, "mean": 0.919}, "882": {"rank": 0.919, "score": 0.919, "mean": 0.919}, "883": {"rank": 0.92, "score": 0.92, "mean": 0.92}, "884": {"rank": 0.921, "score": 0.921, "mean": 0.921}, "885": {"rank": 0.921, "score": 0.922, "mean": 0.922}, "886": {"rank": 0.922, "score": 0.923, "mean": 0.923}, "887": {"rank": 0.923, "score": 0.923, "mean": 0.923}, "888": {"rank": 0.924, "score": 0.924, "mean": 0.924}, "889": {"rank": 0.925, "score": 0.925, "mean": 0.925}, "890": {"rank": 0.925, "score": 0.926, "mean": 0.926}, "891": {"rank": 0.926, "score": 0.927, "mean": 0.926}, "892": {"rank": 0.927, "score": 0.927, "mean": 0.927}, "893": {"rank": 0.927, "score": 0.928, "mean": 0.928}, "894": {"rank": 0.928, "score": 0.929, "mean": 0.929}, "895": {"rank": 0.929, "score": 0.93, "mean": 0.929}, "896": {"rank": 0.929, "score": 0.931, "mean": 0.93}, "897": {"rank": 0.93, "score": 0.932, "mean": 0.931}, "898": {"rank": 0.931, "score": 0.933, "mean": 0.932}, "899": {"rank": 0.932, "score": 0.934, "mean": 0.933}, "900": {"rank": 0.932, "score": 0.934, "mean": 0.933}, "901": {"rank": 0.933, "score": 0.935, "mean": 0.934}, "902": {"rank": 0.934, "score": 0.936, "mean": 0.935}, "903": {"rank": 0.934, "score": 0.936, "mean": 0.935}, "904": {"rank": 0.935, "score": 0.937, "mean": 0.936}, "905": {"rank": 0.936, "score": 0.938, "mean": 0.937}, "906": {"rank": 0.937, "score": 0.938, "mean": 0.937}, "907": {"rank": 0.937, "score": 0.939, "mean": 0.938}, "908": {"rank": 0.938, "score": 0.94, "mean": 0.939}, "909": {"rank": 0.939, "score": 0.941, "mean": 0.94}, "910": {"rank": 0.939, "score": 0.941, "mean": 0.94}, "911": {"rank": 0.94, "score": 0.942, "mean": 0.941}, "912": {"rank": 0.941, "score": 0.942, "mean": 0.942}, "913": {"rank": 0.942, "score": 0.943, "mean": 0.942}, "914": {"rank": 0.942, "score": 0.944, "mean": 0.943}, "915": {"rank": 0.943, "score": 0.944, "mean": 0.944}, "916": {"rank": 0.944, "score": 0.945, "mean": 0.944}, "917": {"rank": 0.945, "score": 0.946, "mean": 0.945}, "918": {"rank": 0.945, "score": 0.946, "mean": 0.946}, "919": {"rank": 0.946, "score": 0.947, "mean": 0.946}, "920": {"rank": 0.947, "score": 0.947, "mean": 0.947}, "921": {"rank": 0.948, "score": 0.949, "mean": 0.948}, "922": {"rank": 0.948, "score": 0.949, "mean": 0.949}, "923": {"rank": 0.949, "score": 0.95, "mean": 0.949}, "924": {"rank": 0.949, "score": 0.95, "mean": 0.95}, "925": {"rank": 0.95, "score": 0.951, "mean": 0.95}, "926": {"rank": 0.951, "score": 0.951, "mean": 0.951}, "927": {"rank": 0.951, "score": 0.952, "mean": 0.951}, "928": {"rank": 0.952, "score": 0.953, "mean": 0.952}, "929": {"rank": 0.953, "score": 0.953, "mean": 0.953}, "930": {"rank": 0.953, "score": 0.954, "mean": 0.954}, "931": {"rank": 0.954, "score": 0.955, "mean": 0.955}, "932": {"rank": 0.955, "score": 0.956, "mean": 0.955}, "933": {"rank": 0.956, "score": 0.957, "mean": 0.956}, "934": {"rank": 0.956, "score": 0.958, "mean": 0.957}, "935": {"rank": 0.957, "score": 0.958, "mean": 0.958}, "936": {"rank": 0.958, "score": 0.959, "mean": 0.958}, "937": {"rank": 0.958, "score": 0.96, "mean": 0.959}, "938": {"rank": 0.959, "score": 0.96, "mean": 0.96}, "939": {"rank": 0.96, "score": 0.961, "mean": 0.96}, "940": {"rank": 0.96, "score": 0.962, "mean": 0.961}, "941": {"rank": 0.961, "score": 0.963, "mean": 0.962}, "942": {"rank": 0.962, "score": 0.963, "mean": 0.963}, "943": {"rank": 0.962, "score": 0.964, "mean": 0.963}, "944": {"rank": 0.963, "score": 0.965, "mean": 0.964}, "945": {"rank": 0.964, "score": 0.966, "mean": 0.965}, "946": {"rank": 0.964, "score": 0.967, "mean": 0.965}, "947": {"rank": 0.965, "score": 0.967, "mean": 0.966}, "948": {"rank": 0.966, "score": 0.968, "mean": 0.967}, "949": {"rank": 0.966, "score": 0.969, "mean": 0.967}, "950": {"rank": 0.967, "score": 0.969, "mean": 0.968}, "951": {"rank": 0.968, "score": 0.97, "mean": 0.969}, "952": {"rank": 0.968, "score": 0.971, "mean": 0.97}, "953": {"rank": 0.969, "score": 0.972, "mean": 0.97}, "954": {"rank": 0.969, "score": 0.972, "mean": 0.971}, "955": {"rank": 0.97, "score": 0.973, "mean": 0.971}, "956": {"rank": 0.971, "score": 0.973, "mean": 0.972}, "957": {"rank": 0.972, "score": 0.974, "mean": 0.973}, "958": {"rank": 0.972, "score": 0.975, "mean": 0.973}, "959": {"rank": 0.973, "score": 0.975, "mean": 0.974}, "960": {"rank": 0.973, "score": 0.976, "mean": 0.975}, "961": {"rank": 0.974, "score": 0.977, "mean": 0.975}, "962": {"rank": 0.975, "score": 0.977, "mean": 0.976}, "963": {"rank": 0.976, "score": 0.978, "mean": 0.977}, "964": {"rank": 0.976, "score": 0.979, "mean": 0.978}, "965": {"rank": 0.977, "score": 0.98, "mean": 0.978}, "966": {"rank": 0.978, "score": 0.98, "mean": 0.979}, "967": {"rank": 0.979, "score": 0.981, "mean": 0.98}, "968": {"rank": 0.979, "score": 0.982, "mean": 0.98}, "969": {"rank": 0.98, "score": 0.982, "mean": 0.981}, "970": {"rank": 0.981, "score": 0.983, "mean": 0.982}, "971": {"rank": 0.982, "score": 0.984, "mean": 0.983}, "972": {"rank": 0.982, "score": 0.984, "mean": 0.983}, "973": {"rank": 0.983, "score": 0.985, "mean": 0.984}, "974": {"rank": 0.983, "score": 0.985, "mean": 0.984}, "975": {"rank": 0.984, "score": 0.986, "mean": 0.985}, "976": {"rank": 0.985, "score": 0.986, "mean": 0.985}, "977": {"rank": 0.985, "score": 0.987, "mean": 0.986}, "978": {"rank": 0.986, "score": 0.987, "mean": 0.987}, "979": {"rank": 0.987, "score": 0.988, "mean": 0.987}, "980": {"rank": 0.987, "score": 0.988, "mean": 0.988}, "981": {"rank": 0.988, "score": 0.989, "mean": 0.989}, "982": {"rank": 0.989, "score": 0.99, "mean": 0.989}, "983": {"rank": 0.989, "score": 0.99, "mean": 0.99}, "984": {"rank": 0.99, "score": 0.991, "mean": 0.991}, "985": {"rank": 0.991, "score": 0.991, "mean": 0.991}, "986": {"rank": 0.991, "score": 0.992, "mean": 0.992}, "987": {"rank": 0.992, "score": 0.993, "mean": 0.992}, "988": {"rank": 0.993, "score": 0.993, "mean": 0.993}, "989": {"rank": 0.994, "score": 0.994, "mean": 0.994}, "990": {"rank": 0.994, "score": 0.994, "mean": 0.994}, "991": {"rank": 0.995, "score": 0.995, "mean": 0.995}, "992": {"rank": 0.995, "score": 0.995, "mean": 0.995}, "993": {"rank": 0.996, "score": 0.996, "mean": 0.996}, "994": {"rank": 0.997, "score": 0.997, "mean": 0.997}, "995": {"rank": 0.997, "score": 0.997, "mean": 0.997}, "996": {"rank": 0.998, "score": 0.998, "mean": 0.998}, "997": {"rank": 0.998, "score": 0.998, "mean": 0.998}, "998": {"rank": 0.999, "score": 0.999, "mean": 0.999}, "999": {"rank": 1.0, "score": 1.0, "mean": 1.0}, "1000": {"rank": 1.0, "score": 1.0, "mean": 1.0}}