{"1": {"precision": 0.333, "weights": [{"dba": 1.0}]}, "2": {"precision": 0.4, "weights": [{"dba": 1.0}]}, "3": {"precision": 0.533, "weights": [{"dba": 1.0}]}, "4": {"precision": 0.733, "weights": [{"dba": 1.0}]}, "5": {"precision": 0.8, "weights": [{"dba": 1.0}]}, "6": {"precision": 0.933, "weights": [{"dba": 1.0}]}, "7": {"precision": 0.933, "weights": [{"dba": 1.0}]}, "8": {"precision": 0.933, "weights": [{"dba": 1.0}]}, "9": {"precision": 0.933, "weights": [{"dba": 1.0}]}, "10": {"precision": 0.933, "weights": [{"dba": 1.0}]}, "11": {"precision": 0.933, "weights": [{"dba": 1.0}]}, "12": {"precision": 0.933, "weights": [{"dba": 1.0}]}, "13": {"precision": 0.933, "weights": [{"dba": 1.0}]}, "14": {"precision": 0.933, "weights": [{"dba": 1.0}]}, "15": {"precision": 1.0, "weights": [{"dba": 1.0}]}}