{"0.0": {"mean": 0.353, "standard-deviation": 0.0, "1": 0.353, "2": 0.353, "3": 0.353, "4": 0.353, "5": 0.353, "6": 0.353, "7": 0.353, "8": 0.353, "9": 0.353, "10": 0.353}, "0.1": {"1": 0.247, "2": 0.247, "3": 0.247, "4": 0.247, "5": 0.247, "6": 0.247, "7": 0.247, "8": 0.247, "9": 0.267, "10": 0.247, "mean": 0.249, "standard-deviation": 0.006}, "0.2": {"1": 0.247, "2": 0.227, "3": 0.227, "4": 0.247, "5": 0.247, "6": 0.247, "7": 0.227, "8": 0.227, "9": 0.247, "10": 0.247, "mean": 0.239, "standard-deviation": 0.01}, "0.3": {"1": 0.247, "2": 0.227, "3": 0.247, "4": 0.247, "5": 0.247, "6": 0.227, "7": 0.227, "8": 0.227, "9": 0.247, "10": 0.227, "mean": 0.237, "standard-deviation": 0.01}, "0.4": {"1": 0.227, "2": 0.227, "3": 0.227, "4": 0.227, "5": 0.247, "6": 0.227, "7": 0.227, "8": 0.227, "9": 0.227, "10": 0.227, "mean": 0.229, "standard-deviation": 0.006}, "0.5": {"1": 0.227, "2": 0.227, "3": 0.227, "4": 0.227, "5": 0.227, "6": 0.227, "7": 0.227, "8": 0.227, "9": 0.227, "10": 0.227, "mean": 0.227, "standard-deviation": 0.0}, "0.6": {"1": 0.227, "2": 0.227, "3": 0.227, "4": 0.247, "5": 0.227, "6": 0.247, "7": 0.227, "8": 0.227, "9": 0.227, "10": 0.227, "mean": 0.231, "standard-deviation": 0.008}, "0.7": {"1": 0.227, "2": 0.273, "3": 0.227, "4": 0.227, "5": 0.227, "6": 0.227, "7": 0.227, "8": 0.267, "9": 0.227, "10": 0.227, "mean": 0.236, "standard-deviation": 0.017}, "0.8": {"1": 0.227, "2": 0.227, "3": 0.227, "4": 0.227, "5": 0.273, "6": 0.227, "7": 0.227, "8": 0.227, "9": 0.227, "10": 0.227, "mean": 0.232, "standard-deviation": 0.014}, "0.9": {"1": 0.227, "2": 0.227, "3": 0.227, "4": 0.247, "5": 0.227, "6": 0.227, "7": 0.227, "8": 0.227, "9": 0.227, "10": 0.227, "mean": 0.229, "standard-deviation": 0.006}, "1.0": {"1": 0.227, "2": 0.247, "3": 0.227, "4": 0.227, "5": 0.227, "6": 0.227, "7": 0.273, "8": 0.247, "9": 0.227, "10": 0.273, "mean": 0.24, "standard-deviation": 0.018}, "2.0": {"1": 0.227, "2": 0.273, "3": 0.253, "4": 0.273, "5": 0.207, "6": 0.227, "7": 0.273, "8": 0.227, "9": 0.207, "10": 0.207, "mean": 0.237, "standard-deviation": 0.027}, "3.0": {"1": 0.227, "2": 0.3, "3": 0.227, "4": 0.293, "5": 0.273, "6": 0.247, "7": 0.273, "8": 0.253, "9": 0.247, "10": 0.227, "mean": 0.257, "standard-deviation": 0.026}, "4.0": {"1": 0.207, "2": 0.16, "3": 0.18, "4": 0.207, "5": 0.18, "6": 0.273, "7": 0.207, "8": 0.253, "9": 0.207, "10": 0.253, "mean": 0.213, "standard-deviation": 0.035}, "5.0": {"1": 0.207, "2": 0.227, "3": 0.227, "4": 0.207, "5": 0.16, "6": 0.273, "7": 0.273, "8": 0.16, "9": 0.133, "10": 0.227, "mean": 0.209, "standard-deviation": 0.044}, "6.0": {"1": 0.113, "2": 0.253, "3": 0.16, "4": 0.253, "5": 0.16, "6": 0.207, "7": 0.3, "8": 0.227, "9": 0.207, "10": 0.113, "mean": 0.199, "standard-deviation": 0.059}, "7.0": {"1": 0.207, "2": 0.273, "3": 0.18, "4": 0.22, "5": 0.113, "6": 0.16, "7": 0.273, "8": 0.207, "9": 0.133, "10": 0.207, "mean": 0.197, "standard-deviation": 0.05}, "8.0": {"1": 0.18, "2": 0.113, "3": 0.113, "4": 0.253, "5": 0.133, "6": 0.18, "7": 0.207, "8": 0.113, "9": 0.16, "10": 0.113, "mean": 0.157, "standard-deviation": 0.046}, "9.0": {"1": 0.16, "2": 0.16, "3": 0.207, "4": 0.18, "5": 0.253, "6": 0.113, "7": 0.227, "8": 0.113, "9": 0.16, "10": 0.113, "mean": 0.169, "standard-deviation": 0.047}, "10.0": {"1": 0.207, "2": 0.16, "3": 0.113, "4": 0.093, "5": 0.133, "6": 0.067, "7": 0.16, "8": 0.16, "9": 0.133, "10": 0.113, "mean": 0.134, "standard-deviation": 0.038}, "11.0": {"1": 0.207, "2": 0.113, "3": 0.067, "4": 0.133, "5": 0.16, "6": 0.113, "7": 0.113, "8": 0.227, "9": 0.113, "10": 0.207, "mean": 0.145, "standard-deviation": 0.05}, "12.0": {"1": 0.067, "2": 0.113, "3": 0.14, "4": 0.093, "5": 0.113, "6": 0.093, "7": 0.093, "8": 0.113, "9": 0.067, "10": 0.113, "mean": 0.101, "standard-deviation": 0.021}, "13.0": {"1": 0.067, "2": 0.113, "3": 0.113, "4": 0.113, "5": 0.087, "6": 0.067, "7": 0.16, "8": 0.133, "9": 0.113, "10": 0.113, "mean": 0.108, "standard-deviation": 0.027}, "14.0": {"1": 0.067, "2": 0.16, "3": 0.093, "4": 0.133, "5": 0.187, "6": 0.133, "7": 0.067, "8": 0.133, "9": 0.067, "10": 0.047, "mean": 0.109, "standard-deviation": 0.045}, "15.0": {"1": 0.067, "2": 0.18, "3": 0.067, "4": 0.067, "5": 0.14, "6": 0.18, "7": 0.113, "8": 0.133, "9": 0.16, "10": 0.113, "mean": 0.122, "standard-deviation": 0.042}}