{"rank": {"bvp": [0, 12, 7, 6, 2, 3, 1, 4, 0, 2, 8, 5, 1, 0, 1], "eda": [9, 8, 6, 13, 10, 7, 7, 14, 3, 1, 7, 0, 4, 8, 9], "temp": [4, 8, 3, 13, 3, 14, 1, 3, 9, 11, 13, 0, 2, 5, 1], "acc": [13, 1, 10, 2, 9, 10, 2, 14, 6, 12, 5, 11, 7, 0, 3], "bvp+eda": [3, 11, 4, 11, 5, 5, 3, 10, 0, 0, 8, 1, 1, 3, 5], "bvp+temp": [2, 12, 6, 12, 1, 9, 0, 2, 3, 7, 11, 0, 0, 1, 0], "bvp+acc": [6, 5, 10, 3, 6, 5, 1, 11, 0, 6, 6, 8, 3, 0, 0], "eda+temp": [5, 7, 3, 14, 5, 12, 1, 10, 5, 5, 13, 0, 1, 6, 4], "eda+acc": [13, 2, 9, 9, 12, 11, 2, 14, 3, 7, 5, 5, 5, 2, 5], "temp+acc": [9, 3, 6, 9, 6, 13, 1, 11, 10, 13, 12, 6, 3, 1, 1], "bvp+eda+temp": [3, 11, 3, 14, 2, 9, 0, 7, 2, 3, 11, 0, 0, 1, 2], "bvp+eda+acc": [7, 8, 10, 7, 6, 6, 1, 14, 0, 3, 7, 2, 2, 1, 0], "bvp+temp+acc": [5, 8, 7, 6, 4, 10, 0, 7, 2, 10, 12, 4, 1, 0, 0], "eda+temp+acc": [11, 4, 6, 12, 7, 13, 0, 13, 5, 10, 11, 1, 2, 1, 1], "bvp+eda+temp+acc": [4, 7, 4, 10, 3, 9, 0, 13, 1, 5, 10, 1, 1, 1, 0]}, "score": {"bvp": [0, 12, 7, 6, 2, 3, 1, 4, 0, 2, 8, 5, 1, 0, 1], "eda": [9, 8, 6, 13, 10, 7, 7, 14, 3, 1, 7, 0, 4, 8, 9], "temp": [4, 8, 3, 13, 3, 14, 1, 3, 9, 11, 13, 0, 2, 5, 1], "acc": [13, 1, 10, 2, 9, 10, 2, 14, 6, 12, 5, 11, 7, 0, 3], "bvp+eda": [3, 11, 5, 9, 2, 5, 2, 10, 0, 1, 4, 0, 3, 1, 3], "bvp+temp": [2, 10, 6, 10, 2, 12, 0, 1, 2, 6, 9, 0, 0, 1, 0], "bvp+acc": [5, 5, 9, 4, 3, 5, 0, 5, 0, 6, 6, 4, 2, 0, 0], "eda+temp": [4, 7, 3, 14, 5, 13, 1, 11, 5, 3, 12, 0, 1, 7, 5], "eda+acc": [12, 4, 7, 10, 10, 10, 5, 14, 4, 3, 4, 0, 6, 1, 7], "temp+acc": [10, 3, 6, 9, 5, 14, 1, 9, 6, 12, 12, 1, 3, 2, 1], "bvp+eda+temp": [3, 10, 3, 13, 2, 11, 0, 6, 1, 2, 9, 0, 1, 1, 3], "bvp+eda+acc": [7, 8, 6, 8, 2, 4, 2, 11, 0, 3, 4, 1, 2, 0, 4], "bvp+temp+acc": [2, 8, 8, 9, 3, 12, 0, 4, 2, 10, 7, 1, 0, 0, 0], "eda+temp+acc": [8, 5, 5, 13, 7, 14, 1, 13, 5, 6, 11, 0, 1, 2, 4], "bvp+eda+temp+acc": [3, 8, 5, 12, 2, 13, 0, 9, 1, 5, 9, 0, 0, 1, 1]}}