{"1001": {"1001": {"mean": {"bvp": 0.2941, "eda": 3.1421, "acc_x": 1.8833, "acc_y": 1.5803, "acc_z": 2.1042, "temp": 2.6099}, "min": {"bvp": 0.2827, "eda": 2.7565, "acc_x": 1.6418, "acc_y": 1.4583, "acc_z": 1.777, "temp": 2.0727}}, "1002": {"mean": {"bvp": 0.7195, "eda": 2.8576, "acc_x": 1.7884, "acc_y": 1.3455, "acc_z": 1.4486, "temp": 2.2663}, "min": {"bvp": 0.6571, "eda": 2.5761, "acc_x": 1.6831, "acc_y": 1.2757, "acc_z": 1.2132, "temp": 1.9519}}, "1003": {"mean": {"bvp": 0.5438, "eda": 2.577, "acc_x": 1.8775, "acc_y": 1.6375, "acc_z": 1.7137, "temp": 1.9456}, "min": {"bvp": 0.5168, "eda": 2.1718, "acc_x": 1.7823, "acc_y": 1.5619, "acc_z": 1.502, "temp": 1.5987}}, "1004": {"mean": {"bvp": 0.6778, "eda": 2.9206, "acc_x": 1.9794, "acc_y": 1.7723, "acc_z": 1.7917, "temp": 2.4807}, "min": {"bvp": 0.5563, "eda": 2.5995, "acc_x": 1.8407, "acc_y": 1.6128, "acc_z": 1.4112, "temp": 2.2303}}, "1005": {"mean": {"bvp": 1.2965, "eda": 3.1892, "acc_x": 2.203, "acc_y": 1.1876, "acc_z": 1.6623, "temp": 2.0683}, "min": {"bvp": 1.1951, "eda": 2.7467, "acc_x": 2.0469, "acc_y": 1.1683, "acc_z": 1.5065, "temp": 1.7655}}, "1006": {"mean": {"bvp": 0.6359, "eda": 2.5745, "acc_x": 2.2924, "acc_y": 1.3656, "acc_z": 2.1479, "temp": 2.4356}, "min": {"bvp": 0.5008, "eda": 2.2117, "acc_x": 2.2862, "acc_y": 1.3008, "acc_z": 1.7688, "temp": 2.097}}, "1007": {"mean": {"bvp": 0.3478, "eda": 3.0189, "acc_x": 2.0022, "acc_y": 1.2224, "acc_z": 1.6946, "temp": 2.2956}, "min": {"bvp": 0.2843, "eda": 2.6781, "acc_x": 1.8803, "acc_y": 1.102, "acc_z": 1.586, "temp": 1.7924}}, "1008": {"mean": {"bvp": 0.3856, "eda": 2.8748, "acc_x": 1.9458, "acc_y": 1.4279, "acc_z": 1.5564, "temp": 2.2421}, "min": {"bvp": 0.3698, "eda": 2.5448, "acc_x": 1.8555, "acc_y": 1.3226, "acc_z": 1.265, "temp": 1.8627}}, "1009": {"mean": {"bvp": 0.4486, "eda": 2.9827, "acc_x": 2.1004, "acc_y": 1.4898, "acc_z": 1.7637, "temp": 2.3949}, "min": {"bvp": 0.3706, "eda": 2.6537, "acc_x": 1.9427, "acc_y": 1.4481, "acc_z": 1.5096, "temp": 2.1608}}, "1010": {"mean": {"bvp": 0.5002, "eda": 3.1789, "acc_x": 2.0834, "acc_y": 1.5964, "acc_z": 1.8706, "temp": 2.6508}, "min": {"bvp": 0.4453, "eda": 2.7857, "acc_x": 1.9235, "acc_y": 1.5516, "acc_z": 1.6792, "temp": 2.3443}}, "1011": {"mean": {"bvp": 0.5909, "eda": 2.8329, "acc_x": 1.7393, "acc_y": 1.5092, "acc_z": 1.9499, "temp": 2.7841}, "min": {"bvp": 0.5339, "eda": 2.3053, "acc_x": 1.5602, "acc_y": 1.3777, "acc_z": 1.7539, "temp": 2.3885}}, "1012": {"mean": {"bvp": 0.6411, "eda": 2.5653, "acc_x": 1.9, "acc_y": 1.6627, "acc_z": 1.7332, "temp": 2.0922}, "min": {"bvp": 0.5144, "eda": 2.2601, "acc_x": 1.8414, "acc_y": 1.5927, "acc_z": 1.5558, "temp": 1.8506}}, "1013": {"mean": {"bvp": 0.2994, "eda": 2.6188, "acc_x": 1.7243, "acc_y": 1.592, "acc_z": 1.7865, "temp": 2.5409}, "min": {"bvp": 0.282, "eda": 2.2395, "acc_x": 1.6414, "acc_y": 1.5109, "acc_z": 1.5515, "temp": 2.1089}}, "1014": {"mean": {"bvp": 0.7174, "eda": 2.4535, "acc_x": 1.7118, "acc_y": 1.4446, "acc_z": 1.7604, "temp": 2.4518}, "min": {"bvp": 0.5255, "eda": 2.1207, "acc_x": 1.6449, "acc_y": 1.34, "acc_z": 1.5426, "temp": 2.0905}}, "1015": {"mean": {"bvp": 0.3772, "eda": 2.5678, "acc_x": 1.6161, "acc_y": 1.5694, "acc_z": 1.5369, "temp": 2.3731}, "min": {"bvp": 0.3085, "eda": 2.1187, "acc_x": 1.5358, "acc_y": 1.4983, "acc_z": 1.2499, "temp": 1.9186}}}, "1002": {"1001": {"mean": {"bvp": 0.3038, "eda": 3.1438, "acc_x": 1.7519, "acc_y": 1.6605, "acc_z": 1.9576, "temp": 2.935}, "min": {"bvp": 0.2828, "eda": 2.7248, "acc_x": 1.5159, "acc_y": 1.4752, "acc_z": 1.8597, "temp": 2.6282}}, "1002": {"mean": {"bvp": 0.6408, "eda": 2.7849, "acc_x": 1.9381, "acc_y": 1.3178, "acc_z": 1.3933, "temp": 2.4021}, "min": {"bvp": 0.587, "eda": 2.472, "acc_x": 1.7886, "acc_y": 1.2755, "acc_z": 1.3802, "temp": 2.1155}}, "1003": {"mean": {"bvp": 0.5615, "eda": 2.6161, "acc_x": 1.8349, "acc_y": 1.6264, "acc_z": 1.7088, "temp": 2.1342}, "min": {"bvp": 0.5266, "eda": 2.2452, "acc_x": 1.7404, "acc_y": 1.5114, "acc_z": 1.633, "temp": 1.9966}}, "1004": {"mean": {"bvp": 0.5639, "eda": 2.9165, "acc_x": 1.7968, "acc_y": 1.5776, "acc_z": 1.6442, "temp": 2.6506}, "min": {"bvp": 0.5362, "eda": 2.5699, "acc_x": 1.6162, "acc_y": 1.4458, "acc_z": 1.5128, "temp": 2.3831}}, "1005": {"mean": {"bvp": 1.2378, "eda": 3.2216, "acc_x": 2.0552, "acc_y": 1.319, "acc_z": 1.6911, "temp": 2.2515}, "min": {"bvp": 0.9208, "eda": 2.7883, "acc_x": 1.9314, "acc_y": 1.1893, "acc_z": 1.6404, "temp": 2.1136}}, "1006": {"mean": {"bvp": 0.5172, "eda": 2.5556, "acc_x": 2.2422, "acc_y": 1.3925, "acc_z": 1.9258, "temp": 2.6023}, "min": {"bvp": 0.4623, "eda": 2.2446, "acc_x": 2.1632, "acc_y": 1.2232, "acc_z": 1.7571, "temp": 2.1893}}, "1007": {"mean": {"bvp": 0.397, "eda": 2.9937, "acc_x": 1.9561, "acc_y": 1.312, "acc_z": 1.7137, "temp": 2.538}, "min": {"bvp": 0.3374, "eda": 2.6359, "acc_x": 1.8209, "acc_y": 1.2134, "acc_z": 1.6929, "temp": 2.2766}}, "1008": {"mean": {"bvp": 0.404, "eda": 2.8625, "acc_x": 1.994, "acc_y": 1.5453, "acc_z": 1.492, "temp": 2.4578}, "min": {"bvp": 0.3969, "eda": 2.4754, "acc_x": 1.9063, "acc_y": 1.3164, "acc_z": 1.4321, "temp": 2.1626}}, "1009": {"mean": {"bvp": 0.4557, "eda": 2.9458, "acc_x": 1.9249, "acc_y": 1.483, "acc_z": 1.6737, "temp": 2.5898}, "min": {"bvp": 0.2985, "eda": 2.5741, "acc_x": 1.7765, "acc_y": 1.34, "acc_z": 1.612, "temp": 2.3929}}, "1010": {"mean": {"bvp": 0.4469, "eda": 3.168, "acc_x": 1.9132, "acc_y": 1.5872, "acc_z": 1.8413, "temp": 2.8526}, "min": {"bvp": 0.3888, "eda": 2.754, "acc_x": 1.7655, "acc_y": 1.4278, "acc_z": 1.7924, "temp": 2.7096}}, "1011": {"mean": {"bvp": 0.6159, "eda": 2.9209, "acc_x": 1.6127, "acc_y": 1.5668, "acc_z": 1.8882, "temp": 3.0207}, "min": {"bvp": 0.5427, "eda": 2.5423, "acc_x": 1.4676, "acc_y": 1.3732, "acc_z": 1.8663, "temp": 2.7985}}, "1012": {"mean": {"bvp": 0.5164, "eda": 2.5428, "acc_x": 2.0527, "acc_y": 1.4996, "acc_z": 1.7248, "temp": 2.2136}, "min": {"bvp": 0.4673, "eda": 2.177, "acc_x": 1.8973, "acc_y": 1.393, "acc_z": 1.6851, "temp": 2.0481}}, "1013": {"mean": {"bvp": 0.3327, "eda": 2.5937, "acc_x": 1.6309, "acc_y": 1.6319, "acc_z": 1.7479, "temp": 2.7846}, "min": {"bvp": 0.3179, "eda": 2.2393, "acc_x": 1.5687, "acc_y": 1.5102, "acc_z": 1.6623, "temp": 2.3391}}, "1014": {"mean": {"bvp": 0.4837, "eda": 2.4628, "acc_x": 1.4702, "acc_y": 1.3563, "acc_z": 1.6325, "temp": 2.6778}, "min": {"bvp": 0.4188, "eda": 2.1478, "acc_x": 1.4428, "acc_y": 1.2042, "acc_z": 1.5961, "temp": 2.3809}}, "1015": {"mean": {"bvp": 0.3156, "eda": 2.6221, "acc_x": 1.592, "acc_y": 1.6278, "acc_z": 1.4673, "temp": 2.609}, "min": {"bvp": 0.2819, "eda": 2.2143, "acc_x": 1.5376, "acc_y": 1.331, "acc_z": 1.3682, "temp": 2.4386}}}, "1003": {"1001": {"mean": {"bvp": 0.3498, "eda": 2.7924, "acc_x": 1.7769, "acc_y": 1.4687, "acc_z": 1.9726, "temp": 3.0889}, "min": {"bvp": 0.321, "eda": 2.3314, "acc_x": 1.5366, "acc_y": 1.3899, "acc_z": 1.8558, "temp": 2.2862}}, "1002": {"mean": {"bvp": 0.6415, "eda": 2.5101, "acc_x": 1.91, "acc_y": 1.2491, "acc_z": 1.3904, "temp": 2.782}, "min": {"bvp": 0.5912, "eda": 2.2118, "acc_x": 1.7625, "acc_y": 1.1589, "acc_z": 1.2356, "temp": 2.126}}, "1003": {"mean": {"bvp": 0.564, "eda": 2.3268, "acc_x": 1.901, "acc_y": 1.5433, "acc_z": 1.7155, "temp": 2.5285}, "min": {"bvp": 0.5461, "eda": 1.8203, "acc_x": 1.6594, "acc_y": 1.452, "acc_z": 1.5192, "temp": 2.0099}}, "1004": {"mean": {"bvp": 0.5802, "eda": 2.6223, "acc_x": 1.859, "acc_y": 1.5608, "acc_z": 1.7423, "temp": 3.1285}, "min": {"bvp": 0.5433, "eda": 2.2547, "acc_x": 1.5952, "acc_y": 1.4932, "acc_z": 1.4717, "temp": 2.7091}}, "1005": {"mean": {"bvp": 0.9592, "eda": 2.7826, "acc_x": 2.0632, "acc_y": 1.1031, "acc_z": 1.6266, "temp": 2.5464}, "min": {"bvp": 0.7757, "eda": 2.2203, "acc_x": 1.8716, "acc_y": 1.0417, "acc_z": 1.5596, "temp": 1.9695}}, "1006": {"mean": {"bvp": 0.5621, "eda": 2.2914, "acc_x": 2.4309, "acc_y": 1.3131, "acc_z": 1.9921, "temp": 2.7885}, "min": {"bvp": 0.476, "eda": 2.0278, "acc_x": 2.1635, "acc_y": 1.2263, "acc_z": 1.8053, "temp": 1.8941}}, "1007": {"mean": {"bvp": 0.3497, "eda": 2.6774, "acc_x": 2.028, "acc_y": 1.1142, "acc_z": 1.6494, "temp": 2.7318}, "min": {"bvp": 0.2824, "eda": 2.3462, "acc_x": 1.7726, "acc_y": 1.0347, "acc_z": 1.5368, "temp": 2.064}}, "1008": {"mean": {"bvp": 0.4105, "eda": 2.549, "acc_x": 2.0387, "acc_y": 1.3396, "acc_z": 1.5019, "temp": 2.6658}, "min": {"bvp": 0.3869, "eda": 2.09, "acc_x": 1.7463, "acc_y": 1.2307, "acc_z": 1.33, "temp": 1.9117}}, "1009": {"mean": {"bvp": 0.3424, "eda": 2.6259, "acc_x": 2.0503, "acc_y": 1.33, "acc_z": 1.7783, "temp": 2.9217}, "min": {"bvp": 0.3005, "eda": 2.2042, "acc_x": 1.7869, "acc_y": 1.227, "acc_z": 1.6244, "temp": 2.4566}}, "1010": {"mean": {"bvp": 0.4882, "eda": 2.7197, "acc_x": 1.9603, "acc_y": 1.4676, "acc_z": 1.8044, "temp": 3.1713}, "min": {"bvp": 0.4085, "eda": 2.3329, "acc_x": 1.7184, "acc_y": 1.4016, "acc_z": 1.7981, "temp": 2.6746}}, "1011": {"mean": {"bvp": 0.5545, "eda": 2.5959, "acc_x": 1.6349, "acc_y": 1.3534, "acc_z": 1.8501, "temp": 3.2224}, "min": {"bvp": 0.5343, "eda": 1.9982, "acc_x": 1.4495, "acc_y": 1.3394, "acc_z": 1.7101, "temp": 2.6697}}, "1012": {"mean": {"bvp": 0.5725, "eda": 2.2639, "acc_x": 2.0828, "acc_y": 1.5198, "acc_z": 1.7372, "temp": 2.5359}, "min": {"bvp": 0.4829, "eda": 1.9255, "acc_x": 1.9886, "acc_y": 1.4181, "acc_z": 1.6421, "temp": 1.971}}, "1013": {"mean": {"bvp": 0.3361, "eda": 2.3227, "acc_x": 1.7357, "acc_y": 1.5142, "acc_z": 1.6738, "temp": 2.9519}, "min": {"bvp": 0.3109, "eda": 1.9038, "acc_x": 1.5942, "acc_y": 1.437, "acc_z": 1.6095, "temp": 2.2274}}, "1014": {"mean": {"bvp": 0.4779, "eda": 2.2544, "acc_x": 1.6359, "acc_y": 1.2889, "acc_z": 1.7487, "temp": 2.8889}, "min": {"bvp": 0.3831, "eda": 1.9062, "acc_x": 1.3653, "acc_y": 1.1409, "acc_z": 1.5486, "temp": 2.0946}}, "1015": {"mean": {"bvp": 0.3779, "eda": 2.2725, "acc_x": 1.6984, "acc_y": 1.4017, "acc_z": 1.4985, "temp": 2.7712}, "min": {"bvp": 0.3067, "eda": 1.6815, "acc_x": 1.4884, "acc_y": 1.3366, "acc_z": 1.4175, "temp": 2.1414}}}, "1004": {"1001": {"mean": {"bvp": 0.3982, "eda": 2.6363, "acc_x": 2.1604, "acc_y": 1.4922, "acc_z": 1.9233, "temp": 2.8626}, "min": {"bvp": 0.3584, "eda": 2.3874, "acc_x": 2.0061, "acc_y": 1.316, "acc_z": 1.7343, "temp": 2.1719}}, "1002": {"mean": {"bvp": 0.6345, "eda": 2.3943, "acc_x": 1.9413, "acc_y": 1.3753, "acc_z": 1.3295, "temp": 2.4836}, "min": {"bvp": 0.6074, "eda": 2.1572, "acc_x": 1.8075, "acc_y": 1.2792, "acc_z": 1.1959, "temp": 2.0427}}, "1003": {"mean": {"bvp": 0.6747, "eda": 2.1552, "acc_x": 1.9466, "acc_y": 1.5486, "acc_z": 1.6735, "temp": 2.1695}, "min": {"bvp": 0.5761, "eda": 1.9532, "acc_x": 1.7397, "acc_y": 1.3762, "acc_z": 1.4911, "temp": 1.9565}}, "1004": {"mean": {"bvp": 0.5195, "eda": 2.4606, "acc_x": 1.9942, "acc_y": 1.6016, "acc_z": 1.5601, "temp": 2.4921}, "min": {"bvp": 0.5165, "eda": 2.1875, "acc_x": 1.8927, "acc_y": 1.4954, "acc_z": 1.4518, "temp": 2.2345}}, "1005": {"mean": {"bvp": 1.4352, "eda": 2.631, "acc_x": 2.2168, "acc_y": 1.1967, "acc_z": 1.7539, "temp": 2.2748}, "min": {"bvp": 1.197, "eda": 2.295, "acc_x": 2.1032, "acc_y": 1.0689, "acc_z": 1.519, "temp": 1.8908}}, "1006": {"mean": {"bvp": 0.4434, "eda": 2.122, "acc_x": 2.4374, "acc_y": 1.3627, "acc_z": 1.8031, "temp": 2.6289}, "min": {"bvp": 0.4285, "eda": 1.9082, "acc_x": 2.2197, "acc_y": 1.3311, "acc_z": 1.7193, "temp": 2.0526}}, "1007": {"mean": {"bvp": 0.5465, "eda": 2.5345, "acc_x": 2.2429, "acc_y": 1.1691, "acc_z": 1.8245, "temp": 2.4873}, "min": {"bvp": 0.3808, "eda": 2.3086, "acc_x": 2.0234, "acc_y": 1.1248, "acc_z": 1.5481, "temp": 1.9118}}, "1008": {"mean": {"bvp": 0.541, "eda": 2.4015, "acc_x": 2.2961, "acc_y": 1.3786, "acc_z": 1.4802, "temp": 2.4825}, "min": {"bvp": 0.4863, "eda": 2.1438, "acc_x": 1.9866, "acc_y": 1.2963, "acc_z": 1.3444, "temp": 2.0095}}, "1009": {"mean": {"bvp": 0.6291, "eda": 2.4802, "acc_x": 2.3083, "acc_y": 1.417, "acc_z": 1.664, "temp": 2.6038}, "min": {"bvp": 0.4063, "eda": 2.2549, "acc_x": 1.9793, "acc_y": 1.2449, "acc_z": 1.5236, "temp": 2.3736}}, "1010": {"mean": {"bvp": 0.432, "eda": 2.61, "acc_x": 2.1942, "acc_y": 1.5016, "acc_z": 1.8678, "temp": 2.7307}, "min": {"bvp": 0.4273, "eda": 2.3125, "acc_x": 2.0081, "acc_y": 1.4025, "acc_z": 1.6254, "temp": 2.4214}}, "1011": {"mean": {"bvp": 0.751, "eda": 2.3587, "acc_x": 1.7967, "acc_y": 1.3981, "acc_z": 1.8891, "temp": 2.9714}, "min": {"bvp": 0.609, "eda": 2.0734, "acc_x": 1.5854, "acc_y": 1.3083, "acc_z": 1.6622, "temp": 2.5216}}, "1012": {"mean": {"bvp": 0.4612, "eda": 2.1641, "acc_x": 2.2044, "acc_y": 1.5665, "acc_z": 1.7176, "temp": 2.3496}, "min": {"bvp": 0.4207, "eda": 1.9714, "acc_x": 2.0007, "acc_y": 1.439, "acc_z": 1.4617, "temp": 2.1206}}, "1013": {"mean": {"bvp": 0.4763, "eda": 2.2208, "acc_x": 1.6554, "acc_y": 1.5972, "acc_z": 1.825, "temp": 2.5706}, "min": {"bvp": 0.4048, "eda": 2.0427, "acc_x": 1.5308, "acc_y": 1.4874, "acc_z": 1.5645, "temp": 2.2099}}, "1014": {"mean": {"bvp": 0.3827, "eda": 2.0824, "acc_x": 1.6858, "acc_y": 1.2887, "acc_z": 1.6326, "temp": 2.7273}, "min": {"bvp": 0.3211, "eda": 1.9228, "acc_x": 1.4101, "acc_y": 1.1428, "acc_z": 1.4725, "temp": 2.2305}}, "1015": {"mean": {"bvp": 0.3103, "eda": 2.0757, "acc_x": 1.8867, "acc_y": 1.4754, "acc_z": 1.4826, "temp": 2.6628}, "min": {"bvp": 0.2909, "eda": 1.81, "acc_x": 1.6216, "acc_y": 1.4344, "acc_z": 1.3382, "temp": 2.2726}}}, "1005": {"1001": {"mean": {"bvp": 0.6199, "eda": 2.8593, "acc_x": 2.1484, "acc_y": 1.7274, "acc_z": 2.0137, "temp": 2.8361}, "min": {"bvp": 0.4167, "eda": 2.37, "acc_x": 1.871, "acc_y": 1.6109, "acc_z": 1.9696, "temp": 2.6479}}, "1002": {"mean": {"bvp": 1.0554, "eda": 2.574, "acc_x": 2.2921, "acc_y": 1.3902, "acc_z": 1.3542, "temp": 2.7654}, "min": {"bvp": 0.7499, "eda": 2.2367, "acc_x": 1.951, "acc_y": 1.2623, "acc_z": 1.2805, "temp": 2.5607}}, "1003": {"mean": {"bvp": 0.7, "eda": 2.3312, "acc_x": 2.0855, "acc_y": 1.6937, "acc_z": 1.6013, "temp": 2.5102}, "min": {"bvp": 0.6479, "eda": 1.9018, "acc_x": 1.9674, "acc_y": 1.5859, "acc_z": 1.5507, "temp": 2.1013}}, "1004": {"mean": {"bvp": 1.0392, "eda": 2.6373, "acc_x": 2.0466, "acc_y": 1.678, "acc_z": 1.625, "temp": 2.8155}, "min": {"bvp": 0.6204, "eda": 2.1986, "acc_x": 1.8349, "acc_y": 1.5285, "acc_z": 1.5575, "temp": 2.7364}}, "1005": {"mean": {"bvp": 0.7434, "eda": 2.8658, "acc_x": 2.2681, "acc_y": 1.3863, "acc_z": 1.621, "temp": 2.4429}, "min": {"bvp": 0.6967, "eda": 2.2876, "acc_x": 2.0799, "acc_y": 1.2891, "acc_z": 1.538, "temp": 2.1677}}, "1006": {"mean": {"bvp": 1.0716, "eda": 2.3183, "acc_x": 2.7679, "acc_y": 1.392, "acc_z": 1.9977, "temp": 2.8366}, "min": {"bvp": 0.6495, "eda": 1.9547, "acc_x": 2.2623, "acc_y": 1.2648, "acc_z": 1.9308, "temp": 2.5324}}, "1007": {"mean": {"bvp": 0.5017, "eda": 2.7481, "acc_x": 2.2979, "acc_y": 1.2387, "acc_z": 1.65, "temp": 2.6059}, "min": {"bvp": 0.4594, "eda": 2.344, "acc_x": 2.138, "acc_y": 1.1479, "acc_z": 1.524, "temp": 2.4354}}, "1008": {"mean": {"bvp": 0.5868, "eda": 2.6072, "acc_x": 2.4698, "acc_y": 1.4916, "acc_z": 1.4293, "temp": 2.6499}, "min": {"bvp": 0.4869, "eda": 2.1665, "acc_x": 2.1434, "acc_y": 1.4419, "acc_z": 1.3507, "temp": 2.3897}}, "1009": {"mean": {"bvp": 0.5382, "eda": 2.7093, "acc_x": 2.304, "acc_y": 1.5855, "acc_z": 1.6689, "temp": 2.7109}, "min": {"bvp": 0.4319, "eda": 2.2992, "acc_x": 2.1259, "acc_y": 1.4294, "acc_z": 1.6452, "temp": 2.4729}}, "1010": {"mean": {"bvp": 0.884, "eda": 2.8717, "acc_x": 2.1802, "acc_y": 1.5878, "acc_z": 1.8078, "temp": 2.9151}, "min": {"bvp": 0.5913, "eda": 2.3731, "acc_x": 1.9638, "acc_y": 1.472, "acc_z": 1.703, "temp": 2.7982}}, "1011": {"mean": {"bvp": 0.6511, "eda": 2.5245, "acc_x": 1.8366, "acc_y": 1.6427, "acc_z": 1.8753, "temp": 2.9137}, "min": {"bvp": 0.5913, "eda": 1.9508, "acc_x": 1.6726, "acc_y": 1.505, "acc_z": 1.8077, "temp": 2.8605}}, "1012": {"mean": {"bvp": 1.1151, "eda": 2.3271, "acc_x": 2.5325, "acc_y": 1.6318, "acc_z": 1.6751, "temp": 2.5752}, "min": {"bvp": 0.6937, "eda": 1.968, "acc_x": 2.0601, "acc_y": 1.5071, "acc_z": 1.6663, "temp": 2.1932}}, "1013": {"mean": {"bvp": 0.5473, "eda": 2.3575, "acc_x": 1.8844, "acc_y": 1.7055, "acc_z": 1.7592, "temp": 2.6601}, "min": {"bvp": 0.4415, "eda": 1.9704, "acc_x": 1.712, "acc_y": 1.5871, "acc_z": 1.7273, "temp": 2.4274}}, "1014": {"mean": {"bvp": 1.2038, "eda": 2.2334, "acc_x": 1.9184, "acc_y": 1.4006, "acc_z": 1.7362, "temp": 2.7545}, "min": {"bvp": 0.6121, "eda": 1.9086, "acc_x": 1.7376, "acc_y": 1.2879, "acc_z": 1.6963, "temp": 2.6462}}, "1015": {"mean": {"bvp": 0.8835, "eda": 2.2801, "acc_x": 1.9713, "acc_y": 1.6537, "acc_z": 1.4809, "temp": 2.6214}, "min": {"bvp": 0.5678, "eda": 1.769, "acc_x": 1.6872, "acc_y": 1.528, "acc_z": 1.3877, "temp": 2.4603}}}, "1006": {"1001": {"mean": {"bvp": 0.3451, "eda": 2.8851, "acc_x": 1.8214, "acc_y": 1.6007, "acc_z": 2.0039, "temp": 2.5504}, "min": {"bvp": 0.3318, "eda": 2.4562, "acc_x": 1.4072, "acc_y": 1.4574, "acc_z": 1.9575, "temp": 2.2865}}, "1002": {"mean": {"bvp": 0.6257, "eda": 2.5663, "acc_x": 1.7594, "acc_y": 1.4003, "acc_z": 1.2059, "temp": 2.2497}, "min": {"bvp": 0.5925, "eda": 2.2301, "acc_x": 1.6267, "acc_y": 1.2591, "acc_z": 1.0926, "temp": 2.0504}}, "1003": {"mean": {"bvp": 0.6863, "eda": 2.4585, "acc_x": 1.746, "acc_y": 1.666, "acc_z": 1.6364, "temp": 1.9683}, "min": {"bvp": 0.6381, "eda": 2.0411, "acc_x": 1.5312, "acc_y": 1.6528, "acc_z": 1.6024, "temp": 1.7372}}, "1004": {"mean": {"bvp": 0.5338, "eda": 2.6778, "acc_x": 1.8229, "acc_y": 1.7312, "acc_z": 1.5514, "temp": 2.2074}, "min": {"bvp": 0.5035, "eda": 2.321, "acc_x": 1.4832, "acc_y": 1.69, "acc_z": 1.4628, "temp": 1.7219}}, "1005": {"mean": {"bvp": 1.4386, "eda": 2.9403, "acc_x": 2.0708, "acc_y": 1.2896, "acc_z": 1.741, "temp": 2.0279}, "min": {"bvp": 1.0443, "eda": 2.4716, "acc_x": 1.6467, "acc_y": 1.1305, "acc_z": 1.6594, "temp": 1.8202}}, "1006": {"mean": {"bvp": 0.4506, "eda": 2.2943, "acc_x": 2.228, "acc_y": 1.4523, "acc_z": 1.8176, "temp": 2.3256}, "min": {"bvp": 0.4232, "eda": 2.0205, "acc_x": 2.0498, "acc_y": 1.416, "acc_z": 1.7617, "temp": 2.0706}}, "1007": {"mean": {"bvp": 0.5782, "eda": 2.7279, "acc_x": 1.9738, "acc_y": 1.3181, "acc_z": 1.8005, "temp": 2.1742}, "min": {"bvp": 0.4529, "eda": 2.392, "acc_x": 1.7227, "acc_y": 1.1661, "acc_z": 1.6228, "temp": 1.949}}, "1008": {"mean": {"bvp": 0.4876, "eda": 2.6458, "acc_x": 1.9196, "acc_y": 1.5691, "acc_z": 1.4474, "temp": 2.1642}, "min": {"bvp": 0.4714, "eda": 2.2431, "acc_x": 1.7208, "acc_y": 1.3486, "acc_z": 1.3459, "temp": 1.9553}}, "1009": {"mean": {"bvp": 0.6507, "eda": 2.7093, "acc_x": 1.9655, "acc_y": 1.5212, "acc_z": 1.6242, "temp": 2.3686}, "min": {"bvp": 0.4154, "eda": 2.3195, "acc_x": 1.571, "acc_y": 1.4306, "acc_z": 1.5833, "temp": 2.1301}}, "1010": {"mean": {"bvp": 0.4327, "eda": 2.853, "acc_x": 1.9598, "acc_y": 1.6656, "acc_z": 1.9112, "temp": 2.4692}, "min": {"bvp": 0.3903, "eda": 2.4556, "acc_x": 1.506, "acc_y": 1.6204, "acc_z": 1.7475, "temp": 2.1328}}, "1011": {"mean": {"bvp": 0.7547, "eda": 2.6901, "acc_x": 1.5772, "acc_y": 1.5301, "acc_z": 1.9091, "temp": 2.6963}, "min": {"bvp": 0.5948, "eda": 2.2676, "acc_x": 1.3011, "acc_y": 1.3261, "acc_z": 1.7643, "temp": 2.4817}}, "1012": {"mean": {"bvp": 0.4621, "eda": 2.347, "acc_x": 1.9047, "acc_y": 1.6499, "acc_z": 1.6268, "temp": 2.1909}, "min": {"bvp": 0.4419, "eda": 2.0124, "acc_x": 1.7832, "acc_y": 1.5918, "acc_z": 1.5778, "temp": 2.0984}}, "1013": {"mean": {"bvp": 0.4122, "eda": 2.4529, "acc_x": 1.6306, "acc_y": 1.6794, "acc_z": 1.8001, "temp": 2.4677}, "min": {"bvp": 0.3918, "eda": 2.0596, "acc_x": 1.4251, "acc_y": 1.6255, "acc_z": 1.7364, "temp": 2.275}}, "1014": {"mean": {"bvp": 0.3617, "eda": 2.2835, "acc_x": 1.4649, "acc_y": 1.4282, "acc_z": 1.6618, "temp": 2.4546}, "min": {"bvp": 0.328, "eda": 1.9916, "acc_x": 1.1648, "acc_y": 1.3888, "acc_z": 1.6248, "temp": 2.276}}, "1015": {"mean": {"bvp": 0.2984, "eda": 2.4161, "acc_x": 1.5363, "acc_y": 1.6478, "acc_z": 1.4767, "temp": 2.4135}, "min": {"bvp": 0.2613, "eda": 1.937, "acc_x": 1.3356, "acc_y": 1.5813, "acc_z": 1.4368, "temp": 2.2946}}}, "1007": {"1001": {"mean": {"bvp": 0.313, "eda": 3.2217, "acc_x": 1.9777, "acc_y": 1.6825, "acc_z": 2.32, "temp": 3.2513}, "min": {"bvp": 0.3043, "eda": 2.7167, "acc_x": 1.7107, "acc_y": 1.5179, "acc_z": 1.8932, "temp": 2.6913}}, "1002": {"mean": {"bvp": 0.7068, "eda": 2.8832, "acc_x": 1.997, "acc_y": 1.2753, "acc_z": 1.9345, "temp": 2.6184}, "min": {"bvp": 0.6494, "eda": 2.468, "acc_x": 1.4958, "acc_y": 1.1791, "acc_z": 1.4894, "temp": 2.2348}}, "1003": {"mean": {"bvp": 0.5081, "eda": 2.6869, "acc_x": 1.9473, "acc_y": 1.5942, "acc_z": 2.1049, "temp": 2.5599}, "min": {"bvp": 0.5027, "eda": 2.2478, "acc_x": 1.7648, "acc_y": 1.537, "acc_z": 1.6598, "temp": 2.1187}}, "1004": {"mean": {"bvp": 0.6563, "eda": 2.9733, "acc_x": 1.9105, "acc_y": 1.5626, "acc_z": 2.2438, "temp": 3.1738}, "min": {"bvp": 0.5445, "eda": 2.5187, "acc_x": 1.7601, "acc_y": 1.4746, "acc_z": 1.7032, "temp": 2.7993}}, "1005": {"mean": {"bvp": 0.9819, "eda": 3.3175, "acc_x": 2.1287, "acc_y": 1.2869, "acc_z": 1.8563, "temp": 2.6093}, "min": {"bvp": 0.8642, "eda": 2.7872, "acc_x": 1.9173, "acc_y": 1.1951, "acc_z": 1.6232, "temp": 2.1605}}, "1006": {"mean": {"bvp": 0.6197, "eda": 2.6555, "acc_x": 2.5, "acc_y": 1.3939, "acc_z": 2.4828, "temp": 2.7386}, "min": {"bvp": 0.477, "eda": 2.1741, "acc_x": 2.1262, "acc_y": 1.2832, "acc_z": 1.9502, "temp": 2.2158}}, "1007": {"mean": {"bvp": 0.2818, "eda": 3.0739, "acc_x": 2.1484, "acc_y": 1.2452, "acc_z": 1.8529, "temp": 2.9087}, "min": {"bvp": 0.263, "eda": 2.6177, "acc_x": 1.9125, "acc_y": 1.1136, "acc_z": 1.6583, "temp": 2.4007}}, "1008": {"mean": {"bvp": 0.3997, "eda": 2.9388, "acc_x": 2.1928, "acc_y": 1.5468, "acc_z": 1.9604, "temp": 2.8018}, "min": {"bvp": 0.3791, "eda": 2.4675, "acc_x": 1.8442, "acc_y": 1.4015, "acc_z": 1.4999, "temp": 2.2268}}, "1009": {"mean": {"bvp": 0.3026, "eda": 3.0343, "acc_x": 2.0989, "acc_y": 1.5058, "acc_z": 2.0747, "temp": 3.0997}, "min": {"bvp": 0.2837, "eda": 2.5833, "acc_x": 1.7966, "acc_y": 1.3687, "acc_z": 1.6564, "temp": 2.6179}}, "1010": {"mean": {"bvp": 0.5099, "eda": 3.256, "acc_x": 2.049, "acc_y": 1.6202, "acc_z": 2.0825, "temp": 3.2705}, "min": {"bvp": 0.4548, "eda": 2.6999, "acc_x": 1.8602, "acc_y": 1.4249, "acc_z": 1.8321, "temp": 2.8672}}, "1011": {"mean": {"bvp": 0.5045, "eda": 3.0009, "acc_x": 1.7261, "acc_y": 1.5715, "acc_z": 2.2138, "temp": 3.5259}, "min": {"bvp": 0.4989, "eda": 2.4943, "acc_x": 1.4979, "acc_y": 1.4376, "acc_z": 1.8151, "temp": 3.0061}}, "1012": {"mean": {"bvp": 0.6238, "eda": 2.5951, "acc_x": 2.206, "acc_y": 1.5058, "acc_z": 2.0366, "temp": 2.4751}, "min": {"bvp": 0.4903, "eda": 2.1413, "acc_x": 1.8145, "acc_y": 1.4248, "acc_z": 1.7254, "temp": 2.0704}}, "1013": {"mean": {"bvp": 0.3194, "eda": 2.6692, "acc_x": 1.7604, "acc_y": 1.6708, "acc_z": 1.897, "temp": 3.4775}, "min": {"bvp": 0.2992, "eda": 2.2222, "acc_x": 1.5498, "acc_y": 1.5378, "acc_z": 1.7445, "temp": 2.7732}}, "1014": {"mean": {"bvp": 0.664, "eda": 2.5339, "acc_x": 1.5753, "acc_y": 1.3588, "acc_z": 2.0311, "temp": 2.9544}, "min": {"bvp": 0.4272, "eda": 2.1153, "acc_x": 1.3252, "acc_y": 1.2766, "acc_z": 1.6489, "temp": 2.4131}}, "1015": {"mean": {"bvp": 0.3941, "eda": 2.6951, "acc_x": 1.7891, "acc_y": 1.67, "acc_z": 1.8011, "temp": 3.0683}, "min": {"bvp": 0.3326, "eda": 2.1964, "acc_x": 1.5178, "acc_y": 1.5178, "acc_z": 1.4929, "temp": 2.5117}}}, "1008": {"1001": {"mean": {"bvp": 0.3114, "eda": 2.5336, "acc_x": 1.8648, "acc_y": 1.4127, "acc_z": 1.9189, "temp": 2.4857}, "min": {"bvp": 0.2582, "eda": 1.6799, "acc_x": 1.5609, "acc_y": 1.312, "acc_z": 1.6108, "temp": 2.1425}}, "1002": {"mean": {"bvp": 0.7203, "eda": 2.3973, "acc_x": 1.8111, "acc_y": 1.3291, "acc_z": 1.3865, "temp": 2.2758}, "min": {"bvp": 0.6735, "eda": 1.922, "acc_x": 1.4447, "acc_y": 1.218, "acc_z": 1.3282, "temp": 1.9369}}, "1003": {"mean": {"bvp": 0.5346, "eda": 2.1391, "acc_x": 1.8158, "acc_y": 1.5228, "acc_z": 1.6874, "temp": 2.0441}, "min": {"bvp": 0.5314, "eda": 1.4685, "acc_x": 1.7049, "acc_y": 1.3303, "acc_z": 1.6133, "temp": 1.5815}}, "1004": {"mean": {"bvp": 0.604, "eda": 2.3783, "acc_x": 1.8349, "acc_y": 1.6405, "acc_z": 1.6973, "temp": 2.5826}, "min": {"bvp": 0.5421, "eda": 1.7251, "acc_x": 1.6585, "acc_y": 1.3933, "acc_z": 1.5082, "temp": 1.9874}}, "1005": {"mean": {"bvp": 1.1015, "eda": 2.3764, "acc_x": 2.1022, "acc_y": 1.1421, "acc_z": 1.5375, "temp": 2.0744}, "min": {"bvp": 1.0019, "eda": 1.1652, "acc_x": 1.9355, "acc_y": 1.0959, "acc_z": 1.3359, "temp": 1.6313}}, "1006": {"mean": {"bvp": 0.5895, "eda": 2.2011, "acc_x": 2.3105, "acc_y": 1.4073, "acc_z": 1.9709, "temp": 2.3541}, "min": {"bvp": 0.5179, "eda": 1.825, "acc_x": 2.2947, "acc_y": 1.3, "acc_z": 1.7175, "temp": 1.9012}}, "1007": {"mean": {"bvp": 0.3187, "eda": 2.508, "acc_x": 1.9977, "acc_y": 1.3027, "acc_z": 1.6216, "temp": 2.3562}, "min": {"bvp": 0.2999, "eda": 1.883, "acc_x": 1.8529, "acc_y": 1.2534, "acc_z": 1.4619, "temp": 1.814}}, "1008": {"mean": {"bvp": 0.4076, "eda": 2.3169, "acc_x": 2.0491, "acc_y": 1.4516, "acc_z": 1.46, "temp": 2.2689}, "min": {"bvp": 0.3916, "eda": 1.5644, "acc_x": 2.0388, "acc_y": 1.2985, "acc_z": 1.3726, "temp": 1.7798}}, "1009": {"mean": {"bvp": 0.3484, "eda": 2.4292, "acc_x": 2.0198, "acc_y": 1.3401, "acc_z": 1.6979, "temp": 2.4865}, "min": {"bvp": 0.3106, "eda": 1.694, "acc_x": 1.8891, "acc_y": 1.2955, "acc_z": 1.5756, "temp": 1.967}}, "1010": {"mean": {"bvp": 0.4911, "eda": 2.4867, "acc_x": 2.0002, "acc_y": 1.6155, "acc_z": 1.7491, "temp": 2.7212}, "min": {"bvp": 0.4589, "eda": 1.5675, "acc_x": 1.8569, "acc_y": 1.476, "acc_z": 1.6347, "temp": 2.1745}}, "1011": {"mean": {"bvp": 0.5572, "eda": 2.2282, "acc_x": 1.6628, "acc_y": 1.3913, "acc_z": 1.8538, "temp": 2.8011}, "min": {"bvp": 0.5347, "eda": 1.2764, "acc_x": 1.5273, "acc_y": 1.3063, "acc_z": 1.7588, "temp": 2.208}}, "1012": {"mean": {"bvp": 0.6136, "eda": 2.1601, "acc_x": 1.9506, "acc_y": 1.5229, "acc_z": 1.6529, "temp": 2.0837}, "min": {"bvp": 0.5722, "eda": 1.7075, "acc_x": 1.6758, "acc_y": 1.3113, "acc_z": 1.5031, "temp": 1.7941}}, "1013": {"mean": {"bvp": 0.3183, "eda": 2.1694, "acc_x": 1.6273, "acc_y": 1.5371, "acc_z": 1.6751, "temp": 2.7216}, "min": {"bvp": 0.2998, "eda": 1.5862, "acc_x": 1.5402, "acc_y": 1.4465, "acc_z": 1.4692, "temp": 2.1158}}, "1014": {"mean": {"bvp": 0.5803, "eda": 2.1658, "acc_x": 1.5685, "acc_y": 1.2684, "acc_z": 1.711, "temp": 2.4141}, "min": {"bvp": 0.4394, "eda": 1.8161, "acc_x": 1.3825, "acc_y": 1.1053, "acc_z": 1.5018, "temp": 2.0487}}, "1015": {"mean": {"bvp": 0.3798, "eda": 2.0073, "acc_x": 1.6001, "acc_y": 1.5278, "acc_z": 1.4681, "temp": 2.4457}, "min": {"bvp": 0.3587, "eda": 1.1777, "acc_x": 1.5858, "acc_y": 1.3931, "acc_z": 1.3507, "temp": 1.9183}}}, "1009": {"1001": {"mean": {"bvp": 0.4202, "eda": 3.0585, "acc_x": 1.8646, "acc_y": 1.4551, "acc_z": 1.8812, "temp": 3.1322}, "min": {"bvp": 0.3644, "eda": 2.8828, "acc_x": 1.669, "acc_y": 1.4056, "acc_z": 1.8196, "temp": 2.2015}}, "1002": {"mean": {"bvp": 0.9454, "eda": 2.7037, "acc_x": 1.8269, "acc_y": 1.3795, "acc_z": 1.4446, "temp": 2.6325}, "min": {"bvp": 0.871, "eda": 2.5424, "acc_x": 1.6923, "acc_y": 1.3505, "acc_z": 1.2526, "temp": 2.1251}}, "1003": {"mean": {"bvp": 0.5169, "eda": 2.5175, "acc_x": 1.7758, "acc_y": 1.6061, "acc_z": 1.8529, "temp": 2.3998}, "min": {"bvp": 0.5113, "eda": 2.3116, "acc_x": 1.6741, "acc_y": 1.5554, "acc_z": 1.6076, "temp": 1.7737}}, "1004": {"mean": {"bvp": 1.0334, "eda": 2.8254, "acc_x": 1.8465, "acc_y": 1.7801, "acc_z": 1.4971, "temp": 2.8369}, "min": {"bvp": 0.9531, "eda": 2.6721, "acc_x": 1.6319, "acc_y": 1.7058, "acc_z": 1.365, "temp": 2.3276}}, "1005": {"mean": {"bvp": 0.8521, "eda": 3.1144, "acc_x": 2.1152, "acc_y": 1.0692, "acc_z": 1.9263, "temp": 2.5136}, "min": {"bvp": 0.8016, "eda": 2.901, "acc_x": 1.9328, "acc_y": 1.0294, "acc_z": 1.7823, "temp": 1.8124}}, "1006": {"mean": {"bvp": 1.0097, "eda": 2.4433, "acc_x": 2.3447, "acc_y": 1.4817, "acc_z": 1.7464, "temp": 2.7414}, "min": {"bvp": 0.9265, "eda": 2.3134, "acc_x": 2.262, "acc_y": 1.4634, "acc_z": 1.6564, "temp": 1.9698}}, "1007": {"mean": {"bvp": 0.2682, "eda": 2.9121, "acc_x": 2.0377, "acc_y": 1.2885, "acc_z": 1.9316, "temp": 2.7308}, "min": {"bvp": 0.2574, "eda": 2.762, "acc_x": 1.9417, "acc_y": 1.2503, "acc_z": 1.7417, "temp": 1.836}}, "1008": {"mean": {"bvp": 0.4159, "eda": 2.7803, "acc_x": 2.0283, "acc_y": 1.4874, "acc_z": 1.4987, "temp": 2.7279}, "min": {"bvp": 0.3929, "eda": 2.6152, "acc_x": 1.9101, "acc_y": 1.4302, "acc_z": 1.3148, "temp": 1.8872}}, "1009": {"mean": {"bvp": 0.2804, "eda": 2.8806, "acc_x": 2.0613, "acc_y": 1.391, "acc_z": 1.77, "temp": 2.9116}, "min": {"bvp": 0.2767, "eda": 2.718, "acc_x": 1.9397, "acc_y": 1.3478, "acc_z": 1.5673, "temp": 2.2449}}, "1010": {"mean": {"bvp": 0.7585, "eda": 3.0858, "acc_x": 2.0197, "acc_y": 1.68, "acc_z": 1.9449, "temp": 3.028}, "min": {"bvp": 0.6901, "eda": 2.9282, "acc_x": 1.8263, "acc_y": 1.635, "acc_z": 1.7577, "temp": 2.4087}}, "1011": {"mean": {"bvp": 0.5007, "eda": 2.778, "acc_x": 1.6015, "acc_y": 1.3749, "acc_z": 1.9881, "temp": 3.3282}, "min": {"bvp": 0.4856, "eda": 2.5365, "acc_x": 1.4906, "acc_y": 1.3273, "acc_z": 1.916, "temp": 2.4855}}, "1012": {"mean": {"bvp": 1.0217, "eda": 2.4666, "acc_x": 2.0383, "acc_y": 1.643, "acc_z": 1.8512, "temp": 2.4412}, "min": {"bvp": 0.9236, "eda": 2.3155, "acc_x": 1.8949, "acc_y": 1.5774, "acc_z": 1.6486, "temp": 1.8168}}, "1013": {"mean": {"bvp": 0.3375, "eda": 2.5138, "acc_x": 1.6335, "acc_y": 1.567, "acc_z": 1.7967, "temp": 3.1939}, "min": {"bvp": 0.3152, "eda": 2.3061, "acc_x": 1.5262, "acc_y": 1.5069, "acc_z": 1.6287, "temp": 2.2386}}, "1014": {"mean": {"bvp": 1.192, "eda": 2.339, "acc_x": 1.5335, "acc_y": 1.3622, "acc_z": 1.7317, "temp": 2.8987}, "min": {"bvp": 1.09, "eda": 2.1835, "acc_x": 1.2101, "acc_y": 1.339, "acc_z": 1.5879, "temp": 2.0604}}, "1015": {"mean": {"bvp": 0.7053, "eda": 2.5074, "acc_x": 1.6924, "acc_y": 1.5784, "acc_z": 1.4516, "temp": 2.9346}, "min": {"bvp": 0.6116, "eda": 2.2834, "acc_x": 1.5664, "acc_y": 1.5228, "acc_z": 1.2339, "temp": 1.9791}}}, "1010": {"1001": {"mean": {"bvp": 0.3009, "eda": 2.8677, "acc_x": 1.5763, "acc_y": 1.3975, "acc_z": 2.1349, "temp": 2.7102}, "min": {"bvp": 0.2792, "eda": 2.4814, "acc_x": 1.4792, "acc_y": 1.3434, "acc_z": 1.8118, "temp": 2.2396}}, "1002": {"mean": {"bvp": 0.6484, "eda": 2.6063, "acc_x": 2.0229, "acc_y": 1.251, "acc_z": 1.7128, "temp": 2.2562}, "min": {"bvp": 0.6379, "eda": 2.2972, "acc_x": 1.8787, "acc_y": 1.0784, "acc_z": 1.521, "temp": 2.0365}}, "1003": {"mean": {"bvp": 0.6331, "eda": 2.3565, "acc_x": 1.7826, "acc_y": 1.4711, "acc_z": 2.013, "temp": 1.9912}, "min": {"bvp": 0.6208, "eda": 1.9998, "acc_x": 1.6767, "acc_y": 1.3684, "acc_z": 1.7943, "temp": 1.7978}}, "1004": {"mean": {"bvp": 0.5297, "eda": 2.691, "acc_x": 1.6695, "acc_y": 1.49, "acc_z": 1.9948, "temp": 2.6923}, "min": {"bvp": 0.5125, "eda": 2.3709, "acc_x": 1.578, "acc_y": 1.3951, "acc_z": 1.6341, "temp": 2.5411}}, "1005": {"mean": {"bvp": 1.5142, "eda": 2.9144, "acc_x": 1.9019, "acc_y": 1.124, "acc_z": 1.8824, "temp": 2.1327}, "min": {"bvp": 1.4834, "eda": 2.4664, "acc_x": 1.7864, "acc_y": 1.0889, "acc_z": 1.8113, "temp": 1.9215}}, "1006": {"mean": {"bvp": 0.4721, "eda": 2.3567, "acc_x": 2.4325, "acc_y": 1.3141, "acc_z": 2.1912, "temp": 2.2674}, "min": {"bvp": 0.4371, "eda": 2.0725, "acc_x": 2.2856, "acc_y": 1.2086, "acc_z": 1.8477, "temp": 1.8266}}, "1007": {"mean": {"bvp": 0.5205, "eda": 2.7549, "acc_x": 1.9255, "acc_y": 1.2016, "acc_z": 1.8563, "temp": 2.2216}, "min": {"bvp": 0.4986, "eda": 2.4343, "acc_x": 1.8472, "acc_y": 1.0258, "acc_z": 1.7949, "temp": 1.8537}}, "1008": {"mean": {"bvp": 0.433, "eda": 2.6126, "acc_x": 1.9971, "acc_y": 1.4027, "acc_z": 1.7516, "temp": 2.1921}, "min": {"bvp": 0.4171, "eda": 2.2468, "acc_x": 1.8832, "acc_y": 1.2677, "acc_z": 1.4906, "temp": 1.8726}}, "1009": {"mean": {"bvp": 0.6492, "eda": 2.699, "acc_x": 1.9033, "acc_y": 1.2876, "acc_z": 1.9309, "temp": 2.5379}, "min": {"bvp": 0.6207, "eda": 2.334, "acc_x": 1.841, "acc_y": 1.2336, "acc_z": 1.6603, "temp": 2.3461}}, "1010": {"mean": {"bvp": 0.4067, "eda": 2.8945, "acc_x": 1.7761, "acc_y": 1.5446, "acc_z": 1.9621, "temp": 2.8022}, "min": {"bvp": 0.3714, "eda": 2.4914, "acc_x": 1.6927, "acc_y": 1.4026, "acc_z": 1.7878, "temp": 2.6252}}, "1011": {"mean": {"bvp": 0.7352, "eda": 2.6342, "acc_x": 1.4985, "acc_y": 1.3307, "acc_z": 2.0582, "temp": 2.9276}, "min": {"bvp": 0.714, "eda": 2.2204, "acc_x": 1.4142, "acc_y": 1.2267, "acc_z": 1.8475, "temp": 2.6455}}, "1012": {"mean": {"bvp": 0.4877, "eda": 2.3322, "acc_x": 2.1849, "acc_y": 1.4251, "acc_z": 1.9152, "temp": 2.1144}, "min": {"bvp": 0.4718, "eda": 2.0228, "acc_x": 2.1153, "acc_y": 1.3605, "acc_z": 1.78, "temp": 1.9676}}, "1013": {"mean": {"bvp": 0.3533, "eda": 2.398, "acc_x": 1.7072, "acc_y": 1.5144, "acc_z": 1.8849, "temp": 2.6161}, "min": {"bvp": 0.3327, "eda": 2.0599, "acc_x": 1.6694, "acc_y": 1.4338, "acc_z": 1.7633, "temp": 2.1664}}, "1014": {"mean": {"bvp": 0.3908, "eda": 2.2524, "acc_x": 1.4589, "acc_y": 1.1959, "acc_z": 1.8762, "temp": 2.5169}, "min": {"bvp": 0.3862, "eda": 1.979, "acc_x": 1.3179, "acc_y": 1.1055, "acc_z": 1.6686, "temp": 2.1908}}, "1015": {"mean": {"bvp": 0.2777, "eda": 2.3171, "acc_x": 1.6438, "acc_y": 1.4977, "acc_z": 1.5685, "temp": 2.4037}, "min": {"bvp": 0.2712, "eda": 1.8959, "acc_x": 1.6055, "acc_y": 1.3993, "acc_z": 1.3356, "temp": 2.0048}}}, "1011": {"1001": {"mean": {"bvp": 0.4178, "eda": 2.6085, "acc_x": 2.1576, "acc_y": 1.4756, "acc_z": 1.9677, "temp": 2.8802}, "min": {"bvp": 0.39, "eda": 2.2251, "acc_x": 2.1045, "acc_y": 1.3814, "acc_z": 1.7208, "temp": 2.6065}}, "1002": {"mean": {"bvp": 0.7251, "eda": 2.3686, "acc_x": 1.8978, "acc_y": 1.3151, "acc_z": 1.3432, "temp": 2.4175}, "min": {"bvp": 0.6664, "eda": 2.0822, "acc_x": 1.6526, "acc_y": 1.2421, "acc_z": 1.2869, "temp": 2.2626}}, "1003": {"mean": {"bvp": 0.555, "eda": 2.1394, "acc_x": 1.9393, "acc_y": 1.6126, "acc_z": 1.6816, "temp": 2.0556}, "min": {"bvp": 0.5326, "eda": 1.8099, "acc_x": 1.8586, "acc_y": 1.5551, "acc_z": 1.6498, "temp": 2.0301}}, "1004": {"mean": {"bvp": 0.6467, "eda": 2.4085, "acc_x": 2.0563, "acc_y": 1.6516, "acc_z": 1.6429, "temp": 2.4873}, "min": {"bvp": 0.5209, "eda": 2.0872, "acc_x": 1.9387, "acc_y": 1.5863, "acc_z": 1.4531, "temp": 2.379}}, "1005": {"mean": {"bvp": 0.9661, "eda": 2.5877, "acc_x": 2.3482, "acc_y": 1.09, "acc_z": 1.7198, "temp": 2.1759}, "min": {"bvp": 0.7992, "eda": 2.1628, "acc_x": 2.2231, "acc_y": 1.0555, "acc_z": 1.6795, "temp": 2.1626}}, "1006": {"mean": {"bvp": 0.6062, "eda": 2.1125, "acc_x": 2.2734, "acc_y": 1.4089, "acc_z": 1.9463, "temp": 2.5244}, "min": {"bvp": 0.4965, "eda": 1.8745, "acc_x": 2.2098, "acc_y": 1.3538, "acc_z": 1.6611, "temp": 2.2142}}, "1007": {"mean": {"bvp": 0.3685, "eda": 2.5196, "acc_x": 2.123, "acc_y": 1.272, "acc_z": 1.7132, "temp": 2.3963}, "min": {"bvp": 0.313, "eda": 2.2132, "acc_x": 2.0613, "acc_y": 1.1956, "acc_z": 1.7042, "temp": 2.033}}, "1008": {"mean": {"bvp": 0.4454, "eda": 2.3645, "acc_x": 2.1192, "acc_y": 1.4889, "acc_z": 1.4808, "temp": 2.3588}, "min": {"bvp": 0.4083, "eda": 2.0225, "acc_x": 2.0933, "acc_y": 1.3975, "acc_z": 1.3623, "temp": 2.0794}}, "1009": {"mean": {"bvp": 0.3979, "eda": 2.47, "acc_x": 2.1641, "acc_y": 1.3736, "acc_z": 1.6425, "temp": 2.5343}, "min": {"bvp": 0.2945, "eda": 2.1477, "acc_x": 2.1416, "acc_y": 1.3202, "acc_z": 1.5147, "temp": 2.4216}}, "1010": {"mean": {"bvp": 0.5749, "eda": 2.5816, "acc_x": 2.2407, "acc_y": 1.6611, "acc_z": 1.8949, "temp": 2.7047}, "min": {"bvp": 0.4755, "eda": 2.2045, "acc_x": 2.1861, "acc_y": 1.6005, "acc_z": 1.8396, "temp": 2.6356}}, "1011": {"mean": {"bvp": 0.5739, "eda": 2.3028, "acc_x": 1.8598, "acc_y": 1.3762, "acc_z": 1.9899, "temp": 2.8713}, "min": {"bvp": 0.4894, "eda": 1.9068, "acc_x": 1.79, "acc_y": 1.3163, "acc_z": 1.8993, "temp": 2.8531}}, "1012": {"mean": {"bvp": 0.6222, "eda": 2.124, "acc_x": 2.064, "acc_y": 1.5852, "acc_z": 1.6757, "temp": 2.2418}, "min": {"bvp": 0.5341, "eda": 1.8206, "acc_x": 1.9593, "acc_y": 1.5556, "acc_z": 1.6453, "temp": 2.1918}}, "1013": {"mean": {"bvp": 0.3749, "eda": 2.1778, "acc_x": 1.7352, "acc_y": 1.5844, "acc_z": 1.6855, "temp": 2.4206}, "min": {"bvp": 0.3488, "eda": 1.8303, "acc_x": 1.6175, "acc_y": 1.4999, "acc_z": 1.4916, "temp": 2.3331}}, "1014": {"mean": {"bvp": 0.6376, "eda": 2.0717, "acc_x": 1.7279, "acc_y": 1.3292, "acc_z": 1.7882, "temp": 2.6728}, "min": {"bvp": 0.4398, "eda": 1.8644, "acc_x": 1.543, "acc_y": 1.2901, "acc_z": 1.5471, "temp": 2.5105}}, "1015": {"mean": {"bvp": 0.4407, "eda": 2.0409, "acc_x": 1.7403, "acc_y": 1.5455, "acc_z": 1.4477, "temp": 2.4981}, "min": {"bvp": 0.3693, "eda": 1.6448, "acc_x": 1.6991, "acc_y": 1.4597, "acc_z": 1.2267, "temp": 2.4156}}}, "1012": {"1001": {"mean": {"bvp": 0.4249, "eda": 2.9716, "acc_x": 1.7979, "acc_y": 1.4667, "acc_z": 1.9949, "temp": 3.15}, "min": {"bvp": 0.3502, "eda": 2.8073, "acc_x": 1.6604, "acc_y": 1.2983, "acc_z": 1.7183, "temp": 2.9398}}, "1002": {"mean": {"bvp": 0.6352, "eda": 2.681, "acc_x": 1.9936, "acc_y": 1.3317, "acc_z": 1.3964, "temp": 2.5313}, "min": {"bvp": 0.6109, "eda": 2.5686, "acc_x": 1.792, "acc_y": 1.2774, "acc_z": 1.2201, "temp": 2.3828}}, "1003": {"mean": {"bvp": 0.7739, "eda": 2.397, "acc_x": 1.8625, "acc_y": 1.6045, "acc_z": 1.8243, "temp": 2.3699}, "min": {"bvp": 0.5959, "eda": 2.1837, "acc_x": 1.758, "acc_y": 1.568, "acc_z": 1.5798, "temp": 2.151}}, "1004": {"mean": {"bvp": 0.5515, "eda": 2.771, "acc_x": 1.8689, "acc_y": 1.6823, "acc_z": 1.6104, "temp": 2.9704}, "min": {"bvp": 0.5058, "eda": 2.6143, "acc_x": 1.7794, "acc_y": 1.5918, "acc_z": 1.4199, "temp": 2.8265}}, "1005": {"mean": {"bvp": 1.6845, "eda": 3.0123, "acc_x": 2.113, "acc_y": 1.133, "acc_z": 1.888, "temp": 2.453}, "min": {"bvp": 1.3884, "eda": 2.7789, "acc_x": 2.033, "acc_y": 1.0726, "acc_z": 1.5016, "temp": 2.221}}, "1006": {"mean": {"bvp": 0.4636, "eda": 2.4001, "acc_x": 2.3568, "acc_y": 1.4369, "acc_z": 1.8939, "temp": 2.6392}, "min": {"bvp": 0.4471, "eda": 2.295, "acc_x": 2.2725, "acc_y": 1.3716, "acc_z": 1.7352, "temp": 2.4063}}, "1007": {"mean": {"bvp": 0.7093, "eda": 2.8519, "acc_x": 2.0226, "acc_y": 1.2789, "acc_z": 1.9436, "temp": 2.7301}, "min": {"bvp": 0.448, "eda": 2.7484, "acc_x": 1.9859, "acc_y": 1.1765, "acc_z": 1.686, "temp": 2.4778}}, "1008": {"mean": {"bvp": 0.5823, "eda": 2.7256, "acc_x": 1.9605, "acc_y": 1.5446, "acc_z": 1.5093, "temp": 2.6492}, "min": {"bvp": 0.4444, "eda": 2.5588, "acc_x": 1.829, "acc_y": 1.4422, "acc_z": 1.3072, "temp": 2.3627}}, "1009": {"mean": {"bvp": 0.8343, "eda": 2.822, "acc_x": 2.0445, "acc_y": 1.397, "acc_z": 1.7814, "temp": 2.8755}, "min": {"bvp": 0.5412, "eda": 2.7099, "acc_x": 1.9508, "acc_y": 1.3894, "acc_z": 1.5773, "temp": 2.6237}}, "1010": {"mean": {"bvp": 0.4598, "eda": 3.0053, "acc_x": 1.9798, "acc_y": 1.6917, "acc_z": 1.9788, "temp": 3.1204}, "min": {"bvp": 0.4245, "eda": 2.8853, "acc_x": 1.8706, "acc_y": 1.6217, "acc_z": 1.7024, "temp": 2.9695}}, "1011": {"mean": {"bvp": 0.9026, "eda": 2.6341, "acc_x": 1.6357, "acc_y": 1.4204, "acc_z": 1.9954, "temp": 3.3713}, "min": {"bvp": 0.678, "eda": 2.3292, "acc_x": 1.5793, "acc_y": 1.2714, "acc_z": 1.7955, "temp": 3.1414}}, "1012": {"mean": {"bvp": 0.4623, "eda": 2.4268, "acc_x": 2.1023, "acc_y": 1.5926, "acc_z": 1.8837, "temp": 2.3395}, "min": {"bvp": 0.4522, "eda": 2.2691, "acc_x": 1.8571, "acc_y": 1.5236, "acc_z": 1.6621, "temp": 2.1374}}, "1013": {"mean": {"bvp": 0.5109, "eda": 2.4262, "acc_x": 1.7099, "acc_y": 1.6139, "acc_z": 1.7959, "temp": 3.2958}, "min": {"bvp": 0.3555, "eda": 2.2289, "acc_x": 1.5559, "acc_y": 1.5721, "acc_z": 1.5936, "temp": 2.9306}}, "1014": {"mean": {"bvp": 0.3705, "eda": 2.2955, "acc_x": 1.6196, "acc_y": 1.3118, "acc_z": 1.7312, "temp": 2.8591}, "min": {"bvp": 0.3684, "eda": 2.1235, "acc_x": 1.4274, "acc_y": 1.2472, "acc_z": 1.4698, "temp": 2.6551}}, "1015": {"mean": {"bvp": 0.2921, "eda": 2.3837, "acc_x": 1.6194, "acc_y": 1.6056, "acc_z": 1.5185, "temp": 2.9022}, "min": {"bvp": 0.281, "eda": 2.1382, "acc_x": 1.5355, "acc_y": 1.4305, "acc_z": 1.3286, "temp": 2.6201}}}, "1013": {"1001": {"mean": {"bvp": 0.2889, "eda": 3.4618, "acc_x": 1.8088, "acc_y": 1.4484, "acc_z": 2.0463, "temp": 2.601}, "min": {"bvp": 0.2811, "eda": 3.1289, "acc_x": 1.7557, "acc_y": 1.2793, "acc_z": 1.8959, "temp": 2.2585}}, "1002": {"mean": {"bvp": 0.7249, "eda": 3.0318, "acc_x": 1.9585, "acc_y": 1.3626, "acc_z": 1.4432, "temp": 2.4039}, "min": {"bvp": 0.7073, "eda": 2.7029, "acc_x": 1.6746, "acc_y": 1.269, "acc_z": 1.391, "temp": 2.208}}, "1003": {"mean": {"bvp": 0.5436, "eda": 2.9361, "acc_x": 1.9197, "acc_y": 1.5889, "acc_z": 1.8226, "temp": 2.1471}, "min": {"bvp": 0.532, "eda": 2.7081, "acc_x": 1.7044, "acc_y": 1.4648, "acc_z": 1.6275, "temp": 2.0483}}, "1004": {"mean": {"bvp": 0.6568, "eda": 3.1798, "acc_x": 1.9583, "acc_y": 1.6658, "acc_z": 1.7028, "temp": 2.3984}, "min": {"bvp": 0.5455, "eda": 2.8512, "acc_x": 1.8021, "acc_y": 1.4929, "acc_z": 1.6465, "temp": 2.3296}}, "1005": {"mean": {"bvp": 1.082, "eda": 3.5372, "acc_x": 2.1183, "acc_y": 1.1797, "acc_z": 1.9403, "temp": 2.1254}, "min": {"bvp": 0.8756, "eda": 3.1785, "acc_x": 2.0124, "acc_y": 1.1239, "acc_z": 1.7149, "temp": 2.0846}}, "1006": {"mean": {"bvp": 0.6318, "eda": 2.7915, "acc_x": 2.3139, "acc_y": 1.448, "acc_z": 1.9162, "temp": 2.5419}, "min": {"bvp": 0.5439, "eda": 2.3677, "acc_x": 2.2278, "acc_y": 1.3108, "acc_z": 1.7602, "temp": 2.1056}}, "1007": {"mean": {"bvp": 0.3535, "eda": 3.2586, "acc_x": 1.9681, "acc_y": 1.2972, "acc_z": 1.9896, "temp": 2.3832}, "min": {"bvp": 0.3207, "eda": 2.8792, "acc_x": 1.8535, "acc_y": 1.1892, "acc_z": 1.8323, "temp": 2.0868}}, "1008": {"mean": {"bvp": 0.3988, "eda": 3.161, "acc_x": 1.9313, "acc_y": 1.4874, "acc_z": 1.657, "temp": 2.3916}, "min": {"bvp": 0.3951, "eda": 2.8663, "acc_x": 1.8392, "acc_y": 1.2936, "acc_z": 1.642, "temp": 2.3303}}, "1009": {"mean": {"bvp": 0.4107, "eda": 3.2264, "acc_x": 2.0482, "acc_y": 1.36, "acc_z": 1.742, "temp": 2.4058}, "min": {"bvp": 0.3533, "eda": 2.88, "acc_x": 1.9299, "acc_y": 1.3234, "acc_z": 1.6652, "temp": 2.3008}}, "1010": {"mean": {"bvp": 0.4984, "eda": 3.4552, "acc_x": 2.0105, "acc_y": 1.6592, "acc_z": 2.0726, "temp": 2.6086}, "min": {"bvp": 0.487, "eda": 3.0111, "acc_x": 1.9542, "acc_y": 1.5652, "acc_z": 2.0133, "temp": 2.4678}}, "1011": {"mean": {"bvp": 0.5868, "eda": 3.2339, "acc_x": 1.7666, "acc_y": 1.4463, "acc_z": 2.002, "temp": 2.7092}, "min": {"bvp": 0.546, "eda": 2.9204, "acc_x": 1.5194, "acc_y": 1.3245, "acc_z": 1.9523, "temp": 2.5987}}, "1012": {"mean": {"bvp": 0.6445, "eda": 2.8125, "acc_x": 1.9965, "acc_y": 1.5718, "acc_z": 1.8685, "temp": 2.242}, "min": {"bvp": 0.5789, "eda": 2.5253, "acc_x": 1.7884, "acc_y": 1.421, "acc_z": 1.6862, "temp": 2.2077}}, "1013": {"mean": {"bvp": 0.3154, "eda": 2.8839, "acc_x": 1.7601, "acc_y": 1.6022, "acc_z": 1.8003, "temp": 2.4355}, "min": {"bvp": 0.3073, "eda": 2.6154, "acc_x": 1.568, "acc_y": 1.4903, "acc_z": 1.737, "temp": 2.3965}}, "1014": {"mean": {"bvp": 0.6747, "eda": 2.7276, "acc_x": 1.9105, "acc_y": 1.3094, "acc_z": 1.7557, "temp": 2.4904}, "min": {"bvp": 0.4667, "eda": 2.473, "acc_x": 1.5042, "acc_y": 1.1216, "acc_z": 1.725, "temp": 2.2783}}, "1015": {"mean": {"bvp": 0.3773, "eda": 2.9689, "acc_x": 1.6649, "acc_y": 1.5632, "acc_z": 1.5224, "temp": 2.403}, "min": {"bvp": 0.3531, "eda": 2.7241, "acc_x": 1.5121, "acc_y": 1.3592, "acc_z": 1.2684, "temp": 2.374}}}, "1014": {"1001": {"mean": {"bvp": 0.6225, "eda": 2.71, "acc_x": 1.5699, "acc_y": 1.4933, "acc_z": 1.8374, "temp": 2.7267}, "min": {"bvp": 0.4374, "eda": 2.553, "acc_x": 1.4985, "acc_y": 1.3739, "acc_z": 1.7699, "temp": 2.1667}}, "1002": {"mean": {"bvp": 0.7141, "eda": 2.4727, "acc_x": 1.9866, "acc_y": 1.4497, "acc_z": 1.3841, "temp": 2.3252}, "min": {"bvp": 0.6023, "eda": 2.3785, "acc_x": 1.9281, "acc_y": 1.3713, "acc_z": 1.2992, "temp": 2.0537}}, "1003": {"mean": {"bvp": 1.0151, "eda": 2.277, "acc_x": 1.8325, "acc_y": 1.6042, "acc_z": 1.6074, "temp": 2.0236}, "min": {"bvp": 0.7805, "eda": 2.0843, "acc_x": 1.7626, "acc_y": 1.5007, "acc_z": 1.4744, "temp": 1.824}}, "1004": {"mean": {"bvp": 0.5647, "eda": 2.5109, "acc_x": 1.6388, "acc_y": 1.6632, "acc_z": 1.667, "temp": 2.7671}, "min": {"bvp": 0.5508, "eda": 2.3535, "acc_x": 1.5893, "acc_y": 1.5671, "acc_z": 1.4706, "temp": 2.6098}}, "1005": {"mean": {"bvp": 1.9866, "eda": 2.6965, "acc_x": 1.9195, "acc_y": 1.1468, "acc_z": 1.5623, "temp": 2.1115}, "min": {"bvp": 1.6927, "eda": 2.4995, "acc_x": 1.8841, "acc_y": 1.0469, "acc_z": 1.3599, "temp": 1.9251}}, "1006": {"mean": {"bvp": 0.5021, "eda": 2.1531, "acc_x": 2.3246, "acc_y": 1.4623, "acc_z": 1.9741, "temp": 2.3069}, "min": {"bvp": 0.4541, "eda": 2.043, "acc_x": 2.1886, "acc_y": 1.4603, "acc_z": 1.8295, "temp": 1.857}}, "1007": {"mean": {"bvp": 1.0112, "eda": 2.5887, "acc_x": 1.9045, "acc_y": 1.2678, "acc_z": 1.574, "temp": 2.2691}, "min": {"bvp": 0.7377, "eda": 2.4753, "acc_x": 1.8365, "acc_y": 1.2294, "acc_z": 1.4567, "temp": 1.8721}}, "1008": {"mean": {"bvp": 0.8024, "eda": 2.4693, "acc_x": 2.0227, "acc_y": 1.5051, "acc_z": 1.4296, "temp": 2.167}, "min": {"bvp": 0.5768, "eda": 2.3105, "acc_x": 1.9263, "acc_y": 1.4142, "acc_z": 1.3183, "temp": 1.81}}, "1009": {"mean": {"bvp": 1.1384, "eda": 2.5716, "acc_x": 1.8801, "acc_y": 1.4127, "acc_z": 1.6575, "temp": 2.4782}, "min": {"bvp": 0.8521, "eda": 2.4445, "acc_x": 1.8112, "acc_y": 1.3034, "acc_z": 1.5663, "temp": 2.2465}}, "1010": {"mean": {"bvp": 0.5433, "eda": 2.6568, "acc_x": 1.7695, "acc_y": 1.6266, "acc_z": 1.7386, "temp": 2.7825}, "min": {"bvp": 0.4418, "eda": 2.5093, "acc_x": 1.7227, "acc_y": 1.5345, "acc_z": 1.6723, "temp": 2.5603}}, "1011": {"mean": {"bvp": 1.1652, "eda": 2.4379, "acc_x": 1.6111, "acc_y": 1.4125, "acc_z": 1.808, "temp": 2.8532}, "min": {"bvp": 0.9071, "eda": 2.1944, "acc_x": 1.5605, "acc_y": 1.335, "acc_z": 1.7112, "temp": 2.5459}}, "1012": {"mean": {"bvp": 0.5014, "eda": 2.2516, "acc_x": 2.1372, "acc_y": 1.6263, "acc_z": 1.6389, "temp": 2.077}, "min": {"bvp": 0.4445, "eda": 2.1198, "acc_x": 2.0531, "acc_y": 1.6037, "acc_z": 1.5858, "temp": 1.8733}}, "1013": {"mean": {"bvp": 0.7563, "eda": 2.3415, "acc_x": 1.6831, "acc_y": 1.5982, "acc_z": 1.5764, "temp": 2.559}, "min": {"bvp": 0.5084, "eda": 2.1471, "acc_x": 1.6172, "acc_y": 1.511, "acc_z": 1.4315, "temp": 2.119}}, "1014": {"mean": {"bvp": 0.3319, "eda": 2.1383, "acc_x": 1.3109, "acc_y": 1.3886, "acc_z": 1.6916, "temp": 2.4751}, "min": {"bvp": 0.3253, "eda": 1.9911, "acc_x": 1.1771, "acc_y": 1.3626, "acc_z": 1.5675, "temp": 2.039}}, "1015": {"mean": {"bvp": 0.4012, "eda": 2.1815, "acc_x": 1.6644, "acc_y": 1.5296, "acc_z": 1.4167, "temp": 2.3602}, "min": {"bvp": 0.3162, "eda": 1.9563, "acc_x": 1.6139, "acc_y": 1.3979, "acc_z": 1.3186, "temp": 1.9691}}}, "1015": {"1001": {"mean": {"bvp": 0.3342, "eda": 2.8579, "acc_x": 1.8248, "acc_y": 1.5477, "acc_z": 1.9982, "temp": 2.4676}, "min": {"bvp": 0.3126, "eda": 2.3002, "acc_x": 1.6994, "acc_y": 1.4372, "acc_z": 1.7474, "temp": 2.3519}}, "1002": {"mean": {"bvp": 0.6293, "eda": 2.5691, "acc_x": 1.8787, "acc_y": 1.419, "acc_z": 1.4222, "temp": 2.3237}, "min": {"bvp": 0.6094, "eda": 2.1668, "acc_x": 1.7799, "acc_y": 1.3711, "acc_z": 1.3222, "temp": 2.2504}}, "1003": {"mean": {"bvp": 0.6208, "eda": 2.3334, "acc_x": 1.7567, "acc_y": 1.6457, "acc_z": 1.7206, "temp": 2.0518}, "min": {"bvp": 0.5568, "eda": 1.8686, "acc_x": 1.7166, "acc_y": 1.4752, "acc_z": 1.4719, "temp": 1.8796}}, "1004": {"mean": {"bvp": 0.5343, "eda": 2.6743, "acc_x": 1.8078, "acc_y": 1.7779, "acc_z": 1.6522, "temp": 2.1114}, "min": {"bvp": 0.5162, "eda": 2.225, "acc_x": 1.7334, "acc_y": 1.6688, "acc_z": 1.4776, "temp": 1.7391}}, "1005": {"mean": {"bvp": 1.4072, "eda": 2.8776, "acc_x": 2.0706, "acc_y": 1.2047, "acc_z": 1.8204, "temp": 2.0619}, "min": {"bvp": 1.148, "eda": 2.2359, "acc_x": 2.0115, "acc_y": 1.0838, "acc_z": 1.6936, "temp": 2.0387}}, "1006": {"mean": {"bvp": 0.4828, "eda": 2.3136, "acc_x": 2.1873, "acc_y": 1.4892, "acc_z": 1.7977, "temp": 2.3938}, "min": {"bvp": 0.4658, "eda": 1.9773, "acc_x": 2.1588, "acc_y": 1.3767, "acc_z": 1.5498, "temp": 2.2659}}, "1007": {"mean": {"bvp": 0.4846, "eda": 2.7499, "acc_x": 1.9613, "acc_y": 1.3996, "acc_z": 1.8686, "temp": 2.2031}, "min": {"bvp": 0.3464, "eda": 2.2926, "acc_x": 1.9187, "acc_y": 1.3108, "acc_z": 1.6594, "temp": 2.0672}}, "1008": {"mean": {"bvp": 0.4567, "eda": 2.6119, "acc_x": 1.8763, "acc_y": 1.635, "acc_z": 1.539, "temp": 2.3092}, "min": {"bvp": 0.4122, "eda": 2.1095, "acc_x": 1.7086, "acc_y": 1.4771, "acc_z": 1.4695, "temp": 2.2854}}, "1009": {"mean": {"bvp": 0.5761, "eda": 2.7127, "acc_x": 1.9523, "acc_y": 1.3864, "acc_z": 1.7326, "temp": 2.3478}, "min": {"bvp": 0.3689, "eda": 2.2042, "acc_x": 1.8911, "acc_y": 1.3159, "acc_z": 1.6377, "temp": 2.246}}, "1010": {"mean": {"bvp": 0.4409, "eda": 2.868, "acc_x": 1.9159, "acc_y": 1.7042, "acc_z": 1.947, "temp": 2.3637}, "min": {"bvp": 0.4308, "eda": 2.2996, "acc_x": 1.861, "acc_y": 1.5522, "acc_z": 1.8779, "temp": 2.1051}}, "1011": {"mean": {"bvp": 0.6931, "eda": 2.5582, "acc_x": 1.5845, "acc_y": 1.4579, "acc_z": 1.9264, "temp": 2.6106}, "min": {"bvp": 0.5571, "eda": 2.0222, "acc_x": 1.5312, "acc_y": 1.3294, "acc_z": 1.8263, "temp": 2.4723}}, "1012": {"mean": {"bvp": 0.4928, "eda": 2.3387, "acc_x": 1.9391, "acc_y": 1.6573, "acc_z": 1.8095, "temp": 2.2518}, "min": {"bvp": 0.4695, "eda": 1.9217, "acc_x": 1.8461, "acc_y": 1.5521, "acc_z": 1.6922, "temp": 2.1872}}, "1013": {"mean": {"bvp": 0.368, "eda": 2.3496, "acc_x": 1.6433, "acc_y": 1.6757, "acc_z": 1.8604, "temp": 2.5112}, "min": {"bvp": 0.3228, "eda": 1.9353, "acc_x": 1.6226, "acc_y": 1.608, "acc_z": 1.5092, "temp": 2.4649}}, "1014": {"mean": {"bvp": 0.4076, "eda": 2.2326, "acc_x": 1.5345, "acc_y": 1.4306, "acc_z": 1.6924, "temp": 2.3992}, "min": {"bvp": 0.3859, "eda": 1.9002, "acc_x": 1.4026, "acc_y": 1.3644, "acc_z": 1.563, "temp": 2.3287}}, "1015": {"mean": {"bvp": 0.2896, "eda": 2.2911, "acc_x": 1.5543, "acc_y": 1.6385, "acc_z": 1.493, "temp": 2.4464}, "min": {"bvp": 0.2708, "eda": 1.7268, "acc_x": 1.4769, "acc_y": 1.4529, "acc_z": 1.218, "temp": 2.4214}}}}