{"1001": {"1001": {"mean": {"bvp": 0.3266, "eda": 3.4303, "acc_x": 2.0001, "acc_y": 1.8287, "acc_z": 2.3621, "temp": 2.566}, "min": {"bvp": 0.315, "eda": 3.1894, "acc_x": 1.8637, "acc_y": 1.7616, "acc_z": 2.0313, "temp": 2.3857}}, "1002": {"mean": {"bvp": 0.767, "eda": 3.0634, "acc_x": 2.2454, "acc_y": 1.4489, "acc_z": 1.888, "temp": 2.2926}, "min": {"bvp": 0.7379, "eda": 2.839, "acc_x": 1.9097, "acc_y": 1.3503, "acc_z": 1.4522, "temp": 2.0441}}, "1003": {"mean": {"bvp": 0.6124, "eda": 2.9158, "acc_x": 2.1242, "acc_y": 1.6456, "acc_z": 2.2489, "temp": 2.1795}, "min": {"bvp": 0.5921, "eda": 2.7877, "acc_x": 1.8454, "acc_y": 1.5968, "acc_z": 1.8555, "temp": 1.9043}}, "1004": {"mean": {"bvp": 0.756, "eda": 3.1512, "acc_x": 2.2151, "acc_y": 1.8045, "acc_z": 2.1351, "temp": 2.6731}, "min": {"bvp": 0.642, "eda": 2.9023, "acc_x": 2.0157, "acc_y": 1.6565, "acc_z": 1.7395, "temp": 2.529}}, "1005": {"mean": {"bvp": 1.3432, "eda": 3.4979, "acc_x": 2.3606, "acc_y": 1.2471, "acc_z": 2.012, "temp": 2.158}, "min": {"bvp": 1.239, "eda": 3.2197, "acc_x": 2.2083, "acc_y": 1.1439, "acc_z": 1.8078, "temp": 2.0481}}, "1006": {"mean": {"bvp": 0.6668, "eda": 2.7919, "acc_x": 2.5556, "acc_y": 1.5527, "acc_z": 2.4289, "temp": 2.506}, "min": {"bvp": 0.5492, "eda": 2.4778, "acc_x": 2.3584, "acc_y": 1.5, "acc_z": 2.0434, "temp": 2.304}}, "1007": {"mean": {"bvp": 0.4021, "eda": 3.2197, "acc_x": 2.242, "acc_y": 1.3292, "acc_z": 1.9841, "temp": 2.2417}, "min": {"bvp": 0.3558, "eda": 2.924, "acc_x": 2.043, "acc_y": 1.3057, "acc_z": 1.7996, "temp": 2.0067}}, "1008": {"mean": {"bvp": 0.429, "eda": 3.1368, "acc_x": 2.2229, "acc_y": 1.4936, "acc_z": 1.9346, "temp": 2.3306}, "min": {"bvp": 0.4281, "eda": 2.9089, "acc_x": 2.0082, "acc_y": 1.4709, "acc_z": 1.549, "temp": 2.0711}}, "1009": {"mean": {"bvp": 0.4706, "eda": 3.2191, "acc_x": 2.313, "acc_y": 1.4837, "acc_z": 2.17, "temp": 2.5454}, "min": {"bvp": 0.3913, "eda": 2.9975, "acc_x": 2.1339, "acc_y": 1.3593, "acc_z": 1.7197, "temp": 2.4302}}, "1010": {"mean": {"bvp": 0.532, "eda": 3.3967, "acc_x": 2.2556, "acc_y": 1.7038, "acc_z": 2.1916, "temp": 2.5944}, "min": {"bvp": 0.4808, "eda": 2.9999, "acc_x": 2.0302, "acc_y": 1.6682, "acc_z": 1.9562, "temp": 2.4554}}, "1011": {"mean": {"bvp": 0.6153, "eda": 3.2347, "acc_x": 1.9897, "acc_y": 1.5694, "acc_z": 2.2961, "temp": 2.7448}, "min": {"bvp": 0.5748, "eda": 3.0046, "acc_x": 1.7976, "acc_y": 1.5159, "acc_z": 1.9996, "temp": 2.6302}}, "1012": {"mean": {"bvp": 0.6655, "eda": 2.8169, "acc_x": 2.2584, "acc_y": 1.6862, "acc_z": 2.1878, "temp": 2.143}, "min": {"bvp": 0.5504, "eda": 2.6265, "acc_x": 1.9092, "acc_y": 1.5983, "acc_z": 1.7813, "temp": 1.997}}, "1013": {"mean": {"bvp": 0.3336, "eda": 2.9477, "acc_x": 2.0042, "acc_y": 1.6341, "acc_z": 2.2168, "temp": 2.4919}, "min": {"bvp": 0.3233, "eda": 2.8245, "acc_x": 1.7069, "acc_y": 1.5396, "acc_z": 1.997, "temp": 2.3394}}, "1014": {"mean": {"bvp": 0.7787, "eda": 2.7219, "acc_x": 1.9539, "acc_y": 1.4111, "acc_z": 2.077, "temp": 2.3919}, "min": {"bvp": 0.5791, "eda": 2.5013, "acc_x": 1.6135, "acc_y": 1.3596, "acc_z": 1.7028, "temp": 2.2009}}, "1015": {"mean": {"bvp": 0.4308, "eda": 2.9477, "acc_x": 1.9291, "acc_y": 1.6827, "acc_z": 1.8913, "temp": 2.4917}, "min": {"bvp": 0.3691, "eda": 2.7447, "acc_x": 1.678, "acc_y": 1.658, "acc_z": 1.4828, "temp": 2.3182}}}, "1002": {"1001": {"mean": {"bvp": 0.341, "eda": 3.4917, "acc_x": 2.0451, "acc_y": 1.8183, "acc_z": 2.1047, "temp": 2.7956}, "min": {"bvp": 0.3309, "eda": 3.2755, "acc_x": 1.6729, "acc_y": 1.729, "acc_z": 2.067, "temp": 2.2029}}, "1002": {"mean": {"bvp": 0.703, "eda": 3.1134, "acc_x": 2.2011, "acc_y": 1.4094, "acc_z": 1.6992, "temp": 2.3943}, "min": {"bvp": 0.6663, "eda": 2.9142, "acc_x": 1.8537, "acc_y": 1.36, "acc_z": 1.6331, "temp": 2.0966}}, "1003": {"mean": {"bvp": 0.6646, "eda": 2.93, "acc_x": 2.0046, "acc_y": 1.5508, "acc_z": 2.0924, "temp": 2.2092}, "min": {"bvp": 0.6344, "eda": 2.7206, "acc_x": 1.824, "acc_y": 1.4781, "acc_z": 1.943, "temp": 2.0579}}, "1004": {"mean": {"bvp": 0.743, "eda": 3.2148, "acc_x": 1.9525, "acc_y": 1.6663, "acc_z": 1.8915, "temp": 2.807}, "min": {"bvp": 0.6605, "eda": 3.0268, "acc_x": 1.7571, "acc_y": 1.6373, "acc_z": 1.8436, "temp": 2.6222}}, "1005": {"mean": {"bvp": 1.2355, "eda": 3.5728, "acc_x": 2.1869, "acc_y": 1.3484, "acc_z": 1.9705, "temp": 2.3441}, "min": {"bvp": 0.9556, "eda": 3.3611, "acc_x": 2.0425, "acc_y": 1.2876, "acc_z": 1.8249, "temp": 2.1125}}, "1006": {"mean": {"bvp": 0.6032, "eda": 2.8671, "acc_x": 2.6294, "acc_y": 1.5055, "acc_z": 2.144, "temp": 2.7146}, "min": {"bvp": 0.4875, "eda": 2.6726, "acc_x": 2.2989, "acc_y": 1.4252, "acc_z": 2.0355, "temp": 2.2232}}, "1007": {"mean": {"bvp": 0.504, "eda": 3.298, "acc_x": 2.205, "acc_y": 1.2943, "acc_z": 1.9244, "temp": 2.4474}, "min": {"bvp": 0.4306, "eda": 3.09, "acc_x": 1.9312, "acc_y": 1.2556, "acc_z": 1.724, "temp": 1.9377}}, "1008": {"mean": {"bvp": 0.4657, "eda": 3.1929, "acc_x": 2.3753, "acc_y": 1.5163, "acc_z": 1.6706, "temp": 2.5692}, "min": {"bvp": 0.4315, "eda": 2.9954, "acc_x": 2.0985, "acc_y": 1.3886, "acc_z": 1.644, "temp": 2.1978}}, "1009": {"mean": {"bvp": 0.5269, "eda": 3.2726, "acc_x": 2.1764, "acc_y": 1.4707, "acc_z": 1.9139, "temp": 2.6996}, "min": {"bvp": 0.3938, "eda": 3.0604, "acc_x": 1.9273, "acc_y": 1.409, "acc_z": 1.8306, "temp": 2.5274}}, "1010": {"mean": {"bvp": 0.498, "eda": 3.5161, "acc_x": 2.0227, "acc_y": 1.645, "acc_z": 2.0697, "temp": 2.7734}, "min": {"bvp": 0.4678, "eda": 3.2954, "acc_x": 1.8368, "acc_y": 1.574, "acc_z": 2.0455, "temp": 2.4615}}, "1011": {"mean": {"bvp": 0.6929, "eda": 3.2907, "acc_x": 1.8966, "acc_y": 1.5315, "acc_z": 2.126, "temp": 2.9658}, "min": {"bvp": 0.6214, "eda": 3.0879, "acc_x": 1.6815, "acc_y": 1.4158, "acc_z": 1.994, "temp": 2.5742}}, "1012": {"mean": {"bvp": 0.6107, "eda": 2.8549, "acc_x": 2.3494, "acc_y": 1.5537, "acc_z": 1.9636, "temp": 2.2388}, "min": {"bvp": 0.4972, "eda": 2.6717, "acc_x": 2.0074, "acc_y": 1.4732, "acc_z": 1.8591, "temp": 2.1227}}, "1013": {"mean": {"bvp": 0.3745, "eda": 2.9598, "acc_x": 1.843, "acc_y": 1.6261, "acc_z": 2.1041, "temp": 2.7422}, "min": {"bvp": 0.356, "eda": 2.7486, "acc_x": 1.6462, "acc_y": 1.5268, "acc_z": 2.0541, "temp": 2.3976}}, "1014": {"mean": {"bvp": 0.6091, "eda": 2.7747, "acc_x": 1.7609, "acc_y": 1.3681, "acc_z": 1.8265, "temp": 2.6006}, "min": {"bvp": 0.4148, "eda": 2.6002, "acc_x": 1.5153, "acc_y": 1.2918, "acc_z": 1.7515, "temp": 2.1582}}, "1015": {"mean": {"bvp": 0.3855, "eda": 2.9937, "acc_x": 1.842, "acc_y": 1.6461, "acc_z": 1.613, "temp": 2.6786}, "min": {"bvp": 0.3335, "eda": 2.771, "acc_x": 1.5744, "acc_y": 1.5479, "acc_z": 1.5387, "temp": 2.3801}}}, "1003": {"1001": {"mean": {"bvp": 0.3692, "eda": 2.6058, "acc_x": 2.2041, "acc_y": 1.757, "acc_z": 1.9466, "temp": 3.1372}, "min": {"bvp": 0.3552, "eda": 1.9862, "acc_x": 1.9756, "acc_y": 1.7346, "acc_z": 1.8462, "temp": 2.4533}}, "1002": {"mean": {"bvp": 0.7745, "eda": 2.4753, "acc_x": 2.2654, "acc_y": 1.4182, "acc_z": 1.5994, "temp": 2.7802}, "min": {"bvp": 0.6677, "eda": 2.17, "acc_x": 2.1063, "acc_y": 1.2525, "acc_z": 1.3267, "temp": 2.2556}}, "1003": {"mean": {"bvp": 0.6271, "eda": 2.2507, "acc_x": 2.107, "acc_y": 1.583, "acc_z": 1.9634, "temp": 2.7188}, "min": {"bvp": 0.6205, "eda": 1.7513, "acc_x": 1.8881, "acc_y": 1.5169, "acc_z": 1.6799, "temp": 2.2719}}, "1004": {"mean": {"bvp": 0.7822, "eda": 2.522, "acc_x": 2.2085, "acc_y": 1.7267, "acc_z": 1.6727, "temp": 3.2692}, "min": {"bvp": 0.6286, "eda": 2.0988, "acc_x": 2.0332, "acc_y": 1.6601, "acc_z": 1.4472, "temp": 2.7322}}, "1005": {"mean": {"bvp": 0.907, "eda": 2.4812, "acc_x": 2.4282, "acc_y": 1.1189, "acc_z": 1.921, "temp": 2.7513}, "min": {"bvp": 0.8023, "eda": 1.4762, "acc_x": 2.2602, "acc_y": 1.0988, "acc_z": 1.6959, "temp": 2.2818}}, "1006": {"mean": {"bvp": 0.7023, "eda": 2.2797, "acc_x": 2.553, "acc_y": 1.5062, "acc_z": 1.9871, "temp": 3.0214}, "min": {"bvp": 0.5006, "eda": 2.1049, "acc_x": 2.3734, "acc_y": 1.4643, "acc_z": 1.8134, "temp": 2.2965}}, "1007": {"mean": {"bvp": 0.3927, "eda": 2.5496, "acc_x": 2.2739, "acc_y": 1.2602, "acc_z": 1.9335, "temp": 2.8751}, "min": {"bvp": 0.3764, "eda": 2.1685, "acc_x": 2.1131, "acc_y": 1.2463, "acc_z": 1.7278, "temp": 2.3413}}, "1008": {"mean": {"bvp": 0.458, "eda": 2.4851, "acc_x": 2.3674, "acc_y": 1.4173, "acc_z": 1.5275, "temp": 2.925}, "min": {"bvp": 0.4454, "eda": 2.1045, "acc_x": 2.1327, "acc_y": 1.3926, "acc_z": 1.356, "temp": 2.315}}, "1009": {"mean": {"bvp": 0.3687, "eda": 2.491, "acc_x": 2.3568, "acc_y": 1.481, "acc_z": 1.8292, "temp": 3.1026}, "min": {"bvp": 0.3572, "eda": 2.0272, "acc_x": 2.1874, "acc_y": 1.3814, "acc_z": 1.6484, "temp": 2.4469}}, "1010": {"mean": {"bvp": 0.5614, "eda": 2.4969, "acc_x": 2.2694, "acc_y": 1.6789, "acc_z": 2.0261, "temp": 3.2261}, "min": {"bvp": 0.4604, "eda": 1.859, "acc_x": 2.101, "acc_y": 1.6351, "acc_z": 1.9391, "temp": 2.7762}}, "1011": {"mean": {"bvp": 0.587, "eda": 2.581, "acc_x": 2.0724, "acc_y": 1.4428, "acc_z": 2.0399, "temp": 3.367}, "min": {"bvp": 0.5659, "eda": 2.0958, "acc_x": 1.899, "acc_y": 1.3945, "acc_z": 1.7964, "temp": 2.5519}}, "1012": {"mean": {"bvp": 0.7193, "eda": 2.2232, "acc_x": 2.3608, "acc_y": 1.6106, "acc_z": 1.9079, "temp": 2.6356}, "min": {"bvp": 0.547, "eda": 1.9381, "acc_x": 2.2863, "acc_y": 1.5702, "acc_z": 1.7259, "temp": 2.1572}}, "1013": {"mean": {"bvp": 0.3636, "eda": 2.3139, "acc_x": 1.9133, "acc_y": 1.5669, "acc_z": 2.0694, "temp": 3.1907}, "min": {"bvp": 0.348, "eda": 1.9146, "acc_x": 1.6922, "acc_y": 1.5281, "acc_z": 1.9236, "temp": 2.3257}}, "1014": {"mean": {"bvp": 0.7842, "eda": 2.2619, "acc_x": 1.943, "acc_y": 1.3768, "acc_z": 1.7492, "temp": 2.9565}, "min": {"bvp": 0.3965, "eda": 2.0378, "acc_x": 1.8451, "acc_y": 1.312, "acc_z": 1.5552, "temp": 2.4633}}, "1015": {"mean": {"bvp": 0.4711, "eda": 2.2542, "acc_x": 1.885, "acc_y": 1.5521, "acc_z": 1.523, "temp": 3.0623}, "min": {"bvp": 0.362, "eda": 1.7702, "acc_x": 1.6935, "acc_y": 1.5399, "acc_z": 1.4508, "temp": 2.3672}}}, "1004": {"1001": {"mean": {"bvp": 0.5246, "eda": 2.6587, "acc_x": 2.2499, "acc_y": 1.7517, "acc_z": 2.0689, "temp": 3.0562}, "min": {"bvp": 0.439, "eda": 2.2856, "acc_x": 1.6965, "acc_y": 1.7331, "acc_z": 1.9897, "temp": 2.5916}}, "1002": {"mean": {"bvp": 0.6652, "eda": 2.4491, "acc_x": 2.1755, "acc_y": 1.4087, "acc_z": 1.5291, "temp": 2.4777}, "min": {"bvp": 0.6352, "eda": 2.1506, "acc_x": 1.872, "acc_y": 1.395, "acc_z": 1.4711, "temp": 2.0766}}, "1003": {"mean": {"bvp": 0.9545, "eda": 2.196, "acc_x": 2.1323, "acc_y": 1.5208, "acc_z": 1.9114, "temp": 2.2443}, "min": {"bvp": 0.8702, "eda": 1.9401, "acc_x": 1.8872, "acc_y": 1.4637, "acc_z": 1.7755, "temp": 1.9884}}, "1004": {"mean": {"bvp": 0.6101, "eda": 2.495, "acc_x": 2.0823, "acc_y": 1.6691, "acc_z": 1.6926, "temp": 2.8518}, "min": {"bvp": 0.5776, "eda": 2.1546, "acc_x": 1.7989, "acc_y": 1.6266, "acc_z": 1.6396, "temp": 2.6643}}, "1005": {"mean": {"bvp": 1.9744, "eda": 2.6544, "acc_x": 2.3026, "acc_y": 1.3, "acc_z": 2.0135, "temp": 2.4632}, "min": {"bvp": 1.8772, "eda": 2.1991, "acc_x": 2.1114, "acc_y": 1.2581, "acc_z": 1.7595, "temp": 2.2423}}, "1006": {"mean": {"bvp": 0.4616, "eda": 2.1565, "acc_x": 2.7434, "acc_y": 1.4911, "acc_z": 1.9821, "temp": 2.8008}, "min": {"bvp": 0.4397, "eda": 1.8766, "acc_x": 2.4046, "acc_y": 1.4539, "acc_z": 1.8356, "temp": 2.2381}}, "1007": {"mean": {"bvp": 0.9338, "eda": 2.5409, "acc_x": 2.4057, "acc_y": 1.2335, "acc_z": 2.0394, "temp": 2.5644}, "min": {"bvp": 0.8387, "eda": 2.1921, "acc_x": 2.0229, "acc_y": 1.1136, "acc_z": 1.7363, "temp": 2.036}}, "1008": {"mean": {"bvp": 0.7127, "eda": 2.4274, "acc_x": 2.5268, "acc_y": 1.4653, "acc_z": 1.6005, "temp": 2.6223}, "min": {"bvp": 0.6235, "eda": 2.0656, "acc_x": 2.2008, "acc_y": 1.4081, "acc_z": 1.5114, "temp": 2.1183}}, "1009": {"mean": {"bvp": 1.0895, "eda": 2.4999, "acc_x": 2.4538, "acc_y": 1.3765, "acc_z": 1.8272, "temp": 2.7764}, "min": {"bvp": 0.9875, "eda": 2.1473, "acc_x": 2.0588, "acc_y": 1.352, "acc_z": 1.6626, "temp": 2.5559}}, "1010": {"mean": {"bvp": 0.4654, "eda": 2.6212, "acc_x": 2.181, "acc_y": 1.5944, "acc_z": 2.1388, "temp": 2.8387}, "min": {"bvp": 0.4303, "eda": 2.1793, "acc_x": 1.8813, "acc_y": 1.4975, "acc_z": 1.9651, "temp": 2.5587}}, "1011": {"mean": {"bvp": 1.1022, "eda": 2.4258, "acc_x": 2.0896, "acc_y": 1.4573, "acc_z": 2.1104, "temp": 3.0422}, "min": {"bvp": 1.0074, "eda": 2.086, "acc_x": 1.8273, "acc_y": 1.4391, "acc_z": 1.9056, "temp": 2.8095}}, "1012": {"mean": {"bvp": 0.478, "eda": 2.1977, "acc_x": 2.3327, "acc_y": 1.5878, "acc_z": 1.9207, "temp": 2.3588}, "min": {"bvp": 0.4593, "eda": 1.9154, "acc_x": 2.1611, "acc_y": 1.5691, "acc_z": 1.8029, "temp": 2.1934}}, "1013": {"mean": {"bvp": 0.6684, "eda": 2.2754, "acc_x": 1.8794, "acc_y": 1.5931, "acc_z": 2.1799, "temp": 2.6261}, "min": {"bvp": 0.581, "eda": 2.0163, "acc_x": 1.6376, "acc_y": 1.5744, "acc_z": 1.9679, "temp": 2.409}}, "1014": {"mean": {"bvp": 0.4039, "eda": 2.1533, "acc_x": 1.8472, "acc_y": 1.3073, "acc_z": 1.7911, "temp": 2.8221}, "min": {"bvp": 0.3635, "eda": 1.9562, "acc_x": 1.4807, "acc_y": 1.2787, "acc_z": 1.765, "temp": 2.46}}, "1015": {"mean": {"bvp": 0.3499, "eda": 2.1606, "acc_x": 2.0837, "acc_y": 1.6336, "acc_z": 1.6708, "temp": 2.6953}, "min": {"bvp": 0.3283, "eda": 1.8088, "acc_x": 1.8209, "acc_y": 1.5685, "acc_z": 1.5048, "temp": 2.4842}}}, "1005": {"1001": {"mean": {"bvp": 1.1483, "eda": 2.9453, "acc_x": 2.34, "acc_y": 2.0295, "acc_z": 2.0185, "temp": 3.2814}, "min": {"bvp": 0.4498, "eda": 2.2677, "acc_x": 1.9842, "acc_y": 1.9983, "acc_z": 1.9709, "temp": 2.849}}, "1002": {"mean": {"bvp": 1.5648, "eda": 2.6721, "acc_x": 2.6171, "acc_y": 1.5649, "acc_z": 1.4533, "temp": 2.9934}, "min": {"bvp": 0.7064, "eda": 2.2011, "acc_x": 2.3674, "acc_y": 1.5083, "acc_z": 1.3629, "temp": 2.5692}}, "1003": {"mean": {"bvp": 1.0719, "eda": 2.4593, "acc_x": 2.3704, "acc_y": 1.7998, "acc_z": 1.7885, "temp": 2.8957}, "min": {"bvp": 0.6496, "eda": 1.831, "acc_x": 2.0669, "acc_y": 1.7541, "acc_z": 1.7072, "temp": 2.6822}}, "1004": {"mean": {"bvp": 1.7093, "eda": 2.7565, "acc_x": 2.2639, "acc_y": 1.8587, "acc_z": 1.6596, "temp": 3.2711}, "min": {"bvp": 0.7009, "eda": 2.2338, "acc_x": 1.9589, "acc_y": 1.8141, "acc_z": 1.5238, "temp": 2.9917}}, "1005": {"mean": {"bvp": 0.8075, "eda": 2.9689, "acc_x": 2.4037, "acc_y": 1.4973, "acc_z": 1.7882, "temp": 2.9614}, "min": {"bvp": 0.788, "eda": 2.1876, "acc_x": 2.1904, "acc_y": 1.4855, "acc_z": 1.7485, "temp": 2.6493}}, "1006": {"mean": {"bvp": 1.6638, "eda": 2.4159, "acc_x": 3.0026, "acc_y": 1.5613, "acc_z": 2.0347, "temp": 3.2751}, "min": {"bvp": 0.634, "eda": 1.9767, "acc_x": 2.621, "acc_y": 1.5072, "acc_z": 1.9205, "temp": 2.8052}}, "1007": {"mean": {"bvp": 0.8532, "eda": 2.8091, "acc_x": 2.5387, "acc_y": 1.3361, "acc_z": 1.7222, "temp": 2.9904}, "min": {"bvp": 0.4578, "eda": 2.2781, "acc_x": 2.292, "acc_y": 1.2787, "acc_z": 1.6002, "temp": 2.3642}}, "1008": {"mean": {"bvp": 1.0893, "eda": 2.7102, "acc_x": 2.6801, "acc_y": 1.6116, "acc_z": 1.495, "temp": 3.1284}, "min": {"bvp": 0.5446, "eda": 2.1351, "acc_x": 2.371, "acc_y": 1.5059, "acc_z": 1.4076, "temp": 2.7881}}, "1009": {"mean": {"bvp": 0.7438, "eda": 2.7689, "acc_x": 2.5245, "acc_y": 1.723, "acc_z": 1.7255, "temp": 3.2433}, "min": {"bvp": 0.4909, "eda": 2.1788, "acc_x": 2.2786, "acc_y": 1.7036, "acc_z": 1.6585, "temp": 2.7499}}, "1010": {"mean": {"bvp": 1.4655, "eda": 2.9322, "acc_x": 2.3025, "acc_y": 1.6751, "acc_z": 1.9184, "temp": 3.21}, "min": {"bvp": 0.6094, "eda": 2.2775, "acc_x": 2.0166, "acc_y": 1.5927, "acc_z": 1.847, "temp": 2.7737}}, "1011": {"mean": {"bvp": 0.9092, "eda": 2.7147, "acc_x": 2.1974, "acc_y": 1.6997, "acc_z": 1.9048, "temp": 3.4315}, "min": {"bvp": 0.6145, "eda": 1.9445, "acc_x": 1.9394, "acc_y": 1.6469, "acc_z": 1.8175, "temp": 2.9385}}, "1012": {"mean": {"bvp": 1.6676, "eda": 2.429, "acc_x": 2.7429, "acc_y": 1.7905, "acc_z": 1.7625, "temp": 2.8915}, "min": {"bvp": 0.6239, "eda": 1.9504, "acc_x": 2.4885, "acc_y": 1.7557, "acc_z": 1.7384, "temp": 2.6235}}, "1013": {"mean": {"bvp": 1.0301, "eda": 2.4854, "acc_x": 2.2451, "acc_y": 1.8176, "acc_z": 1.9773, "temp": 3.3754}, "min": {"bvp": 0.4698, "eda": 1.9324, "acc_x": 1.8855, "acc_y": 1.8106, "acc_z": 1.9402, "temp": 2.7424}}, "1014": {"mean": {"bvp": 1.8043, "eda": 2.3914, "acc_x": 2.2488, "acc_y": 1.5291, "acc_z": 1.6858, "temp": 3.1103}, "min": {"bvp": 0.5009, "eda": 1.9763, "acc_x": 1.8198, "acc_y": 1.5053, "acc_z": 1.6549, "temp": 2.6447}}, "1015": {"mean": {"bvp": 1.4278, "eda": 2.4731, "acc_x": 2.2546, "acc_y": 1.7223, "acc_z": 1.573, "temp": 3.3043}, "min": {"bvp": 0.5159, "eda": 1.7811, "acc_x": 1.9436, "acc_y": 1.6695, "acc_z": 1.44, "temp": 2.8562}}}, "1006": {"1001": {"mean": {"bvp": 0.3929, "eda": 2.9572, "acc_x": 1.9842, "acc_y": 1.8498, "acc_z": 1.9857, "temp": 3.0622}, "min": {"bvp": 0.363, "eda": 2.8284, "acc_x": 1.7492, "acc_y": 1.8169, "acc_z": 1.939, "temp": 2.5686}}, "1002": {"mean": {"bvp": 0.6736, "eda": 2.6529, "acc_x": 1.9702, "acc_y": 1.5209, "acc_z": 1.4254, "temp": 2.4519}, "min": {"bvp": 0.6631, "eda": 2.5584, "acc_x": 1.7581, "acc_y": 1.3769, "acc_z": 1.3795, "temp": 2.0899}}, "1003": {"mean": {"bvp": 0.7561, "eda": 2.5487, "acc_x": 1.9585, "acc_y": 1.7046, "acc_z": 1.8598, "temp": 2.2512}, "min": {"bvp": 0.7042, "eda": 2.3832, "acc_x": 1.6453, "acc_y": 1.6962, "acc_z": 1.8351, "temp": 2.0579}}, "1004": {"mean": {"bvp": 0.6255, "eda": 2.7468, "acc_x": 2.0438, "acc_y": 1.84, "acc_z": 1.6716, "temp": 2.8694}, "min": {"bvp": 0.6165, "eda": 2.6438, "acc_x": 1.7405, "acc_y": 1.775, "acc_z": 1.6092, "temp": 2.6585}}, "1005": {"mean": {"bvp": 1.5136, "eda": 3.0311, "acc_x": 2.2117, "acc_y": 1.3088, "acc_z": 1.8398, "temp": 2.442}, "min": {"bvp": 1.0956, "eda": 2.8664, "acc_x": 1.899, "acc_y": 1.2264, "acc_z": 1.6955, "temp": 2.1882}}, "1006": {"mean": {"bvp": 0.4834, "eda": 2.3674, "acc_x": 2.3965, "acc_y": 1.5806, "acc_z": 1.906, "temp": 2.7996}, "min": {"bvp": 0.4804, "eda": 2.2357, "acc_x": 2.1222, "acc_y": 1.542, "acc_z": 1.7785, "temp": 2.3033}}, "1007": {"mean": {"bvp": 0.631, "eda": 2.7673, "acc_x": 2.1192, "acc_y": 1.373, "acc_z": 1.8661, "temp": 2.5383}, "min": {"bvp": 0.506, "eda": 2.6109, "acc_x": 1.8827, "acc_y": 1.241, "acc_z": 1.7547, "temp": 2.0219}}, "1008": {"mean": {"bvp": 0.5367, "eda": 2.7018, "acc_x": 2.2117, "acc_y": 1.5426, "acc_z": 1.5538, "temp": 2.6213}, "min": {"bvp": 0.4934, "eda": 2.6029, "acc_x": 1.9167, "acc_y": 1.3531, "acc_z": 1.5025, "temp": 2.1108}}, "1009": {"mean": {"bvp": 0.6869, "eda": 2.7715, "acc_x": 2.2093, "acc_y": 1.5874, "acc_z": 1.7453, "temp": 2.8503}, "min": {"bvp": 0.3977, "eda": 2.6663, "acc_x": 1.976, "acc_y": 1.5058, "acc_z": 1.6882, "temp": 2.7071}}, "1010": {"mean": {"bvp": 0.4718, "eda": 2.9166, "acc_x": 2.0816, "acc_y": 1.7946, "acc_z": 2.0286, "temp": 2.8483}, "min": {"bvp": 0.4512, "eda": 2.685, "acc_x": 1.8244, "acc_y": 1.7135, "acc_z": 1.9585, "temp": 2.5346}}, "1011": {"mean": {"bvp": 0.8023, "eda": 2.8141, "acc_x": 1.9164, "acc_y": 1.5407, "acc_z": 1.9376, "temp": 3.1402}, "min": {"bvp": 0.6342, "eda": 2.688, "acc_x": 1.6081, "acc_y": 1.5085, "acc_z": 1.8756, "temp": 2.8423}}, "1012": {"mean": {"bvp": 0.4863, "eda": 2.4387, "acc_x": 2.0106, "acc_y": 1.7069, "acc_z": 1.8042, "temp": 2.3131}, "min": {"bvp": 0.4611, "eda": 2.3293, "acc_x": 1.8883, "acc_y": 1.6671, "acc_z": 1.7759, "temp": 2.145}}, "1013": {"mean": {"bvp": 0.4457, "eda": 2.5834, "acc_x": 1.8133, "acc_y": 1.7089, "acc_z": 2.0762, "temp": 2.7619}, "min": {"bvp": 0.386, "eda": 2.4265, "acc_x": 1.5219, "acc_y": 1.6529, "acc_z": 2.0153, "temp": 2.4458}}, "1014": {"mean": {"bvp": 0.4049, "eda": 2.3756, "acc_x": 1.8494, "acc_y": 1.4689, "acc_z": 1.6758, "temp": 2.7704}, "min": {"bvp": 0.3492, "eda": 2.2798, "acc_x": 1.5883, "acc_y": 1.4163, "acc_z": 1.6597, "temp": 2.354}}, "1015": {"mean": {"bvp": 0.3464, "eda": 2.5139, "acc_x": 1.7493, "acc_y": 1.6919, "acc_z": 1.4607, "temp": 2.7824}, "min": {"bvp": 0.3268, "eda": 2.3668, "acc_x": 1.4797, "acc_y": 1.5824, "acc_z": 1.2317, "temp": 2.5044}}}, "1007": {"1001": {"mean": {"bvp": 0.3191, "eda": 3.2682, "acc_x": 2.2161, "acc_y": 1.9644, "acc_z": 2.5576, "temp": 3.8536}, "min": {"bvp": 0.3106, "eda": 2.8185, "acc_x": 1.7128, "acc_y": 1.6921, "acc_z": 2.1891, "temp": 3.5171}}, "1002": {"mean": {"bvp": 0.7652, "eda": 2.9514, "acc_x": 2.3104, "acc_y": 1.4092, "acc_z": 2.1754, "temp": 2.9793}, "min": {"bvp": 0.7018, "eda": 2.5995, "acc_x": 1.9445, "acc_y": 1.2449, "acc_z": 1.6018, "temp": 2.711}}, "1003": {"mean": {"bvp": 0.5671, "eda": 2.7049, "acc_x": 2.1125, "acc_y": 1.7141, "acc_z": 2.3993, "temp": 2.9287}, "min": {"bvp": 0.5658, "eda": 2.3026, "acc_x": 1.8858, "acc_y": 1.5544, "acc_z": 2.0033, "temp": 2.6558}}, "1004": {"mean": {"bvp": 0.745, "eda": 3.0386, "acc_x": 2.0675, "acc_y": 1.7376, "acc_z": 2.4701, "temp": 3.6773}, "min": {"bvp": 0.6303, "eda": 2.6506, "acc_x": 1.7824, "acc_y": 1.6698, "acc_z": 1.8881, "temp": 3.4005}}, "1005": {"mean": {"bvp": 1.0525, "eda": 3.3328, "acc_x": 2.2475, "acc_y": 1.4518, "acc_z": 2.0544, "temp": 3.1826}, "min": {"bvp": 1.0054, "eda": 2.8429, "acc_x": 1.9383, "acc_y": 1.2242, "acc_z": 1.9339, "temp": 2.8547}}, "1006": {"mean": {"bvp": 0.6641, "eda": 2.7022, "acc_x": 2.6531, "acc_y": 1.5708, "acc_z": 2.7563, "temp": 3.435}, "min": {"bvp": 0.5489, "eda": 2.2899, "acc_x": 2.3867, "acc_y": 1.4574, "acc_z": 2.2573, "temp": 3.1105}}, "1007": {"mean": {"bvp": 0.3095, "eda": 3.1165, "acc_x": 2.367, "acc_y": 1.3234, "acc_z": 2.0046, "temp": 3.2931}, "min": {"bvp": 0.2995, "eda": 2.707, "acc_x": 2.0429, "acc_y": 1.1953, "acc_z": 1.8198, "temp": 3.003}}, "1008": {"mean": {"bvp": 0.4306, "eda": 2.9986, "acc_x": 2.4788, "acc_y": 1.6672, "acc_z": 2.1642, "temp": 3.443}, "min": {"bvp": 0.418, "eda": 2.5848, "acc_x": 2.1457, "acc_y": 1.441, "acc_z": 1.6517, "temp": 3.1182}}, "1009": {"mean": {"bvp": 0.3239, "eda": 3.0728, "acc_x": 2.3697, "acc_y": 1.5825, "acc_z": 2.3039, "temp": 3.6973}, "min": {"bvp": 0.2972, "eda": 2.6602, "acc_x": 1.9815, "acc_y": 1.3816, "acc_z": 1.8689, "temp": 3.3546}}, "1010": {"mean": {"bvp": 0.5209, "eda": 3.3049, "acc_x": 2.1853, "acc_y": 1.7228, "acc_z": 2.3205, "temp": 3.6065}, "min": {"bvp": 0.4789, "eda": 2.8392, "acc_x": 1.8078, "acc_y": 1.6033, "acc_z": 2.1309, "temp": 3.3463}}, "1011": {"mean": {"bvp": 0.5504, "eda": 3.0401, "acc_x": 2.0706, "acc_y": 1.6727, "acc_z": 2.4263, "temp": 4.1066}, "min": {"bvp": 0.5417, "eda": 2.5394, "acc_x": 1.6389, "acc_y": 1.4012, "acc_z": 2.0199, "temp": 3.7787}}, "1012": {"mean": {"bvp": 0.6772, "eda": 2.6804, "acc_x": 2.5435, "acc_y": 1.6159, "acc_z": 2.2487, "temp": 2.8473}, "min": {"bvp": 0.5617, "eda": 2.3045, "acc_x": 2.2104, "acc_y": 1.5694, "acc_z": 1.8846, "temp": 2.5457}}, "1013": {"mean": {"bvp": 0.335, "eda": 2.761, "acc_x": 1.9297, "acc_y": 1.7488, "acc_z": 2.3134, "temp": 4.1056}, "min": {"bvp": 0.3206, "eda": 2.4078, "acc_x": 1.6563, "acc_y": 1.5727, "acc_z": 2.1673, "temp": 3.7207}}, "1014": {"mean": {"bvp": 0.7651, "eda": 2.6028, "acc_x": 1.7081, "acc_y": 1.4806, "acc_z": 2.2068, "temp": 3.4311}, "min": {"bvp": 0.5175, "eda": 2.2131, "acc_x": 1.3445, "acc_y": 1.3865, "acc_z": 1.8219, "temp": 3.1086}}, "1015": {"mean": {"bvp": 0.4427, "eda": 2.7632, "acc_x": 2.0552, "acc_y": 1.8022, "acc_z": 2.0228, "temp": 3.7973}, "min": {"bvp": 0.4016, "eda": 2.3161, "acc_x": 1.7558, "acc_y": 1.5684, "acc_z": 1.7297, "temp": 3.437}}}, "1008": {"1001": {"mean": {"bvp": 0.3576, "eda": 2.9432, "acc_x": 2.1367, "acc_y": 1.8753, "acc_z": 2.1177, "temp": 3.3024}, "min": {"bvp": 0.3455, "eda": 1.9506, "acc_x": 1.8924, "acc_y": 1.7908, "acc_z": 1.9844, "temp": 2.3643}}, "1002": {"mean": {"bvp": 0.7775, "eda": 2.7163, "acc_x": 2.0741, "acc_y": 1.407, "acc_z": 1.6035, "temp": 2.6775}, "min": {"bvp": 0.6651, "eda": 2.0144, "acc_x": 2.0433, "acc_y": 1.3755, "acc_z": 1.5158, "temp": 2.0091}}, "1003": {"mean": {"bvp": 0.6028, "eda": 2.5088, "acc_x": 1.9612, "acc_y": 1.693, "acc_z": 1.9196, "temp": 2.5228}, "min": {"bvp": 0.5874, "eda": 1.5976, "acc_x": 1.8433, "acc_y": 1.6464, "acc_z": 1.7868, "temp": 1.7827}}, "1004": {"mean": {"bvp": 0.8045, "eda": 2.7545, "acc_x": 2.0341, "acc_y": 1.8006, "acc_z": 1.8331, "temp": 3.2618}, "min": {"bvp": 0.6466, "eda": 1.9163, "acc_x": 1.8771, "acc_y": 1.6679, "acc_z": 1.7368, "temp": 2.5592}}, "1005": {"mean": {"bvp": 1.1336, "eda": 2.8885, "acc_x": 2.2633, "acc_y": 1.2784, "acc_z": 1.8706, "temp": 2.7537}, "min": {"bvp": 1.0391, "eda": 1.7061, "acc_x": 2.1547, "acc_y": 1.1746, "acc_z": 1.6533, "temp": 2.0237}}, "1006": {"mean": {"bvp": 0.7178, "eda": 2.4983, "acc_x": 2.5114, "acc_y": 1.5792, "acc_z": 2.1458, "temp": 2.9783}, "min": {"bvp": 0.5413, "eda": 1.8669, "acc_x": 2.2934, "acc_y": 1.5655, "acc_z": 2.0417, "temp": 2.0819}}, "1007": {"mean": {"bvp": 0.3542, "eda": 2.8211, "acc_x": 2.174, "acc_y": 1.3282, "acc_z": 1.9164, "temp": 2.8133}, "min": {"bvp": 0.3063, "eda": 2.0147, "acc_x": 2.0456, "acc_y": 1.242, "acc_z": 1.6883, "temp": 1.952}}, "1008": {"mean": {"bvp": 0.4516, "eda": 2.7004, "acc_x": 2.2879, "acc_y": 1.6162, "acc_z": 1.6201, "temp": 2.8732}, "min": {"bvp": 0.4309, "eda": 1.7619, "acc_x": 2.136, "acc_y": 1.4903, "acc_z": 1.5497, "temp": 1.8948}}, "1009": {"mean": {"bvp": 0.3519, "eda": 2.783, "acc_x": 2.2429, "acc_y": 1.5382, "acc_z": 1.8287, "temp": 3.181}, "min": {"bvp": 0.3013, "eda": 1.8727, "acc_x": 2.0579, "acc_y": 1.4551, "acc_z": 1.7114, "temp": 2.4132}}, "1010": {"mean": {"bvp": 0.5721, "eda": 2.7706, "acc_x": 2.1167, "acc_y": 1.7418, "acc_z": 2.0595, "temp": 3.1759}, "min": {"bvp": 0.4976, "eda": 1.8803, "acc_x": 1.9726, "acc_y": 1.7113, "acc_z": 1.9229, "temp": 2.41}}, "1011": {"mean": {"bvp": 0.5668, "eda": 2.7482, "acc_x": 1.8978, "acc_y": 1.5225, "acc_z": 2.0603, "temp": 3.5266}, "min": {"bvp": 0.5469, "eda": 1.6669, "acc_x": 1.7464, "acc_y": 1.4339, "acc_z": 1.8316, "temp": 2.6232}}, "1012": {"mean": {"bvp": 0.7147, "eda": 2.4576, "acc_x": 2.1445, "acc_y": 1.6472, "acc_z": 1.8652, "temp": 2.5207}, "min": {"bvp": 0.5292, "eda": 1.7768, "acc_x": 2.0826, "acc_y": 1.5624, "acc_z": 1.7719, "temp": 1.8614}}, "1013": {"mean": {"bvp": 0.3447, "eda": 2.5145, "acc_x": 1.7474, "acc_y": 1.6965, "acc_z": 2.1191, "temp": 3.3831}, "min": {"bvp": 0.3367, "eda": 1.7094, "acc_x": 1.6529, "acc_y": 1.6298, "acc_z": 1.9747, "temp": 2.3077}}, "1014": {"mean": {"bvp": 0.793, "eda": 2.5007, "acc_x": 1.794, "acc_y": 1.4604, "acc_z": 1.8106, "temp": 2.9982}, "min": {"bvp": 0.4141, "eda": 1.9127, "acc_x": 1.5122, "acc_y": 1.4255, "acc_z": 1.7045, "temp": 2.1799}}, "1015": {"mean": {"bvp": 0.4664, "eda": 2.477, "acc_x": 1.7359, "acc_y": 1.7405, "acc_z": 1.6207, "temp": 3.1933}, "min": {"bvp": 0.3801, "eda": 1.4259, "acc_x": 1.607, "acc_y": 1.6314, "acc_z": 1.5662, "temp": 2.2619}}}, "1009": {"1001": {"mean": {"bvp": 0.4686, "eda": 3.295, "acc_x": 1.9756, "acc_y": 1.8147, "acc_z": 2.1368, "temp": 3.526}, "min": {"bvp": 0.3669, "eda": 3.1365, "acc_x": 1.8372, "acc_y": 1.7287, "acc_z": 2.0538, "temp": 2.9271}}, "1002": {"mean": {"bvp": 1.0101, "eda": 2.9018, "acc_x": 2.1414, "acc_y": 1.571, "acc_z": 1.7539, "temp": 2.7292}, "min": {"bvp": 0.891, "eda": 2.7349, "acc_x": 2.078, "acc_y": 1.4769, "acc_z": 1.3467, "temp": 2.298}}, "1003": {"mean": {"bvp": 0.6202, "eda": 2.8117, "acc_x": 1.962, "acc_y": 1.7526, "acc_z": 2.1639, "temp": 2.6691}, "min": {"bvp": 0.5805, "eda": 2.7178, "acc_x": 1.8064, "acc_y": 1.6402, "acc_z": 1.7805, "temp": 2.2207}}, "1004": {"mean": {"bvp": 1.1464, "eda": 3.0204, "acc_x": 2.0431, "acc_y": 2.0193, "acc_z": 1.8514, "temp": 3.4083}, "min": {"bvp": 1.0069, "eda": 2.871, "acc_x": 1.8944, "acc_y": 1.8042, "acc_z": 1.5602, "temp": 2.9773}}, "1005": {"mean": {"bvp": 0.9613, "eda": 3.3659, "acc_x": 2.2675, "acc_y": 1.3051, "acc_z": 2.1265, "temp": 2.9007}, "min": {"bvp": 0.8578, "eda": 3.1955, "acc_x": 2.1328, "acc_y": 1.2241, "acc_z": 1.983, "temp": 2.3812}}, "1006": {"mean": {"bvp": 1.0901, "eda": 2.6283, "acc_x": 2.4544, "acc_y": 1.6851, "acc_z": 2.1182, "temp": 3.1493}, "min": {"bvp": 0.9365, "eda": 2.4387, "acc_x": 2.2655, "acc_y": 1.5742, "acc_z": 1.8645, "temp": 2.5909}}, "1007": {"mean": {"bvp": 0.3425, "eda": 3.0754, "acc_x": 2.1458, "acc_y": 1.4664, "acc_z": 2.1506, "temp": 3.0137}, "min": {"bvp": 0.304, "eda": 2.8938, "acc_x": 2.0928, "acc_y": 1.3376, "acc_z": 2.0964, "temp": 2.5073}}, "1008": {"mean": {"bvp": 0.4855, "eda": 3.0045, "acc_x": 2.2224, "acc_y": 1.6406, "acc_z": 1.7823, "temp": 3.1317}, "min": {"bvp": 0.4292, "eda": 2.8606, "acc_x": 2.122, "acc_y": 1.5522, "acc_z": 1.5185, "temp": 2.5499}}, "1009": {"mean": {"bvp": 0.3446, "eda": 3.0725, "acc_x": 2.1997, "acc_y": 1.5023, "acc_z": 1.9869, "temp": 3.3772}, "min": {"bvp": 0.3249, "eda": 2.9023, "acc_x": 2.1219, "acc_y": 1.4612, "acc_z": 1.6681, "temp": 2.8052}}, "1010": {"mean": {"bvp": 0.8376, "eda": 3.2642, "acc_x": 2.1286, "acc_y": 1.8405, "acc_z": 2.2057, "temp": 3.3461}, "min": {"bvp": 0.6985, "eda": 3.0493, "acc_x": 2.0227, "acc_y": 1.7618, "acc_z": 2.1301, "temp": 2.9196}}, "1011": {"mean": {"bvp": 0.545, "eda": 3.1039, "acc_x": 1.8661, "acc_y": 1.5235, "acc_z": 2.2139, "temp": 3.7814}, "min": {"bvp": 0.5312, "eda": 2.9555, "acc_x": 1.7852, "acc_y": 1.4356, "acc_z": 2.0597, "temp": 3.2037}}, "1012": {"mean": {"bvp": 1.0899, "eda": 2.6948, "acc_x": 2.1886, "acc_y": 1.8112, "acc_z": 2.0937, "temp": 2.6031}, "min": {"bvp": 0.9338, "eda": 2.5595, "acc_x": 2.0786, "acc_y": 1.6588, "acc_z": 1.7889, "temp": 2.1664}}, "1013": {"mean": {"bvp": 0.382, "eda": 2.8127, "acc_x": 1.8217, "acc_y": 1.7063, "acc_z": 2.2207, "temp": 3.7418}, "min": {"bvp": 0.3281, "eda": 2.6717, "acc_x": 1.6563, "acc_y": 1.6254, "acc_z": 2.19, "temp": 3.0395}}, "1014": {"mean": {"bvp": 1.3143, "eda": 2.5952, "acc_x": 1.8639, "acc_y": 1.4901, "acc_z": 1.8304, "temp": 3.143}, "min": {"bvp": 1.1446, "eda": 2.4742, "acc_x": 1.5916, "acc_y": 1.4158, "acc_z": 1.6177, "temp": 2.6193}}, "1015": {"mean": {"bvp": 0.7769, "eda": 2.8258, "acc_x": 1.7357, "acc_y": 1.7461, "acc_z": 1.7222, "temp": 3.4636}, "min": {"bvp": 0.6205, "eda": 2.6994, "acc_x": 1.6881, "acc_y": 1.6818, "acc_z": 1.5675, "temp": 2.8328}}}, "1010": {"1001": {"mean": {"bvp": 0.3412, "eda": 3.2466, "acc_x": 1.8328, "acc_y": 1.7882, "acc_z": 2.4431, "temp": 2.7232}, "min": {"bvp": 0.3183, "eda": 2.9067, "acc_x": 1.7086, "acc_y": 1.6549, "acc_z": 2.0594, "temp": 2.2374}}, "1002": {"mean": {"bvp": 0.6728, "eda": 2.9145, "acc_x": 2.1798, "acc_y": 1.4209, "acc_z": 2.0674, "temp": 2.2297}, "min": {"bvp": 0.6458, "eda": 2.6487, "acc_x": 2.0929, "acc_y": 1.3869, "acc_z": 1.5898, "temp": 2.0034}}, "1003": {"mean": {"bvp": 0.6868, "eda": 2.6936, "acc_x": 1.8856, "acc_y": 1.62, "acc_z": 2.3766, "temp": 2.0594}, "min": {"bvp": 0.6755, "eda": 2.3809, "acc_x": 1.8538, "acc_y": 1.5619, "acc_z": 2.0031, "temp": 1.8286}}, "1004": {"mean": {"bvp": 0.6523, "eda": 3.0154, "acc_x": 1.8536, "acc_y": 1.7076, "acc_z": 2.2723, "temp": 2.8485}, "min": {"bvp": 0.641, "eda": 2.7381, "acc_x": 1.7937, "acc_y": 1.6271, "acc_z": 1.6296, "temp": 2.555}}, "1005": {"mean": {"bvp": 1.5658, "eda": 3.321, "acc_x": 2.0765, "acc_y": 1.2166, "acc_z": 2.1445, "temp": 2.3081}, "min": {"bvp": 1.5495, "eda": 2.9533, "acc_x": 2.0012, "acc_y": 1.1557, "acc_z": 1.961, "temp": 2.037}}, "1006": {"mean": {"bvp": 0.5049, "eda": 2.6722, "acc_x": 2.5082, "acc_y": 1.4977, "acc_z": 2.4831, "temp": 2.4759}, "min": {"bvp": 0.4789, "eda": 2.3792, "acc_x": 2.4371, "acc_y": 1.4335, "acc_z": 1.8894, "temp": 2.0228}}, "1007": {"mean": {"bvp": 0.5544, "eda": 3.0857, "acc_x": 2.0523, "acc_y": 1.2549, "acc_z": 2.1137, "temp": 2.2716}, "min": {"bvp": 0.5379, "eda": 2.7862, "acc_x": 2.0064, "acc_y": 1.164, "acc_z": 1.9437, "temp": 1.8772}}, "1008": {"mean": {"bvp": 0.4783, "eda": 2.9736, "acc_x": 2.1819, "acc_y": 1.4695, "acc_z": 2.1016, "temp": 2.3668}, "min": {"bvp": 0.4649, "eda": 2.6674, "acc_x": 2.122, "acc_y": 1.3081, "acc_z": 1.6662, "temp": 2.0021}}, "1009": {"mean": {"bvp": 0.6749, "eda": 3.0425, "acc_x": 2.0811, "acc_y": 1.4542, "acc_z": 2.264, "temp": 2.6753}, "min": {"bvp": 0.655, "eda": 2.732, "acc_x": 2.0036, "acc_y": 1.3422, "acc_z": 1.8665, "temp": 2.4271}}, "1010": {"mean": {"bvp": 0.4783, "eda": 3.2807, "acc_x": 1.9172, "acc_y": 1.6472, "acc_z": 2.3281, "temp": 2.7791}, "min": {"bvp": 0.459, "eda": 2.9375, "acc_x": 1.8502, "acc_y": 1.508, "acc_z": 2.0583, "temp": 2.4953}}, "1011": {"mean": {"bvp": 0.7544, "eda": 3.0395, "acc_x": 1.7639, "acc_y": 1.4666, "acc_z": 2.3473, "temp": 2.9903}, "min": {"bvp": 0.7334, "eda": 2.6662, "acc_x": 1.6726, "acc_y": 1.3476, "acc_z": 1.8218, "temp": 2.6559}}, "1012": {"mean": {"bvp": 0.5078, "eda": 2.647, "acc_x": 2.297, "acc_y": 1.6214, "acc_z": 2.267, "temp": 2.1617}, "min": {"bvp": 0.4922, "eda": 2.36, "acc_x": 2.2577, "acc_y": 1.5627, "acc_z": 1.9403, "temp": 1.9805}}, "1013": {"mean": {"bvp": 0.3727, "eda": 2.7392, "acc_x": 1.7878, "acc_y": 1.6292, "acc_z": 2.3468, "temp": 2.7515}, "min": {"bvp": 0.3646, "eda": 2.4506, "acc_x": 1.733, "acc_y": 1.5395, "acc_z": 2.1192, "temp": 2.2808}}, "1014": {"mean": {"bvp": 0.4515, "eda": 2.5723, "acc_x": 1.6051, "acc_y": 1.3483, "acc_z": 2.1297, "temp": 2.5625}, "min": {"bvp": 0.4001, "eda": 2.2875, "acc_x": 1.4388, "acc_y": 1.2323, "acc_z": 1.6499, "temp": 2.3268}}, "1015": {"mean": {"bvp": 0.3334, "eda": 2.7502, "acc_x": 1.7288, "acc_y": 1.5689, "acc_z": 1.8932, "temp": 2.5917}, "min": {"bvp": 0.3202, "eda": 2.4149, "acc_x": 1.6786, "acc_y": 1.3718, "acc_z": 1.3796, "temp": 2.1268}}}, "1011": {"1001": {"mean": {"bvp": 0.433, "eda": 2.7531, "acc_x": 2.0357, "acc_y": 1.7857, "acc_z": 2.206, "temp": 2.7613}, "min": {"bvp": 0.372, "eda": 2.2112, "acc_x": 1.7511, "acc_y": 1.6981, "acc_z": 2.0032, "temp": 2.3717}}, "1002": {"mean": {"bvp": 0.7735, "eda": 2.505, "acc_x": 2.185, "acc_y": 1.4729, "acc_z": 1.5689, "temp": 2.3298}, "min": {"bvp": 0.7021, "eda": 2.125, "acc_x": 2.0913, "acc_y": 1.4207, "acc_z": 1.3157, "temp": 2.0607}}, "1003": {"mean": {"bvp": 0.6434, "eda": 2.3561, "acc_x": 2.0412, "acc_y": 1.652, "acc_z": 1.9411, "temp": 2.1644}, "min": {"bvp": 0.5837, "eda": 1.8046, "acc_x": 1.9533, "acc_y": 1.6076, "acc_z": 1.8003, "temp": 1.9482}}, "1004": {"mean": {"bvp": 0.8236, "eda": 2.5651, "acc_x": 2.05, "acc_y": 1.8407, "acc_z": 1.8956, "temp": 2.6463}, "min": {"bvp": 0.5834, "eda": 2.1548, "acc_x": 1.7677, "acc_y": 1.7535, "acc_z": 1.667, "temp": 2.3594}}, "1005": {"mean": {"bvp": 1.0532, "eda": 2.7567, "acc_x": 2.331, "acc_y": 1.2304, "acc_z": 1.869, "temp": 2.2753}, "min": {"bvp": 0.8466, "eda": 2.1307, "acc_x": 2.0474, "acc_y": 1.1106, "acc_z": 1.8254, "temp": 1.9503}}, "1006": {"mean": {"bvp": 0.7435, "eda": 2.2126, "acc_x": 2.3953, "acc_y": 1.5786, "acc_z": 2.2188, "temp": 2.6049}, "min": {"bvp": 0.4837, "eda": 1.9028, "acc_x": 2.3059, "acc_y": 1.5157, "acc_z": 1.9759, "temp": 2.262}}, "1007": {"mean": {"bvp": 0.4572, "eda": 2.6059, "acc_x": 2.1343, "acc_y": 1.3548, "acc_z": 1.8544, "temp": 2.2511}, "min": {"bvp": 0.3529, "eda": 2.2042, "acc_x": 1.9695, "acc_y": 1.2478, "acc_z": 1.7897, "temp": 1.9208}}, "1008": {"mean": {"bvp": 0.5327, "eda": 2.5232, "acc_x": 2.2861, "acc_y": 1.5409, "acc_z": 1.6751, "temp": 2.3843}, "min": {"bvp": 0.451, "eda": 2.0657, "acc_x": 2.2105, "acc_y": 1.4499, "acc_z": 1.5126, "temp": 2.0744}}, "1009": {"mean": {"bvp": 0.4534, "eda": 2.594, "acc_x": 2.1907, "acc_y": 1.4691, "acc_z": 1.8786, "temp": 2.6713}, "min": {"bvp": 0.3542, "eda": 2.1058, "acc_x": 1.9997, "acc_y": 1.4365, "acc_z": 1.7039, "temp": 2.3299}}, "1010": {"mean": {"bvp": 0.6022, "eda": 2.6902, "acc_x": 2.167, "acc_y": 1.7728, "acc_z": 2.1023, "temp": 2.5763}, "min": {"bvp": 0.4708, "eda": 2.1875, "acc_x": 1.8983, "acc_y": 1.7099, "acc_z": 2.0609, "temp": 2.2815}}, "1011": {"mean": {"bvp": 0.6173, "eda": 2.538, "acc_x": 1.9885, "acc_y": 1.5107, "acc_z": 2.1409, "temp": 2.8187}, "min": {"bvp": 0.5428, "eda": 1.9237, "acc_x": 1.8148, "acc_y": 1.4433, "acc_z": 2.0684, "temp": 2.4703}}, "1012": {"mean": {"bvp": 0.7175, "eda": 2.2977, "acc_x": 2.2555, "acc_y": 1.6644, "acc_z": 1.8672, "temp": 2.2435}, "min": {"bvp": 0.4862, "eda": 1.8845, "acc_x": 2.2096, "acc_y": 1.6094, "acc_z": 1.751, "temp": 1.9728}}, "1013": {"mean": {"bvp": 0.4462, "eda": 2.416, "acc_x": 1.8683, "acc_y": 1.6551, "acc_z": 2.0775, "temp": 2.5284}, "min": {"bvp": 0.347, "eda": 1.8949, "acc_x": 1.7499, "acc_y": 1.6136, "acc_z": 1.9568, "temp": 2.4005}}, "1014": {"mean": {"bvp": 0.8327, "eda": 2.2369, "acc_x": 1.7587, "acc_y": 1.402, "acc_z": 1.8857, "temp": 2.5499}, "min": {"bvp": 0.421, "eda": 1.944, "acc_x": 1.4242, "acc_y": 1.3445, "acc_z": 1.7279, "temp": 2.1866}}, "1015": {"mean": {"bvp": 0.5229, "eda": 2.2874, "acc_x": 1.8051, "acc_y": 1.6824, "acc_z": 1.6719, "temp": 2.5584}, "min": {"bvp": 0.3994, "eda": 1.7118, "acc_x": 1.7635, "acc_y": 1.6262, "acc_z": 1.4931, "temp": 2.3546}}}, "1012": {"1001": {"mean": {"bvp": 0.4597, "eda": 3.2589, "acc_x": 1.9165, "acc_y": 1.7986, "acc_z": 2.0824, "temp": 3.5252}, "min": {"bvp": 0.4085, "eda": 2.7255, "acc_x": 1.8452, "acc_y": 1.7586, "acc_z": 2.0283, "temp": 3.1961}}, "1002": {"mean": {"bvp": 0.658, "eda": 2.9213, "acc_x": 2.2128, "acc_y": 1.47, "acc_z": 1.5484, "temp": 2.7412}, "min": {"bvp": 0.6145, "eda": 2.4774, "acc_x": 2.0987, "acc_y": 1.3989, "acc_z": 1.4636, "temp": 2.5474}}, "1003": {"mean": {"bvp": 0.8353, "eda": 2.7776, "acc_x": 1.9683, "acc_y": 1.6458, "acc_z": 1.9947, "temp": 2.6181}, "min": {"bvp": 0.7028, "eda": 2.2554, "acc_x": 1.8048, "acc_y": 1.5984, "acc_z": 1.7536, "temp": 2.309}}, "1004": {"mean": {"bvp": 0.6447, "eda": 3.0072, "acc_x": 2.0439, "acc_y": 1.8148, "acc_z": 1.6487, "temp": 3.3439}, "min": {"bvp": 0.6, "eda": 2.5525, "acc_x": 1.9258, "acc_y": 1.6773, "acc_z": 1.5883, "temp": 3.0511}}, "1005": {"mean": {"bvp": 1.7532, "eda": 3.3317, "acc_x": 2.2174, "acc_y": 1.2262, "acc_z": 2.1294, "temp": 2.8556}, "min": {"bvp": 1.4507, "eda": 2.8077, "acc_x": 2.0983, "acc_y": 1.1301, "acc_z": 1.819, "temp": 2.4725}}, "1006": {"mean": {"bvp": 0.4987, "eda": 2.6578, "acc_x": 2.4831, "acc_y": 1.5803, "acc_z": 1.9512, "temp": 3.1823}, "min": {"bvp": 0.4742, "eda": 2.2288, "acc_x": 2.3289, "acc_y": 1.5163, "acc_z": 1.877, "temp": 2.9281}}, "1007": {"mean": {"bvp": 0.7618, "eda": 3.0924, "acc_x": 2.1332, "acc_y": 1.3211, "acc_z": 2.1443, "temp": 2.9977}, "min": {"bvp": 0.5592, "eda": 2.6459, "acc_x": 2.0523, "acc_y": 1.2392, "acc_z": 1.8498, "temp": 2.6827}}, "1008": {"mean": {"bvp": 0.6358, "eda": 2.9814, "acc_x": 2.1757, "acc_y": 1.5439, "acc_z": 1.5802, "temp": 3.1166}, "min": {"bvp": 0.5563, "eda": 2.4707, "acc_x": 2.0896, "acc_y": 1.4485, "acc_z": 1.4721, "temp": 2.743}}, "1009": {"mean": {"bvp": 0.8882, "eda": 3.0827, "acc_x": 2.172, "acc_y": 1.5281, "acc_z": 1.894, "temp": 3.3139}, "min": {"bvp": 0.6147, "eda": 2.6082, "acc_x": 2.0911, "acc_y": 1.4868, "acc_z": 1.7846, "temp": 2.8895}}, "1010": {"mean": {"bvp": 0.4894, "eda": 3.2526, "acc_x": 2.067, "acc_y": 1.7486, "acc_z": 2.1745, "temp": 3.2925}, "min": {"bvp": 0.4563, "eda": 2.7457, "acc_x": 1.9613, "acc_y": 1.7031, "acc_z": 1.9905, "temp": 3.0151}}, "1011": {"mean": {"bvp": 0.9303, "eda": 3.0528, "acc_x": 1.8285, "acc_y": 1.4877, "acc_z": 2.0602, "temp": 3.7283}, "min": {"bvp": 0.7238, "eda": 2.5107, "acc_x": 1.7277, "acc_y": 1.4181, "acc_z": 1.8607, "temp": 3.3195}}, "1012": {"mean": {"bvp": 0.4901, "eda": 2.6873, "acc_x": 2.2456, "acc_y": 1.6801, "acc_z": 2.0408, "temp": 2.566}, "min": {"bvp": 0.4754, "eda": 2.1966, "acc_x": 2.1398, "acc_y": 1.606, "acc_z": 1.8408, "temp": 2.2708}}, "1013": {"mean": {"bvp": 0.5581, "eda": 2.7989, "acc_x": 1.863, "acc_y": 1.6819, "acc_z": 2.2379, "temp": 3.7041}, "min": {"bvp": 0.4483, "eda": 2.2928, "acc_x": 1.6892, "acc_y": 1.6685, "acc_z": 2.1118, "temp": 3.1857}}, "1014": {"mean": {"bvp": 0.3968, "eda": 2.6054, "acc_x": 1.8296, "acc_y": 1.4438, "acc_z": 1.7318, "temp": 3.1436}, "min": {"bvp": 0.377, "eda": 2.173, "acc_x": 1.552, "acc_y": 1.3599, "acc_z": 1.6452, "temp": 2.8682}}, "1015": {"mean": {"bvp": 0.3479, "eda": 2.7863, "acc_x": 1.7832, "acc_y": 1.6898, "acc_z": 1.7166, "temp": 3.4275}, "min": {"bvp": 0.3205, "eda": 2.2415, "acc_x": 1.6537, "acc_y": 1.6032, "acc_z": 1.6016, "temp": 2.9723}}}, "1013": {"1001": {"mean": {"bvp": 0.3552, "eda": 3.5426, "acc_x": 1.9896, "acc_y": 1.9103, "acc_z": 2.218, "temp": 2.6663}, "min": {"bvp": 0.3173, "eda": 3.3202, "acc_x": 1.8823, "acc_y": 1.8572, "acc_z": 2.1228, "temp": 2.4196}}, "1002": {"mean": {"bvp": 0.7375, "eda": 3.1635, "acc_x": 2.1942, "acc_y": 1.425, "acc_z": 1.7287, "temp": 2.4333}, "min": {"bvp": 0.7118, "eda": 2.9659, "acc_x": 2.03, "acc_y": 1.352, "acc_z": 1.5153, "temp": 2.2365}}, "1003": {"mean": {"bvp": 0.6334, "eda": 2.9582, "acc_x": 2.0607, "acc_y": 1.7145, "acc_z": 2.0804, "temp": 2.2582}, "min": {"bvp": 0.6122, "eda": 2.7733, "acc_x": 1.9889, "acc_y": 1.6848, "acc_z": 1.779, "temp": 2.1904}}, "1004": {"mean": {"bvp": 0.6845, "eda": 3.2601, "acc_x": 2.0991, "acc_y": 1.7917, "acc_z": 1.9895, "temp": 2.6005}, "min": {"bvp": 0.6546, "eda": 3.0547, "acc_x": 1.99, "acc_y": 1.7153, "acc_z": 1.7481, "temp": 2.5739}}, "1005": {"mean": {"bvp": 1.2268, "eda": 3.6248, "acc_x": 2.3269, "acc_y": 1.3205, "acc_z": 2.0446, "temp": 2.3333}, "min": {"bvp": 0.9047, "eda": 3.404, "acc_x": 2.205, "acc_y": 1.2292, "acc_z": 1.9071, "temp": 2.3243}}, "1006": {"mean": {"bvp": 0.5912, "eda": 2.9181, "acc_x": 2.4824, "acc_y": 1.5805, "acc_z": 2.2317, "temp": 2.7872}, "min": {"bvp": 0.5528, "eda": 2.6848, "acc_x": 2.394, "acc_y": 1.5341, "acc_z": 2.0414, "temp": 2.5485}}, "1007": {"mean": {"bvp": 0.4132, "eda": 3.3522, "acc_x": 2.1478, "acc_y": 1.3889, "acc_z": 2.0592, "temp": 2.4738}, "min": {"bvp": 0.3824, "eda": 3.1253, "acc_x": 2.1085, "acc_y": 1.303, "acc_z": 1.9629, "temp": 2.1759}}, "1008": {"mean": {"bvp": 0.4481, "eda": 3.238, "acc_x": 2.2506, "acc_y": 1.6498, "acc_z": 1.7696, "temp": 2.5417}, "min": {"bvp": 0.4128, "eda": 3.0303, "acc_x": 2.0932, "acc_y": 1.5658, "acc_z": 1.6248, "temp": 2.4588}}, "1009": {"mean": {"bvp": 0.4615, "eda": 3.327, "acc_x": 2.2284, "acc_y": 1.5456, "acc_z": 1.9436, "temp": 2.5562}, "min": {"bvp": 0.3699, "eda": 3.1218, "acc_x": 2.1631, "acc_y": 1.4992, "acc_z": 1.7189, "temp": 2.4383}}, "1010": {"mean": {"bvp": 0.5303, "eda": 3.5772, "acc_x": 2.1471, "acc_y": 1.7809, "acc_z": 2.1604, "temp": 2.6076}, "min": {"bvp": 0.4901, "eda": 3.326, "acc_x": 2.0725, "acc_y": 1.7311, "acc_z": 2.0831, "temp": 2.4527}}, "1011": {"mean": {"bvp": 0.6236, "eda": 3.3287, "acc_x": 1.9341, "acc_y": 1.5907, "acc_z": 2.207, "temp": 2.7902}, "min": {"bvp": 0.5961, "eda": 3.1112, "acc_x": 1.9043, "acc_y": 1.508, "acc_z": 2.0998, "temp": 2.7842}}, "1012": {"mean": {"bvp": 0.5964, "eda": 2.9022, "acc_x": 2.1971, "acc_y": 1.6644, "acc_z": 2.0052, "temp": 2.3038}, "min": {"bvp": 0.5781, "eda": 2.7378, "acc_x": 1.9906, "acc_y": 1.6203, "acc_z": 1.8103, "temp": 2.2322}}, "1013": {"mean": {"bvp": 0.3442, "eda": 2.9993, "acc_x": 1.8394, "acc_y": 1.7098, "acc_z": 2.1452, "temp": 2.6072}, "min": {"bvp": 0.3229, "eda": 2.8158, "acc_x": 1.6356, "acc_y": 1.623, "acc_z": 2.1052, "temp": 2.5349}}, "1014": {"mean": {"bvp": 0.5919, "eda": 2.8105, "acc_x": 1.9316, "acc_y": 1.4431, "acc_z": 1.9046, "temp": 2.558}, "min": {"bvp": 0.4172, "eda": 2.6125, "acc_x": 1.6188, "acc_y": 1.3896, "acc_z": 1.7065, "temp": 2.3303}}, "1015": {"mean": {"bvp": 0.4181, "eda": 3.0315, "acc_x": 1.7838, "acc_y": 1.7569, "acc_z": 1.6614, "temp": 2.6296}, "min": {"bvp": 0.3796, "eda": 2.8097, "acc_x": 1.7531, "acc_y": 1.6813, "acc_z": 1.6101, "temp": 2.5064}}}, "1014": {"1001": {"mean": {"bvp": 0.6309, "eda": 3.1119, "acc_x": 2.047, "acc_y": 1.9311, "acc_z": 2.1253, "temp": 2.7231}, "min": {"bvp": 0.4258, "eda": 2.4556, "acc_x": 1.8609, "acc_y": 1.7875, "acc_z": 1.9754, "temp": 2.2186}}, "1002": {"mean": {"bvp": 0.7362, "eda": 2.8118, "acc_x": 2.2735, "acc_y": 1.581, "acc_z": 1.5819, "temp": 2.342}, "min": {"bvp": 0.6661, "eda": 2.3128, "acc_x": 2.1194, "acc_y": 1.4166, "acc_z": 1.529, "temp": 2.0514}}, "1003": {"mean": {"bvp": 1.0299, "eda": 2.6465, "acc_x": 2.0527, "acc_y": 1.766, "acc_z": 1.8911, "temp": 2.1316}, "min": {"bvp": 0.7889, "eda": 2.0315, "acc_x": 1.867, "acc_y": 1.6733, "acc_z": 1.7748, "temp": 1.9592}}, "1004": {"mean": {"bvp": 0.6632, "eda": 2.8734, "acc_x": 2.0343, "acc_y": 1.888, "acc_z": 1.9348, "temp": 2.8833}, "min": {"bvp": 0.6237, "eda": 2.3222, "acc_x": 1.8796, "acc_y": 1.802, "acc_z": 1.859, "temp": 2.7634}}, "1005": {"mean": {"bvp": 2.0363, "eda": 3.1402, "acc_x": 2.2832, "acc_y": 1.3715, "acc_z": 1.8217, "temp": 2.2435}, "min": {"bvp": 1.7274, "eda": 2.3997, "acc_x": 2.2666, "acc_y": 1.191, "acc_z": 1.6122, "temp": 2.0835}}, "1006": {"mean": {"bvp": 0.5284, "eda": 2.5252, "acc_x": 2.5705, "acc_y": 1.6853, "acc_z": 2.281, "temp": 2.486}, "min": {"bvp": 0.4757, "eda": 2.0185, "acc_x": 2.2129, "acc_y": 1.5632, "acc_z": 2.1619, "temp": 2.0809}}, "1007": {"mean": {"bvp": 1.0079, "eda": 2.9487, "acc_x": 2.1924, "acc_y": 1.5115, "acc_z": 1.7236, "temp": 2.3121}, "min": {"bvp": 0.7165, "eda": 2.3889, "acc_x": 2.0065, "acc_y": 1.3033, "acc_z": 1.6112, "temp": 1.9034}}, "1008": {"mean": {"bvp": 0.8086, "eda": 2.8433, "acc_x": 2.3519, "acc_y": 1.6898, "acc_z": 1.6939, "temp": 2.3394}, "min": {"bvp": 0.5734, "eda": 2.2331, "acc_x": 2.1285, "acc_y": 1.5223, "acc_z": 1.6104, "temp": 1.986}}, "1009": {"mean": {"bvp": 1.1607, "eda": 2.932, "acc_x": 2.221, "acc_y": 1.6092, "acc_z": 1.854, "temp": 2.5412}, "min": {"bvp": 0.8507, "eda": 2.3272, "acc_x": 2.0413, "acc_y": 1.5787, "acc_z": 1.7376, "temp": 2.3512}}, "1010": {"mean": {"bvp": 0.5793, "eda": 3.0835, "acc_x": 2.0925, "acc_y": 1.8753, "acc_z": 2.0048, "temp": 2.8369}, "min": {"bvp": 0.5087, "eda": 2.4117, "acc_x": 2.0236, "acc_y": 1.77, "acc_z": 1.9086, "temp": 2.614}}, "1011": {"mean": {"bvp": 1.1809, "eda": 2.8846, "acc_x": 1.9558, "acc_y": 1.6335, "acc_z": 2.0182, "temp": 2.9276}, "min": {"bvp": 0.9058, "eda": 2.1776, "acc_x": 1.7912, "acc_y": 1.4704, "acc_z": 1.9833, "temp": 2.6062}}, "1012": {"mean": {"bvp": 0.5125, "eda": 2.5899, "acc_x": 2.3454, "acc_y": 1.7664, "acc_z": 1.8386, "temp": 2.136}, "min": {"bvp": 0.4783, "eda": 2.076, "acc_x": 2.1738, "acc_y": 1.6574, "acc_z": 1.7614, "temp": 1.9851}}, "1013": {"mean": {"bvp": 0.7487, "eda": 2.7131, "acc_x": 1.9076, "acc_y": 1.7624, "acc_z": 1.9492, "temp": 2.5511}, "min": {"bvp": 0.481, "eda": 2.1606, "acc_x": 1.7244, "acc_y": 1.6858, "acc_z": 1.7549, "temp": 2.2239}}, "1014": {"mean": {"bvp": 0.3671, "eda": 2.4864, "acc_x": 1.8252, "acc_y": 1.505, "acc_z": 1.8818, "temp": 2.5432}, "min": {"bvp": 0.3481, "eda": 2.0019, "acc_x": 1.3913, "acc_y": 1.4593, "acc_z": 1.7521, "temp": 2.1767}}, "1015": {"mean": {"bvp": 0.4473, "eda": 2.625, "acc_x": 1.8565, "acc_y": 1.8103, "acc_z": 1.6958, "temp": 2.4877}, "min": {"bvp": 0.3627, "eda": 1.9357, "acc_x": 1.6762, "acc_y": 1.6692, "acc_z": 1.5657, "temp": 2.1726}}}, "1015": {"1001": {"mean": {"bvp": 0.3664, "eda": 3.3111, "acc_x": 2.0257, "acc_y": 1.7987, "acc_z": 2.2187, "temp": 2.5651}, "min": {"bvp": 0.3407, "eda": 3.219, "acc_x": 1.9338, "acc_y": 1.6996, "acc_z": 2.0524, "temp": 2.4923}}, "1002": {"mean": {"bvp": 0.6797, "eda": 2.9312, "acc_x": 2.0135, "acc_y": 1.5007, "acc_z": 1.8916, "temp": 2.3127}, "min": {"bvp": 0.6519, "eda": 2.8346, "acc_x": 1.9404, "acc_y": 1.459, "acc_z": 1.5329, "temp": 2.2439}}, "1003": {"mean": {"bvp": 0.6934, "eda": 2.7997, "acc_x": 1.9359, "acc_y": 1.6721, "acc_z": 2.2845, "temp": 2.1918}, "min": {"bvp": 0.6599, "eda": 2.7261, "acc_x": 1.8225, "acc_y": 1.6288, "acc_z": 2.0, "temp": 2.0196}}, "1004": {"mean": {"bvp": 0.6298, "eda": 3.0381, "acc_x": 2.0695, "acc_y": 1.8334, "acc_z": 2.0049, "temp": 2.5791}, "min": {"bvp": 0.6091, "eda": 2.9421, "acc_x": 1.9289, "acc_y": 1.7828, "acc_z": 1.553, "temp": 2.415}}, "1005": {"mean": {"bvp": 1.5576, "eda": 3.3825, "acc_x": 2.3059, "acc_y": 1.2447, "acc_z": 2.1678, "temp": 2.2479}, "min": {"bvp": 1.5026, "eda": 3.2837, "acc_x": 2.17, "acc_y": 1.1265, "acc_z": 1.8512, "temp": 2.1959}}, "1006": {"mean": {"bvp": 0.4966, "eda": 2.6599, "acc_x": 2.4253, "acc_y": 1.6251, "acc_z": 2.2063, "temp": 2.5782}, "min": {"bvp": 0.4743, "eda": 2.5241, "acc_x": 2.3521, "acc_y": 1.5999, "acc_z": 1.7502, "temp": 2.4728}}, "1007": {"mean": {"bvp": 0.5594, "eda": 3.1051, "acc_x": 2.1097, "acc_y": 1.3316, "acc_z": 2.1253, "temp": 2.211}, "min": {"bvp": 0.5021, "eda": 2.987, "acc_x": 2.0112, "acc_y": 1.2487, "acc_z": 1.7693, "temp": 2.0683}}, "1008": {"mean": {"bvp": 0.4986, "eda": 3.0176, "acc_x": 2.1488, "acc_y": 1.5541, "acc_z": 1.8965, "temp": 2.4069}, "min": {"bvp": 0.4714, "eda": 2.9285, "acc_x": 2.0668, "acc_y": 1.451, "acc_z": 1.608, "temp": 2.3829}}, "1009": {"mean": {"bvp": 0.677, "eda": 3.0994, "acc_x": 2.1936, "acc_y": 1.5348, "acc_z": 2.0833, "temp": 2.627}, "min": {"bvp": 0.6163, "eda": 3.0107, "acc_x": 2.0753, "acc_y": 1.4909, "acc_z": 1.8278, "temp": 2.3815}}, "1010": {"mean": {"bvp": 0.4803, "eda": 3.3043, "acc_x": 2.1435, "acc_y": 1.7577, "acc_z": 2.2489, "temp": 2.4909}, "min": {"bvp": 0.4601, "eda": 3.1635, "acc_x": 2.0112, "acc_y": 1.6834, "acc_z": 2.0617, "temp": 2.4537}}, "1011": {"mean": {"bvp": 0.7572, "eda": 3.1114, "acc_x": 1.8221, "acc_y": 1.5004, "acc_z": 2.2544, "temp": 2.7885}, "min": {"bvp": 0.7136, "eda": 3.0231, "acc_x": 1.7205, "acc_y": 1.3872, "acc_z": 1.9906, "temp": 2.7567}}, "1012": {"mean": {"bvp": 0.4994, "eda": 2.7074, "acc_x": 2.0328, "acc_y": 1.6813, "acc_z": 2.1519, "temp": 2.2219}, "min": {"bvp": 0.4663, "eda": 2.6347, "acc_x": 1.993, "acc_y": 1.6604, "acc_z": 1.8795, "temp": 2.186}}, "1013": {"mean": {"bvp": 0.3874, "eda": 2.8308, "acc_x": 1.8092, "acc_y": 1.7013, "acc_z": 2.2974, "temp": 2.6531}, "min": {"bvp": 0.3558, "eda": 2.7475, "acc_x": 1.706, "acc_y": 1.5971, "acc_z": 2.1191, "temp": 2.5404}}, "1014": {"mean": {"bvp": 0.4695, "eda": 2.598, "acc_x": 1.8267, "acc_y": 1.4686, "acc_z": 1.9449, "temp": 2.388}, "min": {"bvp": 0.3921, "eda": 2.5167, "acc_x": 1.6053, "acc_y": 1.4101, "acc_z": 1.7256, "temp": 2.305}}, "1015": {"mean": {"bvp": 0.3354, "eda": 2.8265, "acc_x": 1.6598, "acc_y": 1.6669, "acc_z": 1.8022, "temp": 2.6685}, "min": {"bvp": 0.3192, "eda": 2.7572, "acc_x": 1.528, "acc_y": 1.5585, "acc_z": 1.6468, "temp": 2.5559}}}}