{"1001": {"1001": {"mean": {"bvp": 0.3148, "eda": 3.4153, "acc_x": 1.9558, "acc_y": 1.7616, "acc_z": 2.2668, "temp": 2.3931}, "min": {"bvp": 0.3049, "eda": 3.1548, "acc_x": 1.8664, "acc_y": 1.6871, "acc_z": 1.9815, "temp": 2.0646}}, "1002": {"mean": {"bvp": 0.749, "eda": 3.05, "acc_x": 1.949, "acc_y": 1.4121, "acc_z": 1.7356, "temp": 2.2861}, "min": {"bvp": 0.6951, "eda": 2.8106, "acc_x": 1.8919, "acc_y": 1.2997, "acc_z": 1.4095, "temp": 2.0421}}, "1003": {"mean": {"bvp": 0.6061, "eda": 2.9047, "acc_x": 1.9094, "acc_y": 1.6488, "acc_z": 2.1084, "temp": 2.1638}, "min": {"bvp": 0.58, "eda": 2.7692, "acc_x": 1.8314, "acc_y": 1.5712, "acc_z": 1.7834, "temp": 1.9661}}, "1004": {"mean": {"bvp": 0.7427, "eda": 3.1391, "acc_x": 2.1056, "acc_y": 1.7678, "acc_z": 2.0463, "temp": 2.6579}, "min": {"bvp": 0.6322, "eda": 2.8724, "acc_x": 2.0157, "acc_y": 1.5947, "acc_z": 1.8092, "temp": 2.4969}}, "1005": {"mean": {"bvp": 1.3099, "eda": 3.4805, "acc_x": 2.267, "acc_y": 1.2337, "acc_z": 1.9529, "temp": 2.0591}, "min": {"bvp": 1.2062, "eda": 3.1599, "acc_x": 2.1602, "acc_y": 1.1178, "acc_z": 1.7185, "temp": 1.9664}}, "1006": {"mean": {"bvp": 0.6474, "eda": 2.7733, "acc_x": 2.3498, "acc_y": 1.5645, "acc_z": 2.3078, "temp": 2.4853}, "min": {"bvp": 0.53, "eda": 2.4171, "acc_x": 2.3175, "acc_y": 1.5009, "acc_z": 2.0504, "temp": 2.2838}}, "1007": {"mean": {"bvp": 0.393, "eda": 3.2047, "acc_x": 2.0682, "acc_y": 1.3571, "acc_z": 1.9151, "temp": 2.2445}, "min": {"bvp": 0.3342, "eda": 2.871, "acc_x": 2.0223, "acc_y": 1.3463, "acc_z": 1.7161, "temp": 2.0595}}, "1008": {"mean": {"bvp": 0.4096, "eda": 3.1282, "acc_x": 2.064, "acc_y": 1.5073, "acc_z": 1.8162, "temp": 2.3254}, "min": {"bvp": 0.3931, "eda": 2.9018, "acc_x": 1.9712, "acc_y": 1.4728, "acc_z": 1.5633, "temp": 2.1286}}, "1009": {"mean": {"bvp": 0.4697, "eda": 3.219, "acc_x": 2.1646, "acc_y": 1.4661, "acc_z": 2.087, "temp": 2.5172}, "min": {"bvp": 0.3885, "eda": 2.9961, "acc_x": 2.1118, "acc_y": 1.324, "acc_z": 1.7233, "temp": 2.4212}}, "1010": {"mean": {"bvp": 0.5144, "eda": 3.3834, "acc_x": 2.1586, "acc_y": 1.7092, "acc_z": 2.0947, "temp": 2.5774}, "min": {"bvp": 0.476, "eda": 2.9468, "acc_x": 2.0584, "acc_y": 1.6961, "acc_z": 1.8598, "temp": 2.4298}}, "1011": {"mean": {"bvp": 0.6095, "eda": 3.221, "acc_x": 1.8127, "acc_y": 1.55, "acc_z": 2.1897, "temp": 2.6805}, "min": {"bvp": 0.563, "eda": 2.9783, "acc_x": 1.7414, "acc_y": 1.4486, "acc_z": 1.9575, "temp": 2.5149}}, "1012": {"mean": {"bvp": 0.646, "eda": 2.8012, "acc_x": 1.9483, "acc_y": 1.689, "acc_z": 2.0934, "temp": 2.1633}, "min": {"bvp": 0.5252, "eda": 2.6198, "acc_x": 1.8752, "acc_y": 1.6066, "acc_z": 1.7574, "temp": 2.0649}}, "1013": {"mean": {"bvp": 0.3283, "eda": 2.9405, "acc_x": 1.7534, "acc_y": 1.6322, "acc_z": 2.0535, "temp": 2.4744}, "min": {"bvp": 0.3082, "eda": 2.8043, "acc_x": 1.6763, "acc_y": 1.5091, "acc_z": 1.8038, "temp": 2.3576}}, "1014": {"mean": {"bvp": 0.748, "eda": 2.7144, "acc_x": 1.621, "acc_y": 1.3991, "acc_z": 1.9966, "temp": 2.3186}, "min": {"bvp": 0.5536, "eda": 2.4853, "acc_x": 1.5876, "acc_y": 1.3242, "acc_z": 1.725, "temp": 2.1521}}, "1015": {"mean": {"bvp": 0.391, "eda": 2.9377, "acc_x": 1.6811, "acc_y": 1.6709, "acc_z": 1.8346, "temp": 2.4593}, "min": {"bvp": 0.3322, "eda": 2.7407, "acc_x": 1.6618, "acc_y": 1.6562, "acc_z": 1.4901, "temp": 2.3288}}}, "1002": {"1001": {"mean": {"bvp": 0.3373, "eda": 3.5058, "acc_x": 1.9233, "acc_y": 1.7463, "acc_z": 2.0053, "temp": 2.7572}, "min": {"bvp": 0.3227, "eda": 3.1854, "acc_x": 1.6345, "acc_y": 1.5824, "acc_z": 1.8705, "temp": 2.1235}}, "1002": {"mean": {"bvp": 0.6943, "eda": 3.1183, "acc_x": 2.0196, "acc_y": 1.3643, "acc_z": 1.5996, "temp": 2.3925}, "min": {"bvp": 0.6397, "eda": 2.8342, "acc_x": 1.7584, "acc_y": 1.2879, "acc_z": 1.4313, "temp": 2.0877}}, "1003": {"mean": {"bvp": 0.6642, "eda": 2.9319, "acc_x": 1.9099, "acc_y": 1.5807, "acc_z": 1.9465, "temp": 2.1792}, "min": {"bvp": 0.6324, "eda": 2.6493, "acc_x": 1.8121, "acc_y": 1.4628, "acc_z": 1.6929, "temp": 2.0541}}, "1004": {"mean": {"bvp": 0.6946, "eda": 3.2341, "acc_x": 1.9312, "acc_y": 1.6611, "acc_z": 1.7625, "temp": 2.8045}, "min": {"bvp": 0.624, "eda": 2.9566, "acc_x": 1.7501, "acc_y": 1.5756, "acc_z": 1.7034, "temp": 2.6162}}, "1005": {"mean": {"bvp": 1.3203, "eda": 3.5909, "acc_x": 2.134, "acc_y": 1.3597, "acc_z": 1.9226, "temp": 2.2397}, "min": {"bvp": 0.9259, "eda": 3.275, "acc_x": 1.9876, "acc_y": 1.2538, "acc_z": 1.8045, "temp": 2.0096}}, "1006": {"mean": {"bvp": 0.562, "eda": 2.8923, "acc_x": 2.3675, "acc_y": 1.5007, "acc_z": 2.0114, "temp": 2.707}, "min": {"bvp": 0.4696, "eda": 2.6033, "acc_x": 2.2831, "acc_y": 1.3775, "acc_z": 1.9648, "temp": 2.198}}, "1007": {"mean": {"bvp": 0.4864, "eda": 3.3247, "acc_x": 2.0619, "acc_y": 1.3055, "acc_z": 1.861, "temp": 2.4347}, "min": {"bvp": 0.362, "eda": 3.0116, "acc_x": 1.8947, "acc_y": 1.287, "acc_z": 1.7286, "temp": 1.9378}}, "1008": {"mean": {"bvp": 0.4482, "eda": 3.2058, "acc_x": 2.1952, "acc_y": 1.547, "acc_z": 1.5773, "temp": 2.541}, "min": {"bvp": 0.4139, "eda": 2.9158, "acc_x": 2.0639, "acc_y": 1.3585, "acc_z": 1.519, "temp": 2.1539}}, "1009": {"mean": {"bvp": 0.5473, "eda": 3.2881, "acc_x": 2.0472, "acc_y": 1.492, "acc_z": 1.8194, "temp": 2.6614}, "min": {"bvp": 0.3154, "eda": 2.9782, "acc_x": 1.8588, "acc_y": 1.3585, "acc_z": 1.7005, "temp": 2.4803}}, "1010": {"mean": {"bvp": 0.4757, "eda": 3.5481, "acc_x": 2.0338, "acc_y": 1.616, "acc_z": 1.9771, "temp": 2.7665}, "min": {"bvp": 0.4111, "eda": 3.2098, "acc_x": 1.8213, "acc_y": 1.5298, "acc_z": 1.8634, "temp": 2.4629}}, "1011": {"mean": {"bvp": 0.6817, "eda": 3.2911, "acc_x": 1.7953, "acc_y": 1.5454, "acc_z": 2.0757, "temp": 2.9322}, "min": {"bvp": 0.5509, "eda": 2.9916, "acc_x": 1.632, "acc_y": 1.3915, "acc_z": 1.9314, "temp": 2.538}}, "1012": {"mean": {"bvp": 0.5727, "eda": 2.8623, "acc_x": 2.1418, "acc_y": 1.5806, "acc_z": 1.9035, "temp": 2.2433}, "min": {"bvp": 0.4842, "eda": 2.5947, "acc_x": 1.8575, "acc_y": 1.4615, "acc_z": 1.8089, "temp": 2.1203}}, "1013": {"mean": {"bvp": 0.3746, "eda": 2.9541, "acc_x": 1.7563, "acc_y": 1.6678, "acc_z": 1.97, "temp": 2.7191}, "min": {"bvp": 0.3539, "eda": 2.6825, "acc_x": 1.6461, "acc_y": 1.5158, "acc_z": 1.8597, "temp": 2.3786}}, "1014": {"mean": {"bvp": 0.588, "eda": 2.7842, "acc_x": 1.5255, "acc_y": 1.4061, "acc_z": 1.7594, "temp": 2.5746}, "min": {"bvp": 0.4067, "eda": 2.5246, "acc_x": 1.4653, "acc_y": 1.2286, "acc_z": 1.6808, "temp": 2.0955}}, "1015": {"mean": {"bvp": 0.3546, "eda": 2.9931, "acc_x": 1.7209, "acc_y": 1.6413, "acc_z": 1.5338, "temp": 2.6326}, "min": {"bvp": 0.3086, "eda": 2.6795, "acc_x": 1.5134, "acc_y": 1.4899, "acc_z": 1.4593, "temp": 2.3264}}}, "1003": {"1001": {"mean": {"bvp": 0.3641, "eda": 2.6273, "acc_x": 1.94, "acc_y": 1.6799, "acc_z": 1.9474, "temp": 3.0433}, "min": {"bvp": 0.3475, "eda": 1.9591, "acc_x": 1.6657, "acc_y": 1.6357, "acc_z": 1.8278, "temp": 2.3175}}, "1002": {"mean": {"bvp": 0.7323, "eda": 2.4841, "acc_x": 2.1553, "acc_y": 1.2476, "acc_z": 1.5501, "temp": 2.7724}, "min": {"bvp": 0.6664, "eda": 2.153, "acc_x": 2.036, "acc_y": 1.1803, "acc_z": 1.2568, "temp": 2.1791}}, "1003": {"mean": {"bvp": 0.6255, "eda": 2.263, "acc_x": 2.0602, "acc_y": 1.5847, "acc_z": 1.9104, "temp": 2.6431}, "min": {"bvp": 0.6197, "eda": 1.74, "acc_x": 1.874, "acc_y": 1.5025, "acc_z": 1.5868, "temp": 2.2218}}, "1004": {"mean": {"bvp": 0.6791, "eda": 2.5309, "acc_x": 2.1067, "acc_y": 1.6234, "acc_z": 1.6888, "temp": 3.2582}, "min": {"bvp": 0.6219, "eda": 2.0815, "acc_x": 2.035, "acc_y": 1.5843, "acc_z": 1.4559, "temp": 2.8723}}, "1005": {"mean": {"bvp": 0.9324, "eda": 2.4994, "acc_x": 2.2051, "acc_y": 1.114, "acc_z": 1.9163, "temp": 2.5973}, "min": {"bvp": 0.7786, "eda": 1.4606, "acc_x": 2.1157, "acc_y": 1.0816, "acc_z": 1.6815, "temp": 2.0449}}, "1006": {"mean": {"bvp": 0.5973, "eda": 2.2863, "acc_x": 2.5709, "acc_y": 1.4673, "acc_z": 1.9578, "temp": 2.9421}, "min": {"bvp": 0.4873, "eda": 2.1033, "acc_x": 2.3488, "acc_y": 1.3929, "acc_z": 1.801, "temp": 2.09}}, "1007": {"mean": {"bvp": 0.3932, "eda": 2.5702, "acc_x": 2.1668, "acc_y": 1.1956, "acc_z": 1.8831, "temp": 2.7601}, "min": {"bvp": 0.3654, "eda": 2.162, "acc_x": 2.0761, "acc_y": 1.1556, "acc_z": 1.7143, "temp": 2.1002}}, "1008": {"mean": {"bvp": 0.4363, "eda": 2.4997, "acc_x": 2.2858, "acc_y": 1.417, "acc_z": 1.5152, "temp": 2.8172}, "min": {"bvp": 0.4211, "eda": 2.0802, "acc_x": 2.0942, "acc_y": 1.3447, "acc_z": 1.3319, "temp": 2.1023}}, "1009": {"mean": {"bvp": 0.3751, "eda": 2.5188, "acc_x": 2.182, "acc_y": 1.4445, "acc_z": 1.8354, "temp": 3.0258}, "min": {"bvp": 0.3692, "eda": 2.0097, "acc_x": 2.0186, "acc_y": 1.3424, "acc_z": 1.6292, "temp": 2.4675}}, "1010": {"mean": {"bvp": 0.5027, "eda": 2.5158, "acc_x": 2.1019, "acc_y": 1.5915, "acc_z": 1.9484, "temp": 3.1888}, "min": {"bvp": 0.4444, "eda": 1.8513, "acc_x": 2.0106, "acc_y": 1.5323, "acc_z": 1.8626, "temp": 2.731}}, "1011": {"mean": {"bvp": 0.5876, "eda": 2.5799, "acc_x": 1.8561, "acc_y": 1.422, "acc_z": 2.0403, "temp": 3.2943}, "min": {"bvp": 0.5578, "eda": 2.0725, "acc_x": 1.7979, "acc_y": 1.364, "acc_z": 1.7788, "temp": 2.6923}}, "1012": {"mean": {"bvp": 0.6206, "eda": 2.2403, "acc_x": 2.2623, "acc_y": 1.6061, "acc_z": 1.8825, "temp": 2.6051}, "min": {"bvp": 0.5394, "eda": 1.92, "acc_x": 2.1653, "acc_y": 1.5422, "acc_z": 1.6904, "temp": 2.1}}, "1013": {"mean": {"bvp": 0.3635, "eda": 2.3321, "acc_x": 1.8959, "acc_y": 1.5607, "acc_z": 1.9152, "temp": 3.062}, "min": {"bvp": 0.345, "eda": 1.9059, "acc_x": 1.69, "acc_y": 1.5236, "acc_z": 1.8553, "temp": 2.2646}}, "1014": {"mean": {"bvp": 0.6032, "eda": 2.2572, "acc_x": 1.7446, "acc_y": 1.3271, "acc_z": 1.779, "temp": 2.8793}, "min": {"bvp": 0.3954, "eda": 2.022, "acc_x": 1.4252, "acc_y": 1.2572, "acc_z": 1.5435, "temp": 2.1748}}, "1015": {"mean": {"bvp": 0.4005, "eda": 2.2525, "acc_x": 1.8488, "acc_y": 1.519, "acc_z": 1.4913, "temp": 2.9419}, "min": {"bvp": 0.3232, "eda": 1.7196, "acc_x": 1.6448, "acc_y": 1.4549, "acc_z": 1.4162, "temp": 2.3039}}}, "1004": {"1001": {"mean": {"bvp": 0.4525, "eda": 2.6345, "acc_x": 2.2094, "acc_y": 1.6097, "acc_z": 2.0137, "temp": 2.8978}, "min": {"bvp": 0.4502, "eda": 2.3215, "acc_x": 1.6672, "acc_y": 1.5849, "acc_z": 1.9154, "temp": 2.2817}}, "1002": {"mean": {"bvp": 0.6657, "eda": 2.4065, "acc_x": 2.1399, "acc_y": 1.3825, "acc_z": 1.4175, "temp": 2.4617}, "min": {"bvp": 0.6398, "eda": 2.144, "acc_x": 1.7695, "acc_y": 1.3258, "acc_z": 1.3194, "temp": 2.0719}}, "1003": {"mean": {"bvp": 0.8787, "eda": 2.1633, "acc_x": 2.1041, "acc_y": 1.506, "acc_z": 1.8202, "temp": 2.2099}, "min": {"bvp": 0.862, "eda": 1.936, "acc_x": 1.8334, "acc_y": 1.4178, "acc_z": 1.6789, "temp": 2.0066}}, "1004": {"mean": {"bvp": 0.591, "eda": 2.4654, "acc_x": 2.0655, "acc_y": 1.6087, "acc_z": 1.6525, "temp": 2.8432}, "min": {"bvp": 0.5759, "eda": 2.1564, "acc_x": 1.797, "acc_y": 1.5544, "acc_z": 1.6351, "temp": 2.6408}}, "1005": {"mean": {"bvp": 1.8532, "eda": 2.6267, "acc_x": 2.2255, "acc_y": 1.2137, "acc_z": 1.9212, "temp": 2.3186}, "min": {"bvp": 1.8287, "eda": 2.2264, "acc_x": 2.0446, "acc_y": 1.1578, "acc_z": 1.6188, "temp": 2.1003}}, "1006": {"mean": {"bvp": 0.4503, "eda": 2.1275, "acc_x": 2.6912, "acc_y": 1.4731, "acc_z": 1.9218, "temp": 2.7406}, "min": {"bvp": 0.4368, "eda": 1.8776, "acc_x": 2.3756, "acc_y": 1.4254, "acc_z": 1.8275, "temp": 2.1839}}, "1007": {"mean": {"bvp": 0.8513, "eda": 2.5186, "acc_x": 2.3395, "acc_y": 1.2034, "acc_z": 1.9428, "temp": 2.5181}, "min": {"bvp": 0.8239, "eda": 2.217, "acc_x": 1.9381, "acc_y": 1.1132, "acc_z": 1.6363, "temp": 2.0557}}, "1008": {"mean": {"bvp": 0.6329, "eda": 2.3986, "acc_x": 2.4402, "acc_y": 1.4206, "acc_z": 1.5501, "temp": 2.5707}, "min": {"bvp": 0.6158, "eda": 2.0843, "acc_x": 2.0888, "acc_y": 1.3997, "acc_z": 1.4479, "temp": 2.116}}, "1009": {"mean": {"bvp": 0.9947, "eda": 2.479, "acc_x": 2.3701, "acc_y": 1.3238, "acc_z": 1.7465, "temp": 2.7454}, "min": {"bvp": 0.9668, "eda": 2.1895, "acc_x": 1.9096, "acc_y": 1.2625, "acc_z": 1.6446, "temp": 2.498}}, "1010": {"mean": {"bvp": 0.4334, "eda": 2.5974, "acc_x": 2.1622, "acc_y": 1.5413, "acc_z": 2.0101, "temp": 2.8156}, "min": {"bvp": 0.4176, "eda": 2.2162, "acc_x": 1.8343, "acc_y": 1.4557, "acc_z": 1.7993, "temp": 2.5407}}, "1011": {"mean": {"bvp": 1.02, "eda": 2.3758, "acc_x": 1.969, "acc_y": 1.4177, "acc_z": 2.0497, "temp": 2.9901}, "min": {"bvp": 1.0022, "eda": 2.0781, "acc_x": 1.6512, "acc_y": 1.4052, "acc_z": 1.8815, "temp": 2.7064}}, "1012": {"mean": {"bvp": 0.471, "eda": 2.1707, "acc_x": 2.2755, "acc_y": 1.5813, "acc_z": 1.8296, "temp": 2.3453}, "min": {"bvp": 0.4519, "eda": 1.9351, "acc_x": 2.0032, "acc_y": 1.5427, "acc_z": 1.6089, "temp": 2.1834}}, "1013": {"mean": {"bvp": 0.5905, "eda": 2.2488, "acc_x": 1.8609, "acc_y": 1.5757, "acc_z": 2.0477, "temp": 2.5845}, "min": {"bvp": 0.5681, "eda": 2.0265, "acc_x": 1.6214, "acc_y": 1.5369, "acc_z": 1.8059, "temp": 2.3862}}, "1014": {"mean": {"bvp": 0.3954, "eda": 2.1186, "acc_x": 1.7963, "acc_y": 1.2855, "acc_z": 1.7158, "temp": 2.7537}, "min": {"bvp": 0.3503, "eda": 1.9407, "acc_x": 1.4446, "acc_y": 1.2015, "acc_z": 1.639, "temp": 2.3668}}, "1015": {"mean": {"bvp": 0.3167, "eda": 2.114, "acc_x": 2.0052, "acc_y": 1.5367, "acc_z": 1.584, "temp": 2.6485}, "min": {"bvp": 0.2859, "eda": 1.8075, "acc_x": 1.686, "acc_y": 1.5124, "acc_z": 1.4967, "temp": 2.4583}}}, "1005": {"1001": {"mean": {"bvp": 1.1233, "eda": 2.9661, "acc_x": 2.2961, "acc_y": 1.8814, "acc_z": 1.9579, "temp": 3.1308}, "min": {"bvp": 0.3793, "eda": 2.318, "acc_x": 2.0211, "acc_y": 1.7821, "acc_z": 1.9372, "temp": 2.7301}}, "1002": {"mean": {"bvp": 1.5582, "eda": 2.677, "acc_x": 2.6021, "acc_y": 1.4474, "acc_z": 1.3486, "temp": 2.9607}, "min": {"bvp": 0.707, "eda": 2.2203, "acc_x": 2.3546, "acc_y": 1.3455, "acc_z": 1.3092, "temp": 2.5839}}, "1003": {"mean": {"bvp": 1.0515, "eda": 2.4833, "acc_x": 2.3585, "acc_y": 1.7151, "acc_z": 1.659, "temp": 2.8768}, "min": {"bvp": 0.579, "eda": 1.8711, "acc_x": 2.0679, "acc_y": 1.6159, "acc_z": 1.6159, "temp": 2.7191}}, "1004": {"mean": {"bvp": 1.6947, "eda": 2.7584, "acc_x": 2.2735, "acc_y": 1.7599, "acc_z": 1.5685, "temp": 3.2483}, "min": {"bvp": 0.6623, "eda": 2.2464, "acc_x": 1.9504, "acc_y": 1.6837, "acc_z": 1.5023, "temp": 2.9938}}, "1005": {"mean": {"bvp": 0.7922, "eda": 2.9797, "acc_x": 2.3686, "acc_y": 1.4129, "acc_z": 1.74, "temp": 2.8563}, "min": {"bvp": 0.7414, "eda": 2.2445, "acc_x": 2.1297, "acc_y": 1.3787, "acc_z": 1.633, "temp": 2.5349}}, "1006": {"mean": {"bvp": 1.6562, "eda": 2.4044, "acc_x": 2.992, "acc_y": 1.5106, "acc_z": 1.9315, "temp": 3.2498}, "min": {"bvp": 0.6247, "eda": 1.9742, "acc_x": 2.6168, "acc_y": 1.3989, "acc_z": 1.8693, "temp": 2.8301}}, "1007": {"mean": {"bvp": 0.834, "eda": 2.816, "acc_x": 2.4987, "acc_y": 1.2894, "acc_z": 1.7229, "temp": 2.975}, "min": {"bvp": 0.4239, "eda": 2.3141, "acc_x": 2.2681, "acc_y": 1.206, "acc_z": 1.5732, "temp": 2.4074}}, "1008": {"mean": {"bvp": 1.0476, "eda": 2.726, "acc_x": 2.6404, "acc_y": 1.5343, "acc_z": 1.4069, "temp": 3.106}, "min": {"bvp": 0.4694, "eda": 2.1661, "acc_x": 2.3665, "acc_y": 1.4372, "acc_z": 1.3803, "temp": 2.8257}}, "1009": {"mean": {"bvp": 0.7565, "eda": 2.7989, "acc_x": 2.4845, "acc_y": 1.6239, "acc_z": 1.6591, "temp": 3.1903}, "min": {"bvp": 0.475, "eda": 2.2372, "acc_x": 2.216, "acc_y": 1.5018, "acc_z": 1.6226, "temp": 2.7299}}, "1010": {"mean": {"bvp": 1.4453, "eda": 2.9222, "acc_x": 2.2973, "acc_y": 1.6375, "acc_z": 1.8246, "temp": 3.1882}, "min": {"bvp": 0.558, "eda": 2.3213, "acc_x": 2.0, "acc_y": 1.5445, "acc_z": 1.7574, "temp": 2.785}}, "1011": {"mean": {"bvp": 0.8887, "eda": 2.7147, "acc_x": 2.1247, "acc_y": 1.6528, "acc_z": 1.8661, "temp": 3.3572}, "min": {"bvp": 0.5763, "eda": 1.9381, "acc_x": 1.8484, "acc_y": 1.5889, "acc_z": 1.7907, "temp": 2.87}}, "1012": {"mean": {"bvp": 1.6602, "eda": 2.4331, "acc_x": 2.7086, "acc_y": 1.7212, "acc_z": 1.7101, "temp": 2.8778}, "min": {"bvp": 0.6184, "eda": 1.9756, "acc_x": 2.4099, "acc_y": 1.635, "acc_z": 1.6224, "temp": 2.6498}}, "1013": {"mean": {"bvp": 1.0033, "eda": 2.5098, "acc_x": 2.2383, "acc_y": 1.7419, "acc_z": 1.892, "temp": 3.3248}, "min": {"bvp": 0.3932, "eda": 1.9799, "acc_x": 1.8767, "acc_y": 1.6666, "acc_z": 1.8239, "temp": 2.6646}}, "1014": {"mean": {"bvp": 1.7876, "eda": 2.3884, "acc_x": 2.2194, "acc_y": 1.4333, "acc_z": 1.6483, "temp": 3.0375}, "min": {"bvp": 0.5062, "eda": 1.9756, "acc_x": 1.7651, "acc_y": 1.2988, "acc_z": 1.5874, "temp": 2.6429}}, "1015": {"mean": {"bvp": 1.4204, "eda": 2.4786, "acc_x": 2.2343, "acc_y": 1.6797, "acc_z": 1.4908, "temp": 3.241}, "min": {"bvp": 0.5036, "eda": 1.7855, "acc_x": 1.9182, "acc_y": 1.5975, "acc_z": 1.4211, "temp": 2.7856}}}, "1006": {"1001": {"mean": {"bvp": 0.3775, "eda": 2.946, "acc_x": 1.956, "acc_y": 1.7747, "acc_z": 1.9965, "temp": 2.9321}, "min": {"bvp": 0.3487, "eda": 2.6623, "acc_x": 1.7246, "acc_y": 1.7485, "acc_z": 1.9784, "temp": 2.3347}}, "1002": {"mean": {"bvp": 0.6707, "eda": 2.6213, "acc_x": 1.9853, "acc_y": 1.4271, "acc_z": 1.3542, "temp": 2.4477}, "min": {"bvp": 0.6582, "eda": 2.3955, "acc_x": 1.7585, "acc_y": 1.3134, "acc_z": 1.2356, "temp": 2.0826}}, "1003": {"mean": {"bvp": 0.7501, "eda": 2.5214, "acc_x": 1.9062, "acc_y": 1.6704, "acc_z": 1.7654, "temp": 2.2173}, "min": {"bvp": 0.7033, "eda": 2.2114, "acc_x": 1.5794, "acc_y": 1.616, "acc_z": 1.7354, "temp": 2.0535}}, "1004": {"mean": {"bvp": 0.6063, "eda": 2.7357, "acc_x": 2.0206, "acc_y": 1.7764, "acc_z": 1.619, "temp": 2.8571}, "min": {"bvp": 0.5636, "eda": 2.4971, "acc_x": 1.732, "acc_y": 1.6809, "acc_z": 1.4937, "temp": 2.6395}}, "1005": {"mean": {"bvp": 1.4764, "eda": 3.0057, "acc_x": 2.1443, "acc_y": 1.2931, "acc_z": 1.8287, "temp": 2.2994}, "min": {"bvp": 1.0606, "eda": 2.7105, "acc_x": 1.868, "acc_y": 1.2137, "acc_z": 1.6624, "temp": 2.0377}}, "1006": {"mean": {"bvp": 0.4608, "eda": 2.3504, "acc_x": 2.3343, "acc_y": 1.5436, "acc_z": 1.8325, "temp": 2.7551}, "min": {"bvp": 0.4205, "eda": 2.1636, "acc_x": 2.1077, "acc_y": 1.5293, "acc_z": 1.7602, "temp": 2.228}}, "1007": {"mean": {"bvp": 0.6167, "eda": 2.7549, "acc_x": 2.0771, "acc_y": 1.3233, "acc_z": 1.8532, "temp": 2.5075}, "min": {"bvp": 0.465, "eda": 2.5605, "acc_x": 1.8454, "acc_y": 1.2407, "acc_z": 1.7266, "temp": 2.0077}}, "1008": {"mean": {"bvp": 0.5188, "eda": 2.6933, "acc_x": 2.1327, "acc_y": 1.5148, "acc_z": 1.5348, "temp": 2.5866}, "min": {"bvp": 0.4738, "eda": 2.4242, "acc_x": 1.8392, "acc_y": 1.3485, "acc_z": 1.4972, "temp": 2.1141}}, "1009": {"mean": {"bvp": 0.6811, "eda": 2.7591, "acc_x": 2.1362, "acc_y": 1.5262, "acc_z": 1.7321, "temp": 2.7749}, "min": {"bvp": 0.3895, "eda": 2.5104, "acc_x": 1.881, "acc_y": 1.3977, "acc_z": 1.6968, "temp": 2.6316}}, "1010": {"mean": {"bvp": 0.4469, "eda": 2.8955, "acc_x": 2.0542, "acc_y": 1.722, "acc_z": 1.9752, "temp": 2.8344}, "min": {"bvp": 0.412, "eda": 2.6754, "acc_x": 1.8038, "acc_y": 1.6944, "acc_z": 1.8925, "temp": 2.52}}, "1011": {"mean": {"bvp": 0.7952, "eda": 2.7754, "acc_x": 1.8253, "acc_y": 1.4982, "acc_z": 1.8656, "temp": 3.065}, "min": {"bvp": 0.6205, "eda": 2.4702, "acc_x": 1.5492, "acc_y": 1.4718, "acc_z": 1.7853, "temp": 2.7338}}, "1012": {"mean": {"bvp": 0.4735, "eda": 2.413, "acc_x": 2.0183, "acc_y": 1.6836, "acc_z": 1.7786, "temp": 2.3036}, "min": {"bvp": 0.4524, "eda": 2.1734, "acc_x": 1.9011, "acc_y": 1.6024, "acc_z": 1.7253, "temp": 2.1513}}, "1013": {"mean": {"bvp": 0.4464, "eda": 2.5488, "acc_x": 1.7831, "acc_y": 1.6859, "acc_z": 2.0667, "temp": 2.6752}, "min": {"bvp": 0.3889, "eda": 2.2704, "acc_x": 1.5029, "acc_y": 1.6467, "acc_z": 1.9831, "temp": 2.3882}}, "1014": {"mean": {"bvp": 0.3956, "eda": 2.3375, "acc_x": 1.8112, "acc_y": 1.4068, "acc_z": 1.6131, "temp": 2.7246}, "min": {"bvp": 0.3488, "eda": 2.1333, "acc_x": 1.5442, "acc_y": 1.3719, "acc_z": 1.5697, "temp": 2.2817}}, "1015": {"mean": {"bvp": 0.3167, "eda": 2.4946, "acc_x": 1.744, "acc_y": 1.6688, "acc_z": 1.5813, "temp": 2.7056}, "min": {"bvp": 0.307, "eda": 2.1598, "acc_x": 1.4727, "acc_y": 1.5582, "acc_z": 1.5641, "temp": 2.4619}}}, "1007": {"1001": {"mean": {"bvp": 0.3095, "eda": 3.2611, "acc_x": 2.0314, "acc_y": 1.8201, "acc_z": 2.5634, "temp": 3.6676}, "min": {"bvp": 0.2786, "eda": 2.7988, "acc_x": 1.6819, "acc_y": 1.6293, "acc_z": 2.1944, "temp": 3.4396}}, "1002": {"mean": {"bvp": 0.7544, "eda": 2.9439, "acc_x": 2.2574, "acc_y": 1.3186, "acc_z": 2.1399, "temp": 2.8875}, "min": {"bvp": 0.7025, "eda": 2.5781, "acc_x": 1.9389, "acc_y": 1.2055, "acc_z": 1.5626, "temp": 2.7075}}, "1003": {"mean": {"bvp": 0.563, "eda": 2.7051, "acc_x": 2.0578, "acc_y": 1.6194, "acc_z": 2.3454, "temp": 2.8613}, "min": {"bvp": 0.5495, "eda": 2.2899, "acc_x": 1.8791, "acc_y": 1.5599, "acc_z": 1.9374, "temp": 2.6602}}, "1004": {"mean": {"bvp": 0.7394, "eda": 3.0296, "acc_x": 1.9834, "acc_y": 1.6468, "acc_z": 2.4839, "temp": 3.6163}, "min": {"bvp": 0.6134, "eda": 2.6364, "acc_x": 1.7764, "acc_y": 1.6184, "acc_z": 1.8957, "temp": 3.4268}}, "1005": {"mean": {"bvp": 1.023, "eda": 3.3305, "acc_x": 2.1541, "acc_y": 1.3293, "acc_z": 2.0363, "temp": 2.9782}, "min": {"bvp": 0.9744, "eda": 2.8333, "acc_x": 1.9022, "acc_y": 1.2132, "acc_z": 1.8981, "temp": 2.7363}}, "1006": {"mean": {"bvp": 0.6539, "eda": 2.6925, "acc_x": 2.5682, "acc_y": 1.5012, "acc_z": 2.7322, "temp": 3.3329}, "min": {"bvp": 0.535, "eda": 2.2739, "acc_x": 2.2197, "acc_y": 1.4268, "acc_z": 2.2283, "temp": 3.1004}}, "1007": {"mean": {"bvp": 0.299, "eda": 3.1099, "acc_x": 2.2303, "acc_y": 1.2715, "acc_z": 1.9941, "temp": 3.2313}, "min": {"bvp": 0.2986, "eda": 2.6891, "acc_x": 2.0064, "acc_y": 1.2057, "acc_z": 1.7981, "temp": 3.0097}}, "1008": {"mean": {"bvp": 0.4103, "eda": 2.9868, "acc_x": 2.3533, "acc_y": 1.5863, "acc_z": 2.1605, "temp": 3.3547}, "min": {"bvp": 0.3894, "eda": 2.5655, "acc_x": 2.1164, "acc_y": 1.4501, "acc_z": 1.6235, "temp": 3.1063}}, "1009": {"mean": {"bvp": 0.3079, "eda": 3.0718, "acc_x": 2.1897, "acc_y": 1.5205, "acc_z": 2.3069, "temp": 3.5584}, "min": {"bvp": 0.2942, "eda": 2.6467, "acc_x": 1.9085, "acc_y": 1.3799, "acc_z": 1.8743, "temp": 3.3079}}, "1010": {"mean": {"bvp": 0.5079, "eda": 3.3003, "acc_x": 2.0535, "acc_y": 1.6586, "acc_z": 2.287, "temp": 3.5413}, "min": {"bvp": 0.4598, "eda": 2.823, "acc_x": 1.7956, "acc_y": 1.553, "acc_z": 2.0506, "temp": 3.3689}}, "1011": {"mean": {"bvp": 0.535, "eda": 3.022, "acc_x": 1.8431, "acc_y": 1.5696, "acc_z": 2.4289, "temp": 3.9603}, "min": {"bvp": 0.5212, "eda": 2.5218, "acc_x": 1.5608, "acc_y": 1.4197, "acc_z": 2.0106, "temp": 3.736}}, "1012": {"mean": {"bvp": 0.667, "eda": 2.676, "acc_x": 2.4084, "acc_y": 1.5832, "acc_z": 2.2344, "temp": 2.7576}, "min": {"bvp": 0.5564, "eda": 2.291, "acc_x": 2.1661, "acc_y": 1.5202, "acc_z": 1.8761, "temp": 2.5429}}, "1013": {"mean": {"bvp": 0.3364, "eda": 2.7571, "acc_x": 1.8394, "acc_y": 1.7129, "acc_z": 2.2184, "temp": 4.0003}, "min": {"bvp": 0.3165, "eda": 2.3756, "acc_x": 1.6381, "acc_y": 1.5773, "acc_z": 2.1069, "temp": 3.7046}}, "1014": {"mean": {"bvp": 0.7539, "eda": 2.5869, "acc_x": 1.5715, "acc_y": 1.4126, "acc_z": 2.2235, "temp": 3.317}, "min": {"bvp": 0.5158, "eda": 2.1977, "acc_x": 1.2322, "acc_y": 1.3516, "acc_z": 1.829, "temp": 3.0923}}, "1015": {"mean": {"bvp": 0.4176, "eda": 2.7385, "acc_x": 1.9017, "acc_y": 1.6977, "acc_z": 2.0209, "temp": 3.6499}, "min": {"bvp": 0.3676, "eda": 2.2764, "acc_x": 1.7243, "acc_y": 1.5563, "acc_z": 1.731, "temp": 3.3776}}}, "1008": {"1001": {"mean": {"bvp": 0.3475, "eda": 2.7388, "acc_x": 2.1254, "acc_y": 1.7316, "acc_z": 2.1218, "temp": 3.096}, "min": {"bvp": 0.3369, "eda": 1.6702, "acc_x": 1.8563, "acc_y": 1.6885, "acc_z": 2.0026, "temp": 2.2506}}, "1002": {"mean": {"bvp": 0.7402, "eda": 2.5802, "acc_x": 2.028, "acc_y": 1.3731, "acc_z": 1.4861, "temp": 2.5516}, "min": {"bvp": 0.6754, "eda": 1.9572, "acc_x": 1.9178, "acc_y": 1.313, "acc_z": 1.4541, "temp": 1.9833}}, "1003": {"mean": {"bvp": 0.598, "eda": 2.3713, "acc_x": 1.94, "acc_y": 1.5792, "acc_z": 1.8169, "temp": 2.36}, "min": {"bvp": 0.5848, "eda": 1.4802, "acc_x": 1.8158, "acc_y": 1.4342, "acc_z": 1.7079, "temp": 1.7151}}, "1004": {"mean": {"bvp": 0.698, "eda": 2.5879, "acc_x": 2.0277, "acc_y": 1.6986, "acc_z": 1.8242, "temp": 3.1604}, "min": {"bvp": 0.6387, "eda": 1.7409, "acc_x": 1.8721, "acc_y": 1.5161, "acc_z": 1.7869, "temp": 2.5779}}, "1005": {"mean": {"bvp": 1.1073, "eda": 2.6107, "acc_x": 2.2056, "acc_y": 1.3129, "acc_z": 1.844, "temp": 2.4861}, "min": {"bvp": 1.0113, "eda": 1.1515, "acc_x": 2.1036, "acc_y": 1.201, "acc_z": 1.6328, "temp": 1.8723}}, "1006": {"mean": {"bvp": 0.6132, "eda": 2.3796, "acc_x": 2.4099, "acc_y": 1.5275, "acc_z": 2.1561, "temp": 2.8062}, "min": {"bvp": 0.5187, "eda": 1.8797, "acc_x": 2.2773, "acc_y": 1.4384, "acc_z": 2.039, "temp": 1.9557}}, "1007": {"mean": {"bvp": 0.3491, "eda": 2.6637, "acc_x": 2.1397, "acc_y": 1.3368, "acc_z": 1.8639, "temp": 2.6507}, "min": {"bvp": 0.3159, "eda": 1.8813, "acc_x": 2.0146, "acc_y": 1.2816, "acc_z": 1.6643, "temp": 1.8563}}, "1008": {"mean": {"bvp": 0.4262, "eda": 2.5267, "acc_x": 2.1982, "acc_y": 1.5604, "acc_z": 1.5729, "temp": 2.7074}, "min": {"bvp": 0.4225, "eda": 1.5759, "acc_x": 2.098, "acc_y": 1.4943, "acc_z": 1.5366, "temp": 1.8307}}, "1009": {"mean": {"bvp": 0.3568, "eda": 2.609, "acc_x": 2.2181, "acc_y": 1.4116, "acc_z": 1.8044, "temp": 2.9917}, "min": {"bvp": 0.3156, "eda": 1.6735, "acc_x": 2.0004, "acc_y": 1.4014, "acc_z": 1.7408, "temp": 2.3604}}, "1010": {"mean": {"bvp": 0.5231, "eda": 2.6528, "acc_x": 2.1366, "acc_y": 1.7034, "acc_z": 1.9773, "temp": 3.0628}, "min": {"bvp": 0.4934, "eda": 1.5537, "acc_x": 1.9613, "acc_y": 1.6034, "acc_z": 1.8561, "temp": 2.4037}}, "1011": {"mean": {"bvp": 0.573, "eda": 2.574, "acc_x": 1.8672, "acc_y": 1.462, "acc_z": 2.0699, "temp": 3.3473}, "min": {"bvp": 0.5466, "eda": 1.4845, "acc_x": 1.6789, "acc_y": 1.4416, "acc_z": 1.8621, "temp": 2.5759}}, "1012": {"mean": {"bvp": 0.619, "eda": 2.3511, "acc_x": 2.0158, "acc_y": 1.6042, "acc_z": 1.8117, "temp": 2.3828}, "min": {"bvp": 0.5205, "eda": 1.7474, "acc_x": 1.8229, "acc_y": 1.4664, "acc_z": 1.7294, "temp": 1.8497}}, "1013": {"mean": {"bvp": 0.341, "eda": 2.4067, "acc_x": 1.676, "acc_y": 1.6338, "acc_z": 2.0268, "temp": 3.205}, "min": {"bvp": 0.3342, "eda": 1.6788, "acc_x": 1.6431, "acc_y": 1.5959, "acc_z": 1.9238, "temp": 2.2659}}, "1014": {"mean": {"bvp": 0.585, "eda": 2.3713, "acc_x": 1.7317, "acc_y": 1.3642, "acc_z": 1.8564, "temp": 2.8492}, "min": {"bvp": 0.3783, "eda": 1.8714, "acc_x": 1.4278, "acc_y": 1.3432, "acc_z": 1.7578, "temp": 2.1346}}, "1015": {"mean": {"bvp": 0.3912, "eda": 2.3137, "acc_x": 1.7171, "acc_y": 1.6624, "acc_z": 1.5999, "temp": 2.9923}, "min": {"bvp": 0.3549, "eda": 1.282, "acc_x": 1.5942, "acc_y": 1.593, "acc_z": 1.5618, "temp": 2.2062}}}, "1009": {"1001": {"mean": {"bvp": 0.4558, "eda": 3.2985, "acc_x": 1.9718, "acc_y": 1.7115, "acc_z": 2.0184, "temp": 3.1695}, "min": {"bvp": 0.3601, "eda": 3.1194, "acc_x": 1.861, "acc_y": 1.6426, "acc_z": 1.8366, "temp": 2.1796}}, "1002": {"mean": {"bvp": 1.0049, "eda": 2.8794, "acc_x": 1.9929, "acc_y": 1.5235, "acc_z": 1.4754, "temp": 2.6648}, "min": {"bvp": 0.8862, "eda": 2.6899, "acc_x": 1.9302, "acc_y": 1.4078, "acc_z": 1.2521, "temp": 2.2317}}, "1003": {"mean": {"bvp": 0.5982, "eda": 2.818, "acc_x": 1.8858, "acc_y": 1.7425, "acc_z": 1.9039, "temp": 2.6175}, "min": {"bvp": 0.5685, "eda": 2.7184, "acc_x": 1.7599, "acc_y": 1.6268, "acc_z": 1.6536, "temp": 2.2612}}, "1004": {"mean": {"bvp": 1.1476, "eda": 3.0198, "acc_x": 2.0273, "acc_y": 1.9578, "acc_z": 1.64, "temp": 3.2451}, "min": {"bvp": 1.0052, "eda": 2.8474, "acc_x": 1.8611, "acc_y": 1.7269, "acc_z": 1.543, "temp": 2.652}}, "1005": {"mean": {"bvp": 0.931, "eda": 3.3628, "acc_x": 2.207, "acc_y": 1.2578, "acc_z": 2.0507, "temp": 2.6297}, "min": {"bvp": 0.828, "eda": 3.1614, "acc_x": 2.0724, "acc_y": 1.201, "acc_z": 1.8885, "temp": 2.0098}}, "1006": {"mean": {"bvp": 1.0792, "eda": 2.6182, "acc_x": 2.361, "acc_y": 1.6835, "acc_z": 1.8872, "temp": 3.0008}, "min": {"bvp": 0.9277, "eda": 2.4027, "acc_x": 2.2367, "acc_y": 1.597, "acc_z": 1.7212, "temp": 2.3057}}, "1007": {"mean": {"bvp": 0.3173, "eda": 3.0737, "acc_x": 2.0987, "acc_y": 1.4495, "acc_z": 2.0541, "temp": 2.7872}, "min": {"bvp": 0.2953, "eda": 2.8613, "acc_x": 2.0418, "acc_y": 1.3342, "acc_z": 1.9462, "temp": 2.0058}}, "1008": {"mean": {"bvp": 0.4437, "eda": 3.0029, "acc_x": 2.1148, "acc_y": 1.5857, "acc_z": 1.6291, "temp": 2.9698}, "min": {"bvp": 0.3958, "eda": 2.8431, "acc_x": 1.9902, "acc_y": 1.4752, "acc_z": 1.4988, "temp": 2.265}}, "1009": {"mean": {"bvp": 0.3259, "eda": 3.0786, "acc_x": 2.178, "acc_y": 1.4647, "acc_z": 1.8026, "temp": 3.1695}, "min": {"bvp": 0.3182, "eda": 2.8931, "acc_x": 2.0891, "acc_y": 1.4022, "acc_z": 1.6237, "temp": 2.5251}}, "1010": {"mean": {"bvp": 0.8186, "eda": 3.2601, "acc_x": 2.142, "acc_y": 1.8154, "acc_z": 2.1201, "temp": 3.1489}, "min": {"bvp": 0.6915, "eda": 3.0036, "acc_x": 2.0358, "acc_y": 1.7142, "acc_z": 2.0582, "temp": 2.4813}}, "1011": {"mean": {"bvp": 0.5213, "eda": 3.1007, "acc_x": 1.7906, "acc_y": 1.4731, "acc_z": 2.0801, "temp": 3.4673}, "min": {"bvp": 0.511, "eda": 2.9435, "acc_x": 1.6973, "acc_y": 1.4065, "acc_z": 1.9954, "temp": 2.584}}, "1012": {"mean": {"bvp": 1.0823, "eda": 2.6891, "acc_x": 2.003, "acc_y": 1.8012, "acc_z": 1.9205, "temp": 2.5289}, "min": {"bvp": 0.9252, "eda": 2.54, "acc_x": 1.8898, "acc_y": 1.6432, "acc_z": 1.7121, "temp": 2.1225}}, "1013": {"mean": {"bvp": 0.3669, "eda": 2.8071, "acc_x": 1.6994, "acc_y": 1.7001, "acc_z": 2.0488, "temp": 3.4671}, "min": {"bvp": 0.3217, "eda": 2.6664, "acc_x": 1.6213, "acc_y": 1.6129, "acc_z": 1.9276, "temp": 2.4867}}, "1014": {"mean": {"bvp": 1.2906, "eda": 2.5838, "acc_x": 1.7049, "acc_y": 1.4364, "acc_z": 1.7215, "temp": 2.9156}, "min": {"bvp": 1.1219, "eda": 2.4495, "acc_x": 1.5195, "acc_y": 1.3219, "acc_z": 1.6008, "temp": 2.1021}}, "1015": {"mean": {"bvp": 0.7624, "eda": 2.8285, "acc_x": 1.7036, "acc_y": 1.6805, "acc_z": 1.5814, "temp": 3.2129}, "min": {"bvp": 0.6065, "eda": 2.6932, "acc_x": 1.676, "acc_y": 1.6023, "acc_z": 1.3157, "temp": 2.4214}}}, "1010": {"1001": {"mean": {"bvp": 0.333, "eda": 3.2215, "acc_x": 1.7783, "acc_y": 1.6616, "acc_z": 2.4566, "temp": 2.6988}, "min": {"bvp": 0.3113, "eda": 2.8969, "acc_x": 1.6469, "acc_y": 1.3254, "acc_z": 2.0995, "temp": 2.2257}}, "1002": {"mean": {"bvp": 0.6945, "eda": 2.8932, "acc_x": 2.1966, "acc_y": 1.3044, "acc_z": 2.0266, "temp": 2.2566}, "min": {"bvp": 0.6614, "eda": 2.6434, "acc_x": 2.1637, "acc_y": 1.2012, "acc_z": 1.5421, "temp": 2.0198}}, "1003": {"mean": {"bvp": 0.6795, "eda": 2.6756, "acc_x": 1.8866, "acc_y": 1.6007, "acc_z": 2.3208, "temp": 2.012}, "min": {"bvp": 0.665, "eda": 2.3756, "acc_x": 1.8754, "acc_y": 1.466, "acc_z": 1.9462, "temp": 1.7826}}, "1004": {"mean": {"bvp": 0.6241, "eda": 2.9928, "acc_x": 1.8581, "acc_y": 1.6506, "acc_z": 2.2934, "temp": 2.8575}, "min": {"bvp": 0.616, "eda": 2.7307, "acc_x": 1.8087, "acc_y": 1.4777, "acc_z": 1.662, "temp": 2.642}}, "1005": {"mean": {"bvp": 1.531, "eda": 3.3007, "acc_x": 2.0226, "acc_y": 1.1937, "acc_z": 2.1354, "temp": 2.1826}, "min": {"bvp": 1.5086, "eda": 2.9491, "acc_x": 1.9381, "acc_y": 1.0888, "acc_z": 1.953, "temp": 1.9189}}, "1006": {"mean": {"bvp": 0.5004, "eda": 2.6488, "acc_x": 2.4895, "acc_y": 1.5049, "acc_z": 2.4595, "temp": 2.4286}, "min": {"bvp": 0.4851, "eda": 2.366, "acc_x": 2.4076, "acc_y": 1.3986, "acc_z": 1.8831, "temp": 1.9085}}, "1007": {"mean": {"bvp": 0.5466, "eda": 3.0636, "acc_x": 2.0098, "acc_y": 1.2977, "acc_z": 2.0841, "temp": 2.2518}, "min": {"bvp": 0.5222, "eda": 2.7744, "acc_x": 1.963, "acc_y": 1.1633, "acc_z": 1.8916, "temp": 1.8626}}, "1008": {"mean": {"bvp": 0.4548, "eda": 2.9476, "acc_x": 2.12, "acc_y": 1.4982, "acc_z": 2.0958, "temp": 2.3238}, "min": {"bvp": 0.4384, "eda": 2.6545, "acc_x": 2.0829, "acc_y": 1.2861, "acc_z": 1.6641, "temp": 1.9342}}, "1009": {"mean": {"bvp": 0.6731, "eda": 3.0227, "acc_x": 2.0174, "acc_y": 1.425, "acc_z": 2.2719, "temp": 2.6214}, "min": {"bvp": 0.6533, "eda": 2.7271, "acc_x": 1.9322, "acc_y": 1.2918, "acc_z": 1.897, "temp": 2.3875}}, "1010": {"mean": {"bvp": 0.4543, "eda": 3.2596, "acc_x": 1.8937, "acc_y": 1.6693, "acc_z": 2.2812, "temp": 2.7935}, "min": {"bvp": 0.442, "eda": 2.9323, "acc_x": 1.8151, "acc_y": 1.4767, "acc_z": 1.9963, "temp": 2.5728}}, "1011": {"mean": {"bvp": 0.755, "eda": 3.0053, "acc_x": 1.7014, "acc_y": 1.4585, "acc_z": 2.3467, "temp": 2.9729}, "min": {"bvp": 0.7248, "eda": 2.6473, "acc_x": 1.646, "acc_y": 1.2615, "acc_z": 1.8042, "temp": 2.6516}}, "1012": {"mean": {"bvp": 0.5075, "eda": 2.6231, "acc_x": 2.2608, "acc_y": 1.5995, "acc_z": 2.2469, "temp": 2.1278}, "min": {"bvp": 0.5016, "eda": 2.3529, "acc_x": 2.2291, "acc_y": 1.4678, "acc_z": 1.9342, "temp": 1.984}}, "1013": {"mean": {"bvp": 0.3729, "eda": 2.7271, "acc_x": 1.7894, "acc_y": 1.6179, "acc_z": 2.2468, "temp": 2.7058}, "min": {"bvp": 0.3618, "eda": 2.4462, "acc_x": 1.7622, "acc_y": 1.4798, "acc_z": 2.024, "temp": 2.2392}}, "1014": {"mean": {"bvp": 0.4056, "eda": 2.5452, "acc_x": 1.535, "acc_y": 1.3101, "acc_z": 2.1336, "temp": 2.5515}, "min": {"bvp": 0.3985, "eda": 2.2759, "acc_x": 1.3531, "acc_y": 1.1133, "acc_z": 1.6407, "temp": 2.2624}}, "1015": {"mean": {"bvp": 0.3177, "eda": 2.7116, "acc_x": 1.7124, "acc_y": 1.5899, "acc_z": 1.8956, "temp": 2.5273}, "min": {"bvp": 0.3095, "eda": 2.3848, "acc_x": 1.6678, "acc_y": 1.3166, "acc_z": 1.3861, "temp": 2.0745}}}, "1011": {"1001": {"mean": {"bvp": 0.4222, "eda": 2.7173, "acc_x": 2.0264, "acc_y": 1.6873, "acc_z": 2.0588, "temp": 2.6759}, "min": {"bvp": 0.4137, "eda": 2.2246, "acc_x": 1.721, "acc_y": 1.6365, "acc_z": 1.9906, "temp": 2.2794}}, "1002": {"mean": {"bvp": 0.749, "eda": 2.4502, "acc_x": 2.1573, "acc_y": 1.4363, "acc_z": 1.4055, "temp": 2.3282}, "min": {"bvp": 0.6674, "eda": 2.1155, "acc_x": 2.0826, "acc_y": 1.4192, "acc_z": 1.2835, "temp": 2.0599}}, "1003": {"mean": {"bvp": 0.6144, "eda": 2.2956, "acc_x": 2.0297, "acc_y": 1.65, "acc_z": 1.7382, "temp": 2.1385}, "min": {"bvp": 0.5861, "eda": 1.8141, "acc_x": 1.9701, "acc_y": 1.6066, "acc_z": 1.6985, "temp": 1.913}}, "1004": {"mean": {"bvp": 0.8187, "eda": 2.5474, "acc_x": 2.0386, "acc_y": 1.7798, "acc_z": 1.7544, "temp": 2.6387}, "min": {"bvp": 0.5679, "eda": 2.1534, "acc_x": 1.7578, "acc_y": 1.6933, "acc_z": 1.7081, "temp": 2.3499}}, "1005": {"mean": {"bvp": 1.0273, "eda": 2.7408, "acc_x": 2.2621, "acc_y": 1.1857, "acc_z": 1.8099, "temp": 2.1429}, "min": {"bvp": 0.8465, "eda": 2.1534, "acc_x": 1.9578, "acc_y": 1.098, "acc_z": 1.7629, "temp": 1.813}}, "1006": {"mean": {"bvp": 0.7197, "eda": 2.2013, "acc_x": 2.3407, "acc_y": 1.5878, "acc_z": 2.0513, "temp": 2.5665}, "min": {"bvp": 0.4611, "eda": 1.896, "acc_x": 2.2691, "acc_y": 1.5505, "acc_z": 2.0251, "temp": 2.2504}}, "1007": {"mean": {"bvp": 0.4287, "eda": 2.5718, "acc_x": 2.1086, "acc_y": 1.3478, "acc_z": 1.7678, "temp": 2.2462}, "min": {"bvp": 0.389, "eda": 2.2174, "acc_x": 1.936, "acc_y": 1.2558, "acc_z": 1.7573, "temp": 1.92}}, "1008": {"mean": {"bvp": 0.4702, "eda": 2.4925, "acc_x": 2.251, "acc_y": 1.5098, "acc_z": 1.5543, "temp": 2.3729}, "min": {"bvp": 0.4556, "eda": 2.0697, "acc_x": 2.1818, "acc_y": 1.4488, "acc_z": 1.4936, "temp": 2.0519}}, "1009": {"mean": {"bvp": 0.4433, "eda": 2.5581, "acc_x": 2.164, "acc_y": 1.4373, "acc_z": 1.7262, "temp": 2.6116}, "min": {"bvp": 0.4036, "eda": 2.1298, "acc_x": 1.9461, "acc_y": 1.3892, "acc_z": 1.6836, "temp": 2.2693}}, "1010": {"mean": {"bvp": 0.5939, "eda": 2.6733, "acc_x": 2.1696, "acc_y": 1.7597, "acc_z": 1.9847, "temp": 2.5697}, "min": {"bvp": 0.4649, "eda": 2.2074, "acc_x": 1.8797, "acc_y": 1.7258, "acc_z": 1.9575, "temp": 2.2795}}, "1011": {"mean": {"bvp": 0.6139, "eda": 2.515, "acc_x": 1.9538, "acc_y": 1.4765, "acc_z": 2.0433, "temp": 2.7637}, "min": {"bvp": 0.5976, "eda": 1.9075, "acc_x": 1.7741, "acc_y": 1.4148, "acc_z": 1.9409, "temp": 2.4221}}, "1012": {"mean": {"bvp": 0.7017, "eda": 2.2245, "acc_x": 2.1874, "acc_y": 1.6665, "acc_z": 1.7343, "temp": 2.2431}, "min": {"bvp": 0.4579, "eda": 1.8839, "acc_x": 2.086, "acc_y": 1.62, "acc_z": 1.6921, "temp": 1.9654}}, "1013": {"mean": {"bvp": 0.396, "eda": 2.3301, "acc_x": 1.8326, "acc_y": 1.6535, "acc_z": 1.9235, "temp": 2.4778}, "min": {"bvp": 0.3787, "eda": 1.9138, "acc_x": 1.766, "acc_y": 1.6088, "acc_z": 1.8639, "temp": 2.3463}}, "1014": {"mean": {"bvp": 0.7651, "eda": 2.2139, "acc_x": 1.7101, "acc_y": 1.3546, "acc_z": 1.7786, "temp": 2.5286}, "min": {"bvp": 0.3995, "eda": 1.9326, "acc_x": 1.3252, "acc_y": 1.309, "acc_z": 1.7065, "temp": 2.1518}}, "1015": {"mean": {"bvp": 0.4955, "eda": 2.2398, "acc_x": 1.7957, "acc_y": 1.631, "acc_z": 1.5697, "temp": 2.5117}, "min": {"bvp": 0.3724, "eda": 1.6953, "acc_x": 1.7575, "acc_y": 1.5866, "acc_z": 1.481, "temp": 2.2908}}}, "1012": {"1001": {"mean": {"bvp": 0.4556, "eda": 3.2688, "acc_x": 1.8866, "acc_y": 1.7355, "acc_z": 2.0487, "temp": 3.2377}, "min": {"bvp": 0.403, "eda": 2.7699, "acc_x": 1.798, "acc_y": 1.6897, "acc_z": 1.9385, "temp": 3.0443}}, "1002": {"mean": {"bvp": 0.6578, "eda": 2.9143, "acc_x": 2.1577, "acc_y": 1.3488, "acc_z": 1.4366, "temp": 2.5823}, "min": {"bvp": 0.6321, "eda": 2.4979, "acc_x": 2.0198, "acc_y": 1.2792, "acc_z": 1.2966, "temp": 2.4109}}, "1003": {"mean": {"bvp": 0.8294, "eda": 2.7821, "acc_x": 1.9449, "acc_y": 1.6347, "acc_z": 1.8672, "temp": 2.4343}, "min": {"bvp": 0.6832, "eda": 2.2992, "acc_x": 1.7878, "acc_y": 1.5927, "acc_z": 1.6217, "temp": 2.2385}}, "1004": {"mean": {"bvp": 0.6452, "eda": 3.0091, "acc_x": 2.0305, "acc_y": 1.7438, "acc_z": 1.6055, "temp": 3.1856}, "min": {"bvp": 0.6146, "eda": 2.578, "acc_x": 1.9166, "acc_y": 1.6316, "acc_z": 1.4666, "temp": 3.0109}}, "1005": {"mean": {"bvp": 1.717, "eda": 3.3363, "acc_x": 2.173, "acc_y": 1.2097, "acc_z": 2.0785, "temp": 2.5425}, "min": {"bvp": 1.4138, "eda": 2.8506, "acc_x": 2.0419, "acc_y": 1.1087, "acc_z": 1.8417, "temp": 2.3229}}, "1006": {"mean": {"bvp": 0.4955, "eda": 2.6524, "acc_x": 2.4372, "acc_y": 1.5295, "acc_z": 1.8978, "temp": 2.9742}, "min": {"bvp": 0.4606, "eda": 2.2372, "acc_x": 2.3029, "acc_y": 1.4655, "acc_z": 1.8315, "temp": 2.7661}}, "1007": {"mean": {"bvp": 0.7571, "eda": 3.0947, "acc_x": 2.111, "acc_y": 1.2859, "acc_z": 2.0786, "temp": 2.809}, "min": {"bvp": 0.5297, "eda": 2.6757, "acc_x": 2.0271, "acc_y": 1.1753, "acc_z": 1.8646, "temp": 2.6289}}, "1008": {"mean": {"bvp": 0.618, "eda": 2.9857, "acc_x": 2.1302, "acc_y": 1.5418, "acc_z": 1.5283, "temp": 2.8874}, "min": {"bvp": 0.5017, "eda": 2.5065, "acc_x": 2.0201, "acc_y": 1.4474, "acc_z": 1.3841, "temp": 2.6754}}, "1009": {"mean": {"bvp": 0.8793, "eda": 3.0869, "acc_x": 2.1331, "acc_y": 1.455, "acc_z": 1.8308, "temp": 3.0452}, "min": {"bvp": 0.5917, "eda": 2.6347, "acc_x": 2.0403, "acc_y": 1.4512, "acc_z": 1.692, "temp": 2.7778}}, "1010": {"mean": {"bvp": 0.4862, "eda": 3.2454, "acc_x": 2.0583, "acc_y": 1.6894, "acc_z": 2.0963, "temp": 3.1359}, "min": {"bvp": 0.4563, "eda": 2.7732, "acc_x": 1.9536, "acc_y": 1.5829, "acc_z": 1.9477, "temp": 2.9764}}, "1011": {"mean": {"bvp": 0.9266, "eda": 3.0654, "acc_x": 1.7838, "acc_y": 1.4679, "acc_z": 2.044, "temp": 3.4652}, "min": {"bvp": 0.7018, "eda": 2.5669, "acc_x": 1.6677, "acc_y": 1.409, "acc_z": 1.8265, "temp": 3.2211}}, "1012": {"mean": {"bvp": 0.4837, "eda": 2.6778, "acc_x": 2.1844, "acc_y": 1.6719, "acc_z": 1.9961, "temp": 2.3944}, "min": {"bvp": 0.4522, "eda": 2.195, "acc_x": 2.0674, "acc_y": 1.5957, "acc_z": 1.8409, "temp": 2.2467}}, "1013": {"mean": {"bvp": 0.5533, "eda": 2.7954, "acc_x": 1.8063, "acc_y": 1.6621, "acc_z": 2.1052, "temp": 3.4268}, "min": {"bvp": 0.4168, "eda": 2.2984, "acc_x": 1.6365, "acc_y": 1.64, "acc_z": 2.0115, "temp": 3.0943}}, "1014": {"mean": {"bvp": 0.3916, "eda": 2.5968, "acc_x": 1.7612, "acc_y": 1.3774, "acc_z": 1.7399, "temp": 2.9297}, "min": {"bvp": 0.3758, "eda": 2.1803, "acc_x": 1.4739, "acc_y": 1.3142, "acc_z": 1.616, "temp": 2.7402}}, "1015": {"mean": {"bvp": 0.3355, "eda": 2.8079, "acc_x": 1.7765, "acc_y": 1.6674, "acc_z": 1.6334, "temp": 3.1352}, "min": {"bvp": 0.2978, "eda": 2.3357, "acc_x": 1.6414, "acc_y": 1.5778, "acc_z": 1.5401, "temp": 2.8569}}}, "1013": {"1001": {"mean": {"bvp": 0.3368, "eda": 3.549, "acc_x": 1.9761, "acc_y": 1.7966, "acc_z": 2.0563, "temp": 2.6188}, "min": {"bvp": 0.2852, "eda": 3.3103, "acc_x": 1.9416, "acc_y": 1.6173, "acc_z": 1.9658, "temp": 2.3137}}, "1002": {"mean": {"bvp": 0.7672, "eda": 3.1554, "acc_x": 2.1239, "acc_y": 1.4175, "acc_z": 1.5281, "temp": 2.4253}, "min": {"bvp": 0.7244, "eda": 2.9381, "acc_x": 1.8843, "acc_y": 1.2922, "acc_z": 1.4574, "temp": 2.2288}}, "1003": {"mean": {"bvp": 0.6261, "eda": 2.9668, "acc_x": 1.9828, "acc_y": 1.6313, "acc_z": 1.9292, "temp": 2.2014}, "min": {"bvp": 0.6096, "eda": 2.7532, "acc_x": 1.8979, "acc_y": 1.5014, "acc_z": 1.6973, "temp": 2.1232}}, "1004": {"mean": {"bvp": 0.7557, "eda": 3.2672, "acc_x": 2.0791, "acc_y": 1.6994, "acc_z": 1.7592, "temp": 2.6018}, "min": {"bvp": 0.6379, "eda": 3.0422, "acc_x": 2.0376, "acc_y": 1.5688, "acc_z": 1.7036, "temp": 2.5831}}, "1005": {"mean": {"bvp": 1.188, "eda": 3.6336, "acc_x": 2.2482, "acc_y": 1.3736, "acc_z": 2.0423, "temp": 2.1975}, "min": {"bvp": 0.8892, "eda": 3.3937, "acc_x": 2.1846, "acc_y": 1.2723, "acc_z": 1.8948, "temp": 2.1492}}, "1006": {"mean": {"bvp": 0.6634, "eda": 2.9223, "acc_x": 2.3958, "acc_y": 1.5541, "acc_z": 1.8925, "temp": 2.7416}, "min": {"bvp": 0.5479, "eda": 2.6766, "acc_x": 2.3592, "acc_y": 1.3859, "acc_z": 1.7899, "temp": 2.452}}, "1007": {"mean": {"bvp": 0.3975, "eda": 3.3634, "acc_x": 2.1056, "acc_y": 1.3679, "acc_z": 2.0182, "temp": 2.421}, "min": {"bvp": 0.3764, "eda": 3.1185, "acc_x": 2.058, "acc_y": 1.2024, "acc_z": 1.9181, "temp": 2.1008}}, "1008": {"mean": {"bvp": 0.4251, "eda": 3.2405, "acc_x": 2.1374, "acc_y": 1.6276, "acc_z": 1.6953, "temp": 2.4886}, "min": {"bvp": 0.4035, "eda": 3.0192, "acc_x": 2.0212, "acc_y": 1.4181, "acc_z": 1.6675, "temp": 2.4311}}, "1009": {"mean": {"bvp": 0.4508, "eda": 3.3307, "acc_x": 2.1943, "acc_y": 1.4124, "acc_z": 1.8254, "temp": 2.5045}, "min": {"bvp": 0.3761, "eda": 3.1028, "acc_x": 2.1165, "acc_y": 1.3239, "acc_z": 1.7175, "temp": 2.3956}}, "1010": {"mean": {"bvp": 0.5204, "eda": 3.5887, "acc_x": 2.153, "acc_y": 1.7399, "acc_z": 2.1098, "temp": 2.6064}, "min": {"bvp": 0.4778, "eda": 3.3182, "acc_x": 2.1172, "acc_y": 1.5736, "acc_z": 2.0617, "temp": 2.4445}}, "1011": {"mean": {"bvp": 0.6143, "eda": 3.3258, "acc_x": 1.875, "acc_y": 1.5517, "acc_z": 2.0558, "temp": 2.7614}, "min": {"bvp": 0.5912, "eda": 3.0811, "acc_x": 1.7885, "acc_y": 1.4034, "acc_z": 2.0253, "temp": 2.6887}}, "1012": {"mean": {"bvp": 0.67, "eda": 2.8995, "acc_x": 2.0744, "acc_y": 1.6249, "acc_z": 1.9133, "temp": 2.2884}, "min": {"bvp": 0.5721, "eda": 2.7068, "acc_x": 1.831, "acc_y": 1.5065, "acc_z": 1.787, "temp": 2.2514}}, "1013": {"mean": {"bvp": 0.3385, "eda": 2.9911, "acc_x": 1.7739, "acc_y": 1.6772, "acc_z": 2.0339, "temp": 2.5535}, "min": {"bvp": 0.3207, "eda": 2.789, "acc_x": 1.6791, "acc_y": 1.5181, "acc_z": 1.8976, "temp": 2.5249}}, "1014": {"mean": {"bvp": 0.7326, "eda": 2.8131, "acc_x": 1.7759, "acc_y": 1.3661, "acc_z": 1.7307, "temp": 2.5284}, "min": {"bvp": 0.4708, "eda": 2.5989, "acc_x": 1.5447, "acc_y": 1.2279, "acc_z": 1.6913, "temp": 2.3044}}, "1015": {"mean": {"bvp": 0.4046, "eda": 3.0293, "acc_x": 1.7339, "acc_y": 1.744, "acc_z": 1.5675, "temp": 2.551}, "min": {"bvp": 0.3442, "eda": 2.7903, "acc_x": 1.6851, "acc_y": 1.5462, "acc_z": 1.3114, "temp": 2.4813}}}, "1014": {"1001": {"mean": {"bvp": 0.6341, "eda": 3.1335, "acc_x": 1.7797, "acc_y": 1.7322, "acc_z": 1.9931, "temp": 2.7057}, "min": {"bvp": 0.4313, "eda": 2.5082, "acc_x": 1.5747, "acc_y": 1.6377, "acc_z": 1.8324, "temp": 2.1627}}, "1002": {"mean": {"bvp": 0.7541, "eda": 2.8203, "acc_x": 2.1584, "acc_y": 1.5354, "acc_z": 1.4609, "temp": 2.3436}, "min": {"bvp": 0.6715, "eda": 2.3539, "acc_x": 2.0472, "acc_y": 1.3628, "acc_z": 1.4489, "temp": 2.0481}}, "1003": {"mean": {"bvp": 1.0319, "eda": 2.6546, "acc_x": 1.9785, "acc_y": 1.6748, "acc_z": 1.7257, "temp": 2.1183}, "min": {"bvp": 0.7925, "eda": 2.0648, "acc_x": 1.8601, "acc_y": 1.6641, "acc_z": 1.6941, "temp": 1.9453}}, "1004": {"mean": {"bvp": 0.665, "eda": 2.8798, "acc_x": 1.932, "acc_y": 1.7998, "acc_z": 1.8406, "temp": 2.9193}, "min": {"bvp": 0.6288, "eda": 2.3406, "acc_x": 1.7212, "acc_y": 1.711, "acc_z": 1.6546, "temp": 2.7397}}, "1005": {"mean": {"bvp": 2.0018, "eda": 3.152, "acc_x": 2.1018, "acc_y": 1.2501, "acc_z": 1.6944, "temp": 2.1573}, "min": {"bvp": 1.6978, "eda": 2.4493, "acc_x": 1.9339, "acc_y": 1.1326, "acc_z": 1.5921, "temp": 1.9866}}, "1006": {"mean": {"bvp": 0.536, "eda": 2.525, "acc_x": 2.4152, "acc_y": 1.6452, "acc_z": 2.1845, "temp": 2.4463}, "min": {"bvp": 0.475, "eda": 2.034, "acc_x": 2.2234, "acc_y": 1.5523, "acc_z": 1.9552, "temp": 1.9758}}, "1007": {"mean": {"bvp": 1.0171, "eda": 2.9624, "acc_x": 2.0034, "acc_y": 1.4208, "acc_z": 1.6835, "temp": 2.3026}, "min": {"bvp": 0.727, "eda": 2.4361, "acc_x": 1.8606, "acc_y": 1.309, "acc_z": 1.6314, "temp": 1.9003}}, "1008": {"mean": {"bvp": 0.8095, "eda": 2.8563, "acc_x": 2.1761, "acc_y": 1.559, "acc_z": 1.58, "temp": 2.286}, "min": {"bvp": 0.5699, "eda": 2.2709, "acc_x": 2.0432, "acc_y": 1.4861, "acc_z": 1.4252, "temp": 1.9186}}, "1009": {"mean": {"bvp": 1.1588, "eda": 2.9576, "acc_x": 2.0413, "acc_y": 1.4539, "acc_z": 1.7086, "temp": 2.5301}, "min": {"bvp": 0.8526, "eda": 2.3883, "acc_x": 1.8942, "acc_y": 1.3854, "acc_z": 1.6216, "temp": 2.3033}}, "1010": {"mean": {"bvp": 0.5805, "eda": 3.0823, "acc_x": 1.9682, "acc_y": 1.7804, "acc_z": 1.877, "temp": 2.8354}, "min": {"bvp": 0.5103, "eda": 2.4618, "acc_x": 1.8038, "acc_y": 1.7434, "acc_z": 1.8042, "temp": 2.5836}}, "1011": {"mean": {"bvp": 1.1863, "eda": 2.8876, "acc_x": 1.7806, "acc_y": 1.5154, "acc_z": 1.9537, "temp": 2.9153}, "min": {"bvp": 0.9194, "eda": 2.1859, "acc_x": 1.6619, "acc_y": 1.408, "acc_z": 1.8482, "temp": 2.5748}}, "1012": {"mean": {"bvp": 0.5193, "eda": 2.5999, "acc_x": 2.1837, "acc_y": 1.7183, "acc_z": 1.7301, "temp": 2.1393}, "min": {"bvp": 0.4705, "eda": 2.1175, "acc_x": 2.1024, "acc_y": 1.6417, "acc_z": 1.7096, "temp": 1.9732}}, "1013": {"mean": {"bvp": 0.758, "eda": 2.7258, "acc_x": 1.8469, "acc_y": 1.6714, "acc_z": 1.7582, "temp": 2.5805}, "min": {"bvp": 0.4922, "eda": 2.2126, "acc_x": 1.7074, "acc_y": 1.6284, "acc_z": 1.6701, "temp": 2.1982}}, "1014": {"mean": {"bvp": 0.3664, "eda": 2.4825, "acc_x": 1.6112, "acc_y": 1.4342, "acc_z": 1.774, "temp": 2.5168}, "min": {"bvp": 0.3458, "eda": 2.003, "acc_x": 1.1862, "acc_y": 1.3879, "acc_z": 1.5708, "temp": 2.1035}}, "1015": {"mean": {"bvp": 0.4346, "eda": 2.6324, "acc_x": 1.7319, "acc_y": 1.6925, "acc_z": 1.5191, "temp": 2.4616}, "min": {"bvp": 0.3458, "eda": 1.9635, "acc_x": 1.6674, "acc_y": 1.6249, "acc_z": 1.4365, "temp": 2.1138}}}, "1015": {"1001": {"mean": {"bvp": 0.3571, "eda": 2.9835, "acc_x": 2.0333, "acc_y": 1.7059, "acc_z": 2.0426, "temp": 2.4734}, "min": {"bvp": 0.3357, "eda": 2.4853, "acc_x": 1.9381, "acc_y": 1.5824, "acc_z": 1.9308, "temp": 2.3641}}, "1002": {"mean": {"bvp": 0.6709, "eda": 2.6558, "acc_x": 1.9389, "acc_y": 1.4034, "acc_z": 1.6356, "temp": 2.3096}, "min": {"bvp": 0.6406, "eda": 2.3201, "acc_x": 1.8672, "acc_y": 1.387, "acc_z": 1.5317, "temp": 2.2569}}, "1003": {"mean": {"bvp": 0.676, "eda": 2.5063, "acc_x": 1.906, "acc_y": 1.6444, "acc_z": 2.0219, "temp": 2.1678}, "min": {"bvp": 0.6163, "eda": 2.0125, "acc_x": 1.8068, "acc_y": 1.5944, "acc_z": 1.9163, "temp": 1.9533}}, "1004": {"mean": {"bvp": 0.6248, "eda": 2.7622, "acc_x": 2.0901, "acc_y": 1.7813, "acc_z": 1.8108, "temp": 2.5865}, "min": {"bvp": 0.6101, "eda": 2.3861, "acc_x": 1.9421, "acc_y": 1.7187, "acc_z": 1.5708, "temp": 2.4325}}, "1005": {"mean": {"bvp": 1.4765, "eda": 3.014, "acc_x": 2.2784, "acc_y": 1.2181, "acc_z": 1.9983, "temp": 2.1181}, "min": {"bvp": 1.3298, "eda": 2.4661, "acc_x": 2.1463, "acc_y": 1.0981, "acc_z": 1.8126, "temp": 2.0958}}, "1006": {"mean": {"bvp": 0.4875, "eda": 2.3852, "acc_x": 2.3841, "acc_y": 1.5979, "acc_z": 1.9381, "temp": 2.5801}, "min": {"bvp": 0.473, "eda": 2.0881, "acc_x": 2.3094, "acc_y": 1.5723, "acc_z": 1.6922, "temp": 2.4773}}, "1007": {"mean": {"bvp": 0.5323, "eda": 2.8224, "acc_x": 2.0926, "acc_y": 1.3029, "acc_z": 1.9629, "temp": 2.2028}, "min": {"bvp": 0.4297, "eda": 2.4472, "acc_x": 2.0068, "acc_y": 1.2365, "acc_z": 1.7483, "temp": 2.0772}}, "1008": {"mean": {"bvp": 0.4757, "eda": 2.7131, "acc_x": 2.1009, "acc_y": 1.5404, "acc_z": 1.6761, "temp": 2.3858}, "min": {"bvp": 0.4464, "eda": 2.2668, "acc_x": 2.0379, "acc_y": 1.4394, "acc_z": 1.6062, "temp": 2.368}}, "1009": {"mean": {"bvp": 0.6355, "eda": 2.8047, "acc_x": 2.1772, "acc_y": 1.4565, "acc_z": 1.9253, "temp": 2.5722}, "min": {"bvp": 0.5038, "eda": 2.3562, "acc_x": 2.0539, "acc_y": 1.4547, "acc_z": 1.8259, "temp": 2.3555}}, "1010": {"mean": {"bvp": 0.4626, "eda": 2.9614, "acc_x": 2.172, "acc_y": 1.7058, "acc_z": 2.0387, "temp": 2.5012}, "min": {"bvp": 0.4484, "eda": 2.5043, "acc_x": 2.0431, "acc_y": 1.6577, "acc_z": 1.9175, "temp": 2.4336}}, "1011": {"mean": {"bvp": 0.7309, "eda": 2.76, "acc_x": 1.7772, "acc_y": 1.4439, "acc_z": 2.0175, "temp": 2.7446}, "min": {"bvp": 0.6264, "eda": 2.2424, "acc_x": 1.684, "acc_y": 1.34, "acc_z": 1.9772, "temp": 2.678}}, "1012": {"mean": {"bvp": 0.4843, "eda": 2.4527, "acc_x": 1.9361, "acc_y": 1.673, "acc_z": 1.9728, "temp": 2.2218}, "min": {"bvp": 0.4541, "eda": 2.0663, "acc_x": 1.9208, "acc_y": 1.6433, "acc_z": 1.8437, "temp": 2.1896}}, "1013": {"mean": {"bvp": 0.3862, "eda": 2.5554, "acc_x": 1.7677, "acc_y": 1.6568, "acc_z": 2.1133, "temp": 2.5964}, "min": {"bvp": 0.3557, "eda": 2.125, "acc_x": 1.6566, "acc_y": 1.586, "acc_z": 1.8079, "temp": 2.5082}}, "1014": {"mean": {"bvp": 0.4396, "eda": 2.3453, "acc_x": 1.7543, "acc_y": 1.4222, "acc_z": 1.7459, "temp": 2.3673}, "min": {"bvp": 0.3866, "eda": 2.029, "acc_x": 1.5406, "acc_y": 1.3718, "acc_z": 1.7144, "temp": 2.2892}}, "1015": {"mean": {"bvp": 0.3167, "eda": 2.4872, "acc_x": 1.6444, "acc_y": 1.6388, "acc_z": 1.6533, "temp": 2.6071}, "min": {"bvp": 0.3021, "eda": 1.9499, "acc_x": 1.5135, "acc_y": 1.5266, "acc_z": 1.4493, "temp": 2.5164}}}}