{"1001": {"1001": {"mean": {"bvp": 0.3416, "eda": 3.6871, "acc_x": 2.0758, "acc_y": 1.8927, "acc_z": 2.5137, "temp": 2.6342}, "min": {"bvp": 0.3255, "eda": 3.3202, "acc_x": 1.8788, "acc_y": 1.8056, "acc_z": 2.0504, "temp": 2.4174}}, "1002": {"mean": {"bvp": 0.7666, "eda": 3.2908, "acc_x": 2.4014, "acc_y": 1.4926, "acc_z": 2.1879, "temp": 2.2166}, "min": {"bvp": 0.7308, "eda": 2.9758, "acc_x": 2.0382, "acc_y": 1.3983, "acc_z": 1.5313, "temp": 2.0575}}, "1003": {"mean": {"bvp": 0.6402, "eda": 3.0769, "acc_x": 2.1892, "acc_y": 1.656, "acc_z": 2.4298, "temp": 2.085}, "min": {"bvp": 0.6046, "eda": 2.7917, "acc_x": 1.8546, "acc_y": 1.5839, "acc_z": 1.9721, "temp": 1.9224}}, "1004": {"mean": {"bvp": 0.7623, "eda": 3.396, "acc_x": 2.2271, "acc_y": 1.8259, "acc_z": 2.392, "temp": 2.6318}, "min": {"bvp": 0.6531, "eda": 3.0642, "acc_x": 1.9848, "acc_y": 1.6773, "acc_z": 1.7394, "temp": 2.5607}}, "1005": {"mean": {"bvp": 1.4298, "eda": 3.7697, "acc_x": 2.4366, "acc_y": 1.3235, "acc_z": 2.0164, "temp": 2.1976}, "min": {"bvp": 1.2589, "eda": 3.4047, "acc_x": 2.265, "acc_y": 1.171, "acc_z": 1.8671, "temp": 2.1135}}, "1006": {"mean": {"bvp": 0.6715, "eda": 3.0827, "acc_x": 2.5878, "acc_y": 1.5581, "acc_z": 2.6799, "temp": 2.4935}, "min": {"bvp": 0.5525, "eda": 2.714, "acc_x": 2.3714, "acc_y": 1.4999, "acc_z": 2.0492, "temp": 2.2283}}, "1007": {"mean": {"bvp": 0.4556, "eda": 3.4977, "acc_x": 2.3112, "acc_y": 1.2719, "acc_z": 2.024, "temp": 2.2392}, "min": {"bvp": 0.3693, "eda": 3.129, "acc_x": 2.0681, "acc_y": 1.1614, "acc_z": 1.9139, "temp": 2.0123}}, "1008": {"mean": {"bvp": 0.4475, "eda": 3.3848, "acc_x": 2.3649, "acc_y": 1.5397, "acc_z": 2.1239, "temp": 2.2649}, "min": {"bvp": 0.4318, "eda": 3.0333, "acc_x": 2.0589, "acc_y": 1.4716, "acc_z": 1.5741, "temp": 2.0929}}, "1009": {"mean": {"bvp": 0.5446, "eda": 3.4544, "acc_x": 2.3504, "acc_y": 1.5676, "acc_z": 2.238, "temp": 2.5184}, "min": {"bvp": 0.3975, "eda": 3.1037, "acc_x": 2.1516, "acc_y": 1.5164, "acc_z": 1.7179, "temp": 2.5009}}, "1010": {"mean": {"bvp": 0.5495, "eda": 3.7321, "acc_x": 2.2806, "acc_y": 1.6788, "acc_z": 2.2955, "temp": 2.572}, "min": {"bvp": 0.4854, "eda": 3.3343, "acc_x": 2.034, "acc_y": 1.6078, "acc_z": 2.0895, "temp": 2.4692}}, "1011": {"mean": {"bvp": 0.6681, "eda": 3.4822, "acc_x": 2.1094, "acc_y": 1.6089, "acc_z": 2.3811, "temp": 2.772}, "min": {"bvp": 0.593, "eda": 3.1364, "acc_x": 1.872, "acc_y": 1.5417, "acc_z": 2.0083, "temp": 2.7055}}, "1012": {"mean": {"bvp": 0.6663, "eda": 3.0264, "acc_x": 2.4517, "acc_y": 1.6871, "acc_z": 2.2168, "temp": 2.0781}, "min": {"bvp": 0.5432, "eda": 2.7293, "acc_x": 2.0314, "acc_y": 1.6049, "acc_z": 1.8153, "temp": 1.9664}}, "1013": {"mean": {"bvp": 0.3477, "eda": 3.1004, "acc_x": 2.0552, "acc_y": 1.7036, "acc_z": 2.3308, "temp": 2.5128}, "min": {"bvp": 0.3333, "eda": 2.8337, "acc_x": 1.731, "acc_y": 1.6332, "acc_z": 2.1338, "temp": 2.414}}, "1014": {"mean": {"bvp": 0.8146, "eda": 2.9602, "acc_x": 2.0644, "acc_y": 1.4775, "acc_z": 2.121, "temp": 2.4162}, "min": {"bvp": 0.6061, "eda": 2.6317, "acc_x": 1.6377, "acc_y": 1.4176, "acc_z": 1.6913, "temp": 2.1723}}, "1015": {"mean": {"bvp": 0.442, "eda": 3.1794, "acc_x": 2.015, "acc_y": 1.6793, "acc_z": 1.9954, "temp": 2.5293}, "min": {"bvp": 0.3827, "eda": 2.8219, "acc_x": 1.7443, "acc_y": 1.652, "acc_z": 1.5306, "temp": 2.4487}}}, "1002": {"1001": {"mean": {"bvp": 0.3544, "eda": 3.4809, "acc_x": 2.2386, "acc_y": 1.9506, "acc_z": 2.1438, "temp": 2.857}, "min": {"bvp": 0.3315, "eda": 3.2826, "acc_x": 1.674, "acc_y": 1.8958, "acc_z": 2.1001, "temp": 2.2959}}, "1002": {"mean": {"bvp": 0.7471, "eda": 3.1059, "acc_x": 2.3773, "acc_y": 1.6099, "acc_z": 1.7517, "temp": 2.3798}, "min": {"bvp": 0.6816, "eda": 2.9247, "acc_x": 2.0436, "acc_y": 1.4513, "acc_z": 1.711, "temp": 2.0656}}, "1003": {"mean": {"bvp": 0.6816, "eda": 2.9163, "acc_x": 2.1552, "acc_y": 1.7111, "acc_z": 2.1806, "temp": 2.2231}, "min": {"bvp": 0.6517, "eda": 2.7222, "acc_x": 1.859, "acc_y": 1.5831, "acc_z": 2.0907, "temp": 2.0443}}, "1004": {"mean": {"bvp": 0.7693, "eda": 3.2028, "acc_x": 2.121, "acc_y": 1.8418, "acc_z": 1.932, "temp": 2.8151}, "min": {"bvp": 0.6598, "eda": 3.031, "acc_x": 1.7577, "acc_y": 1.6803, "acc_z": 1.9097, "temp": 2.6297}}, "1005": {"mean": {"bvp": 1.2543, "eda": 3.5636, "acc_x": 2.4155, "acc_y": 1.4524, "acc_z": 1.9428, "temp": 2.3694}, "min": {"bvp": 0.9774, "eda": 3.3719, "acc_x": 2.0869, "acc_y": 1.3791, "acc_z": 1.8384, "temp": 2.1119}}, "1006": {"mean": {"bvp": 0.6576, "eda": 2.8587, "acc_x": 2.795, "acc_y": 1.6171, "acc_z": 2.2209, "temp": 2.6815}, "min": {"bvp": 0.5575, "eda": 2.6555, "acc_x": 2.4042, "acc_y": 1.5163, "acc_z": 2.1566, "temp": 2.1423}}, "1007": {"mean": {"bvp": 0.5057, "eda": 3.2851, "acc_x": 2.3772, "acc_y": 1.3208, "acc_z": 1.9435, "temp": 2.4535}, "min": {"bvp": 0.4294, "eda": 3.0948, "acc_x": 1.9763, "acc_y": 1.2633, "acc_z": 1.7383, "temp": 1.9142}}, "1008": {"mean": {"bvp": 0.4754, "eda": 3.187, "acc_x": 2.5526, "acc_y": 1.5762, "acc_z": 1.6741, "temp": 2.5542}, "min": {"bvp": 0.4603, "eda": 3.0029, "acc_x": 2.1918, "acc_y": 1.5526, "acc_z": 1.6647, "temp": 2.1243}}, "1009": {"mean": {"bvp": 0.5334, "eda": 3.2566, "acc_x": 2.4043, "acc_y": 1.6144, "acc_z": 1.919, "temp": 2.6967}, "min": {"bvp": 0.402, "eda": 3.0672, "acc_x": 2.0111, "acc_y": 1.4405, "acc_z": 1.8273, "temp": 2.4505}}, "1010": {"mean": {"bvp": 0.5207, "eda": 3.4976, "acc_x": 2.1987, "acc_y": 1.7391, "acc_z": 2.1049, "temp": 2.7823}, "min": {"bvp": 0.4716, "eda": 3.2961, "acc_x": 1.849, "acc_y": 1.6858, "acc_z": 2.0964, "temp": 2.4945}}, "1011": {"mean": {"bvp": 0.7127, "eda": 3.2916, "acc_x": 2.0979, "acc_y": 1.6541, "acc_z": 2.1217, "temp": 2.9826}, "min": {"bvp": 0.6559, "eda": 3.1066, "acc_x": 1.7775, "acc_y": 1.6278, "acc_z": 1.9922, "temp": 2.6017}}, "1012": {"mean": {"bvp": 0.6637, "eda": 2.8498, "acc_x": 2.4943, "acc_y": 1.7562, "acc_z": 1.9595, "temp": 2.1945}, "min": {"bvp": 0.5611, "eda": 2.6855, "acc_x": 2.1204, "acc_y": 1.592, "acc_z": 1.8856, "temp": 2.0124}}, "1013": {"mean": {"bvp": 0.3824, "eda": 2.9496, "acc_x": 2.0001, "acc_y": 1.7615, "acc_z": 2.1761, "temp": 2.7428}, "min": {"bvp": 0.366, "eda": 2.7463, "acc_x": 1.7081, "acc_y": 1.6808, "acc_z": 2.1617, "temp": 2.3415}}, "1014": {"mean": {"bvp": 0.7419, "eda": 2.772, "acc_x": 2.0525, "acc_y": 1.489, "acc_z": 1.858, "temp": 2.6097}, "min": {"bvp": 0.5123, "eda": 2.6094, "acc_x": 1.601, "acc_y": 1.3947, "acc_z": 1.7769, "temp": 2.1706}}, "1015": {"mean": {"bvp": 0.4227, "eda": 2.983, "acc_x": 2.0725, "acc_y": 1.7009, "acc_z": 1.679, "temp": 2.7052}, "min": {"bvp": 0.3391, "eda": 2.7759, "acc_x": 1.6973, "acc_y": 1.6858, "acc_z": 1.6605, "temp": 2.352}}}, "1003": {"1001": {"mean": {"bvp": 0.383, "eda": 2.5697, "acc_x": 2.297, "acc_y": 1.8504, "acc_z": 2.0709, "temp": 3.2925}, "min": {"bvp": 0.3697, "eda": 1.884, "acc_x": 2.2867, "acc_y": 1.8166, "acc_z": 1.8591, "temp": 2.5227}}, "1002": {"mean": {"bvp": 0.7921, "eda": 2.4973, "acc_x": 2.3451, "acc_y": 1.5116, "acc_z": 1.689, "temp": 2.8845}, "min": {"bvp": 0.6424, "eda": 2.2108, "acc_x": 2.2152, "acc_y": 1.3857, "acc_z": 1.4216, "temp": 2.2604}}, "1003": {"mean": {"bvp": 0.6686, "eda": 2.1858, "acc_x": 2.1718, "acc_y": 1.6871, "acc_z": 2.0766, "temp": 2.8361}, "min": {"bvp": 0.6339, "eda": 1.5667, "acc_x": 2.0497, "acc_y": 1.6718, "acc_z": 1.8567, "temp": 2.2501}}, "1004": {"mean": {"bvp": 0.8336, "eda": 2.4865, "acc_x": 2.211, "acc_y": 1.8357, "acc_z": 1.7489, "temp": 3.3832}, "min": {"bvp": 0.6528, "eda": 1.9994, "acc_x": 2.0616, "acc_y": 1.7546, "acc_z": 1.4636, "temp": 2.7752}}, "1005": {"mean": {"bvp": 0.9403, "eda": 2.4321, "acc_x": 2.5003, "acc_y": 1.2205, "acc_z": 1.9377, "temp": 2.9184}, "min": {"bvp": 0.8386, "eda": 1.34, "acc_x": 2.3654, "acc_y": 1.1447, "acc_z": 1.806, "temp": 2.3307}}, "1006": {"mean": {"bvp": 0.7472, "eda": 2.2475, "acc_x": 2.609, "acc_y": 1.5627, "acc_z": 2.0936, "temp": 3.1348}, "min": {"bvp": 0.503, "eda": 2.0348, "acc_x": 2.398, "acc_y": 1.5069, "acc_z": 1.8394, "temp": 2.315}}, "1007": {"mean": {"bvp": 0.4425, "eda": 2.5329, "acc_x": 2.3518, "acc_y": 1.3227, "acc_z": 1.9809, "temp": 3.015}, "min": {"bvp": 0.381, "eda": 2.111, "acc_x": 2.3092, "acc_y": 1.2167, "acc_z": 1.8773, "temp": 2.3333}}, "1008": {"mean": {"bvp": 0.505, "eda": 2.3812, "acc_x": 2.4886, "acc_y": 1.491, "acc_z": 1.6078, "temp": 3.0865}, "min": {"bvp": 0.4635, "eda": 1.7997, "acc_x": 2.4283, "acc_y": 1.4773, "acc_z": 1.3769, "temp": 2.3532}}, "1009": {"mean": {"bvp": 0.3854, "eda": 2.4369, "acc_x": 2.3999, "acc_y": 1.6154, "acc_z": 1.8446, "temp": 3.2476}, "min": {"bvp": 0.3635, "eda": 1.8777, "acc_x": 2.3918, "acc_y": 1.5741, "acc_z": 1.6427, "temp": 2.5175}}, "1010": {"mean": {"bvp": 0.5862, "eda": 2.4905, "acc_x": 2.2959, "acc_y": 1.7723, "acc_z": 2.104, "temp": 3.3504}, "min": {"bvp": 0.456, "eda": 1.8168, "acc_x": 2.1334, "acc_y": 1.654, "acc_z": 2.0111, "temp": 2.866}}, "1011": {"mean": {"bvp": 0.6163, "eda": 2.413, "acc_x": 2.1506, "acc_y": 1.5454, "acc_z": 2.0697, "temp": 3.5022}, "min": {"bvp": 0.5673, "eda": 1.6139, "acc_x": 2.0365, "acc_y": 1.4752, "acc_z": 1.887, "temp": 2.5947}}, "1012": {"mean": {"bvp": 0.758, "eda": 2.2337, "acc_x": 2.4673, "acc_y": 1.6549, "acc_z": 1.9497, "temp": 2.7564}, "min": {"bvp": 0.5247, "eda": 1.9749, "acc_x": 2.3007, "acc_y": 1.586, "acc_z": 1.7951, "temp": 2.1619}}, "1013": {"mean": {"bvp": 0.428, "eda": 2.3107, "acc_x": 1.9542, "acc_y": 1.7028, "acc_z": 2.1654, "temp": 3.3743}, "min": {"bvp": 0.3788, "eda": 1.8991, "acc_x": 1.7312, "acc_y": 1.6451, "acc_z": 2.0127, "temp": 2.4402}}, "1014": {"mean": {"bvp": 0.8689, "eda": 2.2295, "acc_x": 2.0441, "acc_y": 1.4299, "acc_z": 1.7537, "temp": 3.0965}, "min": {"bvp": 0.4048, "eda": 1.9563, "acc_x": 2.0212, "acc_y": 1.3689, "acc_z": 1.5785, "temp": 2.5243}}, "1015": {"mean": {"bvp": 0.5118, "eda": 2.1463, "acc_x": 2.0159, "acc_y": 1.6166, "acc_z": 1.6408, "temp": 3.2575}, "min": {"bvp": 0.3606, "eda": 1.471, "acc_x": 1.9421, "acc_y": 1.5848, "acc_z": 1.4691, "temp": 2.5266}}}, "1004": {"1001": {"mean": {"bvp": 0.5273, "eda": 2.764, "acc_x": 2.4736, "acc_y": 1.8276, "acc_z": 2.1304, "temp": 3.2356}, "min": {"bvp": 0.4361, "eda": 2.2827, "acc_x": 2.0596, "acc_y": 1.8112, "acc_z": 2.0304, "temp": 2.6676}}, "1002": {"mean": {"bvp": 0.6626, "eda": 2.5715, "acc_x": 2.4744, "acc_y": 1.4876, "acc_z": 1.6188, "temp": 2.4995}, "min": {"bvp": 0.638, "eda": 2.1681, "acc_x": 2.3462, "acc_y": 1.4462, "acc_z": 1.535, "temp": 2.0965}}, "1003": {"mean": {"bvp": 0.9572, "eda": 2.3744, "acc_x": 2.3477, "acc_y": 1.5569, "acc_z": 2.1183, "temp": 2.3753}, "min": {"bvp": 0.8696, "eda": 1.9443, "acc_x": 2.2565, "acc_y": 1.497, "acc_z": 1.9524, "temp": 2.0292}}, "1004": {"mean": {"bvp": 0.5955, "eda": 2.5966, "acc_x": 2.3724, "acc_y": 1.6996, "acc_z": 1.7458, "temp": 3.0178}, "min": {"bvp": 0.5697, "eda": 2.1594, "acc_x": 2.2469, "acc_y": 1.6475, "acc_z": 1.6726, "temp": 2.7405}}, "1005": {"mean": {"bvp": 1.9967, "eda": 2.7761, "acc_x": 2.5614, "acc_y": 1.3196, "acc_z": 2.1139, "temp": 2.6836}, "min": {"bvp": 1.8923, "eda": 2.1953, "acc_x": 2.4611, "acc_y": 1.2407, "acc_z": 1.9073, "temp": 2.3671}}, "1006": {"mean": {"bvp": 0.4562, "eda": 2.2271, "acc_x": 2.855, "acc_y": 1.5351, "acc_z": 2.0009, "temp": 2.8675}, "min": {"bvp": 0.4427, "eda": 1.8767, "acc_x": 2.6716, "acc_y": 1.5335, "acc_z": 1.8686, "temp": 2.2882}}, "1007": {"mean": {"bvp": 0.9502, "eda": 2.6166, "acc_x": 2.5848, "acc_y": 1.2976, "acc_z": 2.1365, "temp": 2.6857}, "min": {"bvp": 0.8444, "eda": 2.1923, "acc_x": 2.2889, "acc_y": 1.2898, "acc_z": 1.9303, "temp": 2.0661}}, "1008": {"mean": {"bvp": 0.7204, "eda": 2.5429, "acc_x": 2.686, "acc_y": 1.5363, "acc_z": 1.6677, "temp": 2.7751}, "min": {"bvp": 0.6227, "eda": 2.0693, "acc_x": 2.3525, "acc_y": 1.5233, "acc_z": 1.5556, "temp": 2.126}}, "1009": {"mean": {"bvp": 1.1115, "eda": 2.5976, "acc_x": 2.6675, "acc_y": 1.3767, "acc_z": 1.852, "temp": 3.0579}, "min": {"bvp": 0.9987, "eda": 2.1365, "acc_x": 2.4037, "acc_y": 1.3622, "acc_z": 1.7231, "temp": 2.6964}}, "1010": {"mean": {"bvp": 0.465, "eda": 2.6873, "acc_x": 2.452, "acc_y": 1.6788, "acc_z": 2.222, "temp": 2.9788}, "min": {"bvp": 0.4352, "eda": 2.1702, "acc_x": 2.3407, "acc_y": 1.6401, "acc_z": 2.0677, "temp": 2.6112}}, "1011": {"mean": {"bvp": 1.1093, "eda": 2.591, "acc_x": 2.2912, "acc_y": 1.5256, "acc_z": 2.1905, "temp": 3.3141}, "min": {"bvp": 1.0076, "eda": 2.0952, "acc_x": 2.1151, "acc_y": 1.4994, "acc_z": 2.1257, "temp": 2.8581}}, "1012": {"mean": {"bvp": 0.4756, "eda": 2.3064, "acc_x": 2.546, "acc_y": 1.6169, "acc_z": 1.988, "temp": 2.46}, "min": {"bvp": 0.4625, "eda": 1.9125, "acc_x": 2.4044, "acc_y": 1.6093, "acc_z": 1.8524, "temp": 2.2648}}, "1013": {"mean": {"bvp": 0.6803, "eda": 2.4412, "acc_x": 2.1835, "acc_y": 1.6479, "acc_z": 2.2653, "temp": 2.9811}, "min": {"bvp": 0.583, "eda": 2.0286, "acc_x": 2.1022, "acc_y": 1.6457, "acc_z": 2.0485, "temp": 2.4379}}, "1014": {"mean": {"bvp": 0.4317, "eda": 2.2775, "acc_x": 2.2436, "acc_y": 1.3441, "acc_z": 1.8399, "temp": 2.9128}, "min": {"bvp": 0.3874, "eda": 1.9689, "acc_x": 2.024, "acc_y": 1.305, "acc_z": 1.8023, "temp": 2.5228}}, "1015": {"mean": {"bvp": 0.3735, "eda": 2.3166, "acc_x": 2.2969, "acc_y": 1.6763, "acc_z": 1.7043, "temp": 3.0211}, "min": {"bvp": 0.3569, "eda": 1.8047, "acc_x": 2.0404, "acc_y": 1.6405, "acc_z": 1.6086, "temp": 2.5757}}}, "1005": {"1001": {"mean": {"bvp": 1.3186, "eda": 3.0129, "acc_x": 2.4004, "acc_y": 2.1579, "acc_z": 2.1171, "temp": 3.3492}, "min": {"bvp": 0.4375, "eda": 2.3355, "acc_x": 2.064, "acc_y": 1.9971, "acc_z": 2.0875, "temp": 2.917}}, "1002": {"mean": {"bvp": 1.7401, "eda": 2.7515, "acc_x": 2.6164, "acc_y": 1.6337, "acc_z": 1.5756, "temp": 3.0142}, "min": {"bvp": 0.7275, "eda": 2.272, "acc_x": 2.3823, "acc_y": 1.5552, "acc_z": 1.4356, "temp": 2.574}}, "1003": {"mean": {"bvp": 1.2547, "eda": 2.4818, "acc_x": 2.352, "acc_y": 1.8427, "acc_z": 1.9511, "temp": 2.9245}, "min": {"bvp": 0.6753, "eda": 1.8523, "acc_x": 2.0772, "acc_y": 1.7558, "acc_z": 1.9159, "temp": 2.674}}, "1004": {"mean": {"bvp": 1.9269, "eda": 2.817, "acc_x": 2.2398, "acc_y": 1.9004, "acc_z": 1.7711, "temp": 3.2875}, "min": {"bvp": 0.8237, "eda": 2.2707, "acc_x": 1.9733, "acc_y": 1.8174, "acc_z": 1.6842, "temp": 2.9918}}, "1005": {"mean": {"bvp": 0.8889, "eda": 3.0434, "acc_x": 2.4779, "acc_y": 1.6139, "acc_z": 1.8569, "temp": 3.0176}, "min": {"bvp": 0.7577, "eda": 2.2578, "acc_x": 2.2897, "acc_y": 1.4211, "acc_z": 1.7996, "temp": 2.7076}}, "1006": {"mean": {"bvp": 1.8787, "eda": 2.4839, "acc_x": 3.0296, "acc_y": 1.6373, "acc_z": 2.086, "temp": 3.3015}, "min": {"bvp": 0.7493, "eda": 1.9885, "acc_x": 2.6994, "acc_y": 1.5071, "acc_z": 1.9836, "temp": 2.8216}}, "1007": {"mean": {"bvp": 1.0126, "eda": 2.8816, "acc_x": 2.561, "acc_y": 1.4032, "acc_z": 1.8508, "temp": 3.0225}, "min": {"bvp": 0.4467, "eda": 2.3286, "acc_x": 2.3192, "acc_y": 1.2805, "acc_z": 1.7569, "temp": 2.3637}}, "1008": {"mean": {"bvp": 1.2606, "eda": 2.789, "acc_x": 2.6965, "acc_y": 1.7301, "acc_z": 1.59, "temp": 3.1593}, "min": {"bvp": 0.5506, "eda": 2.2404, "acc_x": 2.3861, "acc_y": 1.5276, "acc_z": 1.5525, "temp": 2.7962}}, "1009": {"mean": {"bvp": 0.9085, "eda": 2.8375, "acc_x": 2.5523, "acc_y": 1.8508, "acc_z": 1.8149, "temp": 3.2841}, "min": {"bvp": 0.4889, "eda": 2.2311, "acc_x": 2.2925, "acc_y": 1.69, "acc_z": 1.6776, "temp": 2.7951}}, "1010": {"mean": {"bvp": 1.6567, "eda": 3.0088, "acc_x": 2.304, "acc_y": 1.7947, "acc_z": 2.0362, "temp": 3.2234}, "min": {"bvp": 0.6408, "eda": 2.2983, "acc_x": 2.0244, "acc_y": 1.6144, "acc_z": 2.0021, "temp": 2.7586}}, "1011": {"mean": {"bvp": 1.0763, "eda": 2.7751, "acc_x": 2.2195, "acc_y": 1.8592, "acc_z": 1.9216, "temp": 3.4658}, "min": {"bvp": 0.6095, "eda": 2.008, "acc_x": 1.968, "acc_y": 1.6623, "acc_z": 1.8635, "temp": 2.9627}}, "1012": {"mean": {"bvp": 1.8879, "eda": 2.5109, "acc_x": 2.7516, "acc_y": 1.8081, "acc_z": 1.8412, "temp": 2.9078}, "min": {"bvp": 0.7634, "eda": 2.0352, "acc_x": 2.5025, "acc_y": 1.757, "acc_z": 1.7619, "temp": 2.6347}}, "1013": {"mean": {"bvp": 1.1985, "eda": 2.5399, "acc_x": 2.1841, "acc_y": 1.925, "acc_z": 2.1385, "temp": 3.4194}, "min": {"bvp": 0.4636, "eda": 1.9668, "acc_x": 1.8964, "acc_y": 1.7765, "acc_z": 2.0065, "temp": 2.7727}}, "1014": {"mean": {"bvp": 2.0316, "eda": 2.4593, "acc_x": 2.2756, "acc_y": 1.6416, "acc_z": 1.7406, "temp": 3.1493}, "min": {"bvp": 0.5859, "eda": 2.0676, "acc_x": 1.9321, "acc_y": 1.505, "acc_z": 1.7262, "temp": 2.6534}}, "1015": {"mean": {"bvp": 1.6248, "eda": 2.4985, "acc_x": 2.3071, "acc_y": 1.849, "acc_z": 1.6639, "temp": 3.3607}, "min": {"bvp": 0.551, "eda": 1.8119, "acc_x": 2.0329, "acc_y": 1.6614, "acc_z": 1.5382, "temp": 2.9403}}}, "1006": {"1001": {"mean": {"bvp": 0.4557, "eda": 2.9812, "acc_x": 2.0434, "acc_y": 1.9216, "acc_z": 2.033, "temp": 3.4514}, "min": {"bvp": 0.3607, "eda": 2.8092, "acc_x": 1.8907, "acc_y": 1.8616, "acc_z": 1.9798, "temp": 2.6356}}, "1002": {"mean": {"bvp": 0.7041, "eda": 2.7079, "acc_x": 2.0466, "acc_y": 1.5714, "acc_z": 1.6414, "temp": 2.6862}, "min": {"bvp": 0.6692, "eda": 2.595, "acc_x": 1.95, "acc_y": 1.5157, "acc_z": 1.4789, "temp": 2.0972}}, "1003": {"mean": {"bvp": 0.8302, "eda": 2.5692, "acc_x": 2.0296, "acc_y": 1.7309, "acc_z": 2.1573, "temp": 2.5761}, "min": {"bvp": 0.7053, "eda": 2.4031, "acc_x": 1.8327, "acc_y": 1.696, "acc_z": 1.9913, "temp": 2.0468}}, "1004": {"mean": {"bvp": 0.6233, "eda": 2.7754, "acc_x": 2.0839, "acc_y": 1.8768, "acc_z": 1.7205, "temp": 3.1759}, "min": {"bvp": 0.6038, "eda": 2.6505, "acc_x": 1.877, "acc_y": 1.8013, "acc_z": 1.6283, "temp": 2.6376}}, "1005": {"mean": {"bvp": 1.6195, "eda": 3.045, "acc_x": 2.3037, "acc_y": 1.3259, "acc_z": 2.0975, "temp": 2.8712}, "min": {"bvp": 1.1138, "eda": 2.8558, "acc_x": 2.0957, "acc_y": 1.2915, "acc_z": 1.977, "temp": 2.246}}, "1006": {"mean": {"bvp": 0.4973, "eda": 2.3971, "acc_x": 2.4713, "acc_y": 1.616, "acc_z": 1.9381, "temp": 3.1106}, "min": {"bvp": 0.4672, "eda": 2.2379, "acc_x": 2.3192, "acc_y": 1.5431, "acc_z": 1.7933, "temp": 2.3633}}, "1007": {"mean": {"bvp": 0.7225, "eda": 2.8084, "acc_x": 2.2149, "acc_y": 1.4207, "acc_z": 2.095, "temp": 2.8694}, "min": {"bvp": 0.5084, "eda": 2.6217, "acc_x": 2.1056, "acc_y": 1.2625, "acc_z": 1.9037, "temp": 2.0233}}, "1008": {"mean": {"bvp": 0.6073, "eda": 2.7312, "acc_x": 2.2791, "acc_y": 1.5881, "acc_z": 1.6327, "temp": 3.005}, "min": {"bvp": 0.486, "eda": 2.5955, "acc_x": 2.0559, "acc_y": 1.3754, "acc_z": 1.5288, "temp": 2.1296}}, "1009": {"mean": {"bvp": 0.7868, "eda": 2.8002, "acc_x": 2.294, "acc_y": 1.6049, "acc_z": 1.8383, "temp": 3.3017}, "min": {"bvp": 0.3969, "eda": 2.6486, "acc_x": 2.1988, "acc_y": 1.5127, "acc_z": 1.7433, "temp": 2.7293}}, "1010": {"mean": {"bvp": 0.4862, "eda": 2.9417, "acc_x": 2.1567, "acc_y": 1.8412, "acc_z": 2.2055, "temp": 3.1326}, "min": {"bvp": 0.4711, "eda": 2.6777, "acc_x": 2.0717, "acc_y": 1.7837, "acc_z": 2.1475, "temp": 2.5063}}, "1011": {"mean": {"bvp": 0.888, "eda": 2.8295, "acc_x": 2.0296, "acc_y": 1.6253, "acc_z": 2.1022, "temp": 3.5587}, "min": {"bvp": 0.649, "eda": 2.7002, "acc_x": 1.8643, "acc_y": 1.5535, "acc_z": 1.9637, "temp": 2.8427}}, "1012": {"mean": {"bvp": 0.5078, "eda": 2.4864, "acc_x": 2.0847, "acc_y": 1.7224, "acc_z": 1.9699, "temp": 2.6318}, "min": {"bvp": 0.483, "eda": 2.342, "acc_x": 1.9188, "acc_y": 1.6759, "acc_z": 1.8753, "temp": 2.1489}}, "1013": {"mean": {"bvp": 0.5291, "eda": 2.6388, "acc_x": 1.8548, "acc_y": 1.7443, "acc_z": 2.2349, "temp": 3.2868}, "min": {"bvp": 0.3816, "eda": 2.4773, "acc_x": 1.5976, "acc_y": 1.7162, "acc_z": 2.1465, "temp": 2.4764}}, "1014": {"mean": {"bvp": 0.47, "eda": 2.4026, "acc_x": 1.9152, "acc_y": 1.5157, "acc_z": 1.7637, "temp": 3.0726}, "min": {"bvp": 0.4081, "eda": 2.2898, "acc_x": 1.7124, "acc_y": 1.4203, "acc_z": 1.6864, "temp": 2.3706}}, "1015": {"mean": {"bvp": 0.3706, "eda": 2.522, "acc_x": 1.8849, "acc_y": 1.7208, "acc_z": 1.5465, "temp": 3.294}, "min": {"bvp": 0.3558, "eda": 2.3788, "acc_x": 1.7326, "acc_y": 1.5389, "acc_z": 1.3653, "temp": 2.5989}}}, "1007": {"1001": {"mean": {"bvp": 0.327, "eda": 3.3288, "acc_x": 2.3083, "acc_y": 2.0499, "acc_z": 2.6552, "temp": 3.8978}, "min": {"bvp": 0.313, "eda": 2.9856, "acc_x": 1.9469, "acc_y": 1.8242, "acc_z": 2.3231, "temp": 3.5747}}, "1002": {"mean": {"bvp": 0.7622, "eda": 3.001, "acc_x": 2.4553, "acc_y": 1.5339, "acc_z": 2.3326, "temp": 2.9806}, "min": {"bvp": 0.6885, "eda": 2.7429, "acc_x": 2.2726, "acc_y": 1.4877, "acc_z": 1.7291, "temp": 2.7249}}, "1003": {"mean": {"bvp": 0.5983, "eda": 2.8209, "acc_x": 2.2266, "acc_y": 1.734, "acc_z": 2.5492, "temp": 2.9146}, "min": {"bvp": 0.5839, "eda": 2.5657, "acc_x": 2.1817, "acc_y": 1.6173, "acc_z": 2.1012, "temp": 2.6231}}, "1004": {"mean": {"bvp": 0.7486, "eda": 3.0734, "acc_x": 2.1873, "acc_y": 1.7659, "acc_z": 2.5471, "temp": 3.6663}, "min": {"bvp": 0.6298, "eda": 2.7493, "acc_x": 2.1351, "acc_y": 1.7091, "acc_z": 1.9868, "temp": 3.3648}}, "1005": {"mean": {"bvp": 1.1241, "eda": 3.401, "acc_x": 2.4613, "acc_y": 1.4941, "acc_z": 2.1521, "temp": 3.2259}, "min": {"bvp": 1.0313, "eda": 3.0364, "acc_x": 2.364, "acc_y": 1.242, "acc_z": 1.9559, "temp": 2.8972}}, "1006": {"mean": {"bvp": 0.6649, "eda": 2.7149, "acc_x": 2.7567, "acc_y": 1.6012, "acc_z": 2.8174, "temp": 3.4502}, "min": {"bvp": 0.5427, "eda": 2.3273, "acc_x": 2.4712, "acc_y": 1.563, "acc_z": 2.2852, "temp": 3.1538}}, "1007": {"mean": {"bvp": 0.3711, "eda": 3.1411, "acc_x": 2.4559, "acc_y": 1.3393, "acc_z": 2.0894, "temp": 3.2888}, "min": {"bvp": 0.3343, "eda": 2.7785, "acc_x": 2.2593, "acc_y": 1.3319, "acc_z": 1.9534, "temp": 2.9939}}, "1008": {"mean": {"bvp": 0.4339, "eda": 3.0526, "acc_x": 2.5663, "acc_y": 1.6753, "acc_z": 2.2484, "temp": 3.4399}, "min": {"bvp": 0.4237, "eda": 2.7289, "acc_x": 2.3426, "acc_y": 1.5418, "acc_z": 1.7327, "temp": 3.1141}}, "1009": {"mean": {"bvp": 0.3538, "eda": 3.124, "acc_x": 2.4859, "acc_y": 1.6876, "acc_z": 2.42, "temp": 3.7178}, "min": {"bvp": 0.3042, "eda": 2.8125, "acc_x": 2.2965, "acc_y": 1.3769, "acc_z": 2.0923, "temp": 3.3593}}, "1010": {"mean": {"bvp": 0.5257, "eda": 3.3187, "acc_x": 2.3076, "acc_y": 1.718, "acc_z": 2.3926, "temp": 3.5896}, "min": {"bvp": 0.4765, "eda": 2.8868, "acc_x": 2.1626, "acc_y": 1.6457, "acc_z": 2.2152, "temp": 3.3109}}, "1011": {"mean": {"bvp": 0.5759, "eda": 3.1447, "acc_x": 2.2002, "acc_y": 1.7603, "acc_z": 2.4646, "temp": 4.1307}, "min": {"bvp": 0.554, "eda": 2.822, "acc_x": 1.985, "acc_y": 1.5337, "acc_z": 2.0338, "temp": 3.7872}}, "1012": {"mean": {"bvp": 0.6724, "eda": 2.757, "acc_x": 2.5932, "acc_y": 1.6899, "acc_z": 2.345, "temp": 2.852}, "min": {"bvp": 0.5443, "eda": 2.508, "acc_x": 2.3365, "acc_y": 1.6561, "acc_z": 2.0046, "temp": 2.5487}}, "1013": {"mean": {"bvp": 0.3472, "eda": 2.8728, "acc_x": 2.0568, "acc_y": 1.8232, "acc_z": 2.4201, "temp": 4.1562}, "min": {"bvp": 0.3319, "eda": 2.6098, "acc_x": 2.0121, "acc_y": 1.6419, "acc_z": 2.2985, "temp": 3.7677}}, "1014": {"mean": {"bvp": 0.791, "eda": 2.6645, "acc_x": 2.0627, "acc_y": 1.5552, "acc_z": 2.2689, "temp": 3.4387}, "min": {"bvp": 0.5195, "eda": 2.376, "acc_x": 1.8133, "acc_y": 1.4165, "acc_z": 1.9086, "temp": 3.1444}}, "1015": {"mean": {"bvp": 0.4521, "eda": 2.8461, "acc_x": 2.167, "acc_y": 1.7824, "acc_z": 2.182, "temp": 3.8319}, "min": {"bvp": 0.4057, "eda": 2.5578, "acc_x": 1.9402, "acc_y": 1.6143, "acc_z": 2.0076, "temp": 3.4745}}}, "1008": {"1001": {"mean": {"bvp": 0.3653, "eda": 3.0657, "acc_x": 2.1864, "acc_y": 1.9425, "acc_z": 2.4824, "temp": 3.5699}, "min": {"bvp": 0.3518, "eda": 1.9745, "acc_x": 1.885, "acc_y": 1.8321, "acc_z": 1.9857, "temp": 2.9455}}, "1002": {"mean": {"bvp": 0.7796, "eda": 2.8365, "acc_x": 2.0702, "acc_y": 1.5721, "acc_z": 2.1872, "temp": 2.901}, "min": {"bvp": 0.6673, "eda": 2.0334, "acc_x": 1.9763, "acc_y": 1.4722, "acc_z": 1.5599, "temp": 2.4959}}, "1003": {"mean": {"bvp": 0.6372, "eda": 2.5583, "acc_x": 1.9984, "acc_y": 1.7138, "acc_z": 2.4825, "temp": 2.7295}, "min": {"bvp": 0.6017, "eda": 1.5983, "acc_x": 1.901, "acc_y": 1.6528, "acc_z": 1.9703, "temp": 2.2124}}, "1004": {"mean": {"bvp": 0.8081, "eda": 2.8862, "acc_x": 2.1014, "acc_y": 1.8142, "acc_z": 2.3195, "temp": 3.3196}, "min": {"bvp": 0.6497, "eda": 1.9269, "acc_x": 1.9581, "acc_y": 1.7875, "acc_z": 1.7645, "temp": 2.6032}}, "1005": {"mean": {"bvp": 1.1576, "eda": 3.0173, "acc_x": 2.3657, "acc_y": 1.3593, "acc_z": 2.0751, "temp": 2.9514}, "min": {"bvp": 1.0639, "eda": 1.7297, "acc_x": 2.1953, "acc_y": 1.1804, "acc_z": 1.6965, "temp": 2.3904}}, "1006": {"mean": {"bvp": 0.7197, "eda": 2.6643, "acc_x": 2.5456, "acc_y": 1.6266, "acc_z": 2.611, "temp": 3.32}, "min": {"bvp": 0.5423, "eda": 1.8683, "acc_x": 2.3863, "acc_y": 1.5634, "acc_z": 2.0289, "temp": 2.8493}}, "1007": {"mean": {"bvp": 0.3808, "eda": 2.9706, "acc_x": 2.1904, "acc_y": 1.471, "acc_z": 2.0639, "temp": 3.119}, "min": {"bvp": 0.3445, "eda": 2.0232, "acc_x": 2.0358, "acc_y": 1.2698, "acc_z": 1.7371, "temp": 2.6315}}, "1008": {"mean": {"bvp": 0.4682, "eda": 2.8289, "acc_x": 2.305, "acc_y": 1.6716, "acc_z": 2.1663, "temp": 3.1975}, "min": {"bvp": 0.457, "eda": 1.7818, "acc_x": 2.1408, "acc_y": 1.494, "acc_z": 1.5609, "temp": 2.6345}}, "1009": {"mean": {"bvp": 0.3735, "eda": 2.9019, "acc_x": 2.2477, "acc_y": 1.5666, "acc_z": 2.2731, "temp": 3.2911}, "min": {"bvp": 0.3452, "eda": 1.8851, "acc_x": 2.0047, "acc_y": 1.5031, "acc_z": 1.7514, "temp": 2.5679}}, "1010": {"mean": {"bvp": 0.5767, "eda": 2.9447, "acc_x": 2.1403, "acc_y": 1.8541, "acc_z": 2.3489, "temp": 3.3192}, "min": {"bvp": 0.4945, "eda": 1.8815, "acc_x": 1.9527, "acc_y": 1.7515, "acc_z": 1.9707, "temp": 2.7079}}, "1011": {"mean": {"bvp": 0.5874, "eda": 2.8826, "acc_x": 1.9471, "acc_y": 1.5945, "acc_z": 2.3471, "temp": 3.6565}, "min": {"bvp": 0.5562, "eda": 1.697, "acc_x": 1.7836, "acc_y": 1.4559, "acc_z": 1.8757, "temp": 2.8509}}, "1012": {"mean": {"bvp": 0.7166, "eda": 2.5568, "acc_x": 2.164, "acc_y": 1.7144, "acc_z": 2.3019, "temp": 2.7084}, "min": {"bvp": 0.5277, "eda": 1.7965, "acc_x": 2.0844, "acc_y": 1.6671, "acc_z": 1.8026, "temp": 2.2056}}, "1013": {"mean": {"bvp": 0.357, "eda": 2.5696, "acc_x": 1.8, "acc_y": 1.7324, "acc_z": 2.3788, "temp": 3.5384}, "min": {"bvp": 0.3446, "eda": 1.7054, "acc_x": 1.7319, "acc_y": 1.6571, "acc_z": 2.0242, "temp": 2.5598}}, "1014": {"mean": {"bvp": 0.8289, "eda": 2.6109, "acc_x": 1.9784, "acc_y": 1.491, "acc_z": 2.1233, "temp": 3.2353}, "min": {"bvp": 0.4419, "eda": 1.9296, "acc_x": 1.8026, "acc_y": 1.4258, "acc_z": 1.7064, "temp": 2.7359}}, "1015": {"mean": {"bvp": 0.4831, "eda": 2.5838, "acc_x": 1.8038, "acc_y": 1.8063, "acc_z": 2.0469, "temp": 3.3864}, "min": {"bvp": 0.3914, "eda": 1.4563, "acc_x": 1.6332, "acc_y": 1.6352, "acc_z": 1.5949, "temp": 2.6402}}}, "1009": {"1001": {"mean": {"bvp": 0.4703, "eda": 3.3398, "acc_x": 2.0177, "acc_y": 1.8507, "acc_z": 2.5436, "temp": 3.7931}, "min": {"bvp": 0.3708, "eda": 3.0619, "acc_x": 1.8545, "acc_y": 1.7719, "acc_z": 2.0696, "temp": 3.3128}}, "1002": {"mean": {"bvp": 1.0141, "eda": 2.9743, "acc_x": 2.1414, "acc_y": 1.5812, "acc_z": 2.2391, "temp": 2.8994}, "min": {"bvp": 0.8979, "eda": 2.7528, "acc_x": 2.0963, "acc_y": 1.5252, "acc_z": 1.8172, "temp": 2.5326}}, "1003": {"mean": {"bvp": 0.6255, "eda": 2.7901, "acc_x": 1.9764, "acc_y": 1.73, "acc_z": 2.6347, "temp": 2.8634}, "min": {"bvp": 0.6033, "eda": 2.5393, "acc_x": 1.8334, "acc_y": 1.6517, "acc_z": 2.4288, "temp": 2.4778}}, "1004": {"mean": {"bvp": 1.1541, "eda": 3.0799, "acc_x": 2.0772, "acc_y": 1.9901, "acc_z": 2.2193, "temp": 3.5866}, "min": {"bvp": 1.0135, "eda": 2.8498, "acc_x": 2.0167, "acc_y": 1.8197, "acc_z": 1.8513, "temp": 3.1897}}, "1005": {"mean": {"bvp": 1.0128, "eda": 3.4188, "acc_x": 2.345, "acc_y": 1.3146, "acc_z": 2.6763, "temp": 3.1551}, "min": {"bvp": 0.9253, "eda": 3.1411, "acc_x": 2.2603, "acc_y": 1.2376, "acc_z": 2.2176, "temp": 2.6941}}, "1006": {"mean": {"bvp": 1.094, "eda": 2.7211, "acc_x": 2.4739, "acc_y": 1.6516, "acc_z": 2.453, "temp": 3.3529}, "min": {"bvp": 0.9414, "eda": 2.4876, "acc_x": 2.3101, "acc_y": 1.5777, "acc_z": 2.0196, "temp": 2.908}}, "1007": {"mean": {"bvp": 0.3495, "eda": 3.1526, "acc_x": 2.1755, "acc_y": 1.4326, "acc_z": 2.689, "temp": 3.2218}, "min": {"bvp": 0.3284, "eda": 2.9043, "acc_x": 2.1326, "acc_y": 1.3556, "acc_z": 2.1769, "temp": 2.8082}}, "1008": {"mean": {"bvp": 0.4872, "eda": 3.0509, "acc_x": 2.2423, "acc_y": 1.6305, "acc_z": 2.2171, "temp": 3.3657}, "min": {"bvp": 0.4417, "eda": 2.7991, "acc_x": 2.1443, "acc_y": 1.5508, "acc_z": 1.7926, "temp": 2.8963}}, "1009": {"mean": {"bvp": 0.3608, "eda": 3.123, "acc_x": 2.2333, "acc_y": 1.4963, "acc_z": 2.4044, "temp": 3.6362}, "min": {"bvp": 0.3307, "eda": 2.868, "acc_x": 2.1409, "acc_y": 1.4909, "acc_z": 2.0984, "temp": 3.145}}, "1010": {"mean": {"bvp": 0.843, "eda": 3.3542, "acc_x": 2.162, "acc_y": 1.8379, "acc_z": 2.7132, "temp": 3.5171}, "min": {"bvp": 0.7057, "eda": 3.0743, "acc_x": 2.0429, "acc_y": 1.784, "acc_z": 2.2061, "temp": 3.1385}}, "1011": {"mean": {"bvp": 0.5621, "eda": 3.1483, "acc_x": 1.95, "acc_y": 1.5374, "acc_z": 2.6478, "temp": 4.0419}, "min": {"bvp": 0.558, "eda": 2.8805, "acc_x": 1.8776, "acc_y": 1.4714, "acc_z": 2.254, "temp": 3.5525}}, "1012": {"mean": {"bvp": 1.0928, "eda": 2.7309, "acc_x": 2.2091, "acc_y": 1.7691, "acc_z": 2.5616, "temp": 2.783}, "min": {"bvp": 0.9411, "eda": 2.5166, "acc_x": 2.1171, "acc_y": 1.6645, "acc_z": 2.1692, "temp": 2.3602}}, "1013": {"mean": {"bvp": 0.3827, "eda": 2.8244, "acc_x": 1.8345, "acc_y": 1.6974, "acc_z": 2.7415, "temp": 4.0694}, "min": {"bvp": 0.339, "eda": 2.5951, "acc_x": 1.6939, "acc_y": 1.653, "acc_z": 2.2222, "temp": 3.5053}}, "1014": {"mean": {"bvp": 1.3527, "eda": 2.6448, "acc_x": 1.9983, "acc_y": 1.4736, "acc_z": 2.3356, "temp": 3.3399}, "min": {"bvp": 1.187, "eda": 2.4299, "acc_x": 1.9224, "acc_y": 1.425, "acc_z": 1.9259, "temp": 2.9064}}, "1015": {"mean": {"bvp": 0.7925, "eda": 2.8392, "acc_x": 1.7835, "acc_y": 1.7459, "acc_z": 2.2494, "temp": 3.751}, "min": {"bvp": 0.6413, "eda": 2.5584, "acc_x": 1.7422, "acc_y": 1.6832, "acc_z": 1.6524, "temp": 3.24}}}, "1010": {"1001": {"mean": {"bvp": 0.3493, "eda": 3.3093, "acc_x": 2.0836, "acc_y": 1.8286, "acc_z": 2.4545, "temp": 2.7992}, "min": {"bvp": 0.3353, "eda": 3.0763, "acc_x": 1.8919, "acc_y": 1.7042, "acc_z": 2.0443, "temp": 2.3554}}, "1002": {"mean": {"bvp": 0.7156, "eda": 2.9698, "acc_x": 2.3293, "acc_y": 1.4589, "acc_z": 2.1451, "temp": 2.3133}, "min": {"bvp": 0.6554, "eda": 2.8049, "acc_x": 2.1449, "acc_y": 1.436, "acc_z": 1.6721, "temp": 2.0655}}, "1003": {"mean": {"bvp": 0.6908, "eda": 2.8104, "acc_x": 1.9857, "acc_y": 1.6238, "acc_z": 2.5145, "temp": 2.1796}, "min": {"bvp": 0.6797, "eda": 2.7195, "acc_x": 1.8601, "acc_y": 1.5632, "acc_z": 2.1464, "temp": 1.9222}}, "1004": {"mean": {"bvp": 0.6508, "eda": 3.0546, "acc_x": 1.9689, "acc_y": 1.7553, "acc_z": 2.2746, "temp": 2.8371}, "min": {"bvp": 0.645, "eda": 2.8496, "acc_x": 1.891, "acc_y": 1.7209, "acc_z": 1.6238, "temp": 2.5549}}, "1005": {"mean": {"bvp": 1.5806, "eda": 3.3901, "acc_x": 2.277, "acc_y": 1.2144, "acc_z": 2.1784, "temp": 2.37}, "min": {"bvp": 1.5623, "eda": 3.1484, "acc_x": 2.1686, "acc_y": 1.1279, "acc_z": 1.968, "temp": 2.1044}}, "1006": {"mean": {"bvp": 0.5186, "eda": 2.6858, "acc_x": 2.5844, "acc_y": 1.5173, "acc_z": 2.4992, "temp": 2.5167}, "min": {"bvp": 0.4848, "eda": 2.4208, "acc_x": 2.421, "acc_y": 1.4622, "acc_z": 1.866, "temp": 2.07}}, "1007": {"mean": {"bvp": 0.5502, "eda": 3.1118, "acc_x": 2.2107, "acc_y": 1.2988, "acc_z": 2.1771, "temp": 2.3538}, "min": {"bvp": 0.5252, "eda": 2.86, "acc_x": 2.0862, "acc_y": 1.2169, "acc_z": 1.9673, "temp": 2.0617}}, "1008": {"mean": {"bvp": 0.475, "eda": 3.0308, "acc_x": 2.3684, "acc_y": 1.4951, "acc_z": 2.1133, "temp": 2.4309}, "min": {"bvp": 0.4628, "eda": 2.8194, "acc_x": 2.2062, "acc_y": 1.3899, "acc_z": 1.6907, "temp": 2.1442}}, "1009": {"mean": {"bvp": 0.6795, "eda": 3.0958, "acc_x": 2.1925, "acc_y": 1.472, "acc_z": 2.2642, "temp": 2.706}, "min": {"bvp": 0.658, "eda": 2.8873, "acc_x": 2.0813, "acc_y": 1.3266, "acc_z": 1.852, "temp": 2.4351}}, "1010": {"mean": {"bvp": 0.4747, "eda": 3.2961, "acc_x": 2.0285, "acc_y": 1.7207, "acc_z": 2.3734, "temp": 2.8358}, "min": {"bvp": 0.4622, "eda": 2.9862, "acc_x": 1.9655, "acc_y": 1.6522, "acc_z": 2.1447, "temp": 2.4922}}, "1011": {"mean": {"bvp": 0.7596, "eda": 3.1429, "acc_x": 1.9026, "acc_y": 1.4865, "acc_z": 2.4289, "temp": 3.0038}, "min": {"bvp": 0.7418, "eda": 2.9511, "acc_x": 1.774, "acc_y": 1.3418, "acc_z": 2.0369, "temp": 2.6524}}, "1012": {"mean": {"bvp": 0.5249, "eda": 2.7214, "acc_x": 2.4481, "acc_y": 1.6277, "acc_z": 2.3021, "temp": 2.182}, "min": {"bvp": 0.4965, "eda": 2.5718, "acc_x": 2.2616, "acc_y": 1.5616, "acc_z": 1.9365, "temp": 2.0032}}, "1013": {"mean": {"bvp": 0.3702, "eda": 2.8509, "acc_x": 1.8262, "acc_y": 1.6138, "acc_z": 2.4073, "temp": 2.7928}, "min": {"bvp": 0.3579, "eda": 2.7643, "acc_x": 1.7421, "acc_y": 1.4618, "acc_z": 2.1591, "temp": 2.3189}}, "1014": {"mean": {"bvp": 0.5607, "eda": 2.6374, "acc_x": 1.7876, "acc_y": 1.3656, "acc_z": 2.141, "temp": 2.6084}, "min": {"bvp": 0.4349, "eda": 2.4621, "acc_x": 1.6287, "acc_y": 1.2667, "acc_z": 1.6581, "temp": 2.3783}}, "1015": {"mean": {"bvp": 0.3603, "eda": 2.8384, "acc_x": 1.879, "acc_y": 1.6098, "acc_z": 1.9344, "temp": 2.6766}, "min": {"bvp": 0.3346, "eda": 2.6685, "acc_x": 1.7313, "acc_y": 1.4955, "acc_z": 1.4236, "temp": 2.2419}}}, "1011": {"1001": {"mean": {"bvp": 0.4477, "eda": 2.7834, "acc_x": 2.145, "acc_y": 1.8474, "acc_z": 2.2864, "temp": 2.8498}, "min": {"bvp": 0.4001, "eda": 2.285, "acc_x": 2.0174, "acc_y": 1.7792, "acc_z": 2.1792, "temp": 2.4885}}, "1002": {"mean": {"bvp": 0.7679, "eda": 2.5597, "acc_x": 2.2385, "acc_y": 1.5179, "acc_z": 1.6788, "temp": 2.3423}, "min": {"bvp": 0.6543, "eda": 2.191, "acc_x": 2.195, "acc_y": 1.4615, "acc_z": 1.4145, "temp": 2.0665}}, "1003": {"mean": {"bvp": 0.6898, "eda": 2.3834, "acc_x": 2.146, "acc_y": 1.6632, "acc_z": 2.1386, "temp": 2.2271}, "min": {"bvp": 0.617, "eda": 1.8505, "acc_x": 1.9625, "acc_y": 1.6232, "acc_z": 2.0325, "temp": 2.056}}, "1004": {"mean": {"bvp": 0.8307, "eda": 2.5804, "acc_x": 2.2516, "acc_y": 1.8627, "acc_z": 1.961, "temp": 2.7511}, "min": {"bvp": 0.5913, "eda": 2.1832, "acc_x": 2.0098, "acc_y": 1.7703, "acc_z": 1.7012, "temp": 2.6437}}, "1005": {"mean": {"bvp": 1.0795, "eda": 2.7945, "acc_x": 2.5465, "acc_y": 1.2533, "acc_z": 1.8884, "temp": 2.4031}, "min": {"bvp": 0.8744, "eda": 2.2235, "acc_x": 2.3931, "acc_y": 1.1263, "acc_z": 1.8477, "temp": 2.1218}}, "1006": {"mean": {"bvp": 0.7534, "eda": 2.2184, "acc_x": 2.5084, "acc_y": 1.5828, "acc_z": 2.2646, "temp": 2.6389}, "min": {"bvp": 0.5002, "eda": 1.9183, "acc_x": 2.3326, "acc_y": 1.5233, "acc_z": 1.9976, "temp": 2.2583}}, "1007": {"mean": {"bvp": 0.4878, "eda": 2.6271, "acc_x": 2.2315, "acc_y": 1.3569, "acc_z": 1.8447, "temp": 2.298}, "min": {"bvp": 0.3633, "eda": 2.2335, "acc_x": 2.174, "acc_y": 1.2776, "acc_z": 1.7303, "temp": 2.0064}}, "1008": {"mean": {"bvp": 0.5536, "eda": 2.5459, "acc_x": 2.3717, "acc_y": 1.5529, "acc_z": 1.7533, "temp": 2.4025}, "min": {"bvp": 0.4651, "eda": 2.1143, "acc_x": 2.313, "acc_y": 1.4685, "acc_z": 1.6449, "temp": 2.0579}}, "1009": {"mean": {"bvp": 0.4711, "eda": 2.6329, "acc_x": 2.312, "acc_y": 1.5079, "acc_z": 1.9573, "temp": 2.8108}, "min": {"bvp": 0.3619, "eda": 2.1989, "acc_x": 2.269, "acc_y": 1.457, "acc_z": 1.7857, "temp": 2.581}}, "1010": {"mean": {"bvp": 0.6271, "eda": 2.7047, "acc_x": 2.3097, "acc_y": 1.7879, "acc_z": 2.1597, "temp": 2.6527}, "min": {"bvp": 0.5381, "eda": 2.2076, "acc_x": 2.2186, "acc_y": 1.7478, "acc_z": 2.1029, "temp": 2.4992}}, "1011": {"mean": {"bvp": 0.645, "eda": 2.5723, "acc_x": 2.1232, "acc_y": 1.563, "acc_z": 2.1117, "temp": 3.0281}, "min": {"bvp": 0.5672, "eda": 2.0229, "acc_x": 2.0732, "acc_y": 1.5219, "acc_z": 1.9911, "temp": 2.7574}}, "1012": {"mean": {"bvp": 0.7381, "eda": 2.3573, "acc_x": 2.3072, "acc_y": 1.6759, "acc_z": 1.938, "temp": 2.2637}, "min": {"bvp": 0.4956, "eda": 2.0455, "acc_x": 2.2582, "acc_y": 1.6196, "acc_z": 1.8182, "temp": 1.9892}}, "1013": {"mean": {"bvp": 0.4616, "eda": 2.4711, "acc_x": 2.0058, "acc_y": 1.6727, "acc_z": 2.095, "temp": 2.7863}, "min": {"bvp": 0.3587, "eda": 1.9702, "acc_x": 1.7543, "acc_y": 1.6177, "acc_z": 1.9731, "temp": 2.4149}}, "1014": {"mean": {"bvp": 0.8678, "eda": 2.2635, "acc_x": 2.0951, "acc_y": 1.4197, "acc_z": 1.9583, "temp": 2.5799}, "min": {"bvp": 0.4284, "eda": 2.0078, "acc_x": 1.6827, "acc_y": 1.3676, "acc_z": 1.8381, "temp": 2.2428}}, "1015": {"mean": {"bvp": 0.5521, "eda": 2.2942, "acc_x": 1.8985, "acc_y": 1.6952, "acc_z": 1.8118, "temp": 2.8313}, "min": {"bvp": 0.4241, "eda": 1.7288, "acc_x": 1.8723, "acc_y": 1.6279, "acc_z": 1.6854, "temp": 2.5244}}}, "1012": {"1001": {"mean": {"bvp": 0.4865, "eda": 3.5029, "acc_x": 2.0236, "acc_y": 1.8811, "acc_z": 2.5771, "temp": 3.7796}, "min": {"bvp": 0.4007, "eda": 2.7423, "acc_x": 1.965, "acc_y": 1.8105, "acc_z": 2.0632, "temp": 3.5919}}, "1002": {"mean": {"bvp": 0.666, "eda": 3.1383, "acc_x": 2.2355, "acc_y": 1.5485, "acc_z": 2.1144, "temp": 2.8726}, "min": {"bvp": 0.634, "eda": 2.4877, "acc_x": 2.0463, "acc_y": 1.5349, "acc_z": 1.5621, "temp": 2.7264}}, "1003": {"mean": {"bvp": 0.8388, "eda": 2.9019, "acc_x": 2.002, "acc_y": 1.6677, "acc_z": 2.5707, "temp": 2.8188}, "min": {"bvp": 0.7155, "eda": 2.2485, "acc_x": 1.8204, "acc_y": 1.628, "acc_z": 1.9018, "temp": 2.6556}}, "1004": {"mean": {"bvp": 0.6453, "eda": 3.2333, "acc_x": 2.0487, "acc_y": 1.8236, "acc_z": 2.159, "temp": 3.5429}, "min": {"bvp": 0.6033, "eda": 2.5526, "acc_x": 1.9262, "acc_y": 1.7006, "acc_z": 1.7051, "temp": 3.3796}}, "1005": {"mean": {"bvp": 1.7694, "eda": 3.578, "acc_x": 2.3233, "acc_y": 1.2977, "acc_z": 2.7438, "temp": 3.1382}, "min": {"bvp": 1.4677, "eda": 2.8052, "acc_x": 2.2726, "acc_y": 1.1547, "acc_z": 1.8398, "temp": 2.9525}}, "1006": {"mean": {"bvp": 0.5043, "eda": 2.9323, "acc_x": 2.5256, "acc_y": 1.6124, "acc_z": 2.3708, "temp": 3.3543}, "min": {"bvp": 0.4806, "eda": 2.2259, "acc_x": 2.3812, "acc_y": 1.5934, "acc_z": 2.0048, "temp": 3.1818}}, "1007": {"mean": {"bvp": 0.7678, "eda": 3.3468, "acc_x": 2.1779, "acc_y": 1.3506, "acc_z": 2.7905, "temp": 3.199}, "min": {"bvp": 0.5631, "eda": 2.6478, "acc_x": 2.0452, "acc_y": 1.2682, "acc_z": 1.8804, "temp": 3.0289}}, "1008": {"mean": {"bvp": 0.6372, "eda": 3.2061, "acc_x": 2.2751, "acc_y": 1.5888, "acc_z": 2.1279, "temp": 3.351}, "min": {"bvp": 0.5649, "eda": 2.4726, "acc_x": 2.1217, "acc_y": 1.4699, "acc_z": 1.5209, "temp": 3.1614}}, "1009": {"mean": {"bvp": 0.8969, "eda": 3.297, "acc_x": 2.1993, "acc_y": 1.5317, "acc_z": 2.4334, "temp": 3.6126}, "min": {"bvp": 0.6211, "eda": 2.607, "acc_x": 2.0613, "acc_y": 1.4774, "acc_z": 1.8178, "temp": 3.4163}}, "1010": {"mean": {"bvp": 0.4921, "eda": 3.5441, "acc_x": 2.1083, "acc_y": 1.79, "acc_z": 2.7597, "temp": 3.4711}, "min": {"bvp": 0.4586, "eda": 2.74, "acc_x": 2.017, "acc_y": 1.7317, "acc_z": 2.0331, "temp": 3.3123}}, "1011": {"mean": {"bvp": 0.9326, "eda": 3.2818, "acc_x": 1.9253, "acc_y": 1.576, "acc_z": 2.5852, "temp": 4.0145}, "min": {"bvp": 0.7278, "eda": 2.5141, "acc_x": 1.8082, "acc_y": 1.4976, "acc_z": 1.8711, "temp": 3.8199}}, "1012": {"mean": {"bvp": 0.5035, "eda": 2.8652, "acc_x": 2.2904, "acc_y": 1.6834, "acc_z": 2.5632, "temp": 2.7605}, "min": {"bvp": 0.4961, "eda": 2.2158, "acc_x": 2.1111, "acc_y": 1.6233, "acc_z": 1.8526, "temp": 2.5896}}, "1013": {"mean": {"bvp": 0.5595, "eda": 2.929, "acc_x": 1.8952, "acc_y": 1.7292, "acc_z": 2.8706, "temp": 4.0674}, "min": {"bvp": 0.4531, "eda": 2.2864, "acc_x": 1.7637, "acc_y": 1.7129, "acc_z": 2.1557, "temp": 3.8468}}, "1014": {"mean": {"bvp": 0.4323, "eda": 2.8172, "acc_x": 1.9318, "acc_y": 1.4636, "acc_z": 2.3417, "temp": 3.3248}, "min": {"bvp": 0.4081, "eda": 2.182, "acc_x": 1.6756, "acc_y": 1.4001, "acc_z": 1.6776, "temp": 3.155}}, "1015": {"mean": {"bvp": 0.3666, "eda": 2.9919, "acc_x": 1.8283, "acc_y": 1.7447, "acc_z": 2.3322, "temp": 3.7418}, "min": {"bvp": 0.3419, "eda": 2.2367, "acc_x": 1.6234, "acc_y": 1.6238, "acc_z": 1.6569, "temp": 3.5394}}}, "1013": {"1001": {"mean": {"bvp": 0.3672, "eda": 3.5586, "acc_x": 2.1633, "acc_y": 1.9482, "acc_z": 2.2953, "temp": 2.844}, "min": {"bvp": 0.3337, "eda": 3.3619, "acc_x": 2.0856, "acc_y": 1.8763, "acc_z": 2.2067, "temp": 2.8152}}, "1002": {"mean": {"bvp": 0.7545, "eda": 3.1741, "acc_x": 2.2335, "acc_y": 1.4962, "acc_z": 1.8216, "temp": 2.5394}, "min": {"bvp": 0.7202, "eda": 3.0016, "acc_x": 2.1691, "acc_y": 1.4602, "acc_z": 1.65, "temp": 2.4021}}, "1003": {"mean": {"bvp": 0.6526, "eda": 2.9814, "acc_x": 2.0663, "acc_y": 1.7152, "acc_z": 2.2358, "temp": 2.3976}, "min": {"bvp": 0.6442, "eda": 2.8581, "acc_x": 1.9982, "acc_y": 1.6847, "acc_z": 2.0854, "temp": 2.2416}}, "1004": {"mean": {"bvp": 0.6887, "eda": 3.2644, "acc_x": 2.1389, "acc_y": 1.7902, "acc_z": 2.0428, "temp": 2.795}, "min": {"bvp": 0.6559, "eda": 3.0794, "acc_x": 1.9835, "acc_y": 1.7445, "acc_z": 1.9112, "temp": 2.644}}, "1005": {"mean": {"bvp": 1.3123, "eda": 3.6361, "acc_x": 2.4439, "acc_y": 1.3673, "acc_z": 2.0793, "temp": 2.5147}, "min": {"bvp": 0.9318, "eda": 3.4384, "acc_x": 2.2756, "acc_y": 1.2382, "acc_z": 2.0532, "temp": 2.3228}}, "1006": {"mean": {"bvp": 0.5914, "eda": 2.9202, "acc_x": 2.5342, "acc_y": 1.5943, "acc_z": 2.2661, "temp": 2.8271}, "min": {"bvp": 0.561, "eda": 2.6966, "acc_x": 2.3975, "acc_y": 1.5342, "acc_z": 2.0694, "temp": 2.651}}, "1007": {"mean": {"bvp": 0.4543, "eda": 3.3561, "acc_x": 2.231, "acc_y": 1.4136, "acc_z": 2.1216, "temp": 2.569}, "min": {"bvp": 0.3823, "eda": 3.15, "acc_x": 2.1915, "acc_y": 1.3865, "acc_z": 2.0563, "temp": 2.3349}}, "1008": {"mean": {"bvp": 0.4593, "eda": 3.253, "acc_x": 2.331, "acc_y": 1.6758, "acc_z": 1.8595, "temp": 2.5867}, "min": {"bvp": 0.4456, "eda": 3.0649, "acc_x": 2.3041, "acc_y": 1.5622, "acc_z": 1.6459, "temp": 2.5117}}, "1009": {"mean": {"bvp": 0.5274, "eda": 3.3314, "acc_x": 2.2998, "acc_y": 1.5489, "acc_z": 2.0023, "temp": 2.7314}, "min": {"bvp": 0.3703, "eda": 3.143, "acc_x": 2.1872, "acc_y": 1.5015, "acc_z": 1.843, "temp": 2.4867}}, "1010": {"mean": {"bvp": 0.5362, "eda": 3.5772, "acc_x": 2.1944, "acc_y": 1.8265, "acc_z": 2.2649, "temp": 2.7819}, "min": {"bvp": 0.4964, "eda": 3.3449, "acc_x": 2.0594, "acc_y": 1.7887, "acc_z": 2.1551, "temp": 2.7512}}, "1011": {"mean": {"bvp": 0.668, "eda": 3.3538, "acc_x": 2.0277, "acc_y": 1.6363, "acc_z": 2.2775, "temp": 2.9257}, "min": {"bvp": 0.6066, "eda": 3.1754, "acc_x": 1.9823, "acc_y": 1.5267, "acc_z": 2.1495, "temp": 2.8039}}, "1012": {"mean": {"bvp": 0.601, "eda": 2.9045, "acc_x": 2.2698, "acc_y": 1.6622, "acc_z": 2.0726, "temp": 2.4633}, "min": {"bvp": 0.5823, "eda": 2.7432, "acc_x": 2.2133, "acc_y": 1.6318, "acc_z": 1.9741, "temp": 2.1818}}, "1013": {"mean": {"bvp": 0.3523, "eda": 3.0245, "acc_x": 1.848, "acc_y": 1.7216, "acc_z": 2.2998, "temp": 2.631}, "min": {"bvp": 0.3397, "eda": 2.9052, "acc_x": 1.6483, "acc_y": 1.6333, "acc_z": 2.2312, "temp": 2.5064}}, "1014": {"mean": {"bvp": 0.6371, "eda": 2.8243, "acc_x": 2.0136, "acc_y": 1.4371, "acc_z": 2.0168, "temp": 2.7369}, "min": {"bvp": 0.447, "eda": 2.6432, "acc_x": 1.7124, "acc_y": 1.3918, "acc_z": 1.9366, "temp": 2.7059}}, "1015": {"mean": {"bvp": 0.4431, "eda": 3.0548, "acc_x": 1.893, "acc_y": 1.7906, "acc_z": 1.7435, "temp": 2.7298}, "min": {"bvp": 0.3705, "eda": 2.8805, "acc_x": 1.8179, "acc_y": 1.6773, "acc_z": 1.6694, "temp": 2.5305}}}, "1014": {"1001": {"mean": {"bvp": 0.6193, "eda": 3.3429, "acc_x": 2.0705, "acc_y": 1.9794, "acc_z": 2.2272, "temp": 2.8138}, "min": {"bvp": 0.4122, "eda": 2.4778, "acc_x": 1.8576, "acc_y": 1.9149, "acc_z": 2.0385, "temp": 2.3571}}, "1002": {"mean": {"bvp": 0.7374, "eda": 3.0203, "acc_x": 2.3313, "acc_y": 1.7613, "acc_z": 1.8996, "temp": 2.4919}, "min": {"bvp": 0.6684, "eda": 2.3329, "acc_x": 2.1346, "acc_y": 1.4546, "acc_z": 1.6249, "temp": 2.3117}}, "1003": {"mean": {"bvp": 1.0218, "eda": 2.7772, "acc_x": 2.0738, "acc_y": 1.9486, "acc_z": 2.2321, "temp": 2.2703}, "min": {"bvp": 0.78, "eda": 2.0526, "acc_x": 1.8807, "acc_y": 1.634, "acc_z": 1.9563, "temp": 2.2195}}, "1004": {"mean": {"bvp": 0.6602, "eda": 3.0932, "acc_x": 2.0404, "acc_y": 2.1543, "acc_z": 2.1585, "temp": 2.8431}, "min": {"bvp": 0.6241, "eda": 2.3337, "acc_x": 1.8882, "acc_y": 1.7547, "acc_z": 1.8428, "temp": 2.7147}}, "1005": {"mean": {"bvp": 2.0453, "eda": 3.3757, "acc_x": 2.3383, "acc_y": 1.4784, "acc_z": 1.8685, "temp": 2.3031}, "min": {"bvp": 1.7363, "eda": 2.413, "acc_x": 2.3024, "acc_y": 1.3589, "acc_z": 1.7747, "temp": 2.1632}}, "1006": {"mean": {"bvp": 0.5286, "eda": 2.785, "acc_x": 2.6075, "acc_y": 1.8359, "acc_z": 2.4323, "temp": 2.6212}, "min": {"bvp": 0.4778, "eda": 2.0175, "acc_x": 2.237, "acc_y": 1.5286, "acc_z": 2.1507, "temp": 2.1368}}, "1007": {"mean": {"bvp": 1.0056, "eda": 3.1901, "acc_x": 2.2201, "acc_y": 1.6588, "acc_z": 1.754, "temp": 2.4885}, "min": {"bvp": 0.7063, "eda": 2.4009, "acc_x": 2.0354, "acc_y": 1.2452, "acc_z": 1.6162, "temp": 2.1817}}, "1008": {"mean": {"bvp": 0.798, "eda": 3.0615, "acc_x": 2.384, "acc_y": 1.7667, "acc_z": 1.8964, "temp": 2.4509}, "min": {"bvp": 0.5564, "eda": 2.2514, "acc_x": 2.1509, "acc_y": 1.5519, "acc_z": 1.6293, "temp": 2.1137}}, "1009": {"mean": {"bvp": 1.1645, "eda": 3.1372, "acc_x": 2.2384, "acc_y": 1.6645, "acc_z": 2.065, "temp": 2.5457}, "min": {"bvp": 0.8484, "eda": 2.3378, "acc_x": 2.0614, "acc_y": 1.615, "acc_z": 1.75, "temp": 2.3564}}, "1010": {"mean": {"bvp": 0.5752, "eda": 3.3585, "acc_x": 2.0909, "acc_y": 1.9775, "acc_z": 2.0922, "temp": 2.8431}, "min": {"bvp": 0.5115, "eda": 2.4186, "acc_x": 2.0395, "acc_y": 1.7122, "acc_z": 1.9775, "temp": 2.655}}, "1011": {"mean": {"bvp": 1.1731, "eda": 3.109, "acc_x": 2.0107, "acc_y": 1.6923, "acc_z": 2.1132, "temp": 2.9115}, "min": {"bvp": 0.8955, "eda": 2.1986, "acc_x": 1.8654, "acc_y": 1.6014, "acc_z": 1.9797, "temp": 2.5867}}, "1012": {"mean": {"bvp": 0.5145, "eda": 2.754, "acc_x": 2.4415, "acc_y": 1.9697, "acc_z": 2.0594, "temp": 2.1655}, "min": {"bvp": 0.4986, "eda": 2.0807, "acc_x": 2.2216, "acc_y": 1.5993, "acc_z": 1.7748, "temp": 2.0281}}, "1013": {"mean": {"bvp": 0.7408, "eda": 2.8469, "acc_x": 1.928, "acc_y": 1.8389, "acc_z": 2.0888, "temp": 2.5917}, "min": {"bvp": 0.4669, "eda": 2.2117, "acc_x": 1.7311, "acc_y": 1.7158, "acc_z": 1.9554, "temp": 2.2756}}, "1014": {"mean": {"bvp": 0.3974, "eda": 2.6957, "acc_x": 1.9125, "acc_y": 1.6569, "acc_z": 1.949, "temp": 2.6243}, "min": {"bvp": 0.3964, "eda": 2.019, "acc_x": 1.5235, "acc_y": 1.4288, "acc_z": 1.7145, "temp": 2.2789}}, "1015": {"mean": {"bvp": 0.4453, "eda": 2.8294, "acc_x": 1.9506, "acc_y": 1.8602, "acc_z": 1.7952, "temp": 2.5657}, "min": {"bvp": 0.3775, "eda": 1.9612, "acc_x": 1.7352, "acc_y": 1.6863, "acc_z": 1.6098, "temp": 2.282}}}, "1015": {"1001": {"mean": {"bvp": 0.3708, "eda": 3.4551, "acc_x": 2.0069, "acc_y": 1.873, "acc_z": 2.3038, "temp": 2.9612}, "min": {"bvp": 0.3431, "eda": 3.2913, "acc_x": 1.9337, "acc_y": 1.8126, "acc_z": 2.0809, "temp": 2.5535}}, "1002": {"mean": {"bvp": 0.6989, "eda": 3.0728, "acc_x": 2.0538, "acc_y": 1.5748, "acc_z": 2.0199, "temp": 2.9173}, "min": {"bvp": 0.6809, "eda": 2.9083, "acc_x": 1.9476, "acc_y": 1.5243, "acc_z": 1.5926, "temp": 2.2699}}, "1003": {"mean": {"bvp": 0.6957, "eda": 2.8991, "acc_x": 1.9385, "acc_y": 1.6936, "acc_z": 2.3963, "temp": 2.7619}, "min": {"bvp": 0.6685, "eda": 2.7548, "acc_x": 1.8408, "acc_y": 1.6754, "acc_z": 1.9399, "temp": 2.075}}, "1004": {"mean": {"bvp": 0.6291, "eda": 3.1729, "acc_x": 2.0385, "acc_y": 1.8987, "acc_z": 2.0325, "temp": 2.9699}, "min": {"bvp": 0.6114, "eda": 3.004, "acc_x": 1.9355, "acc_y": 1.8619, "acc_z": 1.5927, "temp": 2.4245}}, "1005": {"mean": {"bvp": 1.5719, "eda": 3.533, "acc_x": 2.3343, "acc_y": 1.2685, "acc_z": 2.2611, "temp": 2.7046}, "min": {"bvp": 1.5188, "eda": 3.3588, "acc_x": 2.2238, "acc_y": 1.18, "acc_z": 1.956, "temp": 2.2171}}, "1006": {"mean": {"bvp": 0.5111, "eda": 2.8205, "acc_x": 2.4105, "acc_y": 1.6512, "acc_z": 2.289, "temp": 3.0911}, "min": {"bvp": 0.4948, "eda": 2.5966, "acc_x": 2.3445, "acc_y": 1.617, "acc_z": 1.8174, "temp": 2.4972}}, "1007": {"mean": {"bvp": 0.5557, "eda": 3.2536, "acc_x": 2.1333, "acc_y": 1.365, "acc_z": 2.2219, "temp": 2.8279}, "min": {"bvp": 0.5049, "eda": 3.0676, "acc_x": 2.0438, "acc_y": 1.3332, "acc_z": 1.8455, "temp": 2.1028}}, "1008": {"mean": {"bvp": 0.4905, "eda": 3.159, "acc_x": 2.1663, "acc_y": 1.5578, "acc_z": 1.9402, "temp": 2.8529}, "min": {"bvp": 0.4693, "eda": 2.9956, "acc_x": 2.0986, "acc_y": 1.4918, "acc_z": 1.5792, "temp": 2.4179}}, "1009": {"mean": {"bvp": 0.6792, "eda": 3.2315, "acc_x": 2.1781, "acc_y": 1.5849, "acc_z": 2.1616, "temp": 2.8554}, "min": {"bvp": 0.6219, "eda": 3.0785, "acc_x": 2.0988, "acc_y": 1.5211, "acc_z": 1.8136, "temp": 2.4353}}, "1010": {"mean": {"bvp": 0.4716, "eda": 3.4645, "acc_x": 2.1114, "acc_y": 1.8132, "acc_z": 2.3554, "temp": 2.9832}, "min": {"bvp": 0.4535, "eda": 3.2513, "acc_x": 2.0048, "acc_y": 1.7995, "acc_z": 2.1436, "temp": 2.4732}}, "1011": {"mean": {"bvp": 0.7562, "eda": 3.2595, "acc_x": 1.8791, "acc_y": 1.5692, "acc_z": 2.3204, "temp": 2.9998}, "min": {"bvp": 0.7189, "eda": 3.0962, "acc_x": 1.7817, "acc_y": 1.5058, "acc_z": 1.9495, "temp": 2.7787}}, "1012": {"mean": {"bvp": 0.521, "eda": 2.8284, "acc_x": 2.1215, "acc_y": 1.7072, "acc_z": 2.2336, "temp": 2.7323}, "min": {"bvp": 0.5107, "eda": 2.6905, "acc_x": 2.008, "acc_y": 1.6879, "acc_z": 1.8924, "temp": 2.1556}}, "1013": {"mean": {"bvp": 0.3822, "eda": 2.9342, "acc_x": 1.7942, "acc_y": 1.7381, "acc_z": 2.4217, "temp": 2.7691}, "min": {"bvp": 0.3565, "eda": 2.8031, "acc_x": 1.7249, "acc_y": 1.6911, "acc_z": 2.2643, "temp": 2.5345}}, "1014": {"mean": {"bvp": 0.545, "eda": 2.7413, "acc_x": 1.8742, "acc_y": 1.4894, "acc_z": 2.0275, "temp": 2.9015}, "min": {"bvp": 0.4681, "eda": 2.5725, "acc_x": 1.7056, "acc_y": 1.4787, "acc_z": 1.699, "temp": 2.3291}}, "1015": {"mean": {"bvp": 0.3428, "eda": 2.956, "acc_x": 1.7212, "acc_y": 1.7052, "acc_z": 1.9384, "temp": 2.8952}, "min": {"bvp": 0.3132, "eda": 2.814, "acc_x": 1.5961, "acc_y": 1.6533, "acc_z": 1.7376, "temp": 2.5924}}}}