{"1001": {"1001": {"min-min": {"dba": 0.0411}, "min-mean": {"dba": 0.1383}, "mean-mean": {"dba": 0.2573}, "mean-min": {"dba": 0.2236}}, "1002": {"min-min": {"dba": 0.017}, "min-mean": {"dba": 0.1408}, "mean-mean": {"dba": 0.244}, "mean-min": {"dba": 0.2037}}, "1003": {"min-min": {"dba": 0.1115}, "min-mean": {"dba": 0.1898}, "mean-mean": {"dba": 0.2806}, "mean-min": {"dba": 0.23}}, "1004": {"min-min": {"dba": 0.0336}, "min-mean": {"dba": 0.1642}, "mean-mean": {"dba": 0.2633}, "mean-min": {"dba": 0.244}}, "1005": {"min-min": {"dba": 0.279}, "min-mean": {"dba": 0.3259}, "mean-mean": {"dba": 0.4492}, "mean-min": {"dba": 0.4172}}, "1006": {"min-min": {"dba": 0.0164}, "min-mean": {"dba": 0.1231}, "mean-mean": {"dba": 0.2609}, "mean-min": {"dba": 0.2216}}, "1007": {"min-min": {"dba": 0.0788}, "min-mean": {"dba": 0.136}, "mean-mean": {"dba": 0.2672}, "mean-min": {"dba": 0.2134}}, "1008": {"min-min": {"dba": 0.0711}, "min-mean": {"dba": 0.1695}, "mean-mean": {"dba": 0.2641}, "mean-min": {"dba": 0.2389}}, "1009": {"min-min": {"dba": 0.1546}, "min-mean": {"dba": 0.2483}, "mean-mean": {"dba": 0.3512}, "mean-min": {"dba": 0.2948}}, "1010": {"min-min": {"dba": 0.0136}, "min-mean": {"dba": 0.1632}, "mean-mean": {"dba": 0.2623}, "mean-min": {"dba": 0.2191}}, "1011": {"min-min": {"dba": 0.1384}, "min-mean": {"dba": 0.2081}, "mean-mean": {"dba": 0.2967}, "mean-min": {"dba": 0.2811}}, "1012": {"min-min": {"dba": 0.0374}, "min-mean": {"dba": 0.1094}, "mean-mean": {"dba": 0.2192}, "mean-min": {"dba": 0.1454}}, "1013": {"min-min": {"dba": 0.0747}, "min-mean": {"dba": 0.1911}, "mean-mean": {"dba": 0.2955}, "mean-min": {"dba": 0.2611}}, "1014": {"min-min": {"dba": 0.1073}, "min-mean": {"dba": 0.1817}, "mean-mean": {"dba": 0.2658}, "mean-min": {"dba": 0.226}}, "1015": {"min-min": {"dba": 0.0157}, "min-mean": {"dba": 0.1481}, "mean-mean": {"dba": 0.2486}, "mean-min": {"dba": 0.2211}}}, "1002": {"1001": {"min-min": {"dba": 0.0792}, "min-mean": {"dba": 0.1148}, "mean-mean": {"dba": 0.2053}, "mean-min": {"dba": 0.1859}}, "1002": {"min-min": {"dba": 0.057}, "min-mean": {"dba": 0.1609}, "mean-mean": {"dba": 0.2625}, "mean-min": {"dba": 0.2015}}, "1003": {"min-min": {"dba": 0.1276}, "min-mean": {"dba": 0.1689}, "mean-mean": {"dba": 0.2631}, "mean-min": {"dba": 0.2514}}, "1004": {"min-min": {"dba": 0.0381}, "min-mean": {"dba": 0.1152}, "mean-mean": {"dba": 0.2383}, "mean-min": {"dba": 0.197}}, "1005": {"min-min": {"dba": 0.2001}, "min-mean": {"dba": 0.2985}, "mean-mean": {"dba": 0.4145}, "mean-min": {"dba": 0.3775}}, "1006": {"min-min": {"dba": 0.0679}, "min-mean": {"dba": 0.1461}, "mean-mean": {"dba": 0.2587}, "mean-min": {"dba": 0.2069}}, "1007": {"min-min": {"dba": 0.0995}, "min-mean": {"dba": 0.1111}, "mean-mean": {"dba": 0.2114}, "mean-min": {"dba": 0.1169}}, "1008": {"min-min": {"dba": 0.0563}, "min-mean": {"dba": 0.1106}, "mean-mean": {"dba": 0.2342}, "mean-min": {"dba": 0.2192}}, "1009": {"min-min": {"dba": 0.1401}, "min-mean": {"dba": 0.2185}, "mean-mean": {"dba": 0.31}, "mean-min": {"dba": 0.2752}}, "1010": {"min-min": {"dba": 0.0286}, "min-mean": {"dba": 0.1177}, "mean-mean": {"dba": 0.2333}, "mean-min": {"dba": 0.1755}}, "1011": {"min-min": {"dba": 0.1218}, "min-mean": {"dba": 0.2205}, "mean-mean": {"dba": 0.3076}, "mean-min": {"dba": 0.2739}}, "1012": {"min-min": {"dba": 0.0935}, "min-mean": {"dba": 0.1714}, "mean-mean": {"dba": 0.2538}, "mean-min": {"dba": 0.1993}}, "1013": {"min-min": {"dba": 0.1155}, "min-mean": {"dba": 0.1341}, "mean-mean": {"dba": 0.2161}, "mean-min": {"dba": 0.1714}}, "1014": {"min-min": {"dba": 0.0613}, "min-mean": {"dba": 0.1039}, "mean-mean": {"dba": 0.235}, "mean-min": {"dba": 0.1892}}, "1015": {"min-min": {"dba": 0.0682}, "min-mean": {"dba": 0.1336}, "mean-mean": {"dba": 0.217}, "mean-min": {"dba": 0.1759}}}, "1003": {"1001": {"min-min": {"dba": 0.0826}, "min-mean": {"dba": 0.1458}, "mean-mean": {"dba": 0.2627}, "mean-min": {"dba": 0.249}}, "1002": {"min-min": {"dba": 0.0804}, "min-mean": {"dba": 0.2048}, "mean-mean": {"dba": 0.3448}, "mean-min": {"dba": 0.2854}}, "1003": {"min-min": {"dba": 0.106}, "min-mean": {"dba": 0.1329}, "mean-mean": {"dba": 0.2228}, "mean-min": {"dba": 0.176}}, "1004": {"min-min": {"dba": 0.0693}, "min-mean": {"dba": 0.0693}, "mean-mean": {"dba": 0.2447}, "mean-min": {"dba": 0.0693}}, "1005": {"min-min": {"dba": 0.1245}, "min-mean": {"dba": 0.2251}, "mean-mean": {"dba": 0.342}, "mean-min": {"dba": 0.3393}}, "1006": {"min-min": {"dba": 0.1402}, "min-mean": {"dba": 0.1829}, "mean-mean": {"dba": 0.2987}, "mean-min": {"dba": 0.2043}}, "1007": {"min-min": {"dba": 0.0868}, "min-mean": {"dba": 0.1661}, "mean-mean": {"dba": 0.2648}, "mean-min": {"dba": 0.2368}}, "1008": {"min-min": {"dba": 0.0367}, "min-mean": {"dba": 0.081}, "mean-mean": {"dba": 0.2082}, "mean-min": {"dba": 0.1144}}, "1009": {"min-min": {"dba": 0.0847}, "min-mean": {"dba": 0.161}, "mean-mean": {"dba": 0.239}, "mean-min": {"dba": 0.2143}}, "1010": {"min-min": {"dba": 0.1146}, "min-mean": {"dba": 0.1254}, "mean-mean": {"dba": 0.2521}, "mean-min": {"dba": 0.1471}}, "1011": {"min-min": {"dba": 0.0877}, "min-mean": {"dba": 0.1896}, "mean-mean": {"dba": 0.296}, "mean-min": {"dba": 0.2471}}, "1012": {"min-min": {"dba": 0.1142}, "min-mean": {"dba": 0.2194}, "mean-mean": {"dba": 0.3498}, "mean-min": {"dba": 0.3047}}, "1013": {"min-min": {"dba": 0.0855}, "min-mean": {"dba": 0.1265}, "mean-mean": {"dba": 0.2405}, "mean-min": {"dba": 0.2017}}, "1014": {"min-min": {"dba": 0.1468}, "min-mean": {"dba": 0.2437}, "mean-mean": {"dba": 0.3739}, "mean-min": {"dba": 0.3413}}, "1015": {"min-min": {"dba": 0.097}, "min-mean": {"dba": 0.1553}, "mean-mean": {"dba": 0.2668}, "mean-min": {"dba": 0.2567}}}, "1004": {"1001": {"min-min": {"dba": 0.1295}, "min-mean": {"dba": 0.1519}, "mean-mean": {"dba": 0.2473}, "mean-min": {"dba": 0.1968}}, "1002": {"min-min": {"dba": 0.0853}, "min-mean": {"dba": 0.1568}, "mean-mean": {"dba": 0.2528}, "mean-min": {"dba": 0.2399}}, "1003": {"min-min": {"dba": 0.1547}, "min-mean": {"dba": 0.1547}, "mean-mean": {"dba": 0.2616}, "mean-min": {"dba": 0.1547}}, "1004": {"min-min": {"dba": 0.0594}, "min-mean": {"dba": 0.1283}, "mean-mean": {"dba": 0.2211}, "mean-min": {"dba": 0.1947}}, "1005": {"min-min": {"dba": 0.1974}, "min-mean": {"dba": 0.3028}, "mean-mean": {"dba": 0.4986}, "mean-min": {"dba": 0.4654}}, "1006": {"min-min": {"dba": 0.022}, "min-mean": {"dba": 0.0817}, "mean-mean": {"dba": 0.1997}, "mean-min": {"dba": 0.1116}}, "1007": {"min-min": {"dba": 0.1527}, "min-mean": {"dba": 0.1627}, "mean-mean": {"dba": 0.2668}, "mean-min": {"dba": 0.1827}}, "1008": {"min-min": {"dba": 0.1261}, "min-mean": {"dba": 0.1363}, "mean-mean": {"dba": 0.2375}, "mean-min": {"dba": 0.152}}, "1009": {"min-min": {"dba": 0.1094}, "min-mean": {"dba": 0.2173}, "mean-mean": {"dba": 0.3659}, "mean-min": {"dba": 0.3175}}, "1010": {"min-min": {"dba": 0.0254}, "min-mean": {"dba": 0.1306}, "mean-mean": {"dba": 0.2315}, "mean-min": {"dba": 0.2234}}, "1011": {"min-min": {"dba": 0.1532}, "min-mean": {"dba": 0.2046}, "mean-mean": {"dba": 0.3113}, "mean-min": {"dba": 0.2975}}, "1012": {"min-min": {"dba": 0.0251}, "min-mean": {"dba": 0.1455}, "mean-mean": {"dba": 0.2642}, "mean-min": {"dba": 0.2158}}, "1013": {"min-min": {"dba": 0.161}, "min-mean": {"dba": 0.2076}, "mean-mean": {"dba": 0.2855}, "mean-min": {"dba": 0.2671}}, "1014": {"min-min": {"dba": 0.0314}, "min-mean": {"dba": 0.1325}, "mean-mean": {"dba": 0.2411}, "mean-min": {"dba": 0.2135}}, "1015": {"min-min": {"dba": 0.1165}, "min-mean": {"dba": 0.1651}, "mean-mean": {"dba": 0.2268}, "mean-min": {"dba": 0.2209}}}, "1005": {"1001": {"min-min": {"dba": 0.2473}, "min-mean": {"dba": 0.3055}, "mean-mean": {"dba": 0.4116}, "mean-min": {"dba": 0.3897}}, "1002": {"min-min": {"dba": 0.2571}, "min-mean": {"dba": 0.3939}, "mean-mean": {"dba": 0.5584}, "mean-min": {"dba": 0.4887}}, "1003": {"min-min": {"dba": 0.1908}, "min-mean": {"dba": 0.2688}, "mean-mean": {"dba": 0.3667}, "mean-min": {"dba": 0.3235}}, "1004": {"min-min": {"dba": 0.3966}, "min-mean": {"dba": 0.4008}, "mean-mean": {"dba": 0.5118}, "mean-min": {"dba": 0.4092}}, "1005": {"min-min": {"dba": 0.0518}, "min-mean": {"dba": 0.1544}, "mean-mean": {"dba": 0.2581}, "mean-min": {"dba": 0.1996}}, "1006": {"min-min": {"dba": 0.2761}, "min-mean": {"dba": 0.3504}, "mean-mean": {"dba": 0.5402}, "mean-min": {"dba": 0.4991}}, "1007": {"min-min": {"dba": 0.1708}, "min-mean": {"dba": 0.2626}, "mean-mean": {"dba": 0.3811}, "mean-min": {"dba": 0.333}}, "1008": {"min-min": {"dba": 0.2502}, "min-mean": {"dba": 0.2916}, "mean-mean": {"dba": 0.3978}, "mean-min": {"dba": 0.3744}}, "1009": {"min-min": {"dba": 0.1737}, "min-mean": {"dba": 0.1896}, "mean-mean": {"dba": 0.274}, "mean-min": {"dba": 0.2215}}, "1010": {"min-min": {"dba": 0.2639}, "min-mean": {"dba": 0.2995}, "mean-mean": {"dba": 0.4552}, "mean-min": {"dba": 0.3707}}, "1011": {"min-min": {"dba": 0.1458}, "min-mean": {"dba": 0.2318}, "mean-mean": {"dba": 0.3706}, "mean-min": {"dba": 0.3387}}, "1012": {"min-min": {"dba": 0.3715}, "min-mean": {"dba": 0.4491}, "mean-mean": {"dba": 0.5594}, "mean-min": {"dba": 0.5209}}, "1013": {"min-min": {"dba": 0.2804}, "min-mean": {"dba": 0.313}, "mean-mean": {"dba": 0.3965}, "mean-min": {"dba": 0.3781}}, "1014": {"min-min": {"dba": 0.4236}, "min-mean": {"dba": 0.4608}, "mean-mean": {"dba": 0.6004}, "mean-min": {"dba": 0.5351}}, "1015": {"min-min": {"dba": 0.3199}, "min-mean": {"dba": 0.3474}, "mean-mean": {"dba": 0.447}, "mean-min": {"dba": 0.4024}}}, "1006": {"1001": {"min-min": {"dba": 0.1373}, "min-mean": {"dba": 0.1571}, "mean-mean": {"dba": 0.2341}, "mean-min": {"dba": 0.1967}}, "1002": {"min-min": {"dba": 0.0686}, "min-mean": {"dba": 0.1585}, "mean-mean": {"dba": 0.2658}, "mean-min": {"dba": 0.2164}}, "1003": {"min-min": {"dba": 0.1814}, "min-mean": {"dba": 0.1838}, "mean-mean": {"dba": 0.2663}, "mean-min": {"dba": 0.1885}}, "1004": {"min-min": {"dba": 0.0703}, "min-mean": {"dba": 0.1373}, "mean-mean": {"dba": 0.2218}, "mean-min": {"dba": 0.2175}}, "1005": {"min-min": {"dba": 0.2084}, "min-mean": {"dba": 0.2411}, "mean-mean": {"dba": 0.418}, "mean-min": {"dba": 0.3066}}, "1006": {"min-min": {"dba": 0.0334}, "min-mean": {"dba": 0.1244}, "mean-mean": {"dba": 0.2282}, "mean-min": {"dba": 0.2226}}, "1007": {"min-min": {"dba": 0.1476}, "min-mean": {"dba": 0.1476}, "mean-mean": {"dba": 0.2423}, "mean-min": {"dba": 0.1476}}, "1008": {"min-min": {"dba": 0.1254}, "min-mean": {"dba": 0.1379}, "mean-mean": {"dba": 0.233}, "mean-min": {"dba": 0.163}}, "1009": {"min-min": {"dba": 0.1347}, "min-mean": {"dba": 0.18}, "mean-mean": {"dba": 0.3003}, "mean-min": {"dba": 0.2706}}, "1010": {"min-min": {"dba": 0.0414}, "min-mean": {"dba": 0.1265}, "mean-mean": {"dba": 0.2161}, "mean-min": {"dba": 0.206}}, "1011": {"min-min": {"dba": 0.149}, "min-mean": {"dba": 0.209}, "mean-mean": {"dba": 0.3135}, "mean-min": {"dba": 0.2749}}, "1012": {"min-min": {"dba": 0.029}, "min-mean": {"dba": 0.1235}, "mean-mean": {"dba": 0.2223}, "mean-min": {"dba": 0.194}}, "1013": {"min-min": {"dba": 0.1384}, "min-mean": {"dba": 0.1665}, "mean-mean": {"dba": 0.2528}, "mean-min": {"dba": 0.2228}}, "1014": {"min-min": {"dba": 0.0275}, "min-mean": {"dba": 0.1154}, "mean-mean": {"dba": 0.2256}, "mean-min": {"dba": 0.2018}}, "1015": {"min-min": {"dba": 0.1184}, "min-mean": {"dba": 0.1528}, "mean-mean": {"dba": 0.2144}, "mean-min": {"dba": 0.1959}}}, "1007": {"1001": {"min-min": {"dba": 0.1167}, "min-mean": {"dba": 0.1572}, "mean-mean": {"dba": 0.2364}, "mean-min": {"dba": 0.2314}}, "1002": {"min-min": {"dba": 0.0898}, "min-mean": {"dba": 0.2477}, "mean-mean": {"dba": 0.3804}, "mean-min": {"dba": 0.2987}}, "1003": {"min-min": {"dba": 0.0751}, "min-mean": {"dba": 0.1518}, "mean-mean": {"dba": 0.2377}, "mean-min": {"dba": 0.2006}}, "1004": {"min-min": {"dba": 0.215}, "min-mean": {"dba": 0.2405}, "mean-mean": {"dba": 0.3358}, "mean-min": {"dba": 0.2783}}, "1005": {"min-min": {"dba": 0.0947}, "min-mean": {"dba": 0.1818}, "mean-mean": {"dba": 0.2833}, "mean-min": {"dba": 0.2649}}, "1006": {"min-min": {"dba": 0.1652}, "min-mean": {"dba": 0.2377}, "mean-mean": {"dba": 0.3593}, "mean-min": {"dba": 0.3432}}, "1007": {"min-min": {"dba": 0.0072}, "min-mean": {"dba": 0.0918}, "mean-mean": {"dba": 0.2189}, "mean-min": {"dba": 0.1957}}, "1008": {"min-min": {"dba": 0.0798}, "min-mean": {"dba": 0.1362}, "mean-mean": {"dba": 0.2492}, "mean-min": {"dba": 0.2445}}, "1009": {"min-min": {"dba": 0.0127}, "min-mean": {"dba": 0.0849}, "mean-mean": {"dba": 0.1852}, "mean-min": {"dba": 0.1601}}, "1010": {"min-min": {"dba": 0.16}, "min-mean": {"dba": 0.2103}, "mean-mean": {"dba": 0.2979}, "mean-min": {"dba": 0.2872}}, "1011": {"min-min": {"dba": 0.0411}, "min-mean": {"dba": 0.1298}, "mean-mean": {"dba": 0.2427}, "mean-min": {"dba": 0.205}}, "1012": {"min-min": {"dba": 0.1969}, "min-mean": {"dba": 0.2947}, "mean-mean": {"dba": 0.3784}, "mean-min": {"dba": 0.3292}}, "1013": {"min-min": {"dba": 0.1123}, "min-mean": {"dba": 0.1567}, "mean-mean": {"dba": 0.2467}, "mean-min": {"dba": 0.2421}}, "1014": {"min-min": {"dba": 0.1964}, "min-mean": {"dba": 0.2709}, "mean-mean": {"dba": 0.4058}, "mean-min": {"dba": 0.3737}}, "1015": {"min-min": {"dba": 0.0865}, "min-mean": {"dba": 0.1577}, "mean-mean": {"dba": 0.2632}, "mean-min": {"dba": 0.2465}}}, "1008": {"1001": {"min-min": {"dba": 0.0089}, "min-mean": {"dba": 0.063}, "mean-mean": {"dba": 0.1668}, "mean-min": {"dba": 0.1585}}, "1002": {"min-min": {"dba": 0.0436}, "min-mean": {"dba": 0.1722}, "mean-mean": {"dba": 0.2943}, "mean-min": {"dba": 0.2276}}, "1003": {"min-min": {"dba": 0.0199}, "min-mean": {"dba": 0.0992}, "mean-mean": {"dba": 0.2186}, "mean-min": {"dba": 0.1991}}, "1004": {"min-min": {"dba": 0.1053}, "min-mean": {"dba": 0.1535}, "mean-mean": {"dba": 0.2622}, "mean-min": {"dba": 0.2447}}, "1005": {"min-min": {"dba": 0.1875}, "min-mean": {"dba": 0.23}, "mean-mean": {"dba": 0.3417}, "mean-min": {"dba": 0.3149}}, "1006": {"min-min": {"dba": 0.0936}, "min-mean": {"dba": 0.1634}, "mean-mean": {"dba": 0.2805}, "mean-min": {"dba": 0.2744}}, "1007": {"min-min": {"dba": 0.0122}, "min-mean": {"dba": 0.0614}, "mean-mean": {"dba": 0.1788}, "mean-min": {"dba": 0.1532}}, "1008": {"min-min": {"dba": 0.0166}, "min-mean": {"dba": 0.083}, "mean-mean": {"dba": 0.2044}, "mean-min": {"dba": 0.2034}}, "1009": {"min-min": {"dba": 0.0566}, "min-mean": {"dba": 0.1354}, "mean-mean": {"dba": 0.2221}, "mean-min": {"dba": 0.1859}}, "1010": {"min-min": {"dba": 0.0709}, "min-mean": {"dba": 0.1457}, "mean-mean": {"dba": 0.2341}, "mean-min": {"dba": 0.2081}}, "1011": {"min-min": {"dba": 0.0283}, "min-mean": {"dba": 0.1228}, "mean-mean": {"dba": 0.2412}, "mean-min": {"dba": 0.2055}}, "1012": {"min-min": {"dba": 0.0852}, "min-mean": {"dba": 0.185}, "mean-mean": {"dba": 0.2873}, "mean-min": {"dba": 0.2456}}, "1013": {"min-min": {"dba": 0.015}, "min-mean": {"dba": 0.0748}, "mean-mean": {"dba": 0.195}, "mean-min": {"dba": 0.1901}}, "1014": {"min-min": {"dba": 0.1236}, "min-mean": {"dba": 0.1734}, "mean-mean": {"dba": 0.3029}, "mean-min": {"dba": 0.2657}}, "1015": {"min-min": {"dba": 0.0607}, "min-mean": {"dba": 0.1065}, "mean-mean": {"dba": 0.1882}, "mean-min": {"dba": 0.1823}}}, "1009": {"1001": {"min-min": {"dba": 0.062}, "min-mean": {"dba": 0.1516}, "mean-mean": {"dba": 0.2524}, "mean-min": {"dba": 0.2297}}, "1002": {"min-min": {"dba": 0.083}, "min-mean": {"dba": 0.2186}, "mean-mean": {"dba": 0.3748}, "mean-min": {"dba": 0.2974}}, "1003": {"min-min": {"dba": 0.037}, "min-mean": {"dba": 0.1298}, "mean-mean": {"dba": 0.2209}, "mean-min": {"dba": 0.201}}, "1004": {"min-min": {"dba": 0.1498}, "min-mean": {"dba": 0.1741}, "mean-mean": {"dba": 0.3084}, "mean-min": {"dba": 0.1862}}, "1005": {"min-min": {"dba": 0.1126}, "min-mean": {"dba": 0.1855}, "mean-mean": {"dba": 0.2907}, "mean-min": {"dba": 0.2536}}, "1006": {"min-min": {"dba": 0.1482}, "min-mean": {"dba": 0.2076}, "mean-mean": {"dba": 0.3413}, "mean-min": {"dba": 0.2638}}, "1007": {"min-min": {"dba": 0.0436}, "min-mean": {"dba": 0.1417}, "mean-mean": {"dba": 0.246}, "mean-min": {"dba": 0.2041}}, "1008": {"min-min": {"dba": 0.0296}, "min-mean": {"dba": 0.1048}, "mean-mean": {"dba": 0.2316}, "mean-min": {"dba": 0.1933}}, "1009": {"min-min": {"dba": 0.0285}, "min-mean": {"dba": 0.1016}, "mean-mean": {"dba": 0.1907}, "mean-min": {"dba": 0.182}}, "1010": {"min-min": {"dba": 0.13}, "min-mean": {"dba": 0.1688}, "mean-mean": {"dba": 0.2793}, "mean-min": {"dba": 0.2038}}, "1011": {"min-min": {"dba": 0.0186}, "min-mean": {"dba": 0.1467}, "mean-mean": {"dba": 0.2517}, "mean-min": {"dba": 0.213}}, "1012": {"min-min": {"dba": 0.1459}, "min-mean": {"dba": 0.2693}, "mean-mean": {"dba": 0.3854}, "mean-min": {"dba": 0.3235}}, "1013": {"min-min": {"dba": 0.0393}, "min-mean": {"dba": 0.1253}, "mean-mean": {"dba": 0.2469}, "mean-min": {"dba": 0.237}}, "1014": {"min-min": {"dba": 0.1526}, "min-mean": {"dba": 0.2742}, "mean-mean": {"dba": 0.4226}, "mean-min": {"dba": 0.3965}}, "1015": {"min-min": {"dba": 0.1163}, "min-mean": {"dba": 0.1683}, "mean-mean": {"dba": 0.2653}, "mean-min": {"dba": 0.2298}}}, "1010": {"1001": {"min-min": {"dba": 0.0977}, "min-mean": {"dba": 0.1117}, "mean-mean": {"dba": 0.2029}, "mean-min": {"dba": 0.1396}}, "1002": {"min-min": {"dba": 0.0911}, "min-mean": {"dba": 0.1667}, "mean-mean": {"dba": 0.2486}, "mean-min": {"dba": 0.2159}}, "1003": {"min-min": {"dba": 0.0887}, "min-mean": {"dba": 0.1862}, "mean-mean": {"dba": 0.2883}, "mean-min": {"dba": 0.2634}}, "1004": {"min-min": {"dba": 0.072}, "min-mean": {"dba": 0.1522}, "mean-mean": {"dba": 0.2465}, "mean-min": {"dba": 0.202}}, "1005": {"min-min": {"dba": 0.209}, "min-mean": {"dba": 0.3069}, "mean-mean": {"dba": 0.4686}, "mean-min": {"dba": 0.4372}}, "1006": {"min-min": {"dba": 0.0526}, "min-mean": {"dba": 0.1243}, "mean-mean": {"dba": 0.2374}, "mean-min": {"dba": 0.2143}}, "1007": {"min-min": {"dba": 0.096}, "min-mean": {"dba": 0.096}, "mean-mean": {"dba": 0.219}, "mean-min": {"dba": 0.096}}, "1008": {"min-min": {"dba": 0.0968}, "min-mean": {"dba": 0.1712}, "mean-mean": {"dba": 0.2676}, "mean-min": {"dba": 0.2446}}, "1009": {"min-min": {"dba": 0.1251}, "min-mean": {"dba": 0.2638}, "mean-mean": {"dba": 0.3548}, "mean-min": {"dba": 0.2706}}, "1010": {"min-min": {"dba": 0.061}, "min-mean": {"dba": 0.1633}, "mean-mean": {"dba": 0.2512}, "mean-min": {"dba": 0.1877}}, "1011": {"min-min": {"dba": 0.1347}, "min-mean": {"dba": 0.2128}, "mean-mean": {"dba": 0.3063}, "mean-min": {"dba": 0.2694}}, "1012": {"min-min": {"dba": 0.069}, "min-mean": {"dba": 0.1321}, "mean-mean": {"dba": 0.2231}, "mean-min": {"dba": 0.2019}}, "1013": {"min-min": {"dba": 0.1084}, "min-mean": {"dba": 0.1732}, "mean-mean": {"dba": 0.2708}, "mean-min": {"dba": 0.2388}}, "1014": {"min-min": {"dba": 0.0617}, "min-mean": {"dba": 0.1173}, "mean-mean": {"dba": 0.2224}, "mean-min": {"dba": 0.1965}}, "1015": {"min-min": {"dba": 0.0695}, "min-mean": {"dba": 0.1225}, "mean-mean": {"dba": 0.2054}, "mean-min": {"dba": 0.1934}}}, "1011": {"1001": {"min-min": {"dba": 0.0753}, "min-mean": {"dba": 0.1536}, "mean-mean": {"dba": 0.2716}, "mean-min": {"dba": 0.2466}}, "1002": {"min-min": {"dba": 0.1146}, "min-mean": {"dba": 0.2431}, "mean-mean": {"dba": 0.3848}, "mean-min": {"dba": 0.3167}}, "1003": {"min-min": {"dba": 0.0578}, "min-mean": {"dba": 0.1768}, "mean-mean": {"dba": 0.2728}, "mean-min": {"dba": 0.2128}}, "1004": {"min-min": {"dba": 0.1693}, "min-mean": {"dba": 0.2412}, "mean-mean": {"dba": 0.3661}, "mean-min": {"dba": 0.3101}}, "1005": {"min-min": {"dba": 0.1288}, "min-mean": {"dba": 0.2079}, "mean-mean": {"dba": 0.2958}, "mean-min": {"dba": 0.246}}, "1006": {"min-min": {"dba": 0.1469}, "min-mean": {"dba": 0.2398}, "mean-mean": {"dba": 0.3788}, "mean-min": {"dba": 0.3298}}, "1007": {"min-min": {"dba": 0.0464}, "min-mean": {"dba": 0.1709}, "mean-mean": {"dba": 0.2711}, "mean-min": {"dba": 0.2154}}, "1008": {"min-min": {"dba": 0.0541}, "min-mean": {"dba": 0.1684}, "mean-mean": {"dba": 0.2896}, "mean-min": {"dba": 0.2546}}, "1009": {"min-min": {"dba": 0.0353}, "min-mean": {"dba": 0.1424}, "mean-mean": {"dba": 0.2256}, "mean-min": {"dba": 0.1865}}, "1010": {"min-min": {"dba": 0.139}, "min-mean": {"dba": 0.2358}, "mean-mean": {"dba": 0.3429}, "mean-min": {"dba": 0.3079}}, "1011": {"min-min": {"dba": 0.0328}, "min-mean": {"dba": 0.1511}, "mean-mean": {"dba": 0.2595}, "mean-min": {"dba": 0.2222}}, "1012": {"min-min": {"dba": 0.1595}, "min-mean": {"dba": 0.3076}, "mean-mean": {"dba": 0.4049}, "mean-min": {"dba": 0.3434}}, "1013": {"min-min": {"dba": 0.0441}, "min-mean": {"dba": 0.1862}, "mean-mean": {"dba": 0.3057}, "mean-min": {"dba": 0.2545}}, "1014": {"min-min": {"dba": 0.1771}, "min-mean": {"dba": 0.2811}, "mean-mean": {"dba": 0.4332}, "mean-min": {"dba": 0.3887}}, "1015": {"min-min": {"dba": 0.1182}, "min-mean": {"dba": 0.1814}, "mean-mean": {"dba": 0.2752}, "mean-min": {"dba": 0.2176}}}, "1012": {"1001": {"min-min": {"dba": 0.1224}, "min-mean": {"dba": 0.1699}, "mean-mean": {"dba": 0.282}, "mean-min": {"dba": 0.2361}}, "1002": {"min-min": {"dba": 0.0899}, "min-mean": {"dba": 0.1629}, "mean-mean": {"dba": 0.2757}, "mean-min": {"dba": 0.2495}}, "1003": {"min-min": {"dba": 0.1315}, "min-mean": {"dba": 0.2381}, "mean-mean": {"dba": 0.3606}, "mean-min": {"dba": 0.319}}, "1004": {"min-min": {"dba": 0.066}, "min-mean": {"dba": 0.1646}, "mean-mean": {"dba": 0.2703}, "mean-min": {"dba": 0.2156}}, "1005": {"min-min": {"dba": 0.3381}, "min-mean": {"dba": 0.3881}, "mean-mean": {"dba": 0.546}, "mean-min": {"dba": 0.4787}}, "1006": {"min-min": {"dba": 0.0542}, "min-mean": {"dba": 0.1489}, "mean-mean": {"dba": 0.2615}, "mean-min": {"dba": 0.2138}}, "1007": {"min-min": {"dba": 0.1518}, "min-mean": {"dba": 0.1518}, "mean-mean": {"dba": 0.2926}, "mean-min": {"dba": 0.1518}}, "1008": {"min-min": {"dba": 0.1316}, "min-mean": {"dba": 0.1986}, "mean-mean": {"dba": 0.3286}, "mean-min": {"dba": 0.3222}}, "1009": {"min-min": {"dba": 0.237}, "min-mean": {"dba": 0.3431}, "mean-mean": {"dba": 0.4387}, "mean-min": {"dba": 0.3901}}, "1010": {"min-min": {"dba": 0.0496}, "min-mean": {"dba": 0.1674}, "mean-mean": {"dba": 0.2863}, "mean-min": {"dba": 0.2139}}, "1011": {"min-min": {"dba": 0.1817}, "min-mean": {"dba": 0.277}, "mean-mean": {"dba": 0.3969}, "mean-min": {"dba": 0.3773}}, "1012": {"min-min": {"dba": 0.0299}, "min-mean": {"dba": 0.1108}, "mean-mean": {"dba": 0.2392}, "mean-min": {"dba": 0.2097}}, "1013": {"min-min": {"dba": 0.1507}, "min-mean": {"dba": 0.2106}, "mean-mean": {"dba": 0.3222}, "mean-min": {"dba": 0.3159}}, "1014": {"min-min": {"dba": 0.0301}, "min-mean": {"dba": 0.0944}, "mean-mean": {"dba": 0.1962}, "mean-min": {"dba": 0.165}}, "1015": {"min-min": {"dba": 0.0975}, "min-mean": {"dba": 0.1732}, "mean-mean": {"dba": 0.2576}, "mean-min": {"dba": 0.2402}}}, "1013": {"1001": {"min-min": {"dba": 0.0054}, "min-mean": {"dba": 0.0552}, "mean-mean": {"dba": 0.1637}, "mean-min": {"dba": 0.1459}}, "1002": {"min-min": {"dba": 0.0447}, "min-mean": {"dba": 0.174}, "mean-mean": {"dba": 0.297}, "mean-min": {"dba": 0.23}}, "1003": {"min-min": {"dba": 0.0165}, "min-mean": {"dba": 0.1027}, "mean-mean": {"dba": 0.2236}, "mean-min": {"dba": 0.2015}}, "1004": {"min-min": {"dba": 0.1093}, "min-mean": {"dba": 0.1557}, "mean-mean": {"dba": 0.2647}, "mean-min": {"dba": 0.2469}}, "1005": {"min-min": {"dba": 0.1846}, "min-mean": {"dba": 0.2343}, "mean-mean": {"dba": 0.3496}, "mean-min": {"dba": 0.3338}}, "1006": {"min-min": {"dba": 0.0987}, "min-mean": {"dba": 0.1628}, "mean-mean": {"dba": 0.2818}, "mean-min": {"dba": 0.2774}}, "1007": {"min-min": {"dba": 0.0076}, "min-mean": {"dba": 0.0559}, "mean-mean": {"dba": 0.1801}, "mean-min": {"dba": 0.1526}}, "1008": {"min-min": {"dba": 0.0149}, "min-mean": {"dba": 0.0824}, "mean-mean": {"dba": 0.2107}, "mean-min": {"dba": 0.2073}}, "1009": {"min-min": {"dba": 0.0655}, "min-mean": {"dba": 0.1482}, "mean-mean": {"dba": 0.2301}, "mean-min": {"dba": 0.1881}}, "1010": {"min-min": {"dba": 0.0869}, "min-mean": {"dba": 0.1577}, "mean-mean": {"dba": 0.2405}, "mean-min": {"dba": 0.212}}, "1011": {"min-min": {"dba": 0.0274}, "min-mean": {"dba": 0.1214}, "mean-mean": {"dba": 0.2408}, "mean-min": {"dba": 0.2061}}, "1012": {"min-min": {"dba": 0.0971}, "min-mean": {"dba": 0.1893}, "mean-mean": {"dba": 0.2901}, "mean-min": {"dba": 0.2483}}, "1013": {"min-min": {"dba": 0.0061}, "min-mean": {"dba": 0.0732}, "mean-mean": {"dba": 0.2028}, "mean-min": {"dba": 0.1996}}, "1014": {"min-min": {"dba": 0.1293}, "min-mean": {"dba": 0.1773}, "mean-mean": {"dba": 0.3052}, "mean-min": {"dba": 0.2733}}, "1015": {"min-min": {"dba": 0.065}, "min-mean": {"dba": 0.1042}, "mean-mean": {"dba": 0.19}, "mean-min": {"dba": 0.1789}}}, "1014": {"1001": {"min-min": {"dba": 0.1694}, "min-mean": {"dba": 0.2346}, "mean-mean": {"dba": 0.324}, "mean-min": {"dba": 0.3113}}, "1002": {"min-min": {"dba": 0.0985}, "min-mean": {"dba": 0.2021}, "mean-mean": {"dba": 0.3108}, "mean-min": {"dba": 0.2735}}, "1003": {"min-min": {"dba": 0.2683}, "min-mean": {"dba": 0.3158}, "mean-mean": {"dba": 0.408}, "mean-min": {"dba": 0.383}}, "1004": {"min-min": {"dba": 0.0713}, "min-mean": {"dba": 0.1976}, "mean-mean": {"dba": 0.3011}, "mean-min": {"dba": 0.2379}}, "1005": {"min-min": {"dba": 0.4216}, "min-mean": {"dba": 0.4632}, "mean-mean": {"dba": 0.5839}, "mean-min": {"dba": 0.512}}, "1006": {"min-min": {"dba": 0.0095}, "min-mean": {"dba": 0.1617}, "mean-mean": {"dba": 0.2883}, "mean-min": {"dba": 0.2238}}, "1007": {"min-min": {"dba": 0.2053}, "min-mean": {"dba": 0.2177}, "mean-mean": {"dba": 0.3458}, "mean-min": {"dba": 0.2404}}, "1008": {"min-min": {"dba": 0.139}, "min-mean": {"dba": 0.2206}, "mean-mean": {"dba": 0.3727}, "mean-min": {"dba": 0.3608}}, "1009": {"min-min": {"dba": 0.3038}, "min-mean": {"dba": 0.4027}, "mean-mean": {"dba": 0.4808}, "mean-min": {"dba": 0.425}}, "1010": {"min-min": {"dba": 0.0176}, "min-mean": {"dba": 0.1852}, "mean-mean": {"dba": 0.3207}, "mean-min": {"dba": 0.2411}}, "1011": {"min-min": {"dba": 0.2382}, "min-mean": {"dba": 0.3273}, "mean-mean": {"dba": 0.4451}, "mean-min": {"dba": 0.405}}, "1012": {"min-min": {"dba": 0.0264}, "min-mean": {"dba": 0.1518}, "mean-mean": {"dba": 0.2789}, "mean-min": {"dba": 0.2342}}, "1013": {"min-min": {"dba": 0.1906}, "min-mean": {"dba": 0.2563}, "mean-mean": {"dba": 0.352}, "mean-min": {"dba": 0.3396}}, "1014": {"min-min": {"dba": 0.0088}, "min-mean": {"dba": 0.0968}, "mean-mean": {"dba": 0.2033}, "mean-min": {"dba": 0.1747}}, "1015": {"min-min": {"dba": 0.1363}, "min-mean": {"dba": 0.213}, "mean-mean": {"dba": 0.3037}, "mean-min": {"dba": 0.2636}}}, "1015": {"1001": {"min-min": {"dba": 0.0307}, "min-mean": {"dba": 0.0828}, "mean-mean": {"dba": 0.1824}, "mean-min": {"dba": 0.1664}}, "1002": {"min-min": {"dba": 0.014}, "min-mean": {"dba": 0.1319}, "mean-mean": {"dba": 0.2471}, "mean-min": {"dba": 0.1889}}, "1003": {"min-min": {"dba": 0.0978}, "min-mean": {"dba": 0.1545}, "mean-mean": {"dba": 0.2615}, "mean-min": {"dba": 0.2572}}, "1004": {"min-min": {"dba": 0.0332}, "min-mean": {"dba": 0.1085}, "mean-mean": {"dba": 0.2232}, "mean-min": {"dba": 0.2041}}, "1005": {"min-min": {"dba": 0.2662}, "min-mean": {"dba": 0.2964}, "mean-mean": {"dba": 0.413}, "mean-min": {"dba": 0.3507}}, "1006": {"min-min": {"dba": 0.009}, "min-mean": {"dba": 0.1144}, "mean-mean": {"dba": 0.2427}, "mean-min": {"dba": 0.2122}}, "1007": {"min-min": {"dba": 0.098}, "min-mean": {"dba": 0.098}, "mean-mean": {"dba": 0.1948}, "mean-min": {"dba": 0.098}}, "1008": {"min-min": {"dba": 0.0612}, "min-mean": {"dba": 0.1178}, "mean-mean": {"dba": 0.2291}, "mean-min": {"dba": 0.2221}}, "1009": {"min-min": {"dba": 0.1135}, "min-mean": {"dba": 0.1959}, "mean-mean": {"dba": 0.2952}, "mean-min": {"dba": 0.2592}}, "1010": {"min-min": {"dba": 0.0148}, "min-mean": {"dba": 0.1185}, "mean-mean": {"dba": 0.2136}, "mean-min": {"dba": 0.1621}}, "1011": {"min-min": {"dba": 0.1249}, "min-mean": {"dba": 0.206}, "mean-mean": {"dba": 0.2983}, "mean-min": {"dba": 0.2624}}, "1012": {"min-min": {"dba": 0.0348}, "min-mean": {"dba": 0.132}, "mean-mean": {"dba": 0.2327}, "mean-min": {"dba": 0.1891}}, "1013": {"min-min": {"dba": 0.0629}, "min-mean": {"dba": 0.1229}, "mean-mean": {"dba": 0.2206}, "mean-min": {"dba": 0.2195}}, "1014": {"min-min": {"dba": 0.1017}, "min-mean": {"dba": 0.1376}, "mean-mean": {"dba": 0.2276}, "mean-min": {"dba": 0.2093}}, "1015": {"min-min": {"dba": 0.0264}, "min-mean": {"dba": 0.0832}, "mean-mean": {"dba": 0.1735}, "mean-min": {"dba": 0.1593}}}}