{"1001": {"1001": {"min-min": {"dba": 0.0232}, "min-mean": {"dba": 0.1427}, "mean-mean": {"dba": 0.2479}, "mean-min": {"dba": 0.2056}}, "1002": {"min-min": {"dba": 0.0096}, "min-mean": {"dba": 0.1657}, "mean-mean": {"dba": 0.2558}, "mean-min": {"dba": 0.1937}}, "1003": {"min-min": {"dba": 0.0831}, "min-mean": {"dba": 0.1982}, "mean-mean": {"dba": 0.3013}, "mean-min": {"dba": 0.2614}}, "1004": {"min-min": {"dba": 0.0113}, "min-mean": {"dba": 0.1477}, "mean-mean": {"dba": 0.2385}, "mean-min": {"dba": 0.1959}}, "1005": {"min-min": {"dba": 0.192}, "min-mean": {"dba": 0.2448}, "mean-mean": {"dba": 0.3956}, "mean-min": {"dba": 0.2917}}, "1006": {"min-min": {"dba": 0.0104}, "min-mean": {"dba": 0.145}, "mean-mean": {"dba": 0.2398}, "mean-min": {"dba": 0.1947}}, "1007": {"min-min": {"dba": 0.0393}, "min-mean": {"dba": 0.1084}, "mean-mean": {"dba": 0.2563}, "mean-min": {"dba": 0.2129}}, "1008": {"min-min": {"dba": 0.0119}, "min-mean": {"dba": 0.1675}, "mean-mean": {"dba": 0.2832}, "mean-min": {"dba": 0.2409}}, "1009": {"min-min": {"dba": 0.1148}, "min-mean": {"dba": 0.2516}, "mean-mean": {"dba": 0.3402}, "mean-min": {"dba": 0.2733}}, "1010": {"min-min": {"dba": 0.0066}, "min-mean": {"dba": 0.1675}, "mean-mean": {"dba": 0.2634}, "mean-min": {"dba": 0.1756}}, "1011": {"min-min": {"dba": 0.063}, "min-mean": {"dba": 0.2125}, "mean-mean": {"dba": 0.3398}, "mean-min": {"dba": 0.2672}}, "1012": {"min-min": {"dba": 0.0107}, "min-mean": {"dba": 0.1078}, "mean-mean": {"dba": 0.1906}, "mean-min": {"dba": 0.1608}}, "1013": {"min-min": {"dba": 0.0305}, "min-mean": {"dba": 0.1432}, "mean-mean": {"dba": 0.256}, "mean-min": {"dba": 0.2261}}, "1014": {"min-min": {"dba": 0.0502}, "min-mean": {"dba": 0.1306}, "mean-mean": {"dba": 0.2054}, "mean-min": {"dba": 0.2003}}, "1015": {"min-min": {"dba": 0.0122}, "min-mean": {"dba": 0.1638}, "mean-mean": {"dba": 0.248}, "mean-min": {"dba": 0.1836}}}, "1002": {"1001": {"min-min": {"dba": 0.0205}, "min-mean": {"dba": 0.0416}, "mean-mean": {"dba": 0.1369}, "mean-min": {"dba": 0.0839}}, "1002": {"min-min": {"dba": 0.0233}, "min-mean": {"dba": 0.1237}, "mean-mean": {"dba": 0.2285}, "mean-min": {"dba": 0.156}}, "1003": {"min-min": {"dba": 0.0687}, "min-mean": {"dba": 0.1383}, "mean-mean": {"dba": 0.2281}, "mean-min": {"dba": 0.1943}}, "1004": {"min-min": {"dba": 0.0238}, "min-mean": {"dba": 0.1023}, "mean-mean": {"dba": 0.2204}, "mean-min": {"dba": 0.1699}}, "1005": {"min-min": {"dba": 0.1501}, "min-mean": {"dba": 0.1922}, "mean-mean": {"dba": 0.3133}, "mean-min": {"dba": 0.2764}}, "1006": {"min-min": {"dba": 0.0234}, "min-mean": {"dba": 0.093}, "mean-mean": {"dba": 0.2164}, "mean-min": {"dba": 0.1734}}, "1007": {"min-min": {"dba": 0.0533}, "min-mean": {"dba": 0.0613}, "mean-mean": {"dba": 0.157}, "mean-min": {"dba": 0.0772}}, "1008": {"min-min": {"dba": 0.0322}, "min-mean": {"dba": 0.1045}, "mean-mean": {"dba": 0.2125}, "mean-min": {"dba": 0.1797}}, "1009": {"min-min": {"dba": 0.092}, "min-mean": {"dba": 0.1744}, "mean-mean": {"dba": 0.2482}, "mean-min": {"dba": 0.1916}}, "1010": {"min-min": {"dba": 0.0173}, "min-mean": {"dba": 0.1251}, "mean-mean": {"dba": 0.2261}, "mean-min": {"dba": 0.1322}}, "1011": {"min-min": {"dba": 0.0684}, "min-mean": {"dba": 0.1341}, "mean-mean": {"dba": 0.228}, "mean-min": {"dba": 0.1981}}, "1012": {"min-min": {"dba": 0.0259}, "min-mean": {"dba": 0.086}, "mean-mean": {"dba": 0.1987}, "mean-min": {"dba": 0.1653}}, "1013": {"min-min": {"dba": 0.0282}, "min-mean": {"dba": 0.0953}, "mean-mean": {"dba": 0.1998}, "mean-min": {"dba": 0.1659}}, "1014": {"min-min": {"dba": 0.0571}, "min-mean": {"dba": 0.11}, "mean-mean": {"dba": 0.2314}, "mean-min": {"dba": 0.2032}}, "1015": {"min-min": {"dba": 0.0259}, "min-mean": {"dba": 0.0684}, "mean-mean": {"dba": 0.1579}, "mean-min": {"dba": 0.1313}}}, "1003": {"1001": {"min-min": {"dba": 0.0558}, "min-mean": {"dba": 0.0723}, "mean-mean": {"dba": 0.1394}, "mean-min": {"dba": 0.1052}}, "1002": {"min-min": {"dba": 0.0526}, "min-mean": {"dba": 0.1724}, "mean-mean": {"dba": 0.2679}, "mean-min": {"dba": 0.1874}}, "1003": {"min-min": {"dba": 0.0245}, "min-mean": {"dba": 0.0789}, "mean-mean": {"dba": 0.1755}, "mean-min": {"dba": 0.1583}}, "1004": {"min-min": {"dba": 0.059}, "min-mean": {"dba": 0.1166}, "mean-mean": {"dba": 0.2282}, "mean-min": {"dba": 0.2216}}, "1005": {"min-min": {"dba": 0.0879}, "min-mean": {"dba": 0.1406}, "mean-mean": {"dba": 0.2726}, "mean-min": {"dba": 0.2231}}, "1006": {"min-min": {"dba": 0.0723}, "min-mean": {"dba": 0.1312}, "mean-mean": {"dba": 0.2372}, "mean-min": {"dba": 0.2279}}, "1007": {"min-min": {"dba": 0.0141}, "min-mean": {"dba": 0.0379}, "mean-mean": {"dba": 0.1351}, "mean-min": {"dba": 0.0638}}, "1008": {"min-min": {"dba": 0.0227}, "min-mean": {"dba": 0.067}, "mean-mean": {"dba": 0.1706}, "mean-min": {"dba": 0.1557}}, "1009": {"min-min": {"dba": 0.0145}, "min-mean": {"dba": 0.0843}, "mean-mean": {"dba": 0.1852}, "mean-min": {"dba": 0.1524}}, "1010": {"min-min": {"dba": 0.0397}, "min-mean": {"dba": 0.1052}, "mean-mean": {"dba": 0.2027}, "mean-min": {"dba": 0.1756}}, "1011": {"min-min": {"dba": 0.0355}, "min-mean": {"dba": 0.0895}, "mean-mean": {"dba": 0.186}, "mean-min": {"dba": 0.1698}}, "1012": {"min-min": {"dba": 0.09}, "min-mean": {"dba": 0.1324}, "mean-mean": {"dba": 0.2155}, "mean-min": {"dba": 0.2094}}, "1013": {"min-min": {"dba": 0.0461}, "min-mean": {"dba": 0.0832}, "mean-mean": {"dba": 0.1667}, "mean-min": {"dba": 0.1574}}, "1014": {"min-min": {"dba": 0.0715}, "min-mean": {"dba": 0.1252}, "mean-mean": {"dba": 0.2536}, "mean-min": {"dba": 0.2327}}, "1015": {"min-min": {"dba": 0.0443}, "min-mean": {"dba": 0.1004}, "mean-mean": {"dba": 0.1864}, "mean-min": {"dba": 0.1642}}}, "1004": {"1001": {"min-min": {"dba": 0.0899}, "min-mean": {"dba": 0.1535}, "mean-mean": {"dba": 0.2443}, "mean-min": {"dba": 0.2329}}, "1002": {"min-min": {"dba": 0.0137}, "min-mean": {"dba": 0.1045}, "mean-mean": {"dba": 0.2268}, "mean-min": {"dba": 0.1941}}, "1003": {"min-min": {"dba": 0.1697}, "min-mean": {"dba": 0.2306}, "mean-mean": {"dba": 0.3218}, "mean-min": {"dba": 0.3029}}, "1004": {"min-min": {"dba": 0.0211}, "min-mean": {"dba": 0.1362}, "mean-mean": {"dba": 0.2378}, "mean-min": {"dba": 0.1714}}, "1005": {"min-min": {"dba": 0.2778}, "min-mean": {"dba": 0.2943}, "mean-mean": {"dba": 0.4252}, "mean-min": {"dba": 0.3273}}, "1006": {"min-min": {"dba": 0.0151}, "min-mean": {"dba": 0.1313}, "mean-mean": {"dba": 0.2266}, "mean-min": {"dba": 0.1604}}, "1007": {"min-min": {"dba": 0.1539}, "min-mean": {"dba": 0.1631}, "mean-mean": {"dba": 0.2558}, "mean-min": {"dba": 0.1804}}, "1008": {"min-min": {"dba": 0.0879}, "min-mean": {"dba": 0.1712}, "mean-mean": {"dba": 0.2972}, "mean-min": {"dba": 0.2735}}, "1009": {"min-min": {"dba": 0.1995}, "min-mean": {"dba": 0.2874}, "mean-mean": {"dba": 0.3647}, "mean-min": {"dba": 0.3164}}, "1010": {"min-min": {"dba": 0.0171}, "min-mean": {"dba": 0.1526}, "mean-mean": {"dba": 0.2547}, "mean-min": {"dba": 0.168}}, "1011": {"min-min": {"dba": 0.1106}, "min-mean": {"dba": 0.2163}, "mean-mean": {"dba": 0.3446}, "mean-min": {"dba": 0.3048}}, "1012": {"min-min": {"dba": 0.0136}, "min-mean": {"dba": 0.0903}, "mean-mean": {"dba": 0.1865}, "mean-min": {"dba": 0.1617}}, "1013": {"min-min": {"dba": 0.1156}, "min-mean": {"dba": 0.1676}, "mean-mean": {"dba": 0.2641}, "mean-min": {"dba": 0.2569}}, "1014": {"min-min": {"dba": 0.0077}, "min-mean": {"dba": 0.0766}, "mean-mean": {"dba": 0.1514}, "mean-min": {"dba": 0.1288}}, "1015": {"min-min": {"dba": 0.0854}, "min-mean": {"dba": 0.1532}, "mean-mean": {"dba": 0.2197}, "mean-min": {"dba": 0.1928}}}, "1005": {"1001": {"min-min": {"dba": 0.1666}, "min-mean": {"dba": 0.2046}, "mean-mean": {"dba": 0.3363}, "mean-min": {"dba": 0.2805}}, "1002": {"min-min": {"dba": 0.2344}, "min-mean": {"dba": 0.36}, "mean-mean": {"dba": 0.4975}, "mean-min": {"dba": 0.4304}}, "1003": {"min-min": {"dba": 0.1548}, "min-mean": {"dba": 0.2092}, "mean-mean": {"dba": 0.313}, "mean-min": {"dba": 0.3005}}, "1004": {"min-min": {"dba": 0.2835}, "min-mean": {"dba": 0.301}, "mean-mean": {"dba": 0.4364}, "mean-min": {"dba": 0.3361}}, "1005": {"min-min": {"dba": 0.0116}, "min-mean": {"dba": 0.1437}, "mean-mean": {"dba": 0.2512}, "mean-min": {"dba": 0.1634}}, "1006": {"min-min": {"dba": 0.2977}, "min-mean": {"dba": 0.3139}, "mean-mean": {"dba": 0.4411}, "mean-min": {"dba": 0.3464}}, "1007": {"min-min": {"dba": 0.1531}, "min-mean": {"dba": 0.2185}, "mean-mean": {"dba": 0.327}, "mean-min": {"dba": 0.3052}}, "1008": {"min-min": {"dba": 0.1518}, "min-mean": {"dba": 0.2062}, "mean-mean": {"dba": 0.3383}, "mean-min": {"dba": 0.2993}}, "1009": {"min-min": {"dba": 0.1074}, "min-mean": {"dba": 0.1489}, "mean-mean": {"dba": 0.2597}, "mean-min": {"dba": 0.2319}}, "1010": {"min-min": {"dba": 0.2497}, "min-mean": {"dba": 0.2726}, "mean-mean": {"dba": 0.3963}, "mean-min": {"dba": 0.3077}}, "1011": {"min-min": {"dba": 0.0746}, "min-mean": {"dba": 0.0987}, "mean-mean": {"dba": 0.2421}, "mean-min": {"dba": 0.1107}}, "1012": {"min-min": {"dba": 0.2982}, "min-mean": {"dba": 0.3589}, "mean-mean": {"dba": 0.4744}, "mean-min": {"dba": 0.4606}}, "1013": {"min-min": {"dba": 0.1411}, "min-mean": {"dba": 0.2201}, "mean-mean": {"dba": 0.3669}, "mean-min": {"dba": 0.3514}}, "1014": {"min-min": {"dba": 0.3565}, "min-mean": {"dba": 0.4102}, "mean-mean": {"dba": 0.536}, "mean-min": {"dba": 0.5106}}, "1015": {"min-min": {"dba": 0.2659}, "min-mean": {"dba": 0.2966}, "mean-mean": {"dba": 0.3943}, "mean-min": {"dba": 0.358}}}, "1006": {"1001": {"min-min": {"dba": 0.1019}, "min-mean": {"dba": 0.1296}, "mean-mean": {"dba": 0.2091}, "mean-min": {"dba": 0.1849}}, "1002": {"min-min": {"dba": 0.0489}, "min-mean": {"dba": 0.1207}, "mean-mean": {"dba": 0.2173}, "mean-min": {"dba": 0.2033}}, "1003": {"min-min": {"dba": 0.118}, "min-mean": {"dba": 0.198}, "mean-mean": {"dba": 0.2979}, "mean-min": {"dba": 0.2477}}, "1004": {"min-min": {"dba": 0.0359}, "min-mean": {"dba": 0.0936}, "mean-mean": {"dba": 0.1967}, "mean-min": {"dba": 0.1882}}, "1005": {"min-min": {"dba": 0.2157}, "min-mean": {"dba": 0.2675}, "mean-mean": {"dba": 0.4007}, "mean-min": {"dba": 0.371}}, "1006": {"min-min": {"dba": 0.0321}, "min-mean": {"dba": 0.085}, "mean-mean": {"dba": 0.184}, "mean-min": {"dba": 0.1504}}, "1007": {"min-min": {"dba": 0.1002}, "min-mean": {"dba": 0.1294}, "mean-mean": {"dba": 0.2352}, "mean-min": {"dba": 0.1879}}, "1008": {"min-min": {"dba": 0.0428}, "min-mean": {"dba": 0.1453}, "mean-mean": {"dba": 0.282}, "mean-min": {"dba": 0.2319}}, "1009": {"min-min": {"dba": 0.0781}, "min-mean": {"dba": 0.1645}, "mean-mean": {"dba": 0.2989}, "mean-min": {"dba": 0.2587}}, "1010": {"min-min": {"dba": 0.0295}, "min-mean": {"dba": 0.1874}, "mean-mean": {"dba": 0.2753}, "mean-min": {"dba": 0.1956}}, "1011": {"min-min": {"dba": 0.1162}, "min-mean": {"dba": 0.1902}, "mean-mean": {"dba": 0.2959}, "mean-min": {"dba": 0.2565}}, "1012": {"min-min": {"dba": 0.0407}, "min-mean": {"dba": 0.1043}, "mean-mean": {"dba": 0.1946}, "mean-min": {"dba": 0.1879}}, "1013": {"min-min": {"dba": 0.1223}, "min-mean": {"dba": 0.1818}, "mean-mean": {"dba": 0.2586}, "mean-min": {"dba": 0.2229}}, "1014": {"min-min": {"dba": 0.0291}, "min-mean": {"dba": 0.1139}, "mean-mean": {"dba": 0.2058}, "mean-min": {"dba": 0.1741}}, "1015": {"min-min": {"dba": 0.0621}, "min-mean": {"dba": 0.1156}, "mean-mean": {"dba": 0.2017}, "mean-min": {"dba": 0.1836}}}, "1007": {"1001": {"min-min": {"dba": 0.0898}, "min-mean": {"dba": 0.1053}, "mean-mean": {"dba": 0.1764}, "mean-min": {"dba": 0.1313}}, "1002": {"min-min": {"dba": 0.0978}, "min-mean": {"dba": 0.2242}, "mean-mean": {"dba": 0.334}, "mean-min": {"dba": 0.2469}}, "1003": {"min-min": {"dba": 0.036}, "min-mean": {"dba": 0.091}, "mean-mean": {"dba": 0.1813}, "mean-min": {"dba": 0.1684}}, "1004": {"min-min": {"dba": 0.1143}, "min-mean": {"dba": 0.1816}, "mean-mean": {"dba": 0.2873}, "mean-min": {"dba": 0.2577}}, "1005": {"min-min": {"dba": 0.0673}, "min-mean": {"dba": 0.1391}, "mean-mean": {"dba": 0.2365}, "mean-min": {"dba": 0.1958}}, "1006": {"min-min": {"dba": 0.1138}, "min-mean": {"dba": 0.1788}, "mean-mean": {"dba": 0.2919}, "mean-min": {"dba": 0.2634}}, "1007": {"min-min": {"dba": 0.0173}, "min-mean": {"dba": 0.0774}, "mean-mean": {"dba": 0.1732}, "mean-min": {"dba": 0.169}}, "1008": {"min-min": {"dba": 0.0674}, "min-mean": {"dba": 0.103}, "mean-mean": {"dba": 0.1934}, "mean-min": {"dba": 0.1695}}, "1009": {"min-min": {"dba": 0.0358}, "min-mean": {"dba": 0.0952}, "mean-mean": {"dba": 0.1644}, "mean-min": {"dba": 0.1368}}, "1010": {"min-min": {"dba": 0.1039}, "min-mean": {"dba": 0.156}, "mean-mean": {"dba": 0.2459}, "mean-min": {"dba": 0.2246}}, "1011": {"min-min": {"dba": 0.0171}, "min-mean": {"dba": 0.0324}, "mean-mean": {"dba": 0.1379}, "mean-min": {"dba": 0.063}}, "1012": {"min-min": {"dba": 0.104}, "min-mean": {"dba": 0.2005}, "mean-mean": {"dba": 0.3012}, "mean-min": {"dba": 0.2703}}, "1013": {"min-min": {"dba": 0.0368}, "min-mean": {"dba": 0.1266}, "mean-mean": {"dba": 0.2147}, "mean-min": {"dba": 0.1969}}, "1014": {"min-min": {"dba": 0.1162}, "min-mean": {"dba": 0.2189}, "mean-mean": {"dba": 0.353}, "mean-min": {"dba": 0.3347}}, "1015": {"min-min": {"dba": 0.0562}, "min-mean": {"dba": 0.141}, "mean-mean": {"dba": 0.2353}, "mean-min": {"dba": 0.2181}}}, "1008": {"1001": {"min-min": {"dba": 0.0113}, "min-mean": {"dba": 0.0231}, "mean-mean": {"dba": 0.1014}, "mean-min": {"dba": 0.0372}}, "1002": {"min-min": {"dba": 0.0292}, "min-mean": {"dba": 0.1512}, "mean-mean": {"dba": 0.2515}, "mean-min": {"dba": 0.1851}}, "1003": {"min-min": {"dba": 0.011}, "min-mean": {"dba": 0.0868}, "mean-mean": {"dba": 0.1853}, "mean-min": {"dba": 0.1581}}, "1004": {"min-min": {"dba": 0.0491}, "min-mean": {"dba": 0.114}, "mean-mean": {"dba": 0.2251}, "mean-min": {"dba": 0.2182}}, "1005": {"min-min": {"dba": 0.126}, "min-mean": {"dba": 0.1783}, "mean-mean": {"dba": 0.2821}, "mean-min": {"dba": 0.2788}}, "1006": {"min-min": {"dba": 0.0495}, "min-mean": {"dba": 0.111}, "mean-mean": {"dba": 0.2227}, "mean-min": {"dba": 0.2177}}, "1007": {"min-min": {"dba": 0.0103}, "min-mean": {"dba": 0.0329}, "mean-mean": {"dba": 0.1254}, "mean-min": {"dba": 0.0781}}, "1008": {"min-min": {"dba": 0.0073}, "min-mean": {"dba": 0.0751}, "mean-mean": {"dba": 0.1783}, "mean-min": {"dba": 0.1617}}, "1009": {"min-min": {"dba": 0.0337}, "min-mean": {"dba": 0.1122}, "mean-mean": {"dba": 0.1842}, "mean-min": {"dba": 0.1402}}, "1010": {"min-min": {"dba": 0.0138}, "min-mean": {"dba": 0.1091}, "mean-mean": {"dba": 0.2137}, "mean-min": {"dba": 0.1709}}, "1011": {"min-min": {"dba": 0.0109}, "min-mean": {"dba": 0.0679}, "mean-mean": {"dba": 0.1675}, "mean-min": {"dba": 0.1589}}, "1012": {"min-min": {"dba": 0.062}, "min-mean": {"dba": 0.1283}, "mean-mean": {"dba": 0.2201}, "mean-min": {"dba": 0.2054}}, "1013": {"min-min": {"dba": 0.0117}, "min-mean": {"dba": 0.0784}, "mean-mean": {"dba": 0.1752}, "mean-min": {"dba": 0.156}}, "1014": {"min-min": {"dba": 0.0774}, "min-mean": {"dba": 0.1437}, "mean-mean": {"dba": 0.2644}, "mean-min": {"dba": 0.2607}}, "1015": {"min-min": {"dba": 0.0476}, "min-mean": {"dba": 0.092}, "mean-mean": {"dba": 0.16}, "mean-min": {"dba": 0.1554}}}, "1009": {"1001": {"min-min": {"dba": 0.0323}, "min-mean": {"dba": 0.0444}, "mean-mean": {"dba": 0.1288}, "mean-min": {"dba": 0.0685}}, "1002": {"min-min": {"dba": 0.069}, "min-mean": {"dba": 0.1999}, "mean-mean": {"dba": 0.2916}, "mean-min": {"dba": 0.2163}}, "1003": {"min-min": {"dba": 0.0156}, "min-mean": {"dba": 0.081}, "mean-mean": {"dba": 0.1728}, "mean-min": {"dba": 0.153}}, "1004": {"min-min": {"dba": 0.0831}, "min-mean": {"dba": 0.1404}, "mean-mean": {"dba": 0.2511}, "mean-min": {"dba": 0.2331}}, "1005": {"min-min": {"dba": 0.0986}, "min-mean": {"dba": 0.1576}, "mean-mean": {"dba": 0.2549}, "mean-min": {"dba": 0.2391}}, "1006": {"min-min": {"dba": 0.0888}, "min-mean": {"dba": 0.1523}, "mean-mean": {"dba": 0.253}, "mean-min": {"dba": 0.2318}}, "1007": {"min-min": {"dba": 0.0097}, "min-mean": {"dba": 0.0453}, "mean-mean": {"dba": 0.1357}, "mean-min": {"dba": 0.1164}}, "1008": {"min-min": {"dba": 0.0227}, "min-mean": {"dba": 0.0781}, "mean-mean": {"dba": 0.1769}, "mean-min": {"dba": 0.1718}}, "1009": {"min-min": {"dba": 0.0077}, "min-mean": {"dba": 0.0819}, "mean-mean": {"dba": 0.1566}, "mean-min": {"dba": 0.1174}}, "1010": {"min-min": {"dba": 0.0433}, "min-mean": {"dba": 0.1248}, "mean-mean": {"dba": 0.2265}, "mean-min": {"dba": 0.2057}}, "1011": {"min-min": {"dba": 0.0065}, "min-mean": {"dba": 0.046}, "mean-mean": {"dba": 0.1439}, "mean-min": {"dba": 0.1251}}, "1012": {"min-min": {"dba": 0.0855}, "min-mean": {"dba": 0.1637}, "mean-mean": {"dba": 0.2562}, "mean-min": {"dba": 0.2392}}, "1013": {"min-min": {"dba": 0.02}, "min-mean": {"dba": 0.0907}, "mean-mean": {"dba": 0.1865}, "mean-min": {"dba": 0.1717}}, "1014": {"min-min": {"dba": 0.1095}, "min-mean": {"dba": 0.1797}, "mean-mean": {"dba": 0.3053}, "mean-min": {"dba": 0.3002}}, "1015": {"min-min": {"dba": 0.0636}, "min-mean": {"dba": 0.1136}, "mean-mean": {"dba": 0.1944}, "mean-min": {"dba": 0.185}}}, "1010": {"1001": {"min-min": {"dba": 0.0445}, "min-mean": {"dba": 0.1022}, "mean-mean": {"dba": 0.1883}, "mean-min": {"dba": 0.1723}}, "1002": {"min-min": {"dba": 0.0502}, "min-mean": {"dba": 0.1136}, "mean-mean": {"dba": 0.1954}, "mean-min": {"dba": 0.1726}}, "1003": {"min-min": {"dba": 0.0764}, "min-mean": {"dba": 0.1684}, "mean-mean": {"dba": 0.2641}, "mean-min": {"dba": 0.2209}}, "1004": {"min-min": {"dba": 0.0341}, "min-mean": {"dba": 0.1278}, "mean-mean": {"dba": 0.2197}, "mean-min": {"dba": 0.1633}}, "1005": {"min-min": {"dba": 0.1019}, "min-mean": {"dba": 0.2038}, "mean-mean": {"dba": 0.3559}, "mean-min": {"dba": 0.2721}}, "1006": {"min-min": {"dba": 0.0521}, "min-mean": {"dba": 0.133}, "mean-mean": {"dba": 0.208}, "mean-min": {"dba": 0.1616}}, "1007": {"min-min": {"dba": 0.0471}, "min-mean": {"dba": 0.0937}, "mean-mean": {"dba": 0.1988}, "mean-min": {"dba": 0.1382}}, "1008": {"min-min": {"dba": 0.0611}, "min-mean": {"dba": 0.152}, "mean-mean": {"dba": 0.2437}, "mean-min": {"dba": 0.2045}}, "1009": {"min-min": {"dba": 0.0462}, "min-mean": {"dba": 0.1988}, "mean-mean": {"dba": 0.298}, "mean-min": {"dba": 0.2242}}, "1010": {"min-min": {"dba": 0.023}, "min-mean": {"dba": 0.1412}, "mean-mean": {"dba": 0.2287}, "mean-min": {"dba": 0.1518}}, "1011": {"min-min": {"dba": 0.0269}, "min-mean": {"dba": 0.1611}, "mean-mean": {"dba": 0.2856}, "mean-min": {"dba": 0.2251}}, "1012": {"min-min": {"dba": 0.0172}, "min-mean": {"dba": 0.0539}, "mean-mean": {"dba": 0.1511}, "mean-min": {"dba": 0.1273}}, "1013": {"min-min": {"dba": 0.0523}, "min-mean": {"dba": 0.1229}, "mean-mean": {"dba": 0.2229}, "mean-min": {"dba": 0.1905}}, "1014": {"min-min": {"dba": 0.0573}, "min-mean": {"dba": 0.086}, "mean-mean": {"dba": 0.1645}, "mean-min": {"dba": 0.1434}}, "1015": {"min-min": {"dba": 0.0513}, "min-mean": {"dba": 0.1078}, "mean-mean": {"dba": 0.1685}, "mean-min": {"dba": 0.1531}}}, "1011": {"1001": {"min-min": {"dba": 0.0587}, "min-mean": {"dba": 0.0629}, "mean-mean": {"dba": 0.1328}, "mean-min": {"dba": 0.0712}}, "1002": {"min-min": {"dba": 0.0883}, "min-mean": {"dba": 0.1892}, "mean-mean": {"dba": 0.2773}, "mean-min": {"dba": 0.2183}}, "1003": {"min-min": {"dba": 0.0253}, "min-mean": {"dba": 0.0978}, "mean-mean": {"dba": 0.1792}, "mean-min": {"dba": 0.1502}}, "1004": {"min-min": {"dba": 0.1079}, "min-mean": {"dba": 0.1293}, "mean-mean": {"dba": 0.2285}, "mean-min": {"dba": 0.1671}}, "1005": {"min-min": {"dba": 0.0871}, "min-mean": {"dba": 0.1454}, "mean-mean": {"dba": 0.2466}, "mean-min": {"dba": 0.2363}}, "1006": {"min-min": {"dba": 0.102}, "min-mean": {"dba": 0.1298}, "mean-mean": {"dba": 0.2352}, "mean-min": {"dba": 0.1739}}, "1007": {"min-min": {"dba": 0.0299}, "min-mean": {"dba": 0.064}, "mean-mean": {"dba": 0.1432}, "mean-min": {"dba": 0.1319}}, "1008": {"min-min": {"dba": 0.027}, "min-mean": {"dba": 0.0876}, "mean-mean": {"dba": 0.1852}, "mean-min": {"dba": 0.1722}}, "1009": {"min-min": {"dba": 0.0276}, "min-mean": {"dba": 0.0842}, "mean-mean": {"dba": 0.1488}, "mean-min": {"dba": 0.1258}}, "1010": {"min-min": {"dba": 0.0628}, "min-mean": {"dba": 0.1374}, "mean-mean": {"dba": 0.2363}, "mean-min": {"dba": 0.2127}}, "1011": {"min-min": {"dba": 0.0266}, "min-mean": {"dba": 0.0684}, "mean-mean": {"dba": 0.1518}, "mean-min": {"dba": 0.1422}}, "1012": {"min-min": {"dba": 0.0979}, "min-mean": {"dba": 0.1582}, "mean-mean": {"dba": 0.2519}, "mean-min": {"dba": 0.2421}}, "1013": {"min-min": {"dba": 0.0273}, "min-mean": {"dba": 0.0925}, "mean-mean": {"dba": 0.1909}, "mean-min": {"dba": 0.1733}}, "1014": {"min-min": {"dba": 0.132}, "min-mean": {"dba": 0.1841}, "mean-mean": {"dba": 0.3042}, "mean-min": {"dba": 0.2882}}, "1015": {"min-min": {"dba": 0.043}, "min-mean": {"dba": 0.0988}, "mean-mean": {"dba": 0.1843}, "mean-min": {"dba": 0.18}}}, "1012": {"1001": {"min-min": {"dba": 0.1012}, "min-mean": {"dba": 0.1585}, "mean-mean": {"dba": 0.2743}, "mean-min": {"dba": 0.2661}}, "1002": {"min-min": {"dba": 0.0695}, "min-mean": {"dba": 0.13}, "mean-mean": {"dba": 0.2419}, "mean-min": {"dba": 0.2271}}, "1003": {"min-min": {"dba": 0.0565}, "min-mean": {"dba": 0.2098}, "mean-mean": {"dba": 0.3647}, "mean-min": {"dba": 0.3338}}, "1004": {"min-min": {"dba": 0.0413}, "min-mean": {"dba": 0.1492}, "mean-mean": {"dba": 0.2595}, "mean-min": {"dba": 0.1927}}, "1005": {"min-min": {"dba": 0.1473}, "min-mean": {"dba": 0.2775}, "mean-mean": {"dba": 0.4739}, "mean-min": {"dba": 0.4054}}, "1006": {"min-min": {"dba": 0.0484}, "min-mean": {"dba": 0.1424}, "mean-mean": {"dba": 0.243}, "mean-min": {"dba": 0.1816}}, "1007": {"min-min": {"dba": 0.0945}, "min-mean": {"dba": 0.1544}, "mean-mean": {"dba": 0.295}, "mean-min": {"dba": 0.2284}}, "1008": {"min-min": {"dba": 0.1182}, "min-mean": {"dba": 0.2267}, "mean-mean": {"dba": 0.3391}, "mean-min": {"dba": 0.3006}}, "1009": {"min-min": {"dba": 0.1234}, "min-mean": {"dba": 0.2734}, "mean-mean": {"dba": 0.3981}, "mean-min": {"dba": 0.3499}}, "1010": {"min-min": {"dba": 0.0638}, "min-mean": {"dba": 0.2061}, "mean-mean": {"dba": 0.3053}, "mean-min": {"dba": 0.1989}}, "1011": {"min-min": {"dba": 0.1498}, "min-mean": {"dba": 0.2619}, "mean-mean": {"dba": 0.3781}, "mean-min": {"dba": 0.3387}}, "1012": {"min-min": {"dba": 0.0299}, "min-mean": {"dba": 0.0931}, "mean-mean": {"dba": 0.2087}, "mean-min": {"dba": 0.188}}, "1013": {"min-min": {"dba": 0.1044}, "min-mean": {"dba": 0.1825}, "mean-mean": {"dba": 0.3077}, "mean-min": {"dba": 0.2838}}, "1014": {"min-min": {"dba": 0.0345}, "min-mean": {"dba": 0.1058}, "mean-mean": {"dba": 0.1927}, "mean-min": {"dba": 0.142}}, "1015": {"min-min": {"dba": 0.0654}, "min-mean": {"dba": 0.1368}, "mean-mean": {"dba": 0.2472}, "mean-min": {"dba": 0.2216}}}, "1013": {"1001": {"min-min": {"dba": 0.0083}, "min-mean": {"dba": 0.0218}, "mean-mean": {"dba": 0.1031}, "mean-min": {"dba": 0.0488}}, "1002": {"min-min": {"dba": 0.033}, "min-mean": {"dba": 0.1462}, "mean-mean": {"dba": 0.2468}, "mean-min": {"dba": 0.1836}}, "1003": {"min-min": {"dba": 0.0077}, "min-mean": {"dba": 0.0844}, "mean-mean": {"dba": 0.1873}, "mean-min": {"dba": 0.1618}}, "1004": {"min-min": {"dba": 0.048}, "min-mean": {"dba": 0.1122}, "mean-mean": {"dba": 0.2245}, "mean-min": {"dba": 0.2159}}, "1005": {"min-min": {"dba": 0.1335}, "min-mean": {"dba": 0.1812}, "mean-mean": {"dba": 0.2843}, "mean-min": {"dba": 0.2767}}, "1006": {"min-min": {"dba": 0.0613}, "min-mean": {"dba": 0.1162}, "mean-mean": {"dba": 0.222}, "mean-min": {"dba": 0.2195}}, "1007": {"min-min": {"dba": 0.0052}, "min-mean": {"dba": 0.0259}, "mean-mean": {"dba": 0.1236}, "mean-min": {"dba": 0.0673}}, "1008": {"min-min": {"dba": 0.0055}, "min-mean": {"dba": 0.076}, "mean-mean": {"dba": 0.1788}, "mean-min": {"dba": 0.1629}}, "1009": {"min-min": {"dba": 0.0418}, "min-mean": {"dba": 0.122}, "mean-mean": {"dba": 0.1911}, "mean-min": {"dba": 0.1464}}, "1010": {"min-min": {"dba": 0.0085}, "min-mean": {"dba": 0.1036}, "mean-mean": {"dba": 0.2107}, "mean-min": {"dba": 0.1689}}, "1011": {"min-min": {"dba": 0.0131}, "min-mean": {"dba": 0.075}, "mean-mean": {"dba": 0.1737}, "mean-min": {"dba": 0.1634}}, "1012": {"min-min": {"dba": 0.0694}, "min-mean": {"dba": 0.1263}, "mean-mean": {"dba": 0.2159}, "mean-min": {"dba": 0.2035}}, "1013": {"min-min": {"dba": 0.0071}, "min-mean": {"dba": 0.074}, "mean-mean": {"dba": 0.1732}, "mean-min": {"dba": 0.1562}}, "1014": {"min-min": {"dba": 0.0761}, "min-mean": {"dba": 0.1379}, "mean-mean": {"dba": 0.2588}, "mean-min": {"dba": 0.257}}, "1015": {"min-min": {"dba": 0.0496}, "min-mean": {"dba": 0.0888}, "mean-mean": {"dba": 0.159}, "mean-min": {"dba": 0.1542}}}, "1014": {"1001": {"min-min": {"dba": 0.1048}, "min-mean": {"dba": 0.1571}, "mean-mean": {"dba": 0.2467}, "mean-min": {"dba": 0.2416}}, "1002": {"min-min": {"dba": 0.0281}, "min-mean": {"dba": 0.1111}, "mean-mean": {"dba": 0.2279}, "mean-min": {"dba": 0.2019}}, "1003": {"min-min": {"dba": 0.1874}, "min-mean": {"dba": 0.2506}, "mean-mean": {"dba": 0.3349}, "mean-min": {"dba": 0.3125}}, "1004": {"min-min": {"dba": 0.0318}, "min-mean": {"dba": 0.1451}, "mean-mean": {"dba": 0.2433}, "mean-min": {"dba": 0.1779}}, "1005": {"min-min": {"dba": 0.2856}, "min-mean": {"dba": 0.3136}, "mean-mean": {"dba": 0.4401}, "mean-min": {"dba": 0.3585}}, "1006": {"min-min": {"dba": 0.0038}, "min-mean": {"dba": 0.1183}, "mean-mean": {"dba": 0.2247}, "mean-min": {"dba": 0.1632}}, "1007": {"min-min": {"dba": 0.1679}, "min-mean": {"dba": 0.1775}, "mean-mean": {"dba": 0.2646}, "mean-min": {"dba": 0.193}}, "1008": {"min-min": {"dba": 0.1069}, "min-mean": {"dba": 0.1941}, "mean-mean": {"dba": 0.3089}, "mean-min": {"dba": 0.2825}}, "1009": {"min-min": {"dba": 0.2169}, "min-mean": {"dba": 0.3026}, "mean-mean": {"dba": 0.3741}, "mean-min": {"dba": 0.3259}}, "1010": {"min-min": {"dba": 0.0091}, "min-mean": {"dba": 0.155}, "mean-mean": {"dba": 0.2671}, "mean-min": {"dba": 0.1752}}, "1011": {"min-min": {"dba": 0.1293}, "min-mean": {"dba": 0.2291}, "mean-mean": {"dba": 0.3499}, "mean-min": {"dba": 0.3141}}, "1012": {"min-min": {"dba": 0.0071}, "min-mean": {"dba": 0.078}, "mean-mean": {"dba": 0.1856}, "mean-min": {"dba": 0.1679}}, "1013": {"min-min": {"dba": 0.1353}, "min-mean": {"dba": 0.1919}, "mean-mean": {"dba": 0.2776}, "mean-min": {"dba": 0.2663}}, "1014": {"min-min": {"dba": 0.0038}, "min-mean": {"dba": 0.0782}, "mean-mean": {"dba": 0.1597}, "mean-min": {"dba": 0.1273}}, "1015": {"min-min": {"dba": 0.1025}, "min-mean": {"dba": 0.1579}, "mean-mean": {"dba": 0.2225}, "mean-min": {"dba": 0.2013}}}, "1015": {"1001": {"min-min": {"dba": 0.0252}, "min-mean": {"dba": 0.0548}, "mean-mean": {"dba": 0.1299}, "mean-min": {"dba": 0.1085}}, "1002": {"min-min": {"dba": 0.0033}, "min-mean": {"dba": 0.1216}, "mean-mean": {"dba": 0.2133}, "mean-min": {"dba": 0.1503}}, "1003": {"min-min": {"dba": 0.0747}, "min-mean": {"dba": 0.137}, "mean-mean": {"dba": 0.2216}, "mean-min": {"dba": 0.2001}}, "1004": {"min-min": {"dba": 0.0078}, "min-mean": {"dba": 0.0928}, "mean-mean": {"dba": 0.1969}, "mean-min": {"dba": 0.1664}}, "1005": {"min-min": {"dba": 0.1818}, "min-mean": {"dba": 0.2165}, "mean-mean": {"dba": 0.3287}, "mean-min": {"dba": 0.2807}}, "1006": {"min-min": {"dba": 0.0072}, "min-mean": {"dba": 0.0887}, "mean-mean": {"dba": 0.1949}, "mean-min": {"dba": 0.1694}}, "1007": {"min-min": {"dba": 0.0526}, "min-mean": {"dba": 0.0526}, "mean-mean": {"dba": 0.1441}, "mean-min": {"dba": 0.0526}}, "1008": {"min-min": {"dba": 0.0177}, "min-mean": {"dba": 0.0944}, "mean-mean": {"dba": 0.2036}, "mean-min": {"dba": 0.1843}}, "1009": {"min-min": {"dba": 0.1134}, "min-mean": {"dba": 0.1848}, "mean-mean": {"dba": 0.244}, "mean-min": {"dba": 0.2026}}, "1010": {"min-min": {"dba": 0.0054}, "min-mean": {"dba": 0.1179}, "mean-mean": {"dba": 0.1936}, "mean-min": {"dba": 0.126}}, "1011": {"min-min": {"dba": 0.0506}, "min-mean": {"dba": 0.1239}, "mean-mean": {"dba": 0.227}, "mean-min": {"dba": 0.2041}}, "1012": {"min-min": {"dba": 0.0161}, "min-mean": {"dba": 0.0798}, "mean-mean": {"dba": 0.175}, "mean-min": {"dba": 0.1584}}, "1013": {"min-min": {"dba": 0.0244}, "min-mean": {"dba": 0.0846}, "mean-mean": {"dba": 0.1808}, "mean-min": {"dba": 0.1694}}, "1014": {"min-min": {"dba": 0.0336}, "min-mean": {"dba": 0.0971}, "mean-mean": {"dba": 0.2047}, "mean-min": {"dba": 0.194}}, "1015": {"min-min": {"dba": 0.0194}, "min-mean": {"dba": 0.0817}, "mean-mean": {"dba": 0.1511}, "mean-min": {"dba": 0.131}}}}