{"1001": {"1001": {"min-min": {"dba": 0.0386}, "min-mean": {"dba": 0.1369}, "mean-mean": {"dba": 0.2455}, "mean-min": {"dba": 0.2227}}, "1002": {"min-min": {"dba": 0.0097}, "min-mean": {"dba": 0.1587}, "mean-mean": {"dba": 0.2608}, "mean-min": {"dba": 0.224}}, "1003": {"min-min": {"dba": 0.0938}, "min-mean": {"dba": 0.1843}, "mean-mean": {"dba": 0.2815}, "mean-min": {"dba": 0.2697}}, "1004": {"min-min": {"dba": 0.0266}, "min-mean": {"dba": 0.1562}, "mean-mean": {"dba": 0.2587}, "mean-min": {"dba": 0.2347}}, "1005": {"min-min": {"dba": 0.235}, "min-mean": {"dba": 0.2872}, "mean-mean": {"dba": 0.4323}, "mean-min": {"dba": 0.3917}}, "1006": {"min-min": {"dba": 0.0148}, "min-mean": {"dba": 0.1303}, "mean-mean": {"dba": 0.2418}, "mean-min": {"dba": 0.2018}}, "1007": {"min-min": {"dba": 0.0398}, "min-mean": {"dba": 0.128}, "mean-mean": {"dba": 0.2799}, "mean-min": {"dba": 0.2672}}, "1008": {"min-min": {"dba": 0.0257}, "min-mean": {"dba": 0.1419}, "mean-mean": {"dba": 0.253}, "mean-min": {"dba": 0.2296}}, "1009": {"min-min": {"dba": 0.1341}, "min-mean": {"dba": 0.2506}, "mean-mean": {"dba": 0.342}, "mean-min": {"dba": 0.2833}}, "1010": {"min-min": {"dba": 0.008}, "min-mean": {"dba": 0.1666}, "mean-mean": {"dba": 0.2551}, "mean-min": {"dba": 0.2049}}, "1011": {"min-min": {"dba": 0.066}, "min-mean": {"dba": 0.1927}, "mean-mean": {"dba": 0.3136}, "mean-min": {"dba": 0.2757}}, "1012": {"min-min": {"dba": 0.0108}, "min-mean": {"dba": 0.1605}, "mean-mean": {"dba": 0.2624}, "mean-min": {"dba": 0.2301}}, "1013": {"min-min": {"dba": 0.0352}, "min-mean": {"dba": 0.1735}, "mean-mean": {"dba": 0.2856}, "mean-min": {"dba": 0.2428}}, "1014": {"min-min": {"dba": 0.0857}, "min-mean": {"dba": 0.1648}, "mean-mean": {"dba": 0.2531}, "mean-min": {"dba": 0.2218}}, "1015": {"min-min": {"dba": 0.0142}, "min-mean": {"dba": 0.1653}, "mean-mean": {"dba": 0.2588}, "mean-min": {"dba": 0.2068}}}, "1002": {"1001": {"min-min": {"dba": 0.0199}, "min-mean": {"dba": 0.0446}, "mean-mean": {"dba": 0.146}, "mean-min": {"dba": 0.094}}, "1002": {"min-min": {"dba": 0.0246}, "min-mean": {"dba": 0.1299}, "mean-mean": {"dba": 0.2443}, "mean-min": {"dba": 0.1749}}, "1003": {"min-min": {"dba": 0.063}, "min-mean": {"dba": 0.1241}, "mean-mean": {"dba": 0.2235}, "mean-min": {"dba": 0.2052}}, "1004": {"min-min": {"dba": 0.0304}, "min-mean": {"dba": 0.106}, "mean-mean": {"dba": 0.2353}, "mean-min": {"dba": 0.1967}}, "1005": {"min-min": {"dba": 0.206}, "min-mean": {"dba": 0.2475}, "mean-mean": {"dba": 0.3585}, "mean-min": {"dba": 0.3304}}, "1006": {"min-min": {"dba": 0.0365}, "min-mean": {"dba": 0.1068}, "mean-mean": {"dba": 0.2394}, "mean-min": {"dba": 0.2054}}, "1007": {"min-min": {"dba": 0.0587}, "min-mean": {"dba": 0.0587}, "mean-mean": {"dba": 0.161}, "mean-min": {"dba": 0.0587}}, "1008": {"min-min": {"dba": 0.031}, "min-mean": {"dba": 0.095}, "mean-mean": {"dba": 0.2059}, "mean-min": {"dba": 0.1841}}, "1009": {"min-min": {"dba": 0.1151}, "min-mean": {"dba": 0.1916}, "mean-mean": {"dba": 0.2614}, "mean-min": {"dba": 0.2088}}, "1010": {"min-min": {"dba": 0.0259}, "min-mean": {"dba": 0.1195}, "mean-mean": {"dba": 0.2229}, "mean-min": {"dba": 0.1487}}, "1011": {"min-min": {"dba": 0.082}, "min-mean": {"dba": 0.1421}, "mean-mean": {"dba": 0.2365}, "mean-min": {"dba": 0.2135}}, "1012": {"min-min": {"dba": 0.0295}, "min-mean": {"dba": 0.0937}, "mean-mean": {"dba": 0.2191}, "mean-min": {"dba": 0.1945}}, "1013": {"min-min": {"dba": 0.0322}, "min-mean": {"dba": 0.0943}, "mean-mean": {"dba": 0.2043}, "mean-min": {"dba": 0.1798}}, "1014": {"min-min": {"dba": 0.0878}, "min-mean": {"dba": 0.1301}, "mean-mean": {"dba": 0.2474}, "mean-min": {"dba": 0.2146}}, "1015": {"min-min": {"dba": 0.0301}, "min-mean": {"dba": 0.0756}, "mean-mean": {"dba": 0.1718}, "mean-min": {"dba": 0.149}}}, "1003": {"1001": {"min-min": {"dba": 0.0823}, "min-mean": {"dba": 0.1358}, "mean-mean": {"dba": 0.2464}, "mean-min": {"dba": 0.2357}}, "1002": {"min-min": {"dba": 0.0644}, "min-mean": {"dba": 0.1653}, "mean-mean": {"dba": 0.3131}, "mean-min": {"dba": 0.273}}, "1003": {"min-min": {"dba": 0.065}, "min-mean": {"dba": 0.0926}, "mean-mean": {"dba": 0.1939}, "mean-min": {"dba": 0.1296}}, "1004": {"min-min": {"dba": 0.0669}, "min-mean": {"dba": 0.0669}, "mean-mean": {"dba": 0.2385}, "mean-min": {"dba": 0.0669}}, "1005": {"min-min": {"dba": 0.15}, "min-mean": {"dba": 0.2176}, "mean-mean": {"dba": 0.3259}, "mean-min": {"dba": 0.3156}}, "1006": {"min-min": {"dba": 0.1434}, "min-mean": {"dba": 0.1598}, "mean-mean": {"dba": 0.2815}, "mean-min": {"dba": 0.168}}, "1007": {"min-min": {"dba": 0.0546}, "min-mean": {"dba": 0.1261}, "mean-mean": {"dba": 0.2494}, "mean-min": {"dba": 0.2332}}, "1008": {"min-min": {"dba": 0.0536}, "min-mean": {"dba": 0.0952}, "mean-mean": {"dba": 0.211}, "mean-min": {"dba": 0.1532}}, "1009": {"min-min": {"dba": 0.0701}, "min-mean": {"dba": 0.1441}, "mean-mean": {"dba": 0.2228}, "mean-min": {"dba": 0.1941}}, "1010": {"min-min": {"dba": 0.1102}, "min-mean": {"dba": 0.1275}, "mean-mean": {"dba": 0.2498}, "mean-min": {"dba": 0.1622}}, "1011": {"min-min": {"dba": 0.0941}, "min-mean": {"dba": 0.1537}, "mean-mean": {"dba": 0.2496}, "mean-min": {"dba": 0.2371}}, "1012": {"min-min": {"dba": 0.1073}, "min-mean": {"dba": 0.191}, "mean-mean": {"dba": 0.3153}, "mean-min": {"dba": 0.2898}}, "1013": {"min-min": {"dba": 0.0942}, "min-mean": {"dba": 0.1357}, "mean-mean": {"dba": 0.2401}, "mean-min": {"dba": 0.2188}}, "1014": {"min-min": {"dba": 0.1698}, "min-mean": {"dba": 0.2351}, "mean-mean": {"dba": 0.3673}, "mean-min": {"dba": 0.3502}}, "1015": {"min-min": {"dba": 0.0847}, "min-mean": {"dba": 0.1378}, "mean-mean": {"dba": 0.2421}, "mean-min": {"dba": 0.2025}}}, "1004": {"1001": {"min-min": {"dba": 0.1191}, "min-mean": {"dba": 0.1612}, "mean-mean": {"dba": 0.2499}, "mean-min": {"dba": 0.2197}}, "1002": {"min-min": {"dba": 0.0363}, "min-mean": {"dba": 0.1166}, "mean-mean": {"dba": 0.2429}, "mean-min": {"dba": 0.2083}}, "1003": {"min-min": {"dba": 0.1896}, "min-mean": {"dba": 0.2427}, "mean-mean": {"dba": 0.3213}, "mean-min": {"dba": 0.3078}}, "1004": {"min-min": {"dba": 0.0393}, "min-mean": {"dba": 0.1454}, "mean-mean": {"dba": 0.2583}, "mean-min": {"dba": 0.2324}}, "1005": {"min-min": {"dba": 0.1429}, "min-mean": {"dba": 0.2454}, "mean-mean": {"dba": 0.4586}, "mean-min": {"dba": 0.4428}}, "1006": {"min-min": {"dba": 0.0234}, "min-mean": {"dba": 0.0921}, "mean-mean": {"dba": 0.2121}, "mean-min": {"dba": 0.1342}}, "1007": {"min-min": {"dba": 0.1839}, "min-mean": {"dba": 0.2197}, "mean-mean": {"dba": 0.3025}, "mean-min": {"dba": 0.2884}}, "1008": {"min-min": {"dba": 0.1114}, "min-mean": {"dba": 0.173}, "mean-mean": {"dba": 0.2897}, "mean-min": {"dba": 0.2869}}, "1009": {"min-min": {"dba": 0.1435}, "min-mean": {"dba": 0.2498}, "mean-mean": {"dba": 0.3677}, "mean-min": {"dba": 0.3126}}, "1010": {"min-min": {"dba": 0.0237}, "min-mean": {"dba": 0.1737}, "mean-mean": {"dba": 0.2733}, "mean-min": {"dba": 0.2226}}, "1011": {"min-min": {"dba": 0.1275}, "min-mean": {"dba": 0.2104}, "mean-mean": {"dba": 0.3207}, "mean-min": {"dba": 0.3068}}, "1012": {"min-min": {"dba": 0.0236}, "min-mean": {"dba": 0.1625}, "mean-mean": {"dba": 0.2722}, "mean-min": {"dba": 0.2285}}, "1013": {"min-min": {"dba": 0.1126}, "min-mean": {"dba": 0.2423}, "mean-mean": {"dba": 0.3303}, "mean-min": {"dba": 0.2783}}, "1014": {"min-min": {"dba": 0.0094}, "min-mean": {"dba": 0.1093}, "mean-mean": {"dba": 0.2443}, "mean-min": {"dba": 0.21}}, "1015": {"min-min": {"dba": 0.1048}, "min-mean": {"dba": 0.1369}, "mean-mean": {"dba": 0.218}, "mean-min": {"dba": 0.1643}}}, "1005": {"1001": {"min-min": {"dba": 0.2}, "min-mean": {"dba": 0.2458}, "mean-mean": {"dba": 0.3624}, "mean-min": {"dba": 0.3375}}, "1002": {"min-min": {"dba": 0.251}, "min-mean": {"dba": 0.3584}, "mean-mean": {"dba": 0.4969}, "mean-min": {"dba": 0.44}}, "1003": {"min-min": {"dba": 0.1404}, "min-mean": {"dba": 0.196}, "mean-mean": {"dba": 0.3128}, "mean-min": {"dba": 0.2988}}, "1004": {"min-min": {"dba": 0.2958}, "min-mean": {"dba": 0.323}, "mean-mean": {"dba": 0.4676}, "mean-min": {"dba": 0.3774}}, "1005": {"min-min": {"dba": 0.0374}, "min-mean": {"dba": 0.1391}, "mean-mean": {"dba": 0.2346}, "mean-min": {"dba": 0.1711}}, "1006": {"min-min": {"dba": 0.2446}, "min-mean": {"dba": 0.3049}, "mean-mean": {"dba": 0.4853}, "mean-min": {"dba": 0.4256}}, "1007": {"min-min": {"dba": 0.1267}, "min-mean": {"dba": 0.2006}, "mean-mean": {"dba": 0.3327}, "mean-min": {"dba": 0.3071}}, "1008": {"min-min": {"dba": 0.1403}, "min-mean": {"dba": 0.1971}, "mean-mean": {"dba": 0.3501}, "mean-min": {"dba": 0.3106}}, "1009": {"min-min": {"dba": 0.1317}, "min-mean": {"dba": 0.1615}, "mean-mean": {"dba": 0.2565}, "mean-min": {"dba": 0.2212}}, "1010": {"min-min": {"dba": 0.2717}, "min-mean": {"dba": 0.2843}, "mean-mean": {"dba": 0.4103}, "mean-min": {"dba": 0.3096}}, "1011": {"min-min": {"dba": 0.1214}, "min-mean": {"dba": 0.1235}, "mean-mean": {"dba": 0.2545}, "mean-min": {"dba": 0.1245}}, "1012": {"min-min": {"dba": 0.3111}, "min-mean": {"dba": 0.3514}, "mean-mean": {"dba": 0.4724}, "mean-min": {"dba": 0.4321}}, "1013": {"min-min": {"dba": 0.1401}, "min-mean": {"dba": 0.2043}, "mean-mean": {"dba": 0.3629}, "mean-min": {"dba": 0.3327}}, "1014": {"min-min": {"dba": 0.3762}, "min-mean": {"dba": 0.4173}, "mean-mean": {"dba": 0.5512}, "mean-min": {"dba": 0.4996}}, "1015": {"min-min": {"dba": 0.2484}, "min-mean": {"dba": 0.2867}, "mean-mean": {"dba": 0.4068}, "mean-min": {"dba": 0.3634}}}, "1006": {"1001": {"min-min": {"dba": 0.1147}, "min-mean": {"dba": 0.1392}, "mean-mean": {"dba": 0.2112}, "mean-min": {"dba": 0.1883}}, "1002": {"min-min": {"dba": 0.0425}, "min-mean": {"dba": 0.1528}, "mean-mean": {"dba": 0.259}, "mean-min": {"dba": 0.2042}}, "1003": {"min-min": {"dba": 0.11}, "min-mean": {"dba": 0.1349}, "mean-mean": {"dba": 0.2396}, "mean-min": {"dba": 0.1848}}, "1004": {"min-min": {"dba": 0.0446}, "min-mean": {"dba": 0.1231}, "mean-mean": {"dba": 0.2111}, "mean-min": {"dba": 0.2077}}, "1005": {"min-min": {"dba": 0.1702}, "min-mean": {"dba": 0.2111}, "mean-mean": {"dba": 0.3974}, "mean-min": {"dba": 0.2929}}, "1006": {"min-min": {"dba": 0.029}, "min-mean": {"dba": 0.112}, "mean-mean": {"dba": 0.2094}, "mean-min": {"dba": 0.1983}}, "1007": {"min-min": {"dba": 0.1134}, "min-mean": {"dba": 0.1267}, "mean-mean": {"dba": 0.2282}, "mean-min": {"dba": 0.1532}}, "1008": {"min-min": {"dba": 0.1077}, "min-mean": {"dba": 0.1184}, "mean-mean": {"dba": 0.2083}, "mean-min": {"dba": 0.1399}}, "1009": {"min-min": {"dba": 0.0747}, "min-mean": {"dba": 0.1343}, "mean-mean": {"dba": 0.276}, "mean-min": {"dba": 0.2535}}, "1010": {"min-min": {"dba": 0.0509}, "min-mean": {"dba": 0.1129}, "mean-mean": {"dba": 0.1985}, "mean-min": {"dba": 0.193}}, "1011": {"min-min": {"dba": 0.101}, "min-mean": {"dba": 0.1692}, "mean-mean": {"dba": 0.289}, "mean-min": {"dba": 0.2539}}, "1012": {"min-min": {"dba": 0.0292}, "min-mean": {"dba": 0.1215}, "mean-mean": {"dba": 0.2261}, "mean-min": {"dba": 0.2058}}, "1013": {"min-min": {"dba": 0.1184}, "min-mean": {"dba": 0.1473}, "mean-mean": {"dba": 0.2257}, "mean-min": {"dba": 0.1961}}, "1014": {"min-min": {"dba": 0.0267}, "min-mean": {"dba": 0.105}, "mean-mean": {"dba": 0.2152}, "mean-min": {"dba": 0.1857}}, "1015": {"min-min": {"dba": 0.06}, "min-mean": {"dba": 0.1233}, "mean-mean": {"dba": 0.2157}, "mean-min": {"dba": 0.187}}}, "1007": {"1001": {"min-min": {"dba": 0.1086}, "min-mean": {"dba": 0.1281}, "mean-mean": {"dba": 0.1969}, "mean-min": {"dba": 0.1666}}, "1002": {"min-min": {"dba": 0.0872}, "min-mean": {"dba": 0.2239}, "mean-mean": {"dba": 0.3366}, "mean-min": {"dba": 0.2761}}, "1003": {"min-min": {"dba": 0.0536}, "min-mean": {"dba": 0.1147}, "mean-mean": {"dba": 0.2046}, "mean-min": {"dba": 0.1879}}, "1004": {"min-min": {"dba": 0.1629}, "min-mean": {"dba": 0.199}, "mean-mean": {"dba": 0.3037}, "mean-min": {"dba": 0.2547}}, "1005": {"min-min": {"dba": 0.0848}, "min-mean": {"dba": 0.1616}, "mean-mean": {"dba": 0.2627}, "mean-min": {"dba": 0.2395}}, "1006": {"min-min": {"dba": 0.1776}, "min-mean": {"dba": 0.2212}, "mean-mean": {"dba": 0.3212}, "mean-min": {"dba": 0.295}}, "1007": {"min-min": {"dba": 0.0059}, "min-mean": {"dba": 0.0623}, "mean-mean": {"dba": 0.1828}, "mean-min": {"dba": 0.175}}, "1008": {"min-min": {"dba": 0.0718}, "min-mean": {"dba": 0.1248}, "mean-mean": {"dba": 0.2216}, "mean-min": {"dba": 0.215}}, "1009": {"min-min": {"dba": 0.0095}, "min-mean": {"dba": 0.0789}, "mean-mean": {"dba": 0.1689}, "mean-min": {"dba": 0.1394}}, "1010": {"min-min": {"dba": 0.128}, "min-mean": {"dba": 0.1742}, "mean-mean": {"dba": 0.274}, "mean-min": {"dba": 0.2666}}, "1011": {"min-min": {"dba": 0.0202}, "min-mean": {"dba": 0.0422}, "mean-mean": {"dba": 0.155}, "mean-min": {"dba": 0.0862}}, "1012": {"min-min": {"dba": 0.098}, "min-mean": {"dba": 0.1965}, "mean-mean": {"dba": 0.3103}, "mean-min": {"dba": 0.3029}}, "1013": {"min-min": {"dba": 0.0861}, "min-mean": {"dba": 0.1359}, "mean-mean": {"dba": 0.2297}, "mean-min": {"dba": 0.2221}}, "1014": {"min-min": {"dba": 0.175}, "min-mean": {"dba": 0.2475}, "mean-mean": {"dba": 0.373}, "mean-min": {"dba": 0.3559}}, "1015": {"min-min": {"dba": 0.0823}, "min-mean": {"dba": 0.1276}, "mean-mean": {"dba": 0.2377}, "mean-min": {"dba": 0.2182}}}, "1008": {"1001": {"min-min": {"dba": 0.0077}, "min-mean": {"dba": 0.0435}, "mean-mean": {"dba": 0.132}, "mean-min": {"dba": 0.1001}}, "1002": {"min-min": {"dba": 0.0336}, "min-mean": {"dba": 0.1474}, "mean-mean": {"dba": 0.2577}, "mean-min": {"dba": 0.2026}}, "1003": {"min-min": {"dba": 0.0173}, "min-mean": {"dba": 0.0838}, "mean-mean": {"dba": 0.19}, "mean-min": {"dba": 0.1751}}, "1004": {"min-min": {"dba": 0.049}, "min-mean": {"dba": 0.1124}, "mean-mean": {"dba": 0.2433}, "mean-min": {"dba": 0.2392}}, "1005": {"min-min": {"dba": 0.1732}, "min-mean": {"dba": 0.2148}, "mean-mean": {"dba": 0.3142}, "mean-min": {"dba": 0.298}}, "1006": {"min-min": {"dba": 0.0591}, "min-mean": {"dba": 0.1335}, "mean-mean": {"dba": 0.2542}, "mean-min": {"dba": 0.2509}}, "1007": {"min-min": {"dba": 0.0106}, "min-mean": {"dba": 0.0317}, "mean-mean": {"dba": 0.1371}, "mean-min": {"dba": 0.0676}}, "1008": {"min-min": {"dba": 0.0202}, "min-mean": {"dba": 0.0808}, "mean-mean": {"dba": 0.1818}, "mean-min": {"dba": 0.1729}}, "1009": {"min-min": {"dba": 0.0486}, "min-mean": {"dba": 0.1241}, "mean-mean": {"dba": 0.2}, "mean-min": {"dba": 0.1608}}, "1010": {"min-min": {"dba": 0.0144}, "min-mean": {"dba": 0.1036}, "mean-mean": {"dba": 0.2179}, "mean-min": {"dba": 0.1885}}, "1011": {"min-min": {"dba": 0.015}, "min-mean": {"dba": 0.0722}, "mean-mean": {"dba": 0.1823}, "mean-min": {"dba": 0.1784}}, "1012": {"min-min": {"dba": 0.0744}, "min-mean": {"dba": 0.1294}, "mean-mean": {"dba": 0.2349}, "mean-min": {"dba": 0.2307}}, "1013": {"min-min": {"dba": 0.0125}, "min-mean": {"dba": 0.0714}, "mean-mean": {"dba": 0.1805}, "mean-min": {"dba": 0.1774}}, "1014": {"min-min": {"dba": 0.0986}, "min-mean": {"dba": 0.1517}, "mean-mean": {"dba": 0.2795}, "mean-min": {"dba": 0.258}}, "1015": {"min-min": {"dba": 0.0519}, "min-mean": {"dba": 0.0916}, "mean-mean": {"dba": 0.1723}, "mean-min": {"dba": 0.1709}}}, "1009": {"1001": {"min-min": {"dba": 0.0606}, "min-mean": {"dba": 0.121}, "mean-mean": {"dba": 0.2258}, "mean-min": {"dba": 0.2107}}, "1002": {"min-min": {"dba": 0.0897}, "min-mean": {"dba": 0.2119}, "mean-mean": {"dba": 0.3389}, "mean-min": {"dba": 0.2776}}, "1003": {"min-min": {"dba": 0.0365}, "min-mean": {"dba": 0.096}, "mean-mean": {"dba": 0.1972}, "mean-min": {"dba": 0.1887}}, "1004": {"min-min": {"dba": 0.1162}, "min-mean": {"dba": 0.1383}, "mean-mean": {"dba": 0.2822}, "mean-min": {"dba": 0.1494}}, "1005": {"min-min": {"dba": 0.0901}, "min-mean": {"dba": 0.1683}, "mean-mean": {"dba": 0.2757}, "mean-min": {"dba": 0.238}}, "1006": {"min-min": {"dba": 0.1079}, "min-mean": {"dba": 0.1762}, "mean-mean": {"dba": 0.3107}, "mean-min": {"dba": 0.2183}}, "1007": {"min-min": {"dba": 0.0357}, "min-mean": {"dba": 0.1184}, "mean-mean": {"dba": 0.2223}, "mean-min": {"dba": 0.1937}}, "1008": {"min-min": {"dba": 0.0287}, "min-mean": {"dba": 0.1119}, "mean-mean": {"dba": 0.2278}, "mean-min": {"dba": 0.2134}}, "1009": {"min-min": {"dba": 0.0262}, "min-mean": {"dba": 0.087}, "mean-mean": {"dba": 0.1708}, "mean-min": {"dba": 0.1465}}, "1010": {"min-min": {"dba": 0.0588}, "min-mean": {"dba": 0.1323}, "mean-mean": {"dba": 0.2694}, "mean-min": {"dba": 0.2064}}, "1011": {"min-min": {"dba": 0.0164}, "min-mean": {"dba": 0.0836}, "mean-mean": {"dba": 0.1845}, "mean-min": {"dba": 0.1362}}, "1012": {"min-min": {"dba": 0.1245}, "min-mean": {"dba": 0.2163}, "mean-mean": {"dba": 0.3352}, "mean-min": {"dba": 0.3068}}, "1013": {"min-min": {"dba": 0.0275}, "min-mean": {"dba": 0.1216}, "mean-mean": {"dba": 0.2392}, "mean-min": {"dba": 0.2227}}, "1014": {"min-min": {"dba": 0.1492}, "min-mean": {"dba": 0.2635}, "mean-mean": {"dba": 0.3974}, "mean-min": {"dba": 0.3794}}, "1015": {"min-min": {"dba": 0.0674}, "min-mean": {"dba": 0.1375}, "mean-mean": {"dba": 0.2413}, "mean-min": {"dba": 0.1891}}}, "1010": {"1001": {"min-min": {"dba": 0.068}, "min-mean": {"dba": 0.1071}, "mean-mean": {"dba": 0.1979}, "mean-min": {"dba": 0.1733}}, "1002": {"min-min": {"dba": 0.0457}, "min-mean": {"dba": 0.1311}, "mean-mean": {"dba": 0.2314}, "mean-min": {"dba": 0.1864}}, "1003": {"min-min": {"dba": 0.0827}, "min-mean": {"dba": 0.1772}, "mean-mean": {"dba": 0.2849}, "mean-min": {"dba": 0.2469}}, "1004": {"min-min": {"dba": 0.0358}, "min-mean": {"dba": 0.1306}, "mean-mean": {"dba": 0.2333}, "mean-min": {"dba": 0.1887}}, "1005": {"min-min": {"dba": 0.2065}, "min-mean": {"dba": 0.3136}, "mean-mean": {"dba": 0.4444}, "mean-min": {"dba": 0.4114}}, "1006": {"min-min": {"dba": 0.0411}, "min-mean": {"dba": 0.1233}, "mean-mean": {"dba": 0.2222}, "mean-min": {"dba": 0.1846}}, "1007": {"min-min": {"dba": 0.0681}, "min-mean": {"dba": 0.1055}, "mean-mean": {"dba": 0.2299}, "mean-min": {"dba": 0.1591}}, "1008": {"min-min": {"dba": 0.0873}, "min-mean": {"dba": 0.1533}, "mean-mean": {"dba": 0.2519}, "mean-min": {"dba": 0.221}}, "1009": {"min-min": {"dba": 0.0989}, "min-mean": {"dba": 0.2427}, "mean-mean": {"dba": 0.3388}, "mean-min": {"dba": 0.2626}}, "1010": {"min-min": {"dba": 0.0314}, "min-mean": {"dba": 0.1482}, "mean-mean": {"dba": 0.2374}, "mean-min": {"dba": 0.1633}}, "1011": {"min-min": {"dba": 0.0882}, "min-mean": {"dba": 0.2008}, "mean-mean": {"dba": 0.3083}, "mean-min": {"dba": 0.2548}}, "1012": {"min-min": {"dba": 0.0431}, "min-mean": {"dba": 0.1264}, "mean-mean": {"dba": 0.2248}, "mean-min": {"dba": 0.1888}}, "1013": {"min-min": {"dba": 0.0611}, "min-mean": {"dba": 0.135}, "mean-mean": {"dba": 0.2481}, "mean-min": {"dba": 0.2152}}, "1014": {"min-min": {"dba": 0.048}, "min-mean": {"dba": 0.1116}, "mean-mean": {"dba": 0.2024}, "mean-min": {"dba": 0.1716}}, "1015": {"min-min": {"dba": 0.0524}, "min-mean": {"dba": 0.1322}, "mean-mean": {"dba": 0.2092}, "mean-min": {"dba": 0.1686}}}, "1011": {"1001": {"min-min": {"dba": 0.0651}, "min-mean": {"dba": 0.1049}, "mean-mean": {"dba": 0.1856}, "mean-min": {"dba": 0.1608}}, "1002": {"min-min": {"dba": 0.095}, "min-mean": {"dba": 0.2085}, "mean-mean": {"dba": 0.3053}, "mean-min": {"dba": 0.2522}}, "1003": {"min-min": {"dba": 0.0246}, "min-mean": {"dba": 0.0939}, "mean-mean": {"dba": 0.1802}, "mean-min": {"dba": 0.1711}}, "1004": {"min-min": {"dba": 0.0965}, "min-mean": {"dba": 0.1562}, "mean-mean": {"dba": 0.2732}, "mean-min": {"dba": 0.1946}}, "1005": {"min-min": {"dba": 0.1054}, "min-mean": {"dba": 0.1626}, "mean-mean": {"dba": 0.2599}, "mean-min": {"dba": 0.2399}}, "1006": {"min-min": {"dba": 0.1107}, "min-mean": {"dba": 0.1826}, "mean-mean": {"dba": 0.298}, "mean-min": {"dba": 0.2505}}, "1007": {"min-min": {"dba": 0.0327}, "min-mean": {"dba": 0.1021}, "mean-mean": {"dba": 0.1824}, "mean-min": {"dba": 0.1745}}, "1008": {"min-min": {"dba": 0.0384}, "min-mean": {"dba": 0.107}, "mean-mean": {"dba": 0.1949}, "mean-min": {"dba": 0.1863}}, "1009": {"min-min": {"dba": 0.0313}, "min-mean": {"dba": 0.0915}, "mean-mean": {"dba": 0.159}, "mean-min": {"dba": 0.1476}}, "1010": {"min-min": {"dba": 0.0626}, "min-mean": {"dba": 0.1481}, "mean-mean": {"dba": 0.2504}, "mean-min": {"dba": 0.2211}}, "1011": {"min-min": {"dba": 0.0323}, "min-mean": {"dba": 0.0779}, "mean-mean": {"dba": 0.1563}, "mean-min": {"dba": 0.1069}}, "1012": {"min-min": {"dba": 0.1023}, "min-mean": {"dba": 0.1813}, "mean-mean": {"dba": 0.2887}, "mean-min": {"dba": 0.2807}}, "1013": {"min-min": {"dba": 0.0396}, "min-mean": {"dba": 0.1082}, "mean-mean": {"dba": 0.2089}, "mean-min": {"dba": 0.202}}, "1014": {"min-min": {"dba": 0.1221}, "min-mean": {"dba": 0.2127}, "mean-mean": {"dba": 0.355}, "mean-min": {"dba": 0.3234}}, "1015": {"min-min": {"dba": 0.0685}, "min-mean": {"dba": 0.1239}, "mean-mean": {"dba": 0.2139}, "mean-min": {"dba": 0.1842}}}, "1012": {"1001": {"min-min": {"dba": 0.1078}, "min-mean": {"dba": 0.1555}, "mean-mean": {"dba": 0.2633}, "mean-min": {"dba": 0.2351}}, "1002": {"min-min": {"dba": 0.0419}, "min-mean": {"dba": 0.1304}, "mean-mean": {"dba": 0.2589}, "mean-min": {"dba": 0.2203}}, "1003": {"min-min": {"dba": 0.1319}, "min-mean": {"dba": 0.2225}, "mean-mean": {"dba": 0.3399}, "mean-min": {"dba": 0.3334}}, "1004": {"min-min": {"dba": 0.0417}, "min-mean": {"dba": 0.1457}, "mean-mean": {"dba": 0.2554}, "mean-min": {"dba": 0.1961}}, "1005": {"min-min": {"dba": 0.2155}, "min-mean": {"dba": 0.3108}, "mean-mean": {"dba": 0.5017}, "mean-min": {"dba": 0.4175}}, "1006": {"min-min": {"dba": 0.0507}, "min-mean": {"dba": 0.1428}, "mean-mean": {"dba": 0.2425}, "mean-min": {"dba": 0.1851}}, "1007": {"min-min": {"dba": 0.1454}, "min-mean": {"dba": 0.1723}, "mean-mean": {"dba": 0.2854}, "mean-min": {"dba": 0.1858}}, "1008": {"min-min": {"dba": 0.1218}, "min-mean": {"dba": 0.185}, "mean-mean": {"dba": 0.3046}, "mean-min": {"dba": 0.293}}, "1009": {"min-min": {"dba": 0.1795}, "min-mean": {"dba": 0.3035}, "mean-mean": {"dba": 0.4039}, "mean-min": {"dba": 0.3567}}, "1010": {"min-min": {"dba": 0.0634}, "min-mean": {"dba": 0.1757}, "mean-mean": {"dba": 0.2727}, "mean-min": {"dba": 0.1911}}, "1011": {"min-min": {"dba": 0.1471}, "min-mean": {"dba": 0.2418}, "mean-mean": {"dba": 0.3771}, "mean-min": {"dba": 0.3402}}, "1012": {"min-min": {"dba": 0.0375}, "min-mean": {"dba": 0.1194}, "mean-mean": {"dba": 0.2342}, "mean-min": {"dba": 0.1947}}, "1013": {"min-min": {"dba": 0.0939}, "min-mean": {"dba": 0.1638}, "mean-mean": {"dba": 0.2938}, "mean-min": {"dba": 0.2778}}, "1014": {"min-min": {"dba": 0.0339}, "min-mean": {"dba": 0.0989}, "mean-mean": {"dba": 0.1855}, "mean-min": {"dba": 0.1458}}, "1015": {"min-min": {"dba": 0.083}, "min-mean": {"dba": 0.158}, "mean-mean": {"dba": 0.2503}, "mean-min": {"dba": 0.2141}}}, "1013": {"1001": {"min-min": {"dba": 0.0066}, "min-mean": {"dba": 0.0365}, "mean-mean": {"dba": 0.1298}, "mean-min": {"dba": 0.0962}}, "1002": {"min-min": {"dba": 0.0409}, "min-mean": {"dba": 0.1518}, "mean-mean": {"dba": 0.2605}, "mean-min": {"dba": 0.2034}}, "1003": {"min-min": {"dba": 0.013}, "min-mean": {"dba": 0.0854}, "mean-mean": {"dba": 0.1978}, "mean-min": {"dba": 0.1815}}, "1004": {"min-min": {"dba": 0.0593}, "min-mean": {"dba": 0.1224}, "mean-mean": {"dba": 0.2448}, "mean-min": {"dba": 0.2438}}, "1005": {"min-min": {"dba": 0.1694}, "min-mean": {"dba": 0.2134}, "mean-mean": {"dba": 0.3189}, "mean-min": {"dba": 0.3014}}, "1006": {"min-min": {"dba": 0.0819}, "min-mean": {"dba": 0.1414}, "mean-mean": {"dba": 0.2536}, "mean-min": {"dba": 0.2502}}, "1007": {"min-min": {"dba": 0.0053}, "min-mean": {"dba": 0.0259}, "mean-mean": {"dba": 0.1394}, "mean-min": {"dba": 0.067}}, "1008": {"min-min": {"dba": 0.0183}, "min-mean": {"dba": 0.0825}, "mean-mean": {"dba": 0.1878}, "mean-min": {"dba": 0.1762}}, "1009": {"min-min": {"dba": 0.0573}, "min-mean": {"dba": 0.1356}, "mean-mean": {"dba": 0.2091}, "mean-min": {"dba": 0.167}}, "1010": {"min-min": {"dba": 0.0057}, "min-mean": {"dba": 0.0997}, "mean-mean": {"dba": 0.2214}, "mean-min": {"dba": 0.1887}}, "1011": {"min-min": {"dba": 0.0237}, "min-mean": {"dba": 0.0819}, "mean-mean": {"dba": 0.1888}, "mean-min": {"dba": 0.1838}}, "1012": {"min-min": {"dba": 0.084}, "min-mean": {"dba": 0.1393}, "mean-mean": {"dba": 0.2365}, "mean-min": {"dba": 0.2308}}, "1013": {"min-min": {"dba": 0.0059}, "min-mean": {"dba": 0.07}, "mean-mean": {"dba": 0.1861}, "mean-min": {"dba": 0.18}}, "1014": {"min-min": {"dba": 0.1056}, "min-mean": {"dba": 0.1597}, "mean-mean": {"dba": 0.2792}, "mean-min": {"dba": 0.2664}}, "1015": {"min-min": {"dba": 0.0581}, "min-mean": {"dba": 0.097}, "mean-mean": {"dba": 0.1739}, "mean-min": {"dba": 0.1739}}}, "1014": {"1001": {"min-min": {"dba": 0.1403}, "min-mean": {"dba": 0.1852}, "mean-mean": {"dba": 0.2722}, "mean-min": {"dba": 0.2645}}, "1002": {"min-min": {"dba": 0.0318}, "min-mean": {"dba": 0.1347}, "mean-mean": {"dba": 0.265}, "mean-min": {"dba": 0.2304}}, "1003": {"min-min": {"dba": 0.2143}, "min-mean": {"dba": 0.2723}, "mean-mean": {"dba": 0.3604}, "mean-min": {"dba": 0.3497}}, "1004": {"min-min": {"dba": 0.0421}, "min-mean": {"dba": 0.157}, "mean-mean": {"dba": 0.2629}, "mean-min": {"dba": 0.202}}, "1005": {"min-min": {"dba": 0.3682}, "min-mean": {"dba": 0.3956}, "mean-mean": {"dba": 0.5124}, "mean-min": {"dba": 0.4358}}, "1006": {"min-min": {"dba": 0.0047}, "min-mean": {"dba": 0.1263}, "mean-mean": {"dba": 0.2414}, "mean-min": {"dba": 0.1842}}, "1007": {"min-min": {"dba": 0.2065}, "min-mean": {"dba": 0.2086}, "mean-mean": {"dba": 0.2985}, "mean-min": {"dba": 0.2129}}, "1008": {"min-min": {"dba": 0.1184}, "min-mean": {"dba": 0.1974}, "mean-mean": {"dba": 0.326}, "mean-min": {"dba": 0.3091}}, "1009": {"min-min": {"dba": 0.2676}, "min-mean": {"dba": 0.352}, "mean-mean": {"dba": 0.419}, "mean-min": {"dba": 0.372}}, "1010": {"min-min": {"dba": 0.0174}, "min-mean": {"dba": 0.166}, "mean-mean": {"dba": 0.2844}, "mean-min": {"dba": 0.2012}}, "1011": {"min-min": {"dba": 0.1528}, "min-mean": {"dba": 0.2572}, "mean-mean": {"dba": 0.3873}, "mean-min": {"dba": 0.3516}}, "1012": {"min-min": {"dba": 0.0218}, "min-mean": {"dba": 0.1163}, "mean-mean": {"dba": 0.2299}, "mean-min": {"dba": 0.1997}}, "1013": {"min-min": {"dba": 0.1244}, "min-mean": {"dba": 0.1908}, "mean-mean": {"dba": 0.3023}, "mean-min": {"dba": 0.2942}}, "1014": {"min-min": {"dba": 0.0052}, "min-mean": {"dba": 0.0838}, "mean-mean": {"dba": 0.1712}, "mean-min": {"dba": 0.1424}}, "1015": {"min-min": {"dba": 0.1204}, "min-mean": {"dba": 0.1894}, "mean-mean": {"dba": 0.257}, "mean-min": {"dba": 0.2262}}}, "1015": {"1001": {"min-min": {"dba": 0.0278}, "min-mean": {"dba": 0.073}, "mean-mean": {"dba": 0.1572}, "mean-min": {"dba": 0.1451}}, "1002": {"min-min": {"dba": 0.0079}, "min-mean": {"dba": 0.1194}, "mean-mean": {"dba": 0.2204}, "mean-min": {"dba": 0.1666}}, "1003": {"min-min": {"dba": 0.0826}, "min-mean": {"dba": 0.1385}, "mean-mean": {"dba": 0.2344}, "mean-min": {"dba": 0.2266}}, "1004": {"min-min": {"dba": 0.021}, "min-mean": {"dba": 0.1003}, "mean-mean": {"dba": 0.2106}, "mean-min": {"dba": 0.1851}}, "1005": {"min-min": {"dba": 0.2288}, "min-mean": {"dba": 0.2607}, "mean-mean": {"dba": 0.3751}, "mean-min": {"dba": 0.3068}}, "1006": {"min-min": {"dba": 0.0084}, "min-mean": {"dba": 0.1081}, "mean-mean": {"dba": 0.2215}, "mean-min": {"dba": 0.1889}}, "1007": {"min-min": {"dba": 0.0373}, "min-mean": {"dba": 0.0373}, "mean-mean": {"dba": 0.1586}, "mean-min": {"dba": 0.0373}}, "1008": {"min-min": {"dba": 0.0313}, "min-mean": {"dba": 0.0965}, "mean-mean": {"dba": 0.2074}, "mean-min": {"dba": 0.2006}}, "1009": {"min-min": {"dba": 0.1151}, "min-mean": {"dba": 0.1887}, "mean-mean": {"dba": 0.2692}, "mean-min": {"dba": 0.2347}}, "1010": {"min-min": {"dba": 0.0091}, "min-mean": {"dba": 0.1145}, "mean-mean": {"dba": 0.1979}, "mean-min": {"dba": 0.1411}}, "1011": {"min-min": {"dba": 0.049}, "min-mean": {"dba": 0.1327}, "mean-mean": {"dba": 0.2559}, "mean-min": {"dba": 0.2333}}, "1012": {"min-min": {"dba": 0.0202}, "min-mean": {"dba": 0.0914}, "mean-mean": {"dba": 0.1939}, "mean-min": {"dba": 0.1792}}, "1013": {"min-min": {"dba": 0.0257}, "min-mean": {"dba": 0.0898}, "mean-mean": {"dba": 0.1977}, "mean-min": {"dba": 0.1937}}, "1014": {"min-min": {"dba": 0.0724}, "min-mean": {"dba": 0.118}, "mean-mean": {"dba": 0.2093}, "mean-min": {"dba": 0.2077}}, "1015": {"min-min": {"dba": 0.0192}, "min-mean": {"dba": 0.0816}, "mean-mean": {"dba": 0.1653}, "mean-min": {"dba": 0.1437}}}}