{"1001": {"1001": {"min-min": {"dba": 0.076}, "min-mean": {"dba": 0.1204}, "mean-mean": {"dba": 0.2509}, "mean-min": {"dba": 0.2092}}, "1002": {"min-min": {"dba": 0.1769}, "min-mean": {"dba": 0.3079}, "mean-mean": {"dba": 0.4111}, "mean-min": {"dba": 0.3276}}, "1003": {"min-min": {"dba": 0.1642}, "min-mean": {"dba": 0.216}, "mean-mean": {"dba": 0.3032}, "mean-min": {"dba": 0.2732}}, "1004": {"min-min": {"dba": 0.1686}, "min-mean": {"dba": 0.2558}, "mean-mean": {"dba": 0.3661}, "mean-min": {"dba": 0.322}}, "1005": {"min-min": {"dba": 0.2149}, "min-mean": {"dba": 0.2149}, "mean-mean": {"dba": 0.3892}, "mean-min": {"dba": 0.2149}}, "1006": {"min-min": {"dba": 0.1758}, "min-mean": {"dba": 0.2475}, "mean-mean": {"dba": 0.3615}, "mean-min": {"dba": 0.3299}}, "1007": {"min-min": {"dba": 0.1615}, "min-mean": {"dba": 0.1615}, "mean-mean": {"dba": 0.2465}, "mean-min": {"dba": 0.1615}}, "1008": {"min-min": {"dba": 0.1185}, "min-mean": {"dba": 0.1848}, "mean-mean": {"dba": 0.3183}, "mean-min": {"dba": 0.3101}}, "1009": {"min-min": {"dba": 0.1389}, "min-mean": {"dba": 0.2034}, "mean-mean": {"dba": 0.304}, "mean-min": {"dba": 0.2903}}, "1010": {"min-min": {"dba": 0.1628}, "min-mean": {"dba": 0.233}, "mean-mean": {"dba": 0.3103}, "mean-min": {"dba": 0.2731}}, "1011": {"min-min": {"dba": 0.1494}, "min-mean": {"dba": 0.2306}, "mean-mean": {"dba": 0.3703}, "mean-min": {"dba": 0.3487}}, "1012": {"min-min": {"dba": 0.1966}, "min-mean": {"dba": 0.253}, "mean-mean": {"dba": 0.3266}, "mean-min": {"dba": 0.3071}}, "1013": {"min-min": {"dba": 0.1782}, "min-mean": {"dba": 0.2014}, "mean-mean": {"dba": 0.2798}, "mean-min": {"dba": 0.2477}}, "1014": {"min-min": {"dba": 0.2263}, "min-mean": {"dba": 0.3012}, "mean-mean": {"dba": 0.3925}, "mean-min": {"dba": 0.37}}, "1015": {"min-min": {"dba": 0.1544}, "min-mean": {"dba": 0.1987}, "mean-mean": {"dba": 0.2859}, "mean-min": {"dba": 0.2849}}}, "1002": {"1001": {"min-min": {"dba": 0.1218}, "min-mean": {"dba": 0.1218}, "mean-mean": {"dba": 0.198}, "mean-min": {"dba": 0.1218}}, "1002": {"min-min": {"dba": 0.0672}, "min-mean": {"dba": 0.1916}, "mean-mean": {"dba": 0.3367}, "mean-min": {"dba": 0.2838}}, "1003": {"min-min": {"dba": 0.1557}, "min-mean": {"dba": 0.1931}, "mean-mean": {"dba": 0.2753}, "mean-min": {"dba": 0.2678}}, "1004": {"min-min": {"dba": 0.1002}, "min-mean": {"dba": 0.1717}, "mean-mean": {"dba": 0.2884}, "mean-min": {"dba": 0.2524}}, "1005": {"min-min": {"dba": 0.3186}, "min-mean": {"dba": 0.3934}, "mean-mean": {"dba": 0.4993}, "mean-min": {"dba": 0.4462}}, "1006": {"min-min": {"dba": 0.1335}, "min-mean": {"dba": 0.1776}, "mean-mean": {"dba": 0.2977}, "mean-min": {"dba": 0.2657}}, "1007": {"min-min": {"dba": 0.1142}, "min-mean": {"dba": 0.1142}, "mean-mean": {"dba": 0.2206}, "mean-min": {"dba": 0.1142}}, "1008": {"min-min": {"dba": 0.1182}, "min-mean": {"dba": 0.1888}, "mean-mean": {"dba": 0.293}, "mean-min": {"dba": 0.2725}}, "1009": {"min-min": {"dba": 0.1733}, "min-mean": {"dba": 0.2341}, "mean-mean": {"dba": 0.3272}, "mean-min": {"dba": 0.3126}}, "1010": {"min-min": {"dba": 0.0742}, "min-mean": {"dba": 0.1528}, "mean-mean": {"dba": 0.2464}, "mean-min": {"dba": 0.196}}, "1011": {"min-min": {"dba": 0.1588}, "min-mean": {"dba": 0.2914}, "mean-mean": {"dba": 0.3876}, "mean-min": {"dba": 0.3305}}, "1012": {"min-min": {"dba": 0.1078}, "min-mean": {"dba": 0.1742}, "mean-mean": {"dba": 0.2699}, "mean-min": {"dba": 0.2604}}, "1013": {"min-min": {"dba": 0.1096}, "min-mean": {"dba": 0.1689}, "mean-mean": {"dba": 0.2685}, "mean-min": {"dba": 0.2567}}, "1014": {"min-min": {"dba": 0.1592}, "min-mean": {"dba": 0.1901}, "mean-mean": {"dba": 0.3053}, "mean-min": {"dba": 0.2519}}, "1015": {"min-min": {"dba": 0.1098}, "min-mean": {"dba": 0.1335}, "mean-mean": {"dba": 0.2168}, "mean-min": {"dba": 0.1809}}}, "1003": {"1001": {"min-min": {"dba": 0.1695}, "min-mean": {"dba": 0.294}, "mean-mean": {"dba": 0.4056}, "mean-min": {"dba": 0.3627}}, "1002": {"min-min": {"dba": 0.2097}, "min-mean": {"dba": 0.3446}, "mean-mean": {"dba": 0.4827}, "mean-min": {"dba": 0.4176}}, "1003": {"min-min": {"dba": 0.1476}, "min-mean": {"dba": 0.268}, "mean-mean": {"dba": 0.3678}, "mean-min": {"dba": 0.3248}}, "1004": {"min-min": {"dba": 0.2651}, "min-mean": {"dba": 0.327}, "mean-mean": {"dba": 0.4237}, "mean-min": {"dba": 0.3717}}, "1005": {"min-min": {"dba": 0.237}, "min-mean": {"dba": 0.338}, "mean-mean": {"dba": 0.4705}, "mean-min": {"dba": 0.4283}}, "1006": {"min-min": {"dba": 0.1879}, "min-mean": {"dba": 0.3582}, "mean-mean": {"dba": 0.4901}, "mean-min": {"dba": 0.4661}}, "1007": {"min-min": {"dba": 0.1158}, "min-mean": {"dba": 0.2235}, "mean-mean": {"dba": 0.3653}, "mean-min": {"dba": 0.3179}}, "1008": {"min-min": {"dba": 0.1299}, "min-mean": {"dba": 0.2742}, "mean-mean": {"dba": 0.3783}, "mean-min": {"dba": 0.3318}}, "1009": {"min-min": {"dba": 0.1409}, "min-mean": {"dba": 0.2385}, "mean-mean": {"dba": 0.3362}, "mean-min": {"dba": 0.3066}}, "1010": {"min-min": {"dba": 0.2034}, "min-mean": {"dba": 0.3295}, "mean-mean": {"dba": 0.4123}, "mean-min": {"dba": 0.3785}}, "1011": {"min-min": {"dba": 0.177}, "min-mean": {"dba": 0.2694}, "mean-mean": {"dba": 0.3728}, "mean-min": {"dba": 0.3231}}, "1012": {"min-min": {"dba": 0.1815}, "min-mean": {"dba": 0.2882}, "mean-mean": {"dba": 0.4234}, "mean-min": {"dba": 0.4034}}, "1013": {"min-min": {"dba": 0.2001}, "min-mean": {"dba": 0.3068}, "mean-mean": {"dba": 0.3971}, "mean-min": {"dba": 0.3432}}, "1014": {"min-min": {"dba": 0.3598}, "min-mean": {"dba": 0.43}, "mean-mean": {"dba": 0.5394}, "mean-min": {"dba": 0.4953}}, "1015": {"min-min": {"dba": 0.1958}, "min-mean": {"dba": 0.2812}, "mean-mean": {"dba": 0.3838}, "mean-min": {"dba": 0.3586}}}, "1004": {"1001": {"min-min": {"dba": 0.2301}, "min-mean": {"dba": 0.2613}, "mean-mean": {"dba": 0.3578}, "mean-min": {"dba": 0.3238}}, "1002": {"min-min": {"dba": 0.2118}, "min-mean": {"dba": 0.29}, "mean-mean": {"dba": 0.3639}, "mean-min": {"dba": 0.3465}}, "1003": {"min-min": {"dba": 0.3207}, "min-mean": {"dba": 0.352}, "mean-mean": {"dba": 0.4287}, "mean-min": {"dba": 0.4054}}, "1004": {"min-min": {"dba": 0.1718}, "min-mean": {"dba": 0.249}, "mean-mean": {"dba": 0.3278}, "mean-min": {"dba": 0.2977}}, "1005": {"min-min": {"dba": 0.3973}, "min-mean": {"dba": 0.3973}, "mean-mean": {"dba": 0.5671}, "mean-min": {"dba": 0.3973}}, "1006": {"min-min": {"dba": 0.0427}, "min-mean": {"dba": 0.2503}, "mean-mean": {"dba": 0.3756}, "mean-min": {"dba": 0.3252}}, "1007": {"min-min": {"dba": 0.2492}, "min-mean": {"dba": 0.2732}, "mean-mean": {"dba": 0.379}, "mean-min": {"dba": 0.3212}}, "1008": {"min-min": {"dba": 0.2798}, "min-mean": {"dba": 0.3323}, "mean-mean": {"dba": 0.4214}, "mean-min": {"dba": 0.4033}}, "1009": {"min-min": {"dba": 0.2847}, "min-mean": {"dba": 0.344}, "mean-mean": {"dba": 0.4739}, "mean-min": {"dba": 0.4625}}, "1010": {"min-min": {"dba": 0.1263}, "min-mean": {"dba": 0.2424}, "mean-mean": {"dba": 0.3371}, "mean-min": {"dba": 0.3085}}, "1011": {"min-min": {"dba": 0.2576}, "min-mean": {"dba": 0.3064}, "mean-mean": {"dba": 0.4438}, "mean-min": {"dba": 0.4039}}, "1012": {"min-min": {"dba": 0.0644}, "min-mean": {"dba": 0.1964}, "mean-mean": {"dba": 0.3213}, "mean-min": {"dba": 0.3154}}, "1013": {"min-min": {"dba": 0.282}, "min-mean": {"dba": 0.3263}, "mean-mean": {"dba": 0.3931}, "mean-min": {"dba": 0.365}}, "1014": {"min-min": {"dba": 0.0445}, "min-mean": {"dba": 0.1793}, "mean-mean": {"dba": 0.2832}, "mean-min": {"dba": 0.2492}}, "1015": {"min-min": {"dba": 0.2468}, "min-mean": {"dba": 0.2641}, "mean-mean": {"dba": 0.3164}, "mean-min": {"dba": 0.2986}}}, "1005": {"1001": {"min-min": {"dba": 0.3478}, "min-mean": {"dba": 0.3794}, "mean-mean": {"dba": 0.4799}, "mean-min": {"dba": 0.4426}}, "1002": {"min-min": {"dba": 0.4212}, "min-mean": {"dba": 0.5311}, "mean-mean": {"dba": 0.6729}, "mean-min": {"dba": 0.603}}, "1003": {"min-min": {"dba": 0.1824}, "min-mean": {"dba": 0.2648}, "mean-mean": {"dba": 0.4008}, "mean-min": {"dba": 0.3571}}, "1004": {"min-min": {"dba": 0.5267}, "min-mean": {"dba": 0.5398}, "mean-mean": {"dba": 0.6442}, "mean-min": {"dba": 0.5661}}, "1005": {"min-min": {"dba": 0.0649}, "min-mean": {"dba": 0.1719}, "mean-mean": {"dba": 0.3262}, "mean-min": {"dba": 0.285}}, "1006": {"min-min": {"dba": 0.4386}, "min-mean": {"dba": 0.4788}, "mean-mean": {"dba": 0.6605}, "mean-min": {"dba": 0.5591}}, "1007": {"min-min": {"dba": 0.195}, "min-mean": {"dba": 0.2813}, "mean-mean": {"dba": 0.432}, "mean-min": {"dba": 0.391}}, "1008": {"min-min": {"dba": 0.2908}, "min-mean": {"dba": 0.3237}, "mean-mean": {"dba": 0.4402}, "mean-min": {"dba": 0.3895}}, "1009": {"min-min": {"dba": 0.199}, "min-mean": {"dba": 0.223}, "mean-mean": {"dba": 0.3224}, "mean-min": {"dba": 0.271}}, "1010": {"min-min": {"dba": 0.386}, "min-mean": {"dba": 0.421}, "mean-mean": {"dba": 0.5575}, "mean-min": {"dba": 0.491}}, "1011": {"min-min": {"dba": 0.1715}, "min-mean": {"dba": 0.2294}, "mean-mean": {"dba": 0.384}, "mean-min": {"dba": 0.3453}}, "1012": {"min-min": {"dba": 0.3814}, "min-mean": {"dba": 0.447}, "mean-mean": {"dba": 0.6199}, "mean-min": {"dba": 0.5783}}, "1013": {"min-min": {"dba": 0.2889}, "min-mean": {"dba": 0.3245}, "mean-mean": {"dba": 0.4519}, "mean-min": {"dba": 0.3956}}, "1014": {"min-min": {"dba": 0.5876}, "min-mean": {"dba": 0.6166}, "mean-mean": {"dba": 0.7584}, "mean-min": {"dba": 0.6745}}, "1015": {"min-min": {"dba": 0.3325}, "min-mean": {"dba": 0.3621}, "mean-mean": {"dba": 0.5127}, "mean-min": {"dba": 0.4213}}}, "1006": {"1001": {"min-min": {"dba": 0.1542}, "min-mean": {"dba": 0.1542}, "mean-mean": {"dba": 0.2441}, "mean-min": {"dba": 0.1542}}, "1002": {"min-min": {"dba": 0.0778}, "min-mean": {"dba": 0.2124}, "mean-mean": {"dba": 0.3557}, "mean-min": {"dba": 0.2919}}, "1003": {"min-min": {"dba": 0.2411}, "min-mean": {"dba": 0.2734}, "mean-mean": {"dba": 0.3599}, "mean-min": {"dba": 0.338}}, "1004": {"min-min": {"dba": 0.0556}, "min-mean": {"dba": 0.1632}, "mean-mean": {"dba": 0.3084}, "mean-min": {"dba": 0.2734}}, "1005": {"min-min": {"dba": 0.2143}, "min-mean": {"dba": 0.4306}, "mean-mean": {"dba": 0.6091}, "mean-min": {"dba": 0.5593}}, "1006": {"min-min": {"dba": 0.0387}, "min-mean": {"dba": 0.1245}, "mean-mean": {"dba": 0.2949}, "mean-min": {"dba": 0.2838}}, "1007": {"min-min": {"dba": 0.1976}, "min-mean": {"dba": 0.1976}, "mean-mean": {"dba": 0.3087}, "mean-min": {"dba": 0.1976}}, "1008": {"min-min": {"dba": 0.1545}, "min-mean": {"dba": 0.2328}, "mean-mean": {"dba": 0.3666}, "mean-min": {"dba": 0.3496}}, "1009": {"min-min": {"dba": 0.2646}, "min-mean": {"dba": 0.3291}, "mean-mean": {"dba": 0.4173}, "mean-min": {"dba": 0.3933}}, "1010": {"min-min": {"dba": 0.0406}, "min-mean": {"dba": 0.1457}, "mean-mean": {"dba": 0.2732}, "mean-min": {"dba": 0.2235}}, "1011": {"min-min": {"dba": 0.1807}, "min-mean": {"dba": 0.3387}, "mean-mean": {"dba": 0.4675}, "mean-min": {"dba": 0.4046}}, "1012": {"min-min": {"dba": 0.0645}, "min-mean": {"dba": 0.1524}, "mean-mean": {"dba": 0.2913}, "mean-min": {"dba": 0.2722}}, "1013": {"min-min": {"dba": 0.2111}, "min-mean": {"dba": 0.2422}, "mean-mean": {"dba": 0.33}, "mean-min": {"dba": 0.3045}}, "1014": {"min-min": {"dba": 0.1602}, "min-mean": {"dba": 0.2025}, "mean-mean": {"dba": 0.2877}, "mean-min": {"dba": 0.2818}}, "1015": {"min-min": {"dba": 0.1484}, "min-mean": {"dba": 0.1827}, "mean-mean": {"dba": 0.2632}, "mean-min": {"dba": 0.2514}}}, "1007": {"1001": {"min-min": {"dba": 0.2038}, "min-mean": {"dba": 0.2476}, "mean-mean": {"dba": 0.3477}, "mean-min": {"dba": 0.3353}}, "1002": {"min-min": {"dba": 0.1886}, "min-mean": {"dba": 0.4118}, "mean-mean": {"dba": 0.5649}, "mean-min": {"dba": 0.4675}}, "1003": {"min-min": {"dba": 0.1772}, "min-mean": {"dba": 0.2188}, "mean-mean": {"dba": 0.2822}, "mean-min": {"dba": 0.265}}, "1004": {"min-min": {"dba": 0.375}, "min-mean": {"dba": 0.421}, "mean-mean": {"dba": 0.5117}, "mean-min": {"dba": 0.4767}}, "1005": {"min-min": {"dba": 0.1449}, "min-mean": {"dba": 0.209}, "mean-mean": {"dba": 0.3265}, "mean-min": {"dba": 0.317}}, "1006": {"min-min": {"dba": 0.3335}, "min-mean": {"dba": 0.3854}, "mean-mean": {"dba": 0.5302}, "mean-min": {"dba": 0.4836}}, "1007": {"min-min": {"dba": 0.1288}, "min-mean": {"dba": 0.1938}, "mean-mean": {"dba": 0.3079}, "mean-min": {"dba": 0.2972}}, "1008": {"min-min": {"dba": 0.1888}, "min-mean": {"dba": 0.2369}, "mean-mean": {"dba": 0.335}, "mean-min": {"dba": 0.2983}}, "1009": {"min-min": {"dba": 0.1034}, "min-mean": {"dba": 0.1555}, "mean-mean": {"dba": 0.2549}, "mean-min": {"dba": 0.2442}}, "1010": {"min-min": {"dba": 0.3491}, "min-mean": {"dba": 0.3588}, "mean-mean": {"dba": 0.4221}, "mean-min": {"dba": 0.3783}}, "1011": {"min-min": {"dba": 0.1307}, "min-mean": {"dba": 0.2004}, "mean-mean": {"dba": 0.3231}, "mean-min": {"dba": 0.3056}}, "1012": {"min-min": {"dba": 0.2785}, "min-mean": {"dba": 0.3733}, "mean-mean": {"dba": 0.4923}, "mean-min": {"dba": 0.4813}}, "1013": {"min-min": {"dba": 0.1841}, "min-mean": {"dba": 0.2348}, "mean-mean": {"dba": 0.3294}, "mean-min": {"dba": 0.2844}}, "1014": {"min-min": {"dba": 0.3102}, "min-mean": {"dba": 0.4721}, "mean-mean": {"dba": 0.6069}, "mean-min": {"dba": 0.5531}}, "1015": {"min-min": {"dba": 0.2837}, "min-mean": {"dba": 0.3399}, "mean-mean": {"dba": 0.4121}, "mean-min": {"dba": 0.4096}}}, "1008": {"1001": {"min-min": {"dba": 0.0318}, "min-mean": {"dba": 0.0778}, "mean-mean": {"dba": 0.2017}, "mean-min": {"dba": 0.1614}}, "1002": {"min-min": {"dba": 0.1304}, "min-mean": {"dba": 0.2943}, "mean-mean": {"dba": 0.4288}, "mean-min": {"dba": 0.334}}, "1003": {"min-min": {"dba": 0.1263}, "min-mean": {"dba": 0.1744}, "mean-mean": {"dba": 0.2575}, "mean-min": {"dba": 0.2504}}, "1004": {"min-min": {"dba": 0.1606}, "min-mean": {"dba": 0.2459}, "mean-mean": {"dba": 0.3738}, "mean-min": {"dba": 0.3577}}, "1005": {"min-min": {"dba": 0.3456}, "min-mean": {"dba": 0.3725}, "mean-mean": {"dba": 0.4593}, "mean-min": {"dba": 0.4257}}, "1006": {"min-min": {"dba": 0.2392}, "min-mean": {"dba": 0.2802}, "mean-mean": {"dba": 0.3775}, "mean-min": {"dba": 0.3538}}, "1007": {"min-min": {"dba": 0.1368}, "min-mean": {"dba": 0.1423}, "mean-mean": {"dba": 0.2217}, "mean-min": {"dba": 0.1534}}, "1008": {"min-min": {"dba": 0.0305}, "min-mean": {"dba": 0.1216}, "mean-mean": {"dba": 0.2832}, "mean-min": {"dba": 0.277}}, "1009": {"min-min": {"dba": 0.0999}, "min-mean": {"dba": 0.1716}, "mean-mean": {"dba": 0.2797}, "mean-min": {"dba": 0.2607}}, "1010": {"min-min": {"dba": 0.1631}, "min-mean": {"dba": 0.2223}, "mean-mean": {"dba": 0.2928}, "mean-min": {"dba": 0.2736}}, "1011": {"min-min": {"dba": 0.0515}, "min-mean": {"dba": 0.1778}, "mean-mean": {"dba": 0.3515}, "mean-min": {"dba": 0.3098}}, "1012": {"min-min": {"dba": 0.186}, "min-mean": {"dba": 0.2498}, "mean-mean": {"dba": 0.3471}, "mean-min": {"dba": 0.3351}}, "1013": {"min-min": {"dba": 0.1174}, "min-mean": {"dba": 0.148}, "mean-mean": {"dba": 0.2527}, "mean-min": {"dba": 0.2081}}, "1014": {"min-min": {"dba": 0.342}, "min-mean": {"dba": 0.3544}, "mean-mean": {"dba": 0.419}, "mean-min": {"dba": 0.3715}}, "1015": {"min-min": {"dba": 0.1697}, "min-mean": {"dba": 0.2053}, "mean-mean": {"dba": 0.2759}, "mean-min": {"dba": 0.2731}}}, "1009": {"1001": {"min-min": {"dba": 0.0953}, "min-mean": {"dba": 0.2231}, "mean-mean": {"dba": 0.3593}, "mean-min": {"dba": 0.3174}}, "1002": {"min-min": {"dba": 0.2049}, "min-mean": {"dba": 0.4511}, "mean-mean": {"dba": 0.5757}, "mean-min": {"dba": 0.4419}}, "1003": {"min-min": {"dba": 0.1188}, "min-mean": {"dba": 0.2536}, "mean-mean": {"dba": 0.3304}, "mean-min": {"dba": 0.2823}}, "1004": {"min-min": {"dba": 0.2485}, "min-mean": {"dba": 0.3994}, "mean-mean": {"dba": 0.5219}, "mean-min": {"dba": 0.4796}}, "1005": {"min-min": {"dba": 0.1866}, "min-mean": {"dba": 0.2443}, "mean-mean": {"dba": 0.3702}, "mean-min": {"dba": 0.3566}}, "1006": {"min-min": {"dba": 0.2993}, "min-mean": {"dba": 0.407}, "mean-mean": {"dba": 0.5362}, "mean-min": {"dba": 0.4983}}, "1007": {"min-min": {"dba": 0.1154}, "min-mean": {"dba": 0.2112}, "mean-mean": {"dba": 0.3134}, "mean-min": {"dba": 0.2927}}, "1008": {"min-min": {"dba": 0.0905}, "min-mean": {"dba": 0.2407}, "mean-mean": {"dba": 0.3646}, "mean-min": {"dba": 0.3377}}, "1009": {"min-min": {"dba": 0.0585}, "min-mean": {"dba": 0.1834}, "mean-mean": {"dba": 0.2879}, "mean-min": {"dba": 0.2622}}, "1010": {"min-min": {"dba": 0.2288}, "min-mean": {"dba": 0.3355}, "mean-mean": {"dba": 0.4342}, "mean-min": {"dba": 0.3897}}, "1011": {"min-min": {"dba": 0.0523}, "min-mean": {"dba": 0.2021}, "mean-mean": {"dba": 0.3601}, "mean-min": {"dba": 0.3385}}, "1012": {"min-min": {"dba": 0.2445}, "min-mean": {"dba": 0.3828}, "mean-mean": {"dba": 0.4837}, "mean-min": {"dba": 0.4417}}, "1013": {"min-min": {"dba": 0.1545}, "min-mean": {"dba": 0.227}, "mean-mean": {"dba": 0.3459}, "mean-min": {"dba": 0.3177}}, "1014": {"min-min": {"dba": 0.4118}, "min-mean": {"dba": 0.4677}, "mean-mean": {"dba": 0.5981}, "mean-min": {"dba": 0.5744}}, "1015": {"min-min": {"dba": 0.2089}, "min-mean": {"dba": 0.3061}, "mean-mean": {"dba": 0.42}, "mean-min": {"dba": 0.3728}}}, "1010": {"1001": {"min-min": {"dba": 0.1397}, "min-mean": {"dba": 0.1624}, "mean-mean": {"dba": 0.2412}, "mean-min": {"dba": 0.1763}}, "1002": {"min-min": {"dba": 0.0997}, "min-mean": {"dba": 0.2161}, "mean-mean": {"dba": 0.3369}, "mean-min": {"dba": 0.2743}}, "1003": {"min-min": {"dba": 0.2151}, "min-mean": {"dba": 0.2607}, "mean-mean": {"dba": 0.3474}, "mean-min": {"dba": 0.3379}}, "1004": {"min-min": {"dba": 0.0541}, "min-mean": {"dba": 0.1631}, "mean-mean": {"dba": 0.2976}, "mean-min": {"dba": 0.2535}}, "1005": {"min-min": {"dba": 0.4124}, "min-mean": {"dba": 0.458}, "mean-mean": {"dba": 0.595}, "mean-min": {"dba": 0.5479}}, "1006": {"min-min": {"dba": 0.0347}, "min-mean": {"dba": 0.1286}, "mean-mean": {"dba": 0.2923}, "mean-min": {"dba": 0.2792}}, "1007": {"min-min": {"dba": 0.1948}, "min-mean": {"dba": 0.1948}, "mean-mean": {"dba": 0.2896}, "mean-min": {"dba": 0.1948}}, "1008": {"min-min": {"dba": 0.1703}, "min-mean": {"dba": 0.24}, "mean-mean": {"dba": 0.3504}, "mean-min": {"dba": 0.3273}}, "1009": {"min-min": {"dba": 0.2563}, "min-mean": {"dba": 0.3291}, "mean-mean": {"dba": 0.4103}, "mean-min": {"dba": 0.3777}}, "1010": {"min-min": {"dba": 0.04}, "min-mean": {"dba": 0.1472}, "mean-mean": {"dba": 0.268}, "mean-min": {"dba": 0.2205}}, "1011": {"min-min": {"dba": 0.2677}, "min-mean": {"dba": 0.3769}, "mean-mean": {"dba": 0.4659}, "mean-min": {"dba": 0.391}}, "1012": {"min-min": {"dba": 0.0504}, "min-mean": {"dba": 0.1378}, "mean-mean": {"dba": 0.2742}, "mean-min": {"dba": 0.2537}}, "1013": {"min-min": {"dba": 0.1644}, "min-mean": {"dba": 0.2328}, "mean-mean": {"dba": 0.3172}, "mean-min": {"dba": 0.3082}}, "1014": {"min-min": {"dba": 0.1652}, "min-mean": {"dba": 0.1984}, "mean-mean": {"dba": 0.271}, "mean-min": {"dba": 0.2649}}, "1015": {"min-min": {"dba": 0.1441}, "min-mean": {"dba": 0.1877}, "mean-mean": {"dba": 0.251}, "mean-min": {"dba": 0.2377}}}, "1011": {"1001": {"min-min": {"dba": 0.1302}, "min-mean": {"dba": 0.2014}, "mean-mean": {"dba": 0.2916}, "mean-min": {"dba": 0.2782}}, "1002": {"min-min": {"dba": 0.2158}, "min-mean": {"dba": 0.3185}, "mean-mean": {"dba": 0.4313}, "mean-min": {"dba": 0.3794}}, "1003": {"min-min": {"dba": 0.1247}, "min-mean": {"dba": 0.1952}, "mean-mean": {"dba": 0.2652}, "mean-min": {"dba": 0.2358}}, "1004": {"min-min": {"dba": 0.2862}, "min-mean": {"dba": 0.3569}, "mean-mean": {"dba": 0.4243}, "mean-min": {"dba": 0.4178}}, "1005": {"min-min": {"dba": 0.2021}, "min-mean": {"dba": 0.2283}, "mean-mean": {"dba": 0.3212}, "mean-min": {"dba": 0.2631}}, "1006": {"min-min": {"dba": 0.2424}, "min-mean": {"dba": 0.323}, "mean-mean": {"dba": 0.4517}, "mean-min": {"dba": 0.4464}}, "1007": {"min-min": {"dba": 0.1059}, "min-mean": {"dba": 0.1655}, "mean-mean": {"dba": 0.2393}, "mean-min": {"dba": 0.228}}, "1008": {"min-min": {"dba": 0.0865}, "min-mean": {"dba": 0.1733}, "mean-mean": {"dba": 0.2775}, "mean-min": {"dba": 0.2704}}, "1009": {"min-min": {"dba": 0.081}, "min-mean": {"dba": 0.1828}, "mean-mean": {"dba": 0.2514}, "mean-min": {"dba": 0.2278}}, "1010": {"min-min": {"dba": 0.2123}, "min-mean": {"dba": 0.2901}, "mean-mean": {"dba": 0.3551}, "mean-min": {"dba": 0.3374}}, "1011": {"min-min": {"dba": 0.0844}, "min-mean": {"dba": 0.1373}, "mean-mean": {"dba": 0.2633}, "mean-min": {"dba": 0.2096}}, "1012": {"min-min": {"dba": 0.2387}, "min-mean": {"dba": 0.2937}, "mean-mean": {"dba": 0.3818}, "mean-min": {"dba": 0.3678}}, "1013": {"min-min": {"dba": 0.178}, "min-mean": {"dba": 0.2153}, "mean-mean": {"dba": 0.2775}, "mean-min": {"dba": 0.2708}}, "1014": {"min-min": {"dba": 0.3679}, "min-mean": {"dba": 0.4113}, "mean-mean": {"dba": 0.4914}, "mean-min": {"dba": 0.433}}, "1015": {"min-min": {"dba": 0.1994}, "min-mean": {"dba": 0.262}, "mean-mean": {"dba": 0.3242}, "mean-min": {"dba": 0.3149}}}, "1012": {"1001": {"min-min": {"dba": 0.1847}, "min-mean": {"dba": 0.2191}, "mean-mean": {"dba": 0.3191}, "mean-min": {"dba": 0.2363}}, "1002": {"min-min": {"dba": 0.1327}, "min-mean": {"dba": 0.2415}, "mean-mean": {"dba": 0.3558}, "mean-min": {"dba": 0.3183}}, "1003": {"min-min": {"dba": 0.317}, "min-mean": {"dba": 0.3551}, "mean-mean": {"dba": 0.441}, "mean-min": {"dba": 0.4227}}, "1004": {"min-min": {"dba": 0.1426}, "min-mean": {"dba": 0.2327}, "mean-mean": {"dba": 0.318}, "mean-min": {"dba": 0.2651}}, "1005": {"min-min": {"dba": 0.4694}, "min-mean": {"dba": 0.5408}, "mean-mean": {"dba": 0.7122}, "mean-min": {"dba": 0.6836}}, "1006": {"min-min": {"dba": 0.0455}, "min-mean": {"dba": 0.1336}, "mean-mean": {"dba": 0.2934}, "mean-min": {"dba": 0.2825}}, "1007": {"min-min": {"dba": 0.2376}, "min-mean": {"dba": 0.2562}, "mean-mean": {"dba": 0.3834}, "mean-min": {"dba": 0.2935}}, "1008": {"min-min": {"dba": 0.2627}, "min-mean": {"dba": 0.3498}, "mean-mean": {"dba": 0.4424}, "mean-min": {"dba": 0.4084}}, "1009": {"min-min": {"dba": 0.3316}, "min-mean": {"dba": 0.4301}, "mean-mean": {"dba": 0.5129}, "mean-min": {"dba": 0.4836}}, "1010": {"min-min": {"dba": 0.0809}, "min-mean": {"dba": 0.1943}, "mean-mean": {"dba": 0.3237}, "mean-min": {"dba": 0.2692}}, "1011": {"min-min": {"dba": 0.2634}, "min-mean": {"dba": 0.4309}, "mean-mean": {"dba": 0.5526}, "mean-min": {"dba": 0.4719}}, "1012": {"min-min": {"dba": 0.0778}, "min-mean": {"dba": 0.1717}, "mean-mean": {"dba": 0.3126}, "mean-min": {"dba": 0.2878}}, "1013": {"min-min": {"dba": 0.1818}, "min-mean": {"dba": 0.2773}, "mean-mean": {"dba": 0.405}, "mean-min": {"dba": 0.3837}}, "1014": {"min-min": {"dba": 0.0399}, "min-mean": {"dba": 0.1159}, "mean-mean": {"dba": 0.2436}, "mean-min": {"dba": 0.2242}}, "1015": {"min-min": {"dba": 0.1765}, "min-mean": {"dba": 0.2272}, "mean-mean": {"dba": 0.2942}, "mean-min": {"dba": 0.2845}}}, "1013": {"1001": {"min-min": {"dba": 0.0368}, "min-mean": {"dba": 0.125}, "mean-mean": {"dba": 0.2379}, "mean-min": {"dba": 0.2228}}, "1002": {"min-min": {"dba": 0.0989}, "min-mean": {"dba": 0.2199}, "mean-mean": {"dba": 0.3424}, "mean-min": {"dba": 0.3008}}, "1003": {"min-min": {"dba": 0.1284}, "min-mean": {"dba": 0.1982}, "mean-mean": {"dba": 0.2749}, "mean-min": {"dba": 0.2362}}, "1004": {"min-min": {"dba": 0.1281}, "min-mean": {"dba": 0.1993}, "mean-mean": {"dba": 0.3026}, "mean-min": {"dba": 0.2779}}, "1005": {"min-min": {"dba": 0.3111}, "min-mean": {"dba": 0.3862}, "mean-mean": {"dba": 0.4949}, "mean-min": {"dba": 0.4296}}, "1006": {"min-min": {"dba": 0.1364}, "min-mean": {"dba": 0.212}, "mean-mean": {"dba": 0.3281}, "mean-min": {"dba": 0.2884}}, "1007": {"min-min": {"dba": 0.1106}, "min-mean": {"dba": 0.1106}, "mean-mean": {"dba": 0.2169}, "mean-min": {"dba": 0.1106}}, "1008": {"min-min": {"dba": 0.0431}, "min-mean": {"dba": 0.177}, "mean-mean": {"dba": 0.2954}, "mean-min": {"dba": 0.2889}}, "1009": {"min-min": {"dba": 0.1359}, "min-mean": {"dba": 0.2261}, "mean-mean": {"dba": 0.3136}, "mean-min": {"dba": 0.3018}}, "1010": {"min-min": {"dba": 0.1274}, "min-mean": {"dba": 0.1813}, "mean-mean": {"dba": 0.2561}, "mean-min": {"dba": 0.2343}}, "1011": {"min-min": {"dba": 0.101}, "min-mean": {"dba": 0.2657}, "mean-mean": {"dba": 0.3886}, "mean-min": {"dba": 0.337}}, "1012": {"min-min": {"dba": 0.1781}, "min-mean": {"dba": 0.2129}, "mean-mean": {"dba": 0.2772}, "mean-min": {"dba": 0.2697}}, "1013": {"min-min": {"dba": 0.1213}, "min-mean": {"dba": 0.1587}, "mean-mean": {"dba": 0.244}, "mean-min": {"dba": 0.1862}}, "1014": {"min-min": {"dba": 0.1954}, "min-mean": {"dba": 0.2308}, "mean-mean": {"dba": 0.3372}, "mean-min": {"dba": 0.3016}}, "1015": {"min-min": {"dba": 0.095}, "min-mean": {"dba": 0.1668}, "mean-mean": {"dba": 0.2675}, "mean-min": {"dba": 0.2392}}}, "1014": {"1001": {"min-min": {"dba": 0.2979}, "min-mean": {"dba": 0.3221}, "mean-mean": {"dba": 0.3921}, "mean-min": {"dba": 0.3704}}, "1002": {"min-min": {"dba": 0.2331}, "min-mean": {"dba": 0.2742}, "mean-mean": {"dba": 0.3547}, "mean-min": {"dba": 0.3508}}, "1003": {"min-min": {"dba": 0.3339}, "min-mean": {"dba": 0.3514}, "mean-mean": {"dba": 0.4405}, "mean-min": {"dba": 0.3601}}, "1004": {"min-min": {"dba": 0.162}, "min-mean": {"dba": 0.244}, "mean-mean": {"dba": 0.3413}, "mean-min": {"dba": 0.3057}}, "1005": {"min-min": {"dba": 0.4187}, "min-mean": {"dba": 0.492}, "mean-mean": {"dba": 0.6573}, "mean-min": {"dba": 0.5287}}, "1006": {"min-min": {"dba": 0.0106}, "min-mean": {"dba": 0.2011}, "mean-mean": {"dba": 0.3532}, "mean-min": {"dba": 0.3092}}, "1007": {"min-min": {"dba": 0.2803}, "min-mean": {"dba": 0.3313}, "mean-mean": {"dba": 0.4414}, "mean-min": {"dba": 0.3986}}, "1008": {"min-min": {"dba": 0.3268}, "min-mean": {"dba": 0.377}, "mean-mean": {"dba": 0.4542}, "mean-min": {"dba": 0.448}}, "1009": {"min-min": {"dba": 0.3252}, "min-mean": {"dba": 0.3464}, "mean-mean": {"dba": 0.4763}, "mean-min": {"dba": 0.3887}}, "1010": {"min-min": {"dba": 0.1449}, "min-mean": {"dba": 0.2396}, "mean-mean": {"dba": 0.3191}, "mean-min": {"dba": 0.2916}}, "1011": {"min-min": {"dba": 0.2856}, "min-mean": {"dba": 0.4036}, "mean-mean": {"dba": 0.5552}, "mean-min": {"dba": 0.5071}}, "1012": {"min-min": {"dba": 0.1043}, "min-mean": {"dba": 0.2289}, "mean-mean": {"dba": 0.3266}, "mean-min": {"dba": 0.3121}}, "1013": {"min-min": {"dba": 0.3284}, "min-mean": {"dba": 0.3523}, "mean-mean": {"dba": 0.4198}, "mean-min": {"dba": 0.3969}}, "1014": {"min-min": {"dba": 0.0118}, "min-mean": {"dba": 0.1601}, "mean-mean": {"dba": 0.2865}, "mean-min": {"dba": 0.2477}}, "1015": {"min-min": {"dba": 0.2305}, "min-mean": {"dba": 0.2722}, "mean-mean": {"dba": 0.3462}, "mean-min": {"dba": 0.3383}}}, "1015": {"1001": {"min-min": {"dba": 0.1243}, "min-mean": {"dba": 0.139}, "mean-mean": {"dba": 0.2297}, "mean-min": {"dba": 0.1606}}, "1002": {"min-min": {"dba": 0.0868}, "min-mean": {"dba": 0.2248}, "mean-mean": {"dba": 0.3654}, "mean-min": {"dba": 0.2904}}, "1003": {"min-min": {"dba": 0.1922}, "min-mean": {"dba": 0.2561}, "mean-mean": {"dba": 0.3452}, "mean-min": {"dba": 0.3379}}, "1004": {"min-min": {"dba": 0.0534}, "min-mean": {"dba": 0.1645}, "mean-mean": {"dba": 0.3128}, "mean-min": {"dba": 0.2691}}, "1005": {"min-min": {"dba": 0.462}, "min-mean": {"dba": 0.5122}, "mean-mean": {"dba": 0.5967}, "mean-min": {"dba": 0.5531}}, "1006": {"min-min": {"dba": 0.0635}, "min-mean": {"dba": 0.1455}, "mean-mean": {"dba": 0.303}, "mean-min": {"dba": 0.2989}}, "1007": {"min-min": {"dba": 0.1897}, "min-mean": {"dba": 0.1914}, "mean-mean": {"dba": 0.2919}, "mean-min": {"dba": 0.1947}}, "1008": {"min-min": {"dba": 0.1308}, "min-mean": {"dba": 0.2186}, "mean-mean": {"dba": 0.353}, "mean-min": {"dba": 0.3269}}, "1009": {"min-min": {"dba": 0.2507}, "min-mean": {"dba": 0.3232}, "mean-mean": {"dba": 0.4098}, "mean-min": {"dba": 0.377}}, "1010": {"min-min": {"dba": 0.0562}, "min-mean": {"dba": 0.1576}, "mean-mean": {"dba": 0.2711}, "mean-min": {"dba": 0.2209}}, "1011": {"min-min": {"dba": 0.2274}, "min-mean": {"dba": 0.3438}, "mean-mean": {"dba": 0.4554}, "mean-min": {"dba": 0.3894}}, "1012": {"min-min": {"dba": 0.0843}, "min-mean": {"dba": 0.167}, "mean-mean": {"dba": 0.2946}, "mean-min": {"dba": 0.2717}}, "1013": {"min-min": {"dba": 0.1902}, "min-mean": {"dba": 0.224}, "mean-mean": {"dba": 0.3086}, "mean-min": {"dba": 0.284}}, "1014": {"min-min": {"dba": 0.0864}, "min-mean": {"dba": 0.1889}, "mean-mean": {"dba": 0.3034}, "mean-min": {"dba": 0.296}}, "1015": {"min-min": {"dba": 0.1486}, "min-mean": {"dba": 0.1853}, "mean-mean": {"dba": 0.2596}, "mean-min": {"dba": 0.2579}}}}