{"1": {"rank": 0.086, "score": 0.086, "mean": 0.086}, "2": {"rank": 0.139, "score": 0.139, "mean": 0.139}, "3": {"rank": 0.208, "score": 0.208, "mean": 0.208}, "4": {"rank": 0.258, "score": 0.258, "mean": 0.258}, "5": {"rank": 0.322, "score": 0.322, "mean": 0.322}, "6": {"rank": 0.397, "score": 0.397, "mean": 0.397}, "7": {"rank": 0.447, "score": 0.447, "mean": 0.447}, "8": {"rank": 0.514, "score": 0.514, "mean": 0.514}, "9": {"rank": 0.614, "score": 0.614, "mean": 0.614}, "10": {"rank": 0.681, "score": 0.681, "mean": 0.681}, "11": {"rank": 0.739, "score": 0.739, "mean": 0.739}, "12": {"rank": 0.792, "score": 0.792, "mean": 0.792}, "13": {"rank": 0.861, "score": 0.861, "mean": 0.861}, "14": {"rank": 0.919, "score": 0.919, "mean": 0.919}, "15": {"rank": 1.0, "score": 1.0, "mean": 1.0}}