{"rank": {"bvp": [0, 12, 8, 7, 2, 2, 1, 5, 0, 3, 6, 3, 1, 0, 1], "eda": [8, 14, 10, 6, 8, 1, 6, 10, 3, 0, 13, 3, 7, 10, 6], "temp": [5, 8, 2, 13, 3, 14, 3, 8, 8, 10, 4, 0, 0, 4, 0], "acc": [11, 4, 8, 1, 8, 12, 1, 11, 5, 13, 6, 9, 10, 1, 2], "bvp+eda": [3, 14, 11, 7, 4, 1, 3, 7, 0, 0, 12, 2, 4, 6, 3], "bvp+temp": [2, 12, 4, 13, 1, 10, 1, 6, 2, 5, 4, 1, 0, 1, 0], "bvp+acc": [4, 9, 9, 2, 3, 6, 0, 11, 0, 9, 6, 5, 6, 1, 0], "eda+temp": [5, 13, 5, 11, 4, 9, 3, 10, 4, 3, 11, 0, 2, 7, 2], "eda+acc": [13, 11, 12, 2, 8, 5, 2, 13, 1, 5, 13, 6, 10, 4, 2], "temp+acc": [10, 7, 5, 8, 6, 14, 1, 12, 7, 13, 4, 4, 4, 0, 0], "bvp+eda+temp": [1, 13, 8, 10, 2, 5, 2, 8, 2, 1, 9, 0, 0, 2, 1], "bvp+eda+acc": [4, 12, 12, 3, 2, 4, 1, 13, 0, 3, 10, 4, 5, 2, 0], "bvp+temp+acc": [2, 9, 7, 7, 2, 11, 0, 10, 2, 12, 3, 2, 2, 0, 0], "eda+temp+acc": [10, 11, 8, 9, 5, 11, 0, 13, 3, 10, 11, 1, 4, 3, 1], "bvp+eda+temp+acc": [4, 13, 6, 7, 2, 7, 1, 9, 0, 4, 7, 2, 1, 1, 0]}, "score": {"bvp": [0, 12, 8, 7, 2, 2, 1, 5, 0, 3, 6, 3, 1, 0, 1], "eda": [8, 14, 10, 6, 8, 1, 6, 10, 3, 0, 13, 3, 7, 10, 6], "temp": [5, 8, 2, 13, 3, 14, 3, 8, 8, 10, 4, 0, 0, 4, 0], "acc": [11, 4, 8, 1, 8, 12, 1, 11, 5, 13, 6, 9, 10, 1, 2], "bvp+eda": [2, 13, 10, 6, 2, 1, 1, 5, 0, 0, 8, 3, 3, 3, 2], "bvp+temp": [2, 11, 7, 9, 3, 11, 1, 5, 1, 5, 5, 0, 0, 1, 0], "bvp+acc": [1, 12, 8, 2, 2, 5, 0, 6, 0, 9, 7, 6, 3, 0, 0], "eda+temp": [7, 12, 5, 10, 4, 12, 4, 9, 4, 1, 7, 0, 0, 6, 3], "eda+acc": [13, 12, 10, 3, 6, 4, 1, 13, 2, 3, 13, 7, 9, 3, 2], "temp+acc": [9, 7, 5, 8, 4, 14, 1, 11, 6, 13, 4, 0, 2, 3, 1], "bvp+eda+temp": [4, 12, 7, 7, 2, 7, 2, 5, 1, 1, 6, 0, 0, 1, 1], "bvp+eda+acc": [3, 12, 11, 4, 2, 3, 1, 7, 0, 2, 8, 5, 4, 1, 1], "bvp+temp+acc": [2, 11, 7, 5, 2, 11, 0, 8, 1, 7, 4, 1, 1, 1, 0], "eda+temp+acc": [11, 10, 6, 8, 6, 12, 0, 12, 5, 7, 6, 0, 2, 3, 0], "bvp+eda+temp+acc": [3, 11, 9, 5, 2, 7, 0, 9, 1, 3, 6, 0, 1, 1, 0]}}