{"rank": {"bvp": [1, 9, 9, 5, 1, 3, 3, 4, 0, 3, 8, 2, 1, 0, 0], "eda": [7, 10, 13, 10, 4, 1, 2, 5, 6, 0, 8, 2, 14, 8, 3], "temp": [9, 4, 2, 10, 2, 13, 5, 9, 6, 11, 2, 6, 0, 7, 1], "acc": [13, 9, 8, 3, 8, 14, 0, 11, 4, 3, 2, 7, 10, 0, 4], "bvp+eda": [3, 13, 13, 8, 1, 1, 0, 4, 1, 0, 8, 2, 9, 3, 0], "bvp+temp": [3, 6, 5, 9, 1, 8, 1, 5, 0, 7, 5, 2, 0, 2, 1], "bvp+acc": [7, 10, 9, 4, 2, 8, 0, 11, 0, 1, 4, 4, 4, 0, 0], "eda+temp": [9, 7, 10, 11, 0, 9, 2, 6, 5, 4, 4, 2, 8, 9, 0], "eda+acc": [11, 12, 12, 7, 5, 10, 0, 9, 4, 1, 4, 4, 14, 2, 2], "temp+acc": [13, 7, 4, 7, 3, 14, 1, 12, 4, 8, 1, 5, 3, 3, 1], "bvp+eda+temp": [4, 10, 10, 8, 0, 5, 0, 5, 1, 2, 7, 2, 3, 3, 0], "bvp+eda+acc": [7, 11, 14, 6, 2, 5, 0, 7, 0, 0, 4, 3, 10, 0, 0], "bvp+temp+acc": [10, 9, 7, 6, 1, 13, 0, 11, 0, 4, 3, 3, 1, 1, 0], "eda+temp+acc": [14, 9, 11, 9, 3, 12, 0, 10, 2, 2, 1, 5, 9, 3, 1], "bvp+eda+temp+acc": [10, 9, 10, 8, 1, 10, 0, 7, 0, 1, 3, 2, 4, 1, 0]}, "score": {"bvp": [1, 9, 9, 5, 1, 3, 3, 4, 0, 3, 8, 2, 1, 0, 0], "eda": [7, 10, 13, 10, 4, 1, 2, 5, 6, 0, 8, 2, 14, 8, 3], "temp": [9, 4, 2, 10, 2, 13, 5, 9, 6, 11, 2, 6, 0, 7, 1], "acc": [13, 9, 8, 3, 8, 14, 0, 11, 4, 3, 2, 7, 10, 0, 4], "bvp+eda": [2, 11, 12, 5, 1, 1, 0, 3, 1, 0, 7, 2, 4, 2, 1], "bvp+temp": [3, 9, 2, 6, 1, 8, 1, 4, 0, 5, 5, 3, 0, 2, 1], "bvp+acc": [5, 9, 11, 3, 1, 6, 0, 5, 0, 2, 6, 3, 1, 0, 0], "eda+temp": [8, 6, 6, 11, 0, 8, 4, 4, 8, 1, 5, 3, 1, 7, 1], "eda+acc": [11, 9, 13, 7, 4, 4, 0, 6, 7, 0, 7, 5, 13, 1, 3], "temp+acc": [13, 5, 2, 7, 4, 14, 3, 10, 6, 9, 2, 6, 0, 1, 1], "bvp+eda+temp": [2, 9, 7, 6, 0, 5, 0, 4, 1, 0, 6, 2, 0, 2, 1], "bvp+eda+acc": [4, 11, 12, 5, 1, 3, 0, 5, 1, 0, 6, 3, 3, 0, 1], "bvp+temp+acc": [5, 10, 3, 4, 1, 11, 0, 4, 0, 4, 4, 2, 0, 1, 1], "eda+temp+acc": [12, 6, 7, 7, 2, 10, 1, 6, 7, 1, 3, 6, 1, 1, 1], "bvp+eda+temp+acc": [5, 10, 8, 6, 1, 6, 0, 4, 0, 0, 5, 3, 0, 1, 1]}}