{"1001": {"1001": {"mean": {"pca-1": 2.9552}, "min": {"pca-1": 2.0825}}, "1002": {"mean": {"pca-1": 3.0609}, "min": {"pca-1": 2.208}}, "1003": {"mean": {"pca-1": 2.5804}, "min": {"pca-1": 1.9445}}, "1004": {"mean": {"pca-1": 3.0144}, "min": {"pca-1": 2.0254}}, "1005": {"mean": {"pca-1": 2.7812}, "min": {"pca-1": 2.4757}}, "1006": {"mean": {"pca-1": 3.1773}, "min": {"pca-1": 2.2597}}, "1007": {"mean": {"pca-1": 3.4008}, "min": {"pca-1": 2.4024}}, "1008": {"mean": {"pca-1": 2.9323}, "min": {"pca-1": 2.8558}}, "1009": {"mean": {"pca-1": 2.7754}, "min": {"pca-1": 2.3862}}, "1010": {"mean": {"pca-1": 3.2419}, "min": {"pca-1": 2.5143}}, "1011": {"mean": {"pca-1": 2.8577}, "min": {"pca-1": 2.7315}}, "1012": {"mean": {"pca-1": 2.9798}, "min": {"pca-1": 2.5082}}, "1013": {"mean": {"pca-1": 3.1735}, "min": {"pca-1": 2.5629}}, "1014": {"mean": {"pca-1": 2.9703}, "min": {"pca-1": 2.2491}}, "1015": {"mean": {"pca-1": 2.91}, "min": {"pca-1": 2.847}}}, "1002": {"1001": {"mean": {"pca-1": 2.8297}, "min": {"pca-1": 2.2559}}, "1002": {"mean": {"pca-1": 2.8711}, "min": {"pca-1": 2.0329}}, "1003": {"mean": {"pca-1": 2.4246}, "min": {"pca-1": 1.7558}}, "1004": {"mean": {"pca-1": 2.9159}, "min": {"pca-1": 2.2627}}, "1005": {"mean": {"pca-1": 2.6609}, "min": {"pca-1": 2.2871}}, "1006": {"mean": {"pca-1": 3.0271}, "min": {"pca-1": 2.1956}}, "1007": {"mean": {"pca-1": 3.1213}, "min": {"pca-1": 1.9772}}, "1008": {"mean": {"pca-1": 2.7981}, "min": {"pca-1": 2.5381}}, "1009": {"mean": {"pca-1": 2.6346}, "min": {"pca-1": 2.2211}}, "1010": {"mean": {"pca-1": 3.1316}, "min": {"pca-1": 2.4394}}, "1011": {"mean": {"pca-1": 2.7417}, "min": {"pca-1": 2.4058}}, "1012": {"mean": {"pca-1": 2.874}, "min": {"pca-1": 2.4139}}, "1013": {"mean": {"pca-1": 3.0832}, "min": {"pca-1": 2.5}}, "1014": {"mean": {"pca-1": 2.8354}, "min": {"pca-1": 2.1297}}, "1015": {"mean": {"pca-1": 2.7902}, "min": {"pca-1": 2.5222}}}, "1003": {"1001": {"mean": {"pca-1": 3.5078}, "min": {"pca-1": 2.1025}}, "1002": {"mean": {"pca-1": 3.67}, "min": {"pca-1": 2.1896}}, "1003": {"mean": {"pca-1": 3.1775}, "min": {"pca-1": 1.8364}}, "1004": {"mean": {"pca-1": 3.5925}, "min": {"pca-1": 2.0805}}, "1005": {"mean": {"pca-1": 3.39}, "min": {"pca-1": 2.4202}}, "1006": {"mean": {"pca-1": 3.8035}, "min": {"pca-1": 2.2603}}, "1007": {"mean": {"pca-1": 4.008}, "min": {"pca-1": 2.3731}}, "1008": {"mean": {"pca-1": 3.5109}, "min": {"pca-1": 2.5835}}, "1009": {"mean": {"pca-1": 3.3621}, "min": {"pca-1": 2.3196}}, "1010": {"mean": {"pca-1": 3.8551}, "min": {"pca-1": 2.4929}}, "1011": {"mean": {"pca-1": 3.4496}, "min": {"pca-1": 2.5118}}, "1012": {"mean": {"pca-1": 3.5825}, "min": {"pca-1": 2.4692}}, "1013": {"mean": {"pca-1": 3.7757}, "min": {"pca-1": 2.5263}}, "1014": {"mean": {"pca-1": 3.6002}, "min": {"pca-1": 2.2183}}, "1015": {"mean": {"pca-1": 3.4761}, "min": {"pca-1": 2.5218}}}, "1004": {"1001": {"mean": {"pca-1": 3.2187}, "min": {"pca-1": 2.4164}}, "1002": {"mean": {"pca-1": 3.1219}, "min": {"pca-1": 2.2561}}, "1003": {"mean": {"pca-1": 2.7832}, "min": {"pca-1": 2.1428}}, "1004": {"mean": {"pca-1": 3.2873}, "min": {"pca-1": 2.5199}}, "1005": {"mean": {"pca-1": 2.8867}, "min": {"pca-1": 2.1647}}, "1006": {"mean": {"pca-1": 3.3032}, "min": {"pca-1": 2.4162}}, "1007": {"mean": {"pca-1": 3.1966}, "min": {"pca-1": 1.8289}}, "1008": {"mean": {"pca-1": 2.9595}, "min": {"pca-1": 2.3953}}, "1009": {"mean": {"pca-1": 2.9939}, "min": {"pca-1": 2.3559}}, "1010": {"mean": {"pca-1": 3.3536}, "min": {"pca-1": 2.3986}}, "1011": {"mean": {"pca-1": 2.9223}, "min": {"pca-1": 2.3471}}, "1012": {"mean": {"pca-1": 3.1054}, "min": {"pca-1": 2.2595}}, "1013": {"mean": {"pca-1": 3.3128}, "min": {"pca-1": 2.5522}}, "1014": {"mean": {"pca-1": 3.0353}, "min": {"pca-1": 1.9603}}, "1015": {"mean": {"pca-1": 2.9609}, "min": {"pca-1": 2.4172}}}, "1005": {"1001": {"mean": {"pca-1": 3.0792}, "min": {"pca-1": 2.5926}}, "1002": {"mean": {"pca-1": 2.5775}, "min": {"pca-1": 2.1661}}, "1003": {"mean": {"pca-1": 2.6035}, "min": {"pca-1": 2.082}}, "1004": {"mean": {"pca-1": 2.9852}, "min": {"pca-1": 2.5821}}, "1005": {"mean": {"pca-1": 2.7793}, "min": {"pca-1": 2.3032}}, "1006": {"mean": {"pca-1": 2.4175}, "min": {"pca-1": 2.1769}}, "1007": {"mean": {"pca-1": 2.5109}, "min": {"pca-1": 2.065}}, "1008": {"mean": {"pca-1": 3.2236}, "min": {"pca-1": 2.7037}}, "1009": {"mean": {"pca-1": 2.896}, "min": {"pca-1": 2.3886}}, "1010": {"mean": {"pca-1": 2.6489}, "min": {"pca-1": 2.3486}}, "1011": {"mean": {"pca-1": 2.9969}, "min": {"pca-1": 2.501}}, "1012": {"mean": {"pca-1": 2.7817}, "min": {"pca-1": 2.3744}}, "1013": {"mean": {"pca-1": 2.7808}, "min": {"pca-1": 2.4458}}, "1014": {"mean": {"pca-1": 2.3693}, "min": {"pca-1": 2.0254}}, "1015": {"mean": {"pca-1": 3.2359}, "min": {"pca-1": 2.6863}}}, "1006": {"1001": {"mean": {"pca-1": 2.5362}, "min": {"pca-1": 2.3078}}, "1002": {"mean": {"pca-1": 2.2829}, "min": {"pca-1": 2.0238}}, "1003": {"mean": {"pca-1": 2.0197}, "min": {"pca-1": 1.8435}}, "1004": {"mean": {"pca-1": 2.534}, "min": {"pca-1": 2.2462}}, "1005": {"mean": {"pca-1": 2.1622}, "min": {"pca-1": 1.9591}}, "1006": {"mean": {"pca-1": 2.3504}, "min": {"pca-1": 2.1274}}, "1007": {"mean": {"pca-1": 2.2443}, "min": {"pca-1": 1.7795}}, "1008": {"mean": {"pca-1": 2.4384}, "min": {"pca-1": 2.2898}}, "1009": {"mean": {"pca-1": 2.3291}, "min": {"pca-1": 2.2965}}, "1010": {"mean": {"pca-1": 2.4607}, "min": {"pca-1": 2.1255}}, "1011": {"mean": {"pca-1": 2.2505}, "min": {"pca-1": 2.0276}}, "1012": {"mean": {"pca-1": 2.4018}, "min": {"pca-1": 2.29}}, "1013": {"mean": {"pca-1": 2.5266}, "min": {"pca-1": 2.2749}}, "1014": {"mean": {"pca-1": 2.2247}, "min": {"pca-1": 2.0139}}, "1015": {"mean": {"pca-1": 2.4365}, "min": {"pca-1": 2.3804}}}, "1007": {"1001": {"mean": {"pca-1": 3.7355}, "min": {"pca-1": 2.1069}}, "1002": {"mean": {"pca-1": 3.8887}, "min": {"pca-1": 2.3025}}, "1003": {"mean": {"pca-1": 3.3218}, "min": {"pca-1": 1.8047}}, "1004": {"mean": {"pca-1": 3.8182}, "min": {"pca-1": 2.0843}}, "1005": {"mean": {"pca-1": 3.4295}, "min": {"pca-1": 2.1327}}, "1006": {"mean": {"pca-1": 4.0151}, "min": {"pca-1": 2.333}}, "1007": {"mean": {"pca-1": 4.2471}, "min": {"pca-1": 2.5309}}, "1008": {"mean": {"pca-1": 3.4742}, "min": {"pca-1": 2.4763}}, "1009": {"mean": {"pca-1": 3.445}, "min": {"pca-1": 2.119}}, "1010": {"mean": {"pca-1": 4.0312}, "min": {"pca-1": 2.5358}}, "1011": {"mean": {"pca-1": 3.4299}, "min": {"pca-1": 2.2721}}, "1012": {"mean": {"pca-1": 3.6577}, "min": {"pca-1": 2.2345}}, "1013": {"mean": {"pca-1": 3.9377}, "min": {"pca-1": 2.5639}}, "1014": {"mean": {"pca-1": 3.7613}, "min": {"pca-1": 2.1916}}, "1015": {"mean": {"pca-1": 3.4316}, "min": {"pca-1": 2.3565}}}, "1008": {"1001": {"mean": {"pca-1": 4.7415}, "min": {"pca-1": 4.2215}}, "1002": {"mean": {"pca-1": 4.1748}, "min": {"pca-1": 3.6485}}, "1003": {"mean": {"pca-1": 4.512}, "min": {"pca-1": 3.9313}}, "1004": {"mean": {"pca-1": 4.5409}, "min": {"pca-1": 4.028}}, "1005": {"mean": {"pca-1": 4.6995}, "min": {"pca-1": 4.119}}, "1006": {"mean": {"pca-1": 3.8718}, "min": {"pca-1": 3.3436}}, "1007": {"mean": {"pca-1": 3.9065}, "min": {"pca-1": 3.4129}}, "1008": {"mean": {"pca-1": 5.1852}, "min": {"pca-1": 4.6013}}, "1009": {"mean": {"pca-1": 4.7531}, "min": {"pca-1": 4.1855}}, "1010": {"mean": {"pca-1": 4.1951}, "min": {"pca-1": 3.6562}}, "1011": {"mean": {"pca-1": 4.9651}, "min": {"pca-1": 4.3756}}, "1012": {"mean": {"pca-1": 4.5095}, "min": {"pca-1": 3.9488}}, "1013": {"mean": {"pca-1": 4.4105}, "min": {"pca-1": 3.864}}, "1014": {"mean": {"pca-1": 4.05}, "min": {"pca-1": 3.4744}}, "1015": {"mean": {"pca-1": 5.1796}, "min": {"pca-1": 4.6019}}}, "1009": {"1001": {"mean": {"pca-1": 2.9489}, "min": {"pca-1": 2.4697}}, "1002": {"mean": {"pca-1": 2.9636}, "min": {"pca-1": 2.5516}}, "1003": {"mean": {"pca-1": 2.4276}, "min": {"pca-1": 2.0194}}, "1004": {"mean": {"pca-1": 3.0175}, "min": {"pca-1": 2.5245}}, "1005": {"mean": {"pca-1": 2.5605}, "min": {"pca-1": 2.2822}}, "1006": {"mean": {"pca-1": 3.0672}, "min": {"pca-1": 2.6355}}, "1007": {"mean": {"pca-1": 3.3282}, "min": {"pca-1": 2.8731}}, "1008": {"mean": {"pca-1": 2.692}, "min": {"pca-1": 2.4865}}, "1009": {"mean": {"pca-1": 2.5775}, "min": {"pca-1": 2.2615}}, "1010": {"mean": {"pca-1": 3.1155}, "min": {"pca-1": 2.7401}}, "1011": {"mean": {"pca-1": 2.6254}, "min": {"pca-1": 2.4097}}, "1012": {"mean": {"pca-1": 2.7721}, "min": {"pca-1": 2.4556}}, "1013": {"mean": {"pca-1": 3.0359}, "min": {"pca-1": 2.6909}}, "1014": {"mean": {"pca-1": 2.8005}, "min": {"pca-1": 2.4258}}, "1015": {"mean": {"pca-1": 2.6633}, "min": {"pca-1": 2.4206}}}, "1010": {"1001": {"mean": {"pca-1": 3.3985}, "min": {"pca-1": 2.7781}}, "1002": {"mean": {"pca-1": 3.0497}, "min": {"pca-1": 2.2898}}, "1003": {"mean": {"pca-1": 2.968}, "min": {"pca-1": 2.3045}}, "1004": {"mean": {"pca-1": 3.3446}, "min": {"pca-1": 2.7493}}, "1005": {"mean": {"pca-1": 2.9717}, "min": {"pca-1": 1.9557}}, "1006": {"mean": {"pca-1": 2.8226}, "min": {"pca-1": 2.2008}}, "1007": {"mean": {"pca-1": 3.0213}, "min": {"pca-1": 2.1665}}, "1008": {"mean": {"pca-1": 3.3078}, "min": {"pca-1": 2.0176}}, "1009": {"mean": {"pca-1": 3.2104}, "min": {"pca-1": 2.5389}}, "1010": {"mean": {"pca-1": 2.9238}, "min": {"pca-1": 2.3622}}, "1011": {"mean": {"pca-1": 3.0879}, "min": {"pca-1": 1.807}}, "1012": {"mean": {"pca-1": 3.113}, "min": {"pca-1": 2.515}}, "1013": {"mean": {"pca-1": 3.0978}, "min": {"pca-1": 2.542}}, "1014": {"mean": {"pca-1": 2.7906}, "min": {"pca-1": 2.1562}}, "1015": {"mean": {"pca-1": 3.3783}, "min": {"pca-1": 2.2644}}}, "1011": {"1001": {"mean": {"pca-1": 3.196}, "min": {"pca-1": 2.5085}}, "1002": {"mean": {"pca-1": 2.7783}, "min": {"pca-1": 2.1786}}, "1003": {"mean": {"pca-1": 2.7462}, "min": {"pca-1": 2.0693}}, "1004": {"mean": {"pca-1": 3.1548}, "min": {"pca-1": 2.6199}}, "1005": {"mean": {"pca-1": 2.8646}, "min": {"pca-1": 2.0566}}, "1006": {"mean": {"pca-1": 2.6328}, "min": {"pca-1": 2.1204}}, "1007": {"mean": {"pca-1": 2.6291}, "min": {"pca-1": 1.8719}}, "1008": {"mean": {"pca-1": 3.2751}, "min": {"pca-1": 2.4391}}, "1009": {"mean": {"pca-1": 3.0186}, "min": {"pca-1": 2.3558}}, "1010": {"mean": {"pca-1": 2.8175}, "min": {"pca-1": 2.2015}}, "1011": {"mean": {"pca-1": 3.0531}, "min": {"pca-1": 2.1975}}, "1012": {"mean": {"pca-1": 2.9232}, "min": {"pca-1": 2.2918}}, "1013": {"mean": {"pca-1": 2.9329}, "min": {"pca-1": 2.3542}}, "1014": {"mean": {"pca-1": 2.5994}, "min": {"pca-1": 1.9858}}, "1015": {"mean": {"pca-1": 3.2864}, "min": {"pca-1": 2.5148}}}, "1012": {"1001": {"mean": {"pca-1": 2.6486}, "min": {"pca-1": 2.5519}}, "1002": {"mean": {"pca-1": 2.3829}, "min": {"pca-1": 2.3023}}, "1003": {"mean": {"pca-1": 2.0364}, "min": {"pca-1": 1.9297}}, "1004": {"mean": {"pca-1": 2.6114}, "min": {"pca-1": 2.5269}}, "1005": {"mean": {"pca-1": 2.1277}, "min": {"pca-1": 2.0693}}, "1006": {"mean": {"pca-1": 2.3645}, "min": {"pca-1": 2.1899}}, "1007": {"mean": {"pca-1": 2.6273}, "min": {"pca-1": 2.4743}}, "1008": {"mean": {"pca-1": 2.3942}, "min": {"pca-1": 2.3249}}, "1009": {"mean": {"pca-1": 2.2592}, "min": {"pca-1": 2.1921}}, "1010": {"mean": {"pca-1": 2.5163}, "min": {"pca-1": 2.3882}}, "1011": {"mean": {"pca-1": 2.2338}, "min": {"pca-1": 2.155}}, "1012": {"mean": {"pca-1": 2.2838}, "min": {"pca-1": 2.2704}}, "1013": {"mean": {"pca-1": 2.546}, "min": {"pca-1": 2.4513}}, "1014": {"mean": {"pca-1": 2.1729}, "min": {"pca-1": 2.0824}}, "1015": {"mean": {"pca-1": 2.3746}, "min": {"pca-1": 2.3549}}}, "1013": {"1001": {"mean": {"pca-1": 2.9753}, "min": {"pca-1": 2.3078}}, "1002": {"mean": {"pca-1": 2.7709}, "min": {"pca-1": 2.0465}}, "1003": {"mean": {"pca-1": 2.489}, "min": {"pca-1": 1.8991}}, "1004": {"mean": {"pca-1": 2.9869}, "min": {"pca-1": 2.3165}}, "1005": {"mean": {"pca-1": 2.6673}, "min": {"pca-1": 2.3207}}, "1006": {"mean": {"pca-1": 2.8495}, "min": {"pca-1": 2.2056}}, "1007": {"mean": {"pca-1": 2.8666}, "min": {"pca-1": 1.8533}}, "1008": {"mean": {"pca-1": 2.8715}, "min": {"pca-1": 2.5473}}, "1009": {"mean": {"pca-1": 2.7672}, "min": {"pca-1": 2.398}}, "1010": {"mean": {"pca-1": 2.9921}, "min": {"pca-1": 2.3358}}, "1011": {"mean": {"pca-1": 2.7562}, "min": {"pca-1": 2.4035}}, "1012": {"mean": {"pca-1": 2.8628}, "min": {"pca-1": 2.509}}, "1013": {"mean": {"pca-1": 2.9868}, "min": {"pca-1": 2.5301}}, "1014": {"mean": {"pca-1": 2.6929}, "min": {"pca-1": 2.0405}}, "1015": {"mean": {"pca-1": 2.8849}, "min": {"pca-1": 2.5255}}}, "1014": {"1001": {"mean": {"pca-1": 2.6647}, "min": {"pca-1": 2.3587}}, "1002": {"mean": {"pca-1": 2.2649}, "min": {"pca-1": 2.0785}}, "1003": {"mean": {"pca-1": 2.1762}, "min": {"pca-1": 1.9008}}, "1004": {"mean": {"pca-1": 2.6163}, "min": {"pca-1": 2.3548}}, "1005": {"mean": {"pca-1": 2.3206}, "min": {"pca-1": 1.9726}}, "1006": {"mean": {"pca-1": 2.1558}, "min": {"pca-1": 2.0176}}, "1007": {"mean": {"pca-1": 2.1964}, "min": {"pca-1": 1.931}}, "1008": {"mean": {"pca-1": 2.7079}, "min": {"pca-1": 2.2575}}, "1009": {"mean": {"pca-1": 2.5266}, "min": {"pca-1": 2.3738}}, "1010": {"mean": {"pca-1": 2.3946}, "min": {"pca-1": 2.2655}}, "1011": {"mean": {"pca-1": 2.4839}, "min": {"pca-1": 2.0119}}, "1012": {"mean": {"pca-1": 2.4431}, "min": {"pca-1": 2.2755}}, "1013": {"mean": {"pca-1": 2.4983}, "min": {"pca-1": 2.3597}}, "1014": {"mean": {"pca-1": 2.1238}, "min": {"pca-1": 2.0564}}, "1015": {"mean": {"pca-1": 2.7306}, "min": {"pca-1": 2.3033}}}, "1015": {"1001": {"mean": {"pca-1": 4.1606}, "min": {"pca-1": 3.817}}, "1002": {"mean": {"pca-1": 3.5902}, "min": {"pca-1": 3.2453}}, "1003": {"mean": {"pca-1": 3.8715}, "min": {"pca-1": 3.4636}}, "1004": {"mean": {"pca-1": 3.9709}, "min": {"pca-1": 3.6348}}, "1005": {"mean": {"pca-1": 4.0641}, "min": {"pca-1": 3.6506}}, "1006": {"mean": {"pca-1": 3.2954}, "min": {"pca-1": 2.946}}, "1007": {"mean": {"pca-1": 3.3673}, "min": {"pca-1": 3.056}}, "1008": {"mean": {"pca-1": 4.5511}, "min": {"pca-1": 4.1268}}, "1009": {"mean": {"pca-1": 4.1253}, "min": {"pca-1": 3.7296}}, "1010": {"mean": {"pca-1": 3.616}, "min": {"pca-1": 3.2454}}, "1011": {"mean": {"pca-1": 4.3272}, "min": {"pca-1": 3.897}}, "1012": {"mean": {"pca-1": 3.8991}, "min": {"pca-1": 3.506}}, "1013": {"mean": {"pca-1": 3.8197}, "min": {"pca-1": 3.4402}}, "1014": {"mean": {"pca-1": 3.4323}, "min": {"pca-1": 3.0178}}, "1015": {"mean": {"pca-1": 4.5475}, "min": {"pca-1": 4.1334}}}}