{"1001": {"1001": {"mean": {"pca-1": 3.2177}, "min": {"pca-1": 2.103}}, "1002": {"mean": {"pca-1": 3.2852}, "min": {"pca-1": 1.9516}}, "1003": {"mean": {"pca-1": 2.792}, "min": {"pca-1": 1.6341}}, "1004": {"mean": {"pca-1": 3.2572}, "min": {"pca-1": 1.9063}}, "1005": {"mean": {"pca-1": 2.514}, "min": {"pca-1": 1.6581}}, "1006": {"mean": {"pca-1": 3.1907}, "min": {"pca-1": 1.9483}}, "1007": {"mean": {"pca-1": 3.586}, "min": {"pca-1": 2.1968}}, "1008": {"mean": {"pca-1": 2.3392}, "min": {"pca-1": 1.7103}}, "1009": {"mean": {"pca-1": 2.9601}, "min": {"pca-1": 1.8387}}, "1010": {"mean": {"pca-1": 2.9541}, "min": {"pca-1": 2.0853}}, "1011": {"mean": {"pca-1": 2.2845}, "min": {"pca-1": 1.5244}}, "1012": {"mean": {"pca-1": 2.9877}, "min": {"pca-1": 2.0358}}, "1013": {"mean": {"pca-1": 3.0038}, "min": {"pca-1": 2.0314}}, "1014": {"mean": {"pca-1": 2.7841}, "min": {"pca-1": 1.8177}}, "1015": {"mean": {"pca-1": 2.6076}, "min": {"pca-1": 1.8916}}}, "1002": {"1001": {"mean": {"pca-1": 1.7069}, "min": {"pca-1": 1.5699}}, "1002": {"mean": {"pca-1": 1.9439}, "min": {"pca-1": 1.7616}}, "1003": {"mean": {"pca-1": 1.4269}, "min": {"pca-1": 1.2367}}, "1004": {"mean": {"pca-1": 1.8997}, "min": {"pca-1": 1.7787}}, "1005": {"mean": {"pca-1": 1.5193}, "min": {"pca-1": 1.3213}}, "1006": {"mean": {"pca-1": 1.7981}, "min": {"pca-1": 1.583}}, "1007": {"mean": {"pca-1": 2.0183}, "min": {"pca-1": 1.6142}}, "1008": {"mean": {"pca-1": 1.5526}, "min": {"pca-1": 1.4684}}, "1009": {"mean": {"pca-1": 1.7457}, "min": {"pca-1": 1.6484}}, "1010": {"mean": {"pca-1": 1.9417}, "min": {"pca-1": 1.7245}}, "1011": {"mean": {"pca-1": 1.5653}, "min": {"pca-1": 1.471}}, "1012": {"mean": {"pca-1": 1.914}, "min": {"pca-1": 1.8095}}, "1013": {"mean": {"pca-1": 2.0451}, "min": {"pca-1": 1.8324}}, "1014": {"mean": {"pca-1": 1.6024}, "min": {"pca-1": 1.4975}}, "1015": {"mean": {"pca-1": 1.7675}, "min": {"pca-1": 1.6914}}}, "1003": {"1001": {"mean": {"pca-1": 1.9885}, "min": {"pca-1": 1.7207}}, "1002": {"mean": {"pca-1": 2.1635}, "min": {"pca-1": 1.7795}}, "1003": {"mean": {"pca-1": 1.7395}, "min": {"pca-1": 1.5437}}, "1004": {"mean": {"pca-1": 2.0602}, "min": {"pca-1": 1.6253}}, "1005": {"mean": {"pca-1": 1.6833}, "min": {"pca-1": 1.6128}}, "1006": {"mean": {"pca-1": 2.1098}, "min": {"pca-1": 1.7991}}, "1007": {"mean": {"pca-1": 2.3738}, "min": {"pca-1": 2.0475}}, "1008": {"mean": {"pca-1": 1.7282}, "min": {"pca-1": 1.6158}}, "1009": {"mean": {"pca-1": 1.9043}, "min": {"pca-1": 1.8005}}, "1010": {"mean": {"pca-1": 2.0188}, "min": {"pca-1": 1.7096}}, "1011": {"mean": {"pca-1": 1.6363}, "min": {"pca-1": 1.5086}}, "1012": {"mean": {"pca-1": 2.0875}, "min": {"pca-1": 2.0238}}, "1013": {"mean": {"pca-1": 2.2267}, "min": {"pca-1": 2.0129}}, "1014": {"mean": {"pca-1": 1.7604}, "min": {"pca-1": 1.6153}}, "1015": {"mean": {"pca-1": 2.0028}, "min": {"pca-1": 1.9387}}}, "1004": {"1001": {"mean": {"pca-1": 2.2343}, "min": {"pca-1": 1.7872}}, "1002": {"mean": {"pca-1": 2.3448}, "min": {"pca-1": 1.8552}}, "1003": {"mean": {"pca-1": 1.7196}, "min": {"pca-1": 1.3209}}, "1004": {"mean": {"pca-1": 2.4188}, "min": {"pca-1": 1.9632}}, "1005": {"mean": {"pca-1": 1.8758}, "min": {"pca-1": 1.7516}}, "1006": {"mean": {"pca-1": 2.1214}, "min": {"pca-1": 1.7017}}, "1007": {"mean": {"pca-1": 2.3084}, "min": {"pca-1": 1.6903}}, "1008": {"mean": {"pca-1": 1.6209}, "min": {"pca-1": 1.5247}}, "1009": {"mean": {"pca-1": 2.2125}, "min": {"pca-1": 1.9272}}, "1010": {"mean": {"pca-1": 2.2}, "min": {"pca-1": 1.974}}, "1011": {"mean": {"pca-1": 1.6943}, "min": {"pca-1": 1.6037}}, "1012": {"mean": {"pca-1": 2.1594}, "min": {"pca-1": 1.8658}}, "1013": {"mean": {"pca-1": 2.1602}, "min": {"pca-1": 1.9448}}, "1014": {"mean": {"pca-1": 1.8789}, "min": {"pca-1": 1.6136}}, "1015": {"mean": {"pca-1": 1.9344}, "min": {"pca-1": 1.7251}}}, "1005": {"1001": {"mean": {"pca-1": 1.4652}, "min": {"pca-1": 1.3135}}, "1002": {"mean": {"pca-1": 1.7477}, "min": {"pca-1": 1.6924}}, "1003": {"mean": {"pca-1": 1.5407}, "min": {"pca-1": 1.3808}}, "1004": {"mean": {"pca-1": 1.6244}, "min": {"pca-1": 1.4275}}, "1005": {"mean": {"pca-1": 2.2182}, "min": {"pca-1": 1.9116}}, "1006": {"mean": {"pca-1": 1.9459}, "min": {"pca-1": 1.8056}}, "1007": {"mean": {"pca-1": 1.5089}, "min": {"pca-1": 1.332}}, "1008": {"mean": {"pca-1": 2.6989}, "min": {"pca-1": 2.4482}}, "1009": {"mean": {"pca-1": 1.8333}, "min": {"pca-1": 1.6504}}, "1010": {"mean": {"pca-1": 2.1021}, "min": {"pca-1": 1.9184}}, "1011": {"mean": {"pca-1": 2.3275}, "min": {"pca-1": 1.9613}}, "1012": {"mean": {"pca-1": 2.3261}, "min": {"pca-1": 2.0624}}, "1013": {"mean": {"pca-1": 2.2788}, "min": {"pca-1": 2.1637}}, "1014": {"mean": {"pca-1": 1.7688}, "min": {"pca-1": 1.6567}}, "1015": {"mean": {"pca-1": 2.7639}, "min": {"pca-1": 2.5056}}}, "1006": {"1001": {"mean": {"pca-1": 1.3196}, "min": {"pca-1": 1.2749}}, "1002": {"mean": {"pca-1": 1.6404}, "min": {"pca-1": 1.5743}}, "1003": {"mean": {"pca-1": 1.1895}, "min": {"pca-1": 1.0549}}, "1004": {"mean": {"pca-1": 1.5009}, "min": {"pca-1": 1.3906}}, "1005": {"mean": {"pca-1": 1.6152}, "min": {"pca-1": 1.4173}}, "1006": {"mean": {"pca-1": 1.6557}, "min": {"pca-1": 1.5868}}, "1007": {"mean": {"pca-1": 1.4498}, "min": {"pca-1": 1.3604}}, "1008": {"mean": {"pca-1": 1.916}, "min": {"pca-1": 1.6937}}, "1009": {"mean": {"pca-1": 1.5512}, "min": {"pca-1": 1.5191}}, "1010": {"mean": {"pca-1": 1.8403}, "min": {"pca-1": 1.7509}}, "1011": {"mean": {"pca-1": 1.6439}, "min": {"pca-1": 1.4879}}, "1012": {"mean": {"pca-1": 1.8896}, "min": {"pca-1": 1.8329}}, "1013": {"mean": {"pca-1": 1.9001}, "min": {"pca-1": 1.8044}}, "1014": {"mean": {"pca-1": 1.4531}, "min": {"pca-1": 1.4201}}, "1015": {"mean": {"pca-1": 2.0303}, "min": {"pca-1": 1.8737}}}, "1007": {"1001": {"mean": {"pca-1": 1.8222}, "min": {"pca-1": 1.8115}}, "1002": {"mean": {"pca-1": 1.9968}, "min": {"pca-1": 1.8796}}, "1003": {"mean": {"pca-1": 1.515}, "min": {"pca-1": 1.3813}}, "1004": {"mean": {"pca-1": 1.9435}, "min": {"pca-1": 1.8992}}, "1005": {"mean": {"pca-1": 1.6232}, "min": {"pca-1": 1.4641}}, "1006": {"mean": {"pca-1": 1.9829}, "min": {"pca-1": 1.7752}}, "1007": {"mean": {"pca-1": 2.2439}, "min": {"pca-1": 1.945}}, "1008": {"mean": {"pca-1": 1.653}, "min": {"pca-1": 1.4968}}, "1009": {"mean": {"pca-1": 1.7792}, "min": {"pca-1": 1.6173}}, "1010": {"mean": {"pca-1": 2.0106}, "min": {"pca-1": 1.85}}, "1011": {"mean": {"pca-1": 1.5824}, "min": {"pca-1": 1.4938}}, "1012": {"mean": {"pca-1": 2.0001}, "min": {"pca-1": 1.8896}}, "1013": {"mean": {"pca-1": 2.1551}, "min": {"pca-1": 1.9413}}, "1014": {"mean": {"pca-1": 1.6307}, "min": {"pca-1": 1.5402}}, "1015": {"mean": {"pca-1": 1.8739}, "min": {"pca-1": 1.7998}}}, "1008": {"1001": {"mean": {"pca-1": 1.9334}, "min": {"pca-1": 1.5424}}, "1002": {"mean": {"pca-1": 2.1827}, "min": {"pca-1": 1.6796}}, "1003": {"mean": {"pca-1": 2.223}, "min": {"pca-1": 1.5857}}, "1004": {"mean": {"pca-1": 2.1099}, "min": {"pca-1": 1.7093}}, "1005": {"mean": {"pca-1": 2.8477}, "min": {"pca-1": 2.0483}}, "1006": {"mean": {"pca-1": 2.5012}, "min": {"pca-1": 1.9338}}, "1007": {"mean": {"pca-1": 1.8304}, "min": {"pca-1": 1.5094}}, "1008": {"mean": {"pca-1": 3.3306}, "min": {"pca-1": 2.5679}}, "1009": {"mean": {"pca-1": 2.4834}, "min": {"pca-1": 1.9714}}, "1010": {"mean": {"pca-1": 2.6692}, "min": {"pca-1": 2.1827}}, "1011": {"mean": {"pca-1": 2.9157}, "min": {"pca-1": 1.7985}}, "1012": {"mean": {"pca-1": 2.8675}, "min": {"pca-1": 2.3888}}, "1013": {"mean": {"pca-1": 2.9133}, "min": {"pca-1": 2.2744}}, "1014": {"mean": {"pca-1": 2.4238}, "min": {"pca-1": 1.7926}}, "1015": {"mean": {"pca-1": 3.3046}, "min": {"pca-1": 2.4951}}}, "1009": {"1001": {"mean": {"pca-1": 2.0488}, "min": {"pca-1": 1.8185}}, "1002": {"mean": {"pca-1": 2.1788}, "min": {"pca-1": 1.8609}}, "1003": {"mean": {"pca-1": 1.7856}, "min": {"pca-1": 1.5516}}, "1004": {"mean": {"pca-1": 2.2673}, "min": {"pca-1": 2.0982}}, "1005": {"mean": {"pca-1": 1.8367}, "min": {"pca-1": 1.7273}}, "1006": {"mean": {"pca-1": 2.1648}, "min": {"pca-1": 2.0069}}, "1007": {"mean": {"pca-1": 2.2489}, "min": {"pca-1": 1.7922}}, "1008": {"mean": {"pca-1": 1.6335}, "min": {"pca-1": 1.5041}}, "1009": {"mean": {"pca-1": 2.0316}, "min": {"pca-1": 1.9577}}, "1010": {"mean": {"pca-1": 2.2272}, "min": {"pca-1": 2.1775}}, "1011": {"mean": {"pca-1": 1.7351}, "min": {"pca-1": 1.7011}}, "1012": {"mean": {"pca-1": 2.0757}, "min": {"pca-1": 2.0033}}, "1013": {"mean": {"pca-1": 2.2821}, "min": {"pca-1": 2.1855}}, "1014": {"mean": {"pca-1": 1.8064}, "min": {"pca-1": 1.6484}}, "1015": {"mean": {"pca-1": 1.8694}, "min": {"pca-1": 1.8497}}}, "1010": {"1001": {"mean": {"pca-1": 1.5343}, "min": {"pca-1": 1.2883}}, "1002": {"mean": {"pca-1": 1.8148}, "min": {"pca-1": 1.8069}}, "1003": {"mean": {"pca-1": 1.5332}, "min": {"pca-1": 1.4296}}, "1004": {"mean": {"pca-1": 1.6615}, "min": {"pca-1": 1.4014}}, "1005": {"mean": {"pca-1": 2.1068}, "min": {"pca-1": 1.7651}}, "1006": {"mean": {"pca-1": 1.8714}, "min": {"pca-1": 1.7289}}, "1007": {"mean": {"pca-1": 1.6029}, "min": {"pca-1": 1.5758}}, "1008": {"mean": {"pca-1": 2.4041}, "min": {"pca-1": 2.0351}}, "1009": {"mean": {"pca-1": 1.9192}, "min": {"pca-1": 1.6026}}, "1010": {"mean": {"pca-1": 2.088}, "min": {"pca-1": 1.8722}}, "1011": {"mean": {"pca-1": 2.0931}, "min": {"pca-1": 1.7127}}, "1012": {"mean": {"pca-1": 2.2993}, "min": {"pca-1": 2.0332}}, "1013": {"mean": {"pca-1": 2.1935}, "min": {"pca-1": 2.1207}}, "1014": {"mean": {"pca-1": 1.7917}, "min": {"pca-1": 1.6868}}, "1015": {"mean": {"pca-1": 2.5789}, "min": {"pca-1": 2.3845}}}, "1011": {"1001": {"mean": {"pca-1": 1.5994}, "min": {"pca-1": 1.4865}}, "1002": {"mean": {"pca-1": 1.8351}, "min": {"pca-1": 1.7333}}, "1003": {"mean": {"pca-1": 1.7629}, "min": {"pca-1": 1.5964}}, "1004": {"mean": {"pca-1": 1.7001}, "min": {"pca-1": 1.5652}}, "1005": {"mean": {"pca-1": 2.2556}, "min": {"pca-1": 1.8843}}, "1006": {"mean": {"pca-1": 2.0619}, "min": {"pca-1": 1.8813}}, "1007": {"mean": {"pca-1": 1.6247}, "min": {"pca-1": 1.4892}}, "1008": {"mean": {"pca-1": 2.7681}, "min": {"pca-1": 2.3871}}, "1009": {"mean": {"pca-1": 1.9707}, "min": {"pca-1": 1.7513}}, "1010": {"mean": {"pca-1": 2.0862}, "min": {"pca-1": 1.8934}}, "1011": {"mean": {"pca-1": 2.2587}, "min": {"pca-1": 1.8171}}, "1012": {"mean": {"pca-1": 2.3625}, "min": {"pca-1": 2.0901}}, "1013": {"mean": {"pca-1": 2.3343}, "min": {"pca-1": 2.098}}, "1014": {"mean": {"pca-1": 1.8968}, "min": {"pca-1": 1.7203}}, "1015": {"mean": {"pca-1": 2.7488}, "min": {"pca-1": 2.3689}}}, "1012": {"1001": {"mean": {"pca-1": 1.511}, "min": {"pca-1": 1.2673}}, "1002": {"mean": {"pca-1": 1.7765}, "min": {"pca-1": 1.5811}}, "1003": {"mean": {"pca-1": 1.4472}, "min": {"pca-1": 1.3068}}, "1004": {"mean": {"pca-1": 1.5379}, "min": {"pca-1": 1.4444}}, "1005": {"mean": {"pca-1": 1.691}, "min": {"pca-1": 1.4818}}, "1006": {"mean": {"pca-1": 1.7949}, "min": {"pca-1": 1.5296}}, "1007": {"mean": {"pca-1": 1.6479}, "min": {"pca-1": 1.4157}}, "1008": {"mean": {"pca-1": 2.0439}, "min": {"pca-1": 1.9438}}, "1009": {"mean": {"pca-1": 1.7475}, "min": {"pca-1": 1.5933}}, "1010": {"mean": {"pca-1": 1.9722}, "min": {"pca-1": 1.6593}}, "1011": {"mean": {"pca-1": 1.6971}, "min": {"pca-1": 1.628}}, "1012": {"mean": {"pca-1": 2.0591}, "min": {"pca-1": 1.8935}}, "1013": {"mean": {"pca-1": 2.1433}, "min": {"pca-1": 2.0001}}, "1014": {"mean": {"pca-1": 1.6549}, "min": {"pca-1": 1.4761}}, "1015": {"mean": {"pca-1": 2.1449}, "min": {"pca-1": 2.0156}}}, "1013": {"1001": {"mean": {"pca-1": 1.4174}, "min": {"pca-1": 1.3511}}, "1002": {"mean": {"pca-1": 1.7421}, "min": {"pca-1": 1.6387}}, "1003": {"mean": {"pca-1": 1.4723}, "min": {"pca-1": 1.3249}}, "1004": {"mean": {"pca-1": 1.5295}, "min": {"pca-1": 1.4908}}, "1005": {"mean": {"pca-1": 1.8156}, "min": {"pca-1": 1.7459}}, "1006": {"mean": {"pca-1": 1.8084}, "min": {"pca-1": 1.7103}}, "1007": {"mean": {"pca-1": 1.4041}, "min": {"pca-1": 1.2186}}, "1008": {"mean": {"pca-1": 2.2184}, "min": {"pca-1": 1.9214}}, "1009": {"mean": {"pca-1": 1.7241}, "min": {"pca-1": 1.6894}}, "1010": {"mean": {"pca-1": 1.9583}, "min": {"pca-1": 1.8978}}, "1011": {"mean": {"pca-1": 1.7954}, "min": {"pca-1": 1.6254}}, "1012": {"mean": {"pca-1": 2.162}, "min": {"pca-1": 2.1392}}, "1013": {"mean": {"pca-1": 2.2281}, "min": {"pca-1": 2.1127}}, "1014": {"mean": {"pca-1": 1.722}, "min": {"pca-1": 1.6536}}, "1015": {"mean": {"pca-1": 2.363}, "min": {"pca-1": 2.1207}}}, "1014": {"1001": {"mean": {"pca-1": 1.4362}, "min": {"pca-1": 1.3663}}, "1002": {"mean": {"pca-1": 1.7306}, "min": {"pca-1": 1.5742}}, "1003": {"mean": {"pca-1": 1.4009}, "min": {"pca-1": 1.0701}}, "1004": {"mean": {"pca-1": 1.627}, "min": {"pca-1": 1.4018}}, "1005": {"mean": {"pca-1": 1.7956}, "min": {"pca-1": 1.6917}}, "1006": {"mean": {"pca-1": 1.7755}, "min": {"pca-1": 1.5163}}, "1007": {"mean": {"pca-1": 1.5871}, "min": {"pca-1": 1.4946}}, "1008": {"mean": {"pca-1": 2.0658}, "min": {"pca-1": 1.5888}}, "1009": {"mean": {"pca-1": 1.7305}, "min": {"pca-1": 1.6195}}, "1010": {"mean": {"pca-1": 1.8836}, "min": {"pca-1": 1.7515}}, "1011": {"mean": {"pca-1": 1.795}, "min": {"pca-1": 1.6283}}, "1012": {"mean": {"pca-1": 2.0689}, "min": {"pca-1": 1.9642}}, "1013": {"mean": {"pca-1": 2.0774}, "min": {"pca-1": 1.7879}}, "1014": {"mean": {"pca-1": 1.6402}, "min": {"pca-1": 1.4385}}, "1015": {"mean": {"pca-1": 2.2638}, "min": {"pca-1": 1.8438}}}, "1015": {"1001": {"mean": {"pca-1": 1.6277}, "min": {"pca-1": 1.4389}}, "1002": {"mean": {"pca-1": 1.8217}, "min": {"pca-1": 1.5852}}, "1003": {"mean": {"pca-1": 1.757}, "min": {"pca-1": 1.415}}, "1004": {"mean": {"pca-1": 1.8269}, "min": {"pca-1": 1.7375}}, "1005": {"mean": {"pca-1": 2.3737}, "min": {"pca-1": 1.9667}}, "1006": {"mean": {"pca-1": 2.0861}, "min": {"pca-1": 1.7916}}, "1007": {"mean": {"pca-1": 1.6928}, "min": {"pca-1": 1.5224}}, "1008": {"mean": {"pca-1": 2.8138}, "min": {"pca-1": 2.2821}}, "1009": {"mean": {"pca-1": 2.0304}, "min": {"pca-1": 1.8116}}, "1010": {"mean": {"pca-1": 2.1961}, "min": {"pca-1": 1.906}}, "1011": {"mean": {"pca-1": 2.4067}, "min": {"pca-1": 1.8053}}, "1012": {"mean": {"pca-1": 2.4359}, "min": {"pca-1": 2.1856}}, "1013": {"mean": {"pca-1": 2.3839}, "min": {"pca-1": 2.0324}}, "1014": {"mean": {"pca-1": 1.9227}, "min": {"pca-1": 1.6027}}, "1015": {"mean": {"pca-1": 2.8334}, "min": {"pca-1": 2.3346}}}}