{"1001": {"1001": {"mean": {"pca-1": 2.9491}, "min": {"pca-1": 1.8151}}, "1002": {"mean": {"pca-1": 3.0838}, "min": {"pca-1": 2.0363}}, "1003": {"mean": {"pca-1": 2.511}, "min": {"pca-1": 1.5505}}, "1004": {"mean": {"pca-1": 3.0589}, "min": {"pca-1": 1.8806}}, "1005": {"mean": {"pca-1": 2.4703}, "min": {"pca-1": 1.8859}}, "1006": {"mean": {"pca-1": 3.13}, "min": {"pca-1": 2.2337}}, "1007": {"mean": {"pca-1": 3.2956}, "min": {"pca-1": 2.066}}, "1008": {"mean": {"pca-1": 2.4285}, "min": {"pca-1": 1.924}}, "1009": {"mean": {"pca-1": 2.5975}, "min": {"pca-1": 1.8638}}, "1010": {"mean": {"pca-1": 2.9194}, "min": {"pca-1": 2.2339}}, "1011": {"mean": {"pca-1": 2.4605}, "min": {"pca-1": 1.6967}}, "1012": {"mean": {"pca-1": 2.9238}, "min": {"pca-1": 2.3802}}, "1013": {"mean": {"pca-1": 2.9042}, "min": {"pca-1": 2.3757}}, "1014": {"mean": {"pca-1": 2.8814}, "min": {"pca-1": 2.0281}}, "1015": {"mean": {"pca-1": 2.7277}, "min": {"pca-1": 2.2267}}}, "1002": {"1001": {"mean": {"pca-1": 2.3293}, "min": {"pca-1": 2.2687}}, "1002": {"mean": {"pca-1": 2.3845}, "min": {"pca-1": 2.272}}, "1003": {"mean": {"pca-1": 1.9771}, "min": {"pca-1": 1.8194}}, "1004": {"mean": {"pca-1": 2.3146}, "min": {"pca-1": 2.1745}}, "1005": {"mean": {"pca-1": 1.8856}, "min": {"pca-1": 1.7624}}, "1006": {"mean": {"pca-1": 2.4268}, "min": {"pca-1": 2.2725}}, "1007": {"mean": {"pca-1": 2.5994}, "min": {"pca-1": 2.4441}}, "1008": {"mean": {"pca-1": 2.0675}, "min": {"pca-1": 1.8881}}, "1009": {"mean": {"pca-1": 1.9986}, "min": {"pca-1": 1.9262}}, "1010": {"mean": {"pca-1": 2.2616}, "min": {"pca-1": 2.1756}}, "1011": {"mean": {"pca-1": 1.991}, "min": {"pca-1": 1.9139}}, "1012": {"mean": {"pca-1": 2.1756}, "min": {"pca-1": 2.1016}}, "1013": {"mean": {"pca-1": 2.4455}, "min": {"pca-1": 2.2731}}, "1014": {"mean": {"pca-1": 2.0941}, "min": {"pca-1": 1.9578}}, "1015": {"mean": {"pca-1": 2.2437}, "min": {"pca-1": 2.1462}}}, "1003": {"1001": {"mean": {"pca-1": 2.1449}, "min": {"pca-1": 1.7314}}, "1002": {"mean": {"pca-1": 2.2787}, "min": {"pca-1": 2.0395}}, "1003": {"mean": {"pca-1": 1.9751}, "min": {"pca-1": 1.6229}}, "1004": {"mean": {"pca-1": 2.114}, "min": {"pca-1": 1.8861}}, "1005": {"mean": {"pca-1": 2.1086}, "min": {"pca-1": 1.9957}}, "1006": {"mean": {"pca-1": 2.3354}, "min": {"pca-1": 2.2989}}, "1007": {"mean": {"pca-1": 2.3365}, "min": {"pca-1": 2.1592}}, "1008": {"mean": {"pca-1": 2.2147}, "min": {"pca-1": 2.1727}}, "1009": {"mean": {"pca-1": 2.1462}, "min": {"pca-1": 1.8145}}, "1010": {"mean": {"pca-1": 2.4961}, "min": {"pca-1": 2.4316}}, "1011": {"mean": {"pca-1": 2.1742}, "min": {"pca-1": 1.9152}}, "1012": {"mean": {"pca-1": 2.4107}, "min": {"pca-1": 2.2185}}, "1013": {"mean": {"pca-1": 2.5914}, "min": {"pca-1": 2.421}}, "1014": {"mean": {"pca-1": 2.2967}, "min": {"pca-1": 2.1927}}, "1015": {"mean": {"pca-1": 2.4163}, "min": {"pca-1": 2.4001}}}, "1004": {"1001": {"mean": {"pca-1": 2.5678}, "min": {"pca-1": 1.7094}}, "1002": {"mean": {"pca-1": 2.8905}, "min": {"pca-1": 2.1587}}, "1003": {"mean": {"pca-1": 2.3432}, "min": {"pca-1": 1.6649}}, "1004": {"mean": {"pca-1": 2.6547}, "min": {"pca-1": 1.6386}}, "1005": {"mean": {"pca-1": 2.2704}, "min": {"pca-1": 2.0267}}, "1006": {"mean": {"pca-1": 3.0109}, "min": {"pca-1": 2.2417}}, "1007": {"mean": {"pca-1": 3.0237}, "min": {"pca-1": 1.7394}}, "1008": {"mean": {"pca-1": 2.3139}, "min": {"pca-1": 2.2413}}, "1009": {"mean": {"pca-1": 2.3047}, "min": {"pca-1": 1.8256}}, "1010": {"mean": {"pca-1": 2.8386}, "min": {"pca-1": 2.2962}}, "1011": {"mean": {"pca-1": 2.3938}, "min": {"pca-1": 2.2236}}, "1012": {"mean": {"pca-1": 2.6701}, "min": {"pca-1": 2.291}}, "1013": {"mean": {"pca-1": 2.7999}, "min": {"pca-1": 2.3037}}, "1014": {"mean": {"pca-1": 2.7582}, "min": {"pca-1": 2.1359}}, "1015": {"mean": {"pca-1": 2.5427}, "min": {"pca-1": 2.4411}}}, "1005": {"1001": {"mean": {"pca-1": 2.4667}, "min": {"pca-1": 2.3456}}, "1002": {"mean": {"pca-1": 2.2228}, "min": {"pca-1": 2.1293}}, "1003": {"mean": {"pca-1": 2.1256}, "min": {"pca-1": 2.1055}}, "1004": {"mean": {"pca-1": 2.3551}, "min": {"pca-1": 2.31}}, "1005": {"mean": {"pca-1": 2.3386}, "min": {"pca-1": 2.1076}}, "1006": {"mean": {"pca-1": 2.1801}, "min": {"pca-1": 2.1779}}, "1007": {"mean": {"pca-1": 2.1937}, "min": {"pca-1": 1.9843}}, "1008": {"mean": {"pca-1": 2.7747}, "min": {"pca-1": 2.4723}}, "1009": {"mean": {"pca-1": 2.3653}, "min": {"pca-1": 2.3389}}, "1010": {"mean": {"pca-1": 2.2279}, "min": {"pca-1": 2.0968}}, "1011": {"mean": {"pca-1": 2.5183}, "min": {"pca-1": 2.1891}}, "1012": {"mean": {"pca-1": 2.4239}, "min": {"pca-1": 2.2424}}, "1013": {"mean": {"pca-1": 2.3773}, "min": {"pca-1": 2.2962}}, "1014": {"mean": {"pca-1": 1.9213}, "min": {"pca-1": 1.7261}}, "1015": {"mean": {"pca-1": 2.829}, "min": {"pca-1": 2.5662}}}, "1006": {"1001": {"mean": {"pca-1": 2.0581}, "min": {"pca-1": 1.6707}}, "1002": {"mean": {"pca-1": 2.078}, "min": {"pca-1": 1.9021}}, "1003": {"mean": {"pca-1": 1.7638}, "min": {"pca-1": 1.503}}, "1004": {"mean": {"pca-1": 1.9954}, "min": {"pca-1": 1.6297}}, "1005": {"mean": {"pca-1": 1.885}, "min": {"pca-1": 1.7194}}, "1006": {"mean": {"pca-1": 2.0578}, "min": {"pca-1": 1.9845}}, "1007": {"mean": {"pca-1": 1.9907}, "min": {"pca-1": 1.5556}}, "1008": {"mean": {"pca-1": 2.1599}, "min": {"pca-1": 1.9556}}, "1009": {"mean": {"pca-1": 1.9463}, "min": {"pca-1": 1.744}}, "1010": {"mean": {"pca-1": 2.0983}, "min": {"pca-1": 2.035}}, "1011": {"mean": {"pca-1": 1.9835}, "min": {"pca-1": 1.7997}}, "1012": {"mean": {"pca-1": 2.1575}, "min": {"pca-1": 2.0904}}, "1013": {"mean": {"pca-1": 2.224}, "min": {"pca-1": 2.1803}}, "1014": {"mean": {"pca-1": 1.8983}, "min": {"pca-1": 1.7466}}, "1015": {"mean": {"pca-1": 2.3105}, "min": {"pca-1": 2.1353}}}, "1007": {"1001": {"mean": {"pca-1": 1.8456}, "min": {"pca-1": 1.8303}}, "1002": {"mean": {"pca-1": 2.1566}, "min": {"pca-1": 2.0737}}, "1003": {"mean": {"pca-1": 1.6205}, "min": {"pca-1": 1.547}}, "1004": {"mean": {"pca-1": 1.8783}, "min": {"pca-1": 1.7846}}, "1005": {"mean": {"pca-1": 1.9882}, "min": {"pca-1": 1.9141}}, "1006": {"mean": {"pca-1": 2.2561}, "min": {"pca-1": 2.1442}}, "1007": {"mean": {"pca-1": 2.216}, "min": {"pca-1": 2.0638}}, "1008": {"mean": {"pca-1": 2.22}, "min": {"pca-1": 2.066}}, "1009": {"mean": {"pca-1": 1.7824}, "min": {"pca-1": 1.7628}}, "1010": {"mean": {"pca-1": 2.3283}, "min": {"pca-1": 2.2449}}, "1011": {"mean": {"pca-1": 2.2183}, "min": {"pca-1": 2.069}}, "1012": {"mean": {"pca-1": 2.2306}, "min": {"pca-1": 2.1194}}, "1013": {"mean": {"pca-1": 2.4371}, "min": {"pca-1": 2.3055}}, "1014": {"mean": {"pca-1": 2.2029}, "min": {"pca-1": 2.0237}}, "1015": {"mean": {"pca-1": 2.3944}, "min": {"pca-1": 2.3369}}}, "1008": {"1001": {"mean": {"pca-1": 3.4217}, "min": {"pca-1": 2.4625}}, "1002": {"mean": {"pca-1": 3.1465}, "min": {"pca-1": 2.1827}}, "1003": {"mean": {"pca-1": 3.3384}, "min": {"pca-1": 2.1974}}, "1004": {"mean": {"pca-1": 3.2395}, "min": {"pca-1": 2.4247}}, "1005": {"mean": {"pca-1": 3.8099}, "min": {"pca-1": 2.5527}}, "1006": {"mean": {"pca-1": 3.0486}, "min": {"pca-1": 2.202}}, "1007": {"mean": {"pca-1": 3.0088}, "min": {"pca-1": 2.23}}, "1008": {"mean": {"pca-1": 4.2791}, "min": {"pca-1": 2.9949}}, "1009": {"mean": {"pca-1": 3.6349}, "min": {"pca-1": 2.5175}}, "1010": {"mean": {"pca-1": 3.3761}, "min": {"pca-1": 2.3014}}, "1011": {"mean": {"pca-1": 4.0256}, "min": {"pca-1": 2.714}}, "1012": {"mean": {"pca-1": 3.6148}, "min": {"pca-1": 2.5499}}, "1013": {"mean": {"pca-1": 3.5727}, "min": {"pca-1": 2.4243}}, "1014": {"mean": {"pca-1": 3.0455}, "min": {"pca-1": 2.0745}}, "1015": {"mean": {"pca-1": 4.246}, "min": {"pca-1": 2.9934}}}, "1009": {"1001": {"mean": {"pca-1": 2.2891}, "min": {"pca-1": 1.9166}}, "1002": {"mean": {"pca-1": 2.4152}, "min": {"pca-1": 2.215}}, "1003": {"mean": {"pca-1": 2.1574}, "min": {"pca-1": 1.9385}}, "1004": {"mean": {"pca-1": 2.3598}, "min": {"pca-1": 2.2818}}, "1005": {"mean": {"pca-1": 2.1606}, "min": {"pca-1": 2.0135}}, "1006": {"mean": {"pca-1": 2.5351}, "min": {"pca-1": 2.313}}, "1007": {"mean": {"pca-1": 2.3633}, "min": {"pca-1": 1.7255}}, "1008": {"mean": {"pca-1": 2.2655}, "min": {"pca-1": 2.1316}}, "1009": {"mean": {"pca-1": 2.233}, "min": {"pca-1": 1.9411}}, "1010": {"mean": {"pca-1": 2.4664}, "min": {"pca-1": 2.3978}}, "1011": {"mean": {"pca-1": 2.2116}, "min": {"pca-1": 2.042}}, "1012": {"mean": {"pca-1": 2.4231}, "min": {"pca-1": 2.3207}}, "1013": {"mean": {"pca-1": 2.5936}, "min": {"pca-1": 2.4916}}, "1014": {"mean": {"pca-1": 2.4093}, "min": {"pca-1": 2.1792}}, "1015": {"mean": {"pca-1": 2.4187}, "min": {"pca-1": 2.2691}}}, "1010": {"1001": {"mean": {"pca-1": 2.4698}, "min": {"pca-1": 2.024}}, "1002": {"mean": {"pca-1": 2.26}, "min": {"pca-1": 1.9366}}, "1003": {"mean": {"pca-1": 2.1688}, "min": {"pca-1": 1.7601}}, "1004": {"mean": {"pca-1": 2.3445}, "min": {"pca-1": 2.1221}}, "1005": {"mean": {"pca-1": 2.1861}, "min": {"pca-1": 1.8639}}, "1006": {"mean": {"pca-1": 2.1821}, "min": {"pca-1": 2.0891}}, "1007": {"mean": {"pca-1": 2.2278}, "min": {"pca-1": 1.7468}}, "1008": {"mean": {"pca-1": 2.4084}, "min": {"pca-1": 2.1772}}, "1009": {"mean": {"pca-1": 2.3808}, "min": {"pca-1": 2.0666}}, "1010": {"mean": {"pca-1": 2.2159}, "min": {"pca-1": 1.9714}}, "1011": {"mean": {"pca-1": 2.2252}, "min": {"pca-1": 1.9102}}, "1012": {"mean": {"pca-1": 2.3431}, "min": {"pca-1": 2.2235}}, "1013": {"mean": {"pca-1": 2.4874}, "min": {"pca-1": 2.2203}}, "1014": {"mean": {"pca-1": 2.0188}, "min": {"pca-1": 1.8365}}, "1015": {"mean": {"pca-1": 2.5407}, "min": {"pca-1": 2.3383}}}, "1011": {"1001": {"mean": {"pca-1": 2.3845}, "min": {"pca-1": 2.0926}}, "1002": {"mean": {"pca-1": 2.2295}, "min": {"pca-1": 2.0477}}, "1003": {"mean": {"pca-1": 2.1082}, "min": {"pca-1": 1.9232}}, "1004": {"mean": {"pca-1": 2.3596}, "min": {"pca-1": 2.138}}, "1005": {"mean": {"pca-1": 2.2322}, "min": {"pca-1": 1.9971}}, "1006": {"mean": {"pca-1": 2.156}, "min": {"pca-1": 2.0533}}, "1007": {"mean": {"pca-1": 2.0126}, "min": {"pca-1": 1.6892}}, "1008": {"mean": {"pca-1": 2.614}, "min": {"pca-1": 2.3918}}, "1009": {"mean": {"pca-1": 2.3165}, "min": {"pca-1": 2.0557}}, "1010": {"mean": {"pca-1": 2.192}, "min": {"pca-1": 2.0383}}, "1011": {"mean": {"pca-1": 2.3508}, "min": {"pca-1": 2.1165}}, "1012": {"mean": {"pca-1": 2.3954}, "min": {"pca-1": 2.2566}}, "1013": {"mean": {"pca-1": 2.3284}, "min": {"pca-1": 2.1969}}, "1014": {"mean": {"pca-1": 1.9349}, "min": {"pca-1": 1.8778}}, "1015": {"mean": {"pca-1": 2.6894}, "min": {"pca-1": 2.4825}}}, "1012": {"1001": {"mean": {"pca-1": 1.8946}, "min": {"pca-1": 1.5849}}, "1002": {"mean": {"pca-1": 2.1116}, "min": {"pca-1": 2.0076}}, "1003": {"mean": {"pca-1": 1.7102}, "min": {"pca-1": 1.5308}}, "1004": {"mean": {"pca-1": 1.8938}, "min": {"pca-1": 1.6243}}, "1005": {"mean": {"pca-1": 2.0594}, "min": {"pca-1": 1.7164}}, "1006": {"mean": {"pca-1": 2.1761}, "min": {"pca-1": 2.0265}}, "1007": {"mean": {"pca-1": 1.9315}, "min": {"pca-1": 1.6545}}, "1008": {"mean": {"pca-1": 2.2718}, "min": {"pca-1": 1.9101}}, "1009": {"mean": {"pca-1": 1.9835}, "min": {"pca-1": 1.794}}, "1010": {"mean": {"pca-1": 2.3612}, "min": {"pca-1": 2.0931}}, "1011": {"mean": {"pca-1": 2.2076}, "min": {"pca-1": 1.8386}}, "1012": {"mean": {"pca-1": 2.3533}, "min": {"pca-1": 1.9763}}, "1013": {"mean": {"pca-1": 2.4353}, "min": {"pca-1": 2.2449}}, "1014": {"mean": {"pca-1": 2.1407}, "min": {"pca-1": 1.9376}}, "1015": {"mean": {"pca-1": 2.4091}, "min": {"pca-1": 2.0272}}}, "1013": {"1001": {"mean": {"pca-1": 2.224}, "min": {"pca-1": 1.7265}}, "1002": {"mean": {"pca-1": 2.1536}, "min": {"pca-1": 1.9328}}, "1003": {"mean": {"pca-1": 2.0254}, "min": {"pca-1": 1.6637}}, "1004": {"mean": {"pca-1": 2.1952}, "min": {"pca-1": 1.8447}}, "1005": {"mean": {"pca-1": 2.2796}, "min": {"pca-1": 2.047}}, "1006": {"mean": {"pca-1": 2.2194}, "min": {"pca-1": 2.1927}}, "1007": {"mean": {"pca-1": 1.9537}, "min": {"pca-1": 1.48}}, "1008": {"mean": {"pca-1": 2.5835}, "min": {"pca-1": 2.2929}}, "1009": {"mean": {"pca-1": 2.2825}, "min": {"pca-1": 2.0282}}, "1010": {"mean": {"pca-1": 2.3472}, "min": {"pca-1": 2.3109}}, "1011": {"mean": {"pca-1": 2.3784}, "min": {"pca-1": 2.2002}}, "1012": {"mean": {"pca-1": 2.418}, "min": {"pca-1": 2.2467}}, "1013": {"mean": {"pca-1": 2.4523}, "min": {"pca-1": 2.3688}}, "1014": {"mean": {"pca-1": 2.0735}, "min": {"pca-1": 1.848}}, "1015": {"mean": {"pca-1": 2.6569}, "min": {"pca-1": 2.4307}}}, "1014": {"1001": {"mean": {"pca-1": 2.1141}, "min": {"pca-1": 2.0519}}, "1002": {"mean": {"pca-1": 2.092}, "min": {"pca-1": 2.0361}}, "1003": {"mean": {"pca-1": 1.7967}, "min": {"pca-1": 1.5863}}, "1004": {"mean": {"pca-1": 2.0765}, "min": {"pca-1": 2.0188}}, "1005": {"mean": {"pca-1": 1.6536}, "min": {"pca-1": 1.4896}}, "1006": {"mean": {"pca-1": 1.8903}, "min": {"pca-1": 1.8163}}, "1007": {"mean": {"pca-1": 2.0202}, "min": {"pca-1": 1.8625}}, "1008": {"mean": {"pca-1": 1.979}, "min": {"pca-1": 1.8233}}, "1009": {"mean": {"pca-1": 2.0145}, "min": {"pca-1": 1.8885}}, "1010": {"mean": {"pca-1": 1.8916}, "min": {"pca-1": 1.7033}}, "1011": {"mean": {"pca-1": 1.7844}, "min": {"pca-1": 1.758}}, "1012": {"mean": {"pca-1": 2.0475}, "min": {"pca-1": 1.9978}}, "1013": {"mean": {"pca-1": 2.1976}, "min": {"pca-1": 2.1387}}, "1014": {"mean": {"pca-1": 1.8055}, "min": {"pca-1": 1.7604}}, "1015": {"mean": {"pca-1": 2.1368}, "min": {"pca-1": 2.0757}}}, "1015": {"1001": {"mean": {"pca-1": 2.9041}, "min": {"pca-1": 2.424}}, "1002": {"mean": {"pca-1": 2.6721}, "min": {"pca-1": 2.257}}, "1003": {"mean": {"pca-1": 2.6595}, "min": {"pca-1": 1.9648}}, "1004": {"mean": {"pca-1": 2.7269}, "min": {"pca-1": 2.234}}, "1005": {"mean": {"pca-1": 2.9215}, "min": {"pca-1": 1.8267}}, "1006": {"mean": {"pca-1": 2.5257}, "min": {"pca-1": 2.0571}}, "1007": {"mean": {"pca-1": 2.6334}, "min": {"pca-1": 2.3089}}, "1008": {"mean": {"pca-1": 3.3107}, "min": {"pca-1": 2.0479}}, "1009": {"mean": {"pca-1": 2.9091}, "min": {"pca-1": 2.0918}}, "1010": {"mean": {"pca-1": 2.7054}, "min": {"pca-1": 2.0153}}, "1011": {"mean": {"pca-1": 3.0367}, "min": {"pca-1": 1.7697}}, "1012": {"mean": {"pca-1": 2.894}, "min": {"pca-1": 2.0923}}, "1013": {"mean": {"pca-1": 2.9159}, "min": {"pca-1": 2.2569}}, "1014": {"mean": {"pca-1": 2.3837}, "min": {"pca-1": 1.7178}}, "1015": {"mean": {"pca-1": 3.3579}, "min": {"pca-1": 2.2538}}}}