{"1001": {"1001": {"mean": {"pca-1": 3.0414}, "min": {"pca-1": 1.8561}}, "1002": {"mean": {"pca-1": 3.1016}, "min": {"pca-1": 1.8857}}, "1003": {"mean": {"pca-1": 2.6205}, "min": {"pca-1": 1.6139}}, "1004": {"mean": {"pca-1": 3.131}, "min": {"pca-1": 1.981}}, "1005": {"mean": {"pca-1": 2.4758}, "min": {"pca-1": 1.8268}}, "1006": {"mean": {"pca-1": 3.1805}, "min": {"pca-1": 2.1906}}, "1007": {"mean": {"pca-1": 3.4278}, "min": {"pca-1": 2.097}}, "1008": {"mean": {"pca-1": 2.4323}, "min": {"pca-1": 1.7162}}, "1009": {"mean": {"pca-1": 2.7072}, "min": {"pca-1": 1.9429}}, "1010": {"mean": {"pca-1": 2.9341}, "min": {"pca-1": 2.1847}}, "1011": {"mean": {"pca-1": 2.4695}, "min": {"pca-1": 1.5712}}, "1012": {"mean": {"pca-1": 2.9786}, "min": {"pca-1": 2.2828}}, "1013": {"mean": {"pca-1": 2.9008}, "min": {"pca-1": 2.2424}}, "1014": {"mean": {"pca-1": 2.9386}, "min": {"pca-1": 1.9521}}, "1015": {"mean": {"pca-1": 2.7205}, "min": {"pca-1": 2.0563}}}, "1002": {"1001": {"mean": {"pca-1": 2.1534}, "min": {"pca-1": 1.8925}}, "1002": {"mean": {"pca-1": 2.3099}, "min": {"pca-1": 2.1292}}, "1003": {"mean": {"pca-1": 1.8036}, "min": {"pca-1": 1.669}}, "1004": {"mean": {"pca-1": 2.1552}, "min": {"pca-1": 1.8314}}, "1005": {"mean": {"pca-1": 1.6173}, "min": {"pca-1": 1.4414}}, "1006": {"mean": {"pca-1": 2.1479}, "min": {"pca-1": 1.7987}}, "1007": {"mean": {"pca-1": 2.4861}, "min": {"pca-1": 2.1364}}, "1008": {"mean": {"pca-1": 1.8242}, "min": {"pca-1": 1.6593}}, "1009": {"mean": {"pca-1": 1.8843}, "min": {"pca-1": 1.7856}}, "1010": {"mean": {"pca-1": 2.0196}, "min": {"pca-1": 1.869}}, "1011": {"mean": {"pca-1": 1.807}, "min": {"pca-1": 1.619}}, "1012": {"mean": {"pca-1": 2.0993}, "min": {"pca-1": 2.0165}}, "1013": {"mean": {"pca-1": 2.1947}, "min": {"pca-1": 2.0823}}, "1014": {"mean": {"pca-1": 1.9654}, "min": {"pca-1": 1.6414}}, "1015": {"mean": {"pca-1": 2.1173}, "min": {"pca-1": 2.0736}}}, "1003": {"1001": {"mean": {"pca-1": 1.9686}, "min": {"pca-1": 1.789}}, "1002": {"mean": {"pca-1": 2.0769}, "min": {"pca-1": 1.9199}}, "1003": {"mean": {"pca-1": 1.6436}, "min": {"pca-1": 1.4959}}, "1004": {"mean": {"pca-1": 2.0197}, "min": {"pca-1": 1.9088}}, "1005": {"mean": {"pca-1": 1.9022}, "min": {"pca-1": 1.7794}}, "1006": {"mean": {"pca-1": 2.1346}, "min": {"pca-1": 1.9656}}, "1007": {"mean": {"pca-1": 2.2223}, "min": {"pca-1": 2.1071}}, "1008": {"mean": {"pca-1": 2.0191}, "min": {"pca-1": 1.5953}}, "1009": {"mean": {"pca-1": 1.9029}, "min": {"pca-1": 1.8037}}, "1010": {"mean": {"pca-1": 2.2229}, "min": {"pca-1": 1.9538}}, "1011": {"mean": {"pca-1": 2.0818}, "min": {"pca-1": 1.625}}, "1012": {"mean": {"pca-1": 2.3321}, "min": {"pca-1": 2.0699}}, "1013": {"mean": {"pca-1": 2.2697}, "min": {"pca-1": 2.1232}}, "1014": {"mean": {"pca-1": 2.171}, "min": {"pca-1": 1.6976}}, "1015": {"mean": {"pca-1": 2.2931}, "min": {"pca-1": 2.0402}}}, "1004": {"1001": {"mean": {"pca-1": 2.0645}, "min": {"pca-1": 1.6993}}, "1002": {"mean": {"pca-1": 2.2913}, "min": {"pca-1": 1.8559}}, "1003": {"mean": {"pca-1": 1.835}, "min": {"pca-1": 1.5387}}, "1004": {"mean": {"pca-1": 2.1435}, "min": {"pca-1": 1.6251}}, "1005": {"mean": {"pca-1": 2.0735}, "min": {"pca-1": 1.9761}}, "1006": {"mean": {"pca-1": 2.4677}, "min": {"pca-1": 2.1219}}, "1007": {"mean": {"pca-1": 2.2613}, "min": {"pca-1": 1.701}}, "1008": {"mean": {"pca-1": 2.1637}, "min": {"pca-1": 2.0268}}, "1009": {"mean": {"pca-1": 2.0384}, "min": {"pca-1": 1.7258}}, "1010": {"mean": {"pca-1": 2.4981}, "min": {"pca-1": 2.3229}}, "1011": {"mean": {"pca-1": 2.3}, "min": {"pca-1": 2.2164}}, "1012": {"mean": {"pca-1": 2.4323}, "min": {"pca-1": 2.1537}}, "1013": {"mean": {"pca-1": 2.4525}, "min": {"pca-1": 2.2897}}, "1014": {"mean": {"pca-1": 2.5255}, "min": {"pca-1": 2.219}}, "1015": {"mean": {"pca-1": 2.3487}, "min": {"pca-1": 2.2081}}}, "1005": {"1001": {"mean": {"pca-1": 2.2576}, "min": {"pca-1": 1.8764}}, "1002": {"mean": {"pca-1": 2.3432}, "min": {"pca-1": 1.9988}}, "1003": {"mean": {"pca-1": 2.1798}, "min": {"pca-1": 1.7849}}, "1004": {"mean": {"pca-1": 2.1424}, "min": {"pca-1": 1.8774}}, "1005": {"mean": {"pca-1": 2.486}, "min": {"pca-1": 1.9423}}, "1006": {"mean": {"pca-1": 2.1606}, "min": {"pca-1": 1.9266}}, "1007": {"mean": {"pca-1": 2.061}, "min": {"pca-1": 1.6996}}, "1008": {"mean": {"pca-1": 2.8427}, "min": {"pca-1": 2.1839}}, "1009": {"mean": {"pca-1": 2.355}, "min": {"pca-1": 1.956}}, "1010": {"mean": {"pca-1": 2.379}, "min": {"pca-1": 2.008}}, "1011": {"mean": {"pca-1": 2.6488}, "min": {"pca-1": 1.945}}, "1012": {"mean": {"pca-1": 2.5324}, "min": {"pca-1": 2.1452}}, "1013": {"mean": {"pca-1": 2.5162}, "min": {"pca-1": 2.1608}}, "1014": {"mean": {"pca-1": 2.0259}, "min": {"pca-1": 1.6658}}, "1015": {"mean": {"pca-1": 2.9678}, "min": {"pca-1": 2.3608}}}, "1006": {"1001": {"mean": {"pca-1": 1.8658}, "min": {"pca-1": 1.5719}}, "1002": {"mean": {"pca-1": 1.9838}, "min": {"pca-1": 1.7457}}, "1003": {"mean": {"pca-1": 1.5987}, "min": {"pca-1": 1.4232}}, "1004": {"mean": {"pca-1": 1.843}, "min": {"pca-1": 1.6601}}, "1005": {"mean": {"pca-1": 1.758}, "min": {"pca-1": 1.5968}}, "1006": {"mean": {"pca-1": 1.8918}, "min": {"pca-1": 1.7604}}, "1007": {"mean": {"pca-1": 1.878}, "min": {"pca-1": 1.4676}}, "1008": {"mean": {"pca-1": 2.0468}, "min": {"pca-1": 1.8754}}, "1009": {"mean": {"pca-1": 1.8405}, "min": {"pca-1": 1.7589}}, "1010": {"mean": {"pca-1": 1.9587}, "min": {"pca-1": 1.9169}}, "1011": {"mean": {"pca-1": 1.9128}, "min": {"pca-1": 1.642}}, "1012": {"mean": {"pca-1": 2.0552}, "min": {"pca-1": 1.9909}}, "1013": {"mean": {"pca-1": 2.0361}, "min": {"pca-1": 1.9104}}, "1014": {"mean": {"pca-1": 1.7917}, "min": {"pca-1": 1.6437}}, "1015": {"mean": {"pca-1": 2.2398}, "min": {"pca-1": 2.1048}}}, "1007": {"1001": {"mean": {"pca-1": 1.747}, "min": {"pca-1": 1.652}}, "1002": {"mean": {"pca-1": 2.0117}, "min": {"pca-1": 1.9073}}, "1003": {"mean": {"pca-1": 1.564}, "min": {"pca-1": 1.4127}}, "1004": {"mean": {"pca-1": 1.8211}, "min": {"pca-1": 1.7161}}, "1005": {"mean": {"pca-1": 1.8945}, "min": {"pca-1": 1.8273}}, "1006": {"mean": {"pca-1": 2.1856}, "min": {"pca-1": 1.9936}}, "1007": {"mean": {"pca-1": 2.1959}, "min": {"pca-1": 1.9499}}, "1008": {"mean": {"pca-1": 2.1218}, "min": {"pca-1": 2.0135}}, "1009": {"mean": {"pca-1": 1.7113}, "min": {"pca-1": 1.6705}}, "1010": {"mean": {"pca-1": 2.2625}, "min": {"pca-1": 2.1494}}, "1011": {"mean": {"pca-1": 2.1504}, "min": {"pca-1": 1.9939}}, "1012": {"mean": {"pca-1": 2.1741}, "min": {"pca-1": 2.0823}}, "1013": {"mean": {"pca-1": 2.3786}, "min": {"pca-1": 2.1433}}, "1014": {"mean": {"pca-1": 2.2181}, "min": {"pca-1": 2.0787}}, "1015": {"mean": {"pca-1": 2.2713}, "min": {"pca-1": 2.1939}}}, "1008": {"1001": {"mean": {"pca-1": 3.0276}, "min": {"pca-1": 2.2757}}, "1002": {"mean": {"pca-1": 2.9611}, "min": {"pca-1": 2.1904}}, "1003": {"mean": {"pca-1": 2.7827}, "min": {"pca-1": 2.1101}}, "1004": {"mean": {"pca-1": 2.742}, "min": {"pca-1": 2.1974}}, "1005": {"mean": {"pca-1": 2.8739}, "min": {"pca-1": 2.0237}}, "1006": {"mean": {"pca-1": 2.7356}, "min": {"pca-1": 2.0986}}, "1007": {"mean": {"pca-1": 2.8207}, "min": {"pca-1": 2.119}}, "1008": {"mean": {"pca-1": 3.0889}, "min": {"pca-1": 1.9047}}, "1009": {"mean": {"pca-1": 2.9556}, "min": {"pca-1": 2.3735}}, "1010": {"mean": {"pca-1": 2.7741}, "min": {"pca-1": 2.2314}}, "1011": {"mean": {"pca-1": 2.8709}, "min": {"pca-1": 1.6729}}, "1012": {"mean": {"pca-1": 2.9347}, "min": {"pca-1": 2.4839}}, "1013": {"mean": {"pca-1": 2.9}, "min": {"pca-1": 2.3631}}, "1014": {"mean": {"pca-1": 2.4475}, "min": {"pca-1": 1.9488}}, "1015": {"mean": {"pca-1": 3.2128}, "min": {"pca-1": 2.175}}}, "1009": {"1001": {"mean": {"pca-1": 1.924}, "min": {"pca-1": 1.6183}}, "1002": {"mean": {"pca-1": 2.167}, "min": {"pca-1": 1.8955}}, "1003": {"mean": {"pca-1": 1.856}, "min": {"pca-1": 1.7054}}, "1004": {"mean": {"pca-1": 2.0436}, "min": {"pca-1": 1.7788}}, "1005": {"mean": {"pca-1": 1.9566}, "min": {"pca-1": 1.9004}}, "1006": {"mean": {"pca-1": 2.3606}, "min": {"pca-1": 2.1989}}, "1007": {"mean": {"pca-1": 2.1686}, "min": {"pca-1": 1.7725}}, "1008": {"mean": {"pca-1": 2.1463}, "min": {"pca-1": 2.0324}}, "1009": {"mean": {"pca-1": 1.8344}, "min": {"pca-1": 1.7197}}, "1010": {"mean": {"pca-1": 2.3418}, "min": {"pca-1": 2.2661}}, "1011": {"mean": {"pca-1": 2.1683}, "min": {"pca-1": 2.1066}}, "1012": {"mean": {"pca-1": 2.1907}, "min": {"pca-1": 2.0627}}, "1013": {"mean": {"pca-1": 2.4986}, "min": {"pca-1": 2.4762}}, "1014": {"mean": {"pca-1": 2.2679}, "min": {"pca-1": 2.0324}}, "1015": {"mean": {"pca-1": 2.2293}, "min": {"pca-1": 2.2}}}, "1010": {"1001": {"mean": {"pca-1": 2.2082}, "min": {"pca-1": 1.9174}}, "1002": {"mean": {"pca-1": 2.2435}, "min": {"pca-1": 1.9762}}, "1003": {"mean": {"pca-1": 2.1082}, "min": {"pca-1": 1.7919}}, "1004": {"mean": {"pca-1": 2.121}, "min": {"pca-1": 1.9227}}, "1005": {"mean": {"pca-1": 2.1353}, "min": {"pca-1": 1.7089}}, "1006": {"mean": {"pca-1": 2.0686}, "min": {"pca-1": 1.892}}, "1007": {"mean": {"pca-1": 2.0674}, "min": {"pca-1": 1.72}}, "1008": {"mean": {"pca-1": 2.4245}, "min": {"pca-1": 1.7193}}, "1009": {"mean": {"pca-1": 2.2628}, "min": {"pca-1": 2.0207}}, "1010": {"mean": {"pca-1": 2.1329}, "min": {"pca-1": 1.8362}}, "1011": {"mean": {"pca-1": 2.2785}, "min": {"pca-1": 1.6449}}, "1012": {"mean": {"pca-1": 2.3434}, "min": {"pca-1": 2.0507}}, "1013": {"mean": {"pca-1": 2.4011}, "min": {"pca-1": 2.1659}}, "1014": {"mean": {"pca-1": 1.9883}, "min": {"pca-1": 1.9272}}, "1015": {"mean": {"pca-1": 2.5954}, "min": {"pca-1": 2.0581}}}, "1011": {"1001": {"mean": {"pca-1": 2.3099}, "min": {"pca-1": 2.1782}}, "1002": {"mean": {"pca-1": 2.21}, "min": {"pca-1": 2.0821}}, "1003": {"mean": {"pca-1": 2.0568}, "min": {"pca-1": 1.9126}}, "1004": {"mean": {"pca-1": 2.2302}, "min": {"pca-1": 2.1824}}, "1005": {"mean": {"pca-1": 2.2358}, "min": {"pca-1": 1.9757}}, "1006": {"mean": {"pca-1": 2.0603}, "min": {"pca-1": 1.96}}, "1007": {"mean": {"pca-1": 1.9603}, "min": {"pca-1": 1.7886}}, "1008": {"mean": {"pca-1": 2.5278}, "min": {"pca-1": 2.1833}}, "1009": {"mean": {"pca-1": 2.3144}, "min": {"pca-1": 2.206}}, "1010": {"mean": {"pca-1": 2.1107}, "min": {"pca-1": 1.9688}}, "1011": {"mean": {"pca-1": 2.2674}, "min": {"pca-1": 1.9224}}, "1012": {"mean": {"pca-1": 2.3664}, "min": {"pca-1": 2.2244}}, "1013": {"mean": {"pca-1": 2.2262}, "min": {"pca-1": 2.0375}}, "1014": {"mean": {"pca-1": 1.8817}, "min": {"pca-1": 1.8497}}, "1015": {"mean": {"pca-1": 2.6436}, "min": {"pca-1": 2.3356}}}, "1012": {"1001": {"mean": {"pca-1": 1.9082}, "min": {"pca-1": 1.7193}}, "1002": {"mean": {"pca-1": 2.0357}, "min": {"pca-1": 1.9146}}, "1003": {"mean": {"pca-1": 1.7372}, "min": {"pca-1": 1.6268}}, "1004": {"mean": {"pca-1": 1.9727}, "min": {"pca-1": 1.8273}}, "1005": {"mean": {"pca-1": 1.7857}, "min": {"pca-1": 1.5396}}, "1006": {"mean": {"pca-1": 2.0582}, "min": {"pca-1": 1.8176}}, "1007": {"mean": {"pca-1": 1.9107}, "min": {"pca-1": 1.645}}, "1008": {"mean": {"pca-1": 2.1076}, "min": {"pca-1": 1.8771}}, "1009": {"mean": {"pca-1": 2.0325}, "min": {"pca-1": 1.8606}}, "1010": {"mean": {"pca-1": 2.1616}, "min": {"pca-1": 1.7795}}, "1011": {"mean": {"pca-1": 1.9591}, "min": {"pca-1": 1.7396}}, "1012": {"mean": {"pca-1": 2.2481}, "min": {"pca-1": 1.9345}}, "1013": {"mean": {"pca-1": 2.2759}, "min": {"pca-1": 2.0787}}, "1014": {"mean": {"pca-1": 1.9552}, "min": {"pca-1": 1.6161}}, "1015": {"mean": {"pca-1": 2.228}, "min": {"pca-1": 2.0147}}}, "1013": {"1001": {"mean": {"pca-1": 1.8363}, "min": {"pca-1": 1.5693}}, "1002": {"mean": {"pca-1": 1.9998}, "min": {"pca-1": 1.7989}}, "1003": {"mean": {"pca-1": 1.7778}, "min": {"pca-1": 1.4495}}, "1004": {"mean": {"pca-1": 1.8881}, "min": {"pca-1": 1.6624}}, "1005": {"mean": {"pca-1": 2.3419}, "min": {"pca-1": 1.9253}}, "1006": {"mean": {"pca-1": 2.1144}, "min": {"pca-1": 1.9958}}, "1007": {"mean": {"pca-1": 1.7503}, "min": {"pca-1": 1.4589}}, "1008": {"mean": {"pca-1": 2.6201}, "min": {"pca-1": 2.2117}}, "1009": {"mean": {"pca-1": 2.0979}, "min": {"pca-1": 1.8531}}, "1010": {"mean": {"pca-1": 2.3828}, "min": {"pca-1": 2.2751}}, "1011": {"mean": {"pca-1": 2.6125}, "min": {"pca-1": 2.1784}}, "1012": {"mean": {"pca-1": 2.5508}, "min": {"pca-1": 2.3726}}, "1013": {"mean": {"pca-1": 2.4238}, "min": {"pca-1": 2.2682}}, "1014": {"mean": {"pca-1": 2.1064}, "min": {"pca-1": 1.95}}, "1015": {"mean": {"pca-1": 2.8607}, "min": {"pca-1": 2.3976}}}, "1014": {"1001": {"mean": {"pca-1": 1.8636}, "min": {"pca-1": 1.7205}}, "1002": {"mean": {"pca-1": 2.0285}, "min": {"pca-1": 1.9318}}, "1003": {"mean": {"pca-1": 1.6728}, "min": {"pca-1": 1.4576}}, "1004": {"mean": {"pca-1": 1.8419}, "min": {"pca-1": 1.7506}}, "1005": {"mean": {"pca-1": 1.6451}, "min": {"pca-1": 1.4685}}, "1006": {"mean": {"pca-1": 1.8245}, "min": {"pca-1": 1.7532}}, "1007": {"mean": {"pca-1": 1.8489}, "min": {"pca-1": 1.7328}}, "1008": {"mean": {"pca-1": 1.8854}, "min": {"pca-1": 1.7967}}, "1009": {"mean": {"pca-1": 1.8835}, "min": {"pca-1": 1.8353}}, "1010": {"mean": {"pca-1": 1.8571}, "min": {"pca-1": 1.7203}}, "1011": {"mean": {"pca-1": 1.7633}, "min": {"pca-1": 1.5963}}, "1012": {"mean": {"pca-1": 2.0171}, "min": {"pca-1": 1.9534}}, "1013": {"mean": {"pca-1": 2.097}, "min": {"pca-1": 2.0122}}, "1014": {"mean": {"pca-1": 1.7283}, "min": {"pca-1": 1.6203}}, "1015": {"mean": {"pca-1": 2.1519}, "min": {"pca-1": 2.0636}}}, "1015": {"1001": {"mean": {"pca-1": 2.3948}, "min": {"pca-1": 2.0352}}, "1002": {"mean": {"pca-1": 2.381}, "min": {"pca-1": 2.0309}}, "1003": {"mean": {"pca-1": 2.2576}, "min": {"pca-1": 1.71}}, "1004": {"mean": {"pca-1": 2.3525}, "min": {"pca-1": 2.0413}}, "1005": {"mean": {"pca-1": 2.5353}, "min": {"pca-1": 1.7979}}, "1006": {"mean": {"pca-1": 2.2576}, "min": {"pca-1": 1.9142}}, "1007": {"mean": {"pca-1": 2.184}, "min": {"pca-1": 1.9025}}, "1008": {"mean": {"pca-1": 2.8483}, "min": {"pca-1": 2.0301}}, "1009": {"mean": {"pca-1": 2.5032}, "min": {"pca-1": 1.9768}}, "1010": {"mean": {"pca-1": 2.3749}, "min": {"pca-1": 1.9082}}, "1011": {"mean": {"pca-1": 2.5985}, "min": {"pca-1": 1.7669}}, "1012": {"mean": {"pca-1": 2.6066}, "min": {"pca-1": 2.091}}, "1013": {"mean": {"pca-1": 2.5391}, "min": {"pca-1": 2.1075}}, "1014": {"mean": {"pca-1": 2.068}, "min": {"pca-1": 1.6641}}, "1015": {"mean": {"pca-1": 2.9702}, "min": {"pca-1": 2.2491}}}}