{"1001": {"1001": {"mean": {"pca-1": 4.2205}, "min": {"pca-1": 3.6892}}, "1002": {"mean": {"pca-1": 4.2271}, "min": {"pca-1": 3.6326}}, "1003": {"mean": {"pca-1": 3.7587}, "min": {"pca-1": 3.1856}}, "1004": {"mean": {"pca-1": 4.2284}, "min": {"pca-1": 3.6859}}, "1005": {"mean": {"pca-1": 3.727}, "min": {"pca-1": 3.1602}}, "1006": {"mean": {"pca-1": 4.4148}, "min": {"pca-1": 3.7921}}, "1007": {"mean": {"pca-1": 4.6449}, "min": {"pca-1": 4.0528}}, "1008": {"mean": {"pca-1": 3.817}, "min": {"pca-1": 3.3197}}, "1009": {"mean": {"pca-1": 3.6289}, "min": {"pca-1": 3.097}}, "1010": {"mean": {"pca-1": 4.3643}, "min": {"pca-1": 3.7704}}, "1011": {"mean": {"pca-1": 3.7644}, "min": {"pca-1": 3.2349}}, "1012": {"mean": {"pca-1": 3.9423}, "min": {"pca-1": 3.379}}, "1013": {"mean": {"pca-1": 4.2106}, "min": {"pca-1": 3.6371}}, "1014": {"mean": {"pca-1": 4.1185}, "min": {"pca-1": 3.4991}}, "1015": {"mean": {"pca-1": 3.7741}, "min": {"pca-1": 3.2748}}}, "1002": {"1001": {"mean": {"pca-1": 5.548}, "min": {"pca-1": 3.9352}}, "1002": {"mean": {"pca-1": 5.6399}, "min": {"pca-1": 3.9152}}, "1003": {"mean": {"pca-1": 5.1532}, "min": {"pca-1": 3.4537}}, "1004": {"mean": {"pca-1": 5.5709}, "min": {"pca-1": 3.9383}}, "1005": {"mean": {"pca-1": 5.1142}, "min": {"pca-1": 3.4244}}, "1006": {"mean": {"pca-1": 5.8623}, "min": {"pca-1": 4.0916}}, "1007": {"mean": {"pca-1": 6.0471}, "min": {"pca-1": 4.3352}}, "1008": {"mean": {"pca-1": 5.1108}, "min": {"pca-1": 3.544}}, "1009": {"mean": {"pca-1": 4.9742}, "min": {"pca-1": 3.3402}}, "1010": {"mean": {"pca-1": 5.7738}, "min": {"pca-1": 4.0531}}, "1011": {"mean": {"pca-1": 5.1024}, "min": {"pca-1": 3.4775}}, "1012": {"mean": {"pca-1": 5.3197}, "min": {"pca-1": 3.6423}}, "1013": {"mean": {"pca-1": 5.5955}, "min": {"pca-1": 3.9074}}, "1014": {"mean": {"pca-1": 5.5659}, "min": {"pca-1": 3.7959}}, "1015": {"mean": {"pca-1": 5.0721}, "min": {"pca-1": 3.4999}}}, "1003": {"1001": {"mean": {"pca-1": 3.7531}, "min": {"pca-1": 3.069}}, "1002": {"mean": {"pca-1": 3.6769}, "min": {"pca-1": 2.8619}}, "1003": {"mean": {"pca-1": 3.2492}, "min": {"pca-1": 2.502}}, "1004": {"mean": {"pca-1": 3.7465}, "min": {"pca-1": 3.0396}}, "1005": {"mean": {"pca-1": 3.227}, "min": {"pca-1": 2.4952}}, "1006": {"mean": {"pca-1": 3.8231}, "min": {"pca-1": 2.9412}}, "1007": {"mean": {"pca-1": 4.0905}, "min": {"pca-1": 3.2668}}, "1008": {"mean": {"pca-1": 3.4046}, "min": {"pca-1": 2.8099}}, "1009": {"mean": {"pca-1": 3.1788}, "min": {"pca-1": 2.5266}}, "1010": {"mean": {"pca-1": 3.8123}, "min": {"pca-1": 2.9938}}, "1011": {"mean": {"pca-1": 3.3126}, "min": {"pca-1": 2.6566}}, "1012": {"mean": {"pca-1": 3.4407}, "min": {"pca-1": 2.7045}}, "1013": {"mean": {"pca-1": 3.6888}, "min": {"pca-1": 2.9189}}, "1014": {"mean": {"pca-1": 3.5364}, "min": {"pca-1": 2.6713}}, "1015": {"mean": {"pca-1": 3.3606}, "min": {"pca-1": 2.7645}}}, "1004": {"1001": {"mean": {"pca-1": 3.7533}, "min": {"pca-1": 3.1556}}, "1002": {"mean": {"pca-1": 3.3273}, "min": {"pca-1": 2.9786}}, "1003": {"mean": {"pca-1": 3.3894}, "min": {"pca-1": 2.5974}}, "1004": {"mean": {"pca-1": 3.6838}, "min": {"pca-1": 3.1314}}, "1005": {"mean": {"pca-1": 3.4229}, "min": {"pca-1": 2.5866}}, "1006": {"mean": {"pca-1": 3.1465}, "min": {"pca-1": 2.9027}}, "1007": {"mean": {"pca-1": 3.4461}, "min": {"pca-1": 3.2202}}, "1008": {"mean": {"pca-1": 3.8413}, "min": {"pca-1": 2.8721}}, "1009": {"mean": {"pca-1": 3.6066}, "min": {"pca-1": 2.5984}}, "1010": {"mean": {"pca-1": 3.3611}, "min": {"pca-1": 3.1125}}, "1011": {"mean": {"pca-1": 3.6478}, "min": {"pca-1": 2.7313}}, "1012": {"mean": {"pca-1": 3.482}, "min": {"pca-1": 2.7997}}, "1013": {"mean": {"pca-1": 3.4721}, "min": {"pca-1": 3.0248}}, "1014": {"mean": {"pca-1": 3.1271}, "min": {"pca-1": 2.7991}}, "1015": {"mean": {"pca-1": 3.8186}, "min": {"pca-1": 2.8264}}}, "1005": {"1001": {"mean": {"pca-1": 4.7311}, "min": {"pca-1": 3.8}}, "1002": {"mean": {"pca-1": 4.1953}, "min": {"pca-1": 3.245}}, "1003": {"mean": {"pca-1": 4.5181}, "min": {"pca-1": 3.5041}}, "1004": {"mean": {"pca-1": 4.64}, "min": {"pca-1": 3.7079}}, "1005": {"mean": {"pca-1": 4.5749}, "min": {"pca-1": 3.5588}}, "1006": {"mean": {"pca-1": 3.8664}, "min": {"pca-1": 2.9337}}, "1007": {"mean": {"pca-1": 4.1177}, "min": {"pca-1": 3.248}}, "1008": {"mean": {"pca-1": 5.0394}, "min": {"pca-1": 4.053}}, "1009": {"mean": {"pca-1": 4.8454}, "min": {"pca-1": 3.8267}}, "1010": {"mean": {"pca-1": 4.1633}, "min": {"pca-1": 3.2381}}, "1011": {"mean": {"pca-1": 4.8287}, "min": {"pca-1": 3.8289}}, "1012": {"mean": {"pca-1": 4.5365}, "min": {"pca-1": 3.5529}}, "1013": {"mean": {"pca-1": 4.3845}, "min": {"pca-1": 3.4404}}, "1014": {"mean": {"pca-1": 4.0067}, "min": {"pca-1": 3.0231}}, "1015": {"mean": {"pca-1": 5.0321}, "min": {"pca-1": 4.0395}}}, "1006": {"1001": {"mean": {"pca-1": 3.1625}, "min": {"pca-1": 2.8865}}, "1002": {"mean": {"pca-1": 2.702}, "min": {"pca-1": 2.5214}}, "1003": {"mean": {"pca-1": 2.7093}, "min": {"pca-1": 2.3071}}, "1004": {"mean": {"pca-1": 3.0891}, "min": {"pca-1": 2.8418}}, "1005": {"mean": {"pca-1": 2.744}, "min": {"pca-1": 2.3134}}, "1006": {"mean": {"pca-1": 2.5367}, "min": {"pca-1": 2.3007}}, "1007": {"mean": {"pca-1": 2.9016}, "min": {"pca-1": 2.6953}}, "1008": {"mean": {"pca-1": 3.2159}, "min": {"pca-1": 2.7082}}, "1009": {"mean": {"pca-1": 2.9419}, "min": {"pca-1": 2.4047}}, "1010": {"mean": {"pca-1": 2.7614}, "min": {"pca-1": 2.5704}}, "1011": {"mean": {"pca-1": 2.9993}, "min": {"pca-1": 2.5214}}, "1012": {"mean": {"pca-1": 2.8339}, "min": {"pca-1": 2.5041}}, "1013": {"mean": {"pca-1": 2.858}, "min": {"pca-1": 2.6791}}, "1014": {"mean": {"pca-1": 2.4605}, "min": {"pca-1": 2.2555}}, "1015": {"mean": {"pca-1": 3.1876}, "min": {"pca-1": 2.6652}}}, "1007": {"1001": {"mean": {"pca-1": 3.6043}, "min": {"pca-1": 2.8085}}, "1002": {"mean": {"pca-1": 3.4565}, "min": {"pca-1": 2.3953}}, "1003": {"mean": {"pca-1": 3.1007}, "min": {"pca-1": 2.252}}, "1004": {"mean": {"pca-1": 3.5857}, "min": {"pca-1": 2.7445}}, "1005": {"mean": {"pca-1": 3.0891}, "min": {"pca-1": 2.2765}}, "1006": {"mean": {"pca-1": 3.55}, "min": {"pca-1": 2.3191}}, "1007": {"mean": {"pca-1": 3.8427}, "min": {"pca-1": 2.7153}}, "1008": {"mean": {"pca-1": 3.3234}, "min": {"pca-1": 2.7515}}, "1009": {"mean": {"pca-1": 3.0868}, "min": {"pca-1": 2.4426}}, "1010": {"mean": {"pca-1": 3.5818}, "min": {"pca-1": 2.4958}}, "1011": {"mean": {"pca-1": 3.2079}, "min": {"pca-1": 2.5326}}, "1012": {"mean": {"pca-1": 3.2834}, "min": {"pca-1": 2.4252}}, "1013": {"mean": {"pca-1": 3.4953}, "min": {"pca-1": 2.5304}}, "1014": {"mean": {"pca-1": 3.2923}, "min": {"pca-1": 2.1371}}, "1015": {"mean": {"pca-1": 3.2818}, "min": {"pca-1": 2.7143}}}, "1008": {"1001": {"mean": {"pca-1": 5.4132}, "min": {"pca-1": 5.2684}}, "1002": {"mean": {"pca-1": 4.8922}, "min": {"pca-1": 4.7443}}, "1003": {"mean": {"pca-1": 5.2611}, "min": {"pca-1": 5.1081}}, "1004": {"mean": {"pca-1": 5.3229}, "min": {"pca-1": 5.1778}}, "1005": {"mean": {"pca-1": 5.3194}, "min": {"pca-1": 5.1663}}, "1006": {"mean": {"pca-1": 4.5513}, "min": {"pca-1": 4.4039}}, "1007": {"mean": {"pca-1": 4.7558}, "min": {"pca-1": 4.615}}, "1008": {"mean": {"pca-1": 5.7616}, "min": {"pca-1": 5.6121}}, "1009": {"mean": {"pca-1": 5.5915}, "min": {"pca-1": 5.4386}}, "1010": {"mean": {"pca-1": 4.842}, "min": {"pca-1": 4.6963}}, "1011": {"mean": {"pca-1": 5.561}, "min": {"pca-1": 5.4099}}, "1012": {"mean": {"pca-1": 5.2573}, "min": {"pca-1": 5.1072}}, "1013": {"mean": {"pca-1": 5.0766}, "min": {"pca-1": 4.9297}}, "1014": {"mean": {"pca-1": 4.7284}, "min": {"pca-1": 4.577}}, "1015": {"mean": {"pca-1": 5.7589}, "min": {"pca-1": 5.6088}}}, "1009": {"1001": {"mean": {"pca-1": 3.2875}, "min": {"pca-1": 2.9011}}, "1002": {"mean": {"pca-1": 3.1119}, "min": {"pca-1": 2.6133}}, "1003": {"mean": {"pca-1": 2.7437}, "min": {"pca-1": 2.3219}}, "1004": {"mean": {"pca-1": 3.2638}, "min": {"pca-1": 2.8581}}, "1005": {"mean": {"pca-1": 2.7338}, "min": {"pca-1": 2.3268}}, "1006": {"mean": {"pca-1": 3.2038}, "min": {"pca-1": 2.6401}}, "1007": {"mean": {"pca-1": 3.5141}, "min": {"pca-1": 2.9968}}, "1008": {"mean": {"pca-1": 3.0113}, "min": {"pca-1": 2.7135}}, "1009": {"mean": {"pca-1": 2.747}, "min": {"pca-1": 2.4115}}, "1010": {"mean": {"pca-1": 3.2429}, "min": {"pca-1": 2.7372}}, "1011": {"mean": {"pca-1": 2.8752}, "min": {"pca-1": 2.53}}, "1012": {"mean": {"pca-1": 2.9401}, "min": {"pca-1": 2.52}}, "1013": {"mean": {"pca-1": 3.1586}, "min": {"pca-1": 2.6999}}, "1014": {"mean": {"pca-1": 2.934}, "min": {"pca-1": 2.3937}}, "1015": {"mean": {"pca-1": 2.9671}, "min": {"pca-1": 2.6701}}}, "1010": {"1001": {"mean": {"pca-1": 5.1482}, "min": {"pca-1": 4.6015}}, "1002": {"mean": {"pca-1": 4.621}, "min": {"pca-1": 4.0619}}, "1003": {"mean": {"pca-1": 4.9763}, "min": {"pca-1": 4.3929}}, "1004": {"mean": {"pca-1": 5.0575}, "min": {"pca-1": 4.5097}}, "1005": {"mean": {"pca-1": 5.0341}, "min": {"pca-1": 4.4503}}, "1006": {"mean": {"pca-1": 4.2827}, "min": {"pca-1": 3.7276}}, "1007": {"mean": {"pca-1": 4.5029}, "min": {"pca-1": 3.9768}}, "1008": {"mean": {"pca-1": 5.4844}, "min": {"pca-1": 4.9156}}, "1009": {"mean": {"pca-1": 5.3062}, "min": {"pca-1": 4.7226}}, "1010": {"mean": {"pca-1": 4.5765}, "min": {"pca-1": 4.0275}}, "1011": {"mean": {"pca-1": 5.2801}, "min": {"pca-1": 4.7045}}, "1012": {"mean": {"pca-1": 4.9795}, "min": {"pca-1": 4.409}}, "1013": {"mean": {"pca-1": 4.8075}, "min": {"pca-1": 4.2526}}, "1014": {"mean": {"pca-1": 4.4489}, "min": {"pca-1": 3.8745}}, "1015": {"mean": {"pca-1": 5.4802}, "min": {"pca-1": 4.9087}}}, "1011": {"1001": {"mean": {"pca-1": 3.3954}, "min": {"pca-1": 2.8092}}, "1002": {"mean": {"pca-1": 2.8957}, "min": {"pca-1": 2.4194}}, "1003": {"mean": {"pca-1": 2.9976}, "min": {"pca-1": 2.2436}}, "1004": {"mean": {"pca-1": 3.3144}, "min": {"pca-1": 2.7491}}, "1005": {"mean": {"pca-1": 3.0404}, "min": {"pca-1": 2.2643}}, "1006": {"mean": {"pca-1": 2.6753}, "min": {"pca-1": 2.365}}, "1007": {"mean": {"pca-1": 3.0227}, "min": {"pca-1": 2.7552}}, "1008": {"mean": {"pca-1": 3.5265}, "min": {"pca-1": 2.7255}}, "1009": {"mean": {"pca-1": 3.268}, "min": {"pca-1": 2.4156}}, "1010": {"mean": {"pca-1": 2.9306}, "min": {"pca-1": 2.5256}}, "1011": {"mean": {"pca-1": 3.3047}, "min": {"pca-1": 2.512}}, "1012": {"mean": {"pca-1": 3.095}, "min": {"pca-1": 2.4236}}, "1013": {"mean": {"pca-1": 3.0676}, "min": {"pca-1": 2.5451}}, "1014": {"mean": {"pca-1": 2.6594}, "min": {"pca-1": 2.1673}}, "1015": {"mean": {"pca-1": 3.5037}, "min": {"pca-1": 2.6868}}}, "1012": {"1001": {"mean": {"pca-1": 2.9004}, "min": {"pca-1": 2.8095}}, "1002": {"mean": {"pca-1": 2.5931}, "min": {"pca-1": 2.4213}}, "1003": {"mean": {"pca-1": 2.328}, "min": {"pca-1": 2.2435}}, "1004": {"mean": {"pca-1": 2.8542}, "min": {"pca-1": 2.7497}}, "1005": {"mean": {"pca-1": 2.336}, "min": {"pca-1": 2.2639}}, "1006": {"mean": {"pca-1": 2.6023}, "min": {"pca-1": 2.3684}}, "1007": {"mean": {"pca-1": 2.9646}, "min": {"pca-1": 2.7582}}, "1008": {"mean": {"pca-1": 2.7346}, "min": {"pca-1": 2.705}}, "1009": {"mean": {"pca-1": 2.4334}, "min": {"pca-1": 2.4003}}, "1010": {"mean": {"pca-1": 2.7126}, "min": {"pca-1": 2.528}}, "1011": {"mean": {"pca-1": 2.5466}, "min": {"pca-1": 2.511}}, "1012": {"mean": {"pca-1": 2.5208}, "min": {"pca-1": 2.4238}}, "1013": {"mean": {"pca-1": 2.6874}, "min": {"pca-1": 2.5465}}, "1014": {"mean": {"pca-1": 2.3679}, "min": {"pca-1": 2.1697}}, "1015": {"mean": {"pca-1": 2.6925}, "min": {"pca-1": 2.6622}}}, "1013": {"1001": {"mean": {"pca-1": 3.1678}, "min": {"pca-1": 2.9445}}, "1002": {"mean": {"pca-1": 2.7147}, "min": {"pca-1": 2.6821}}, "1003": {"mean": {"pca-1": 2.7172}, "min": {"pca-1": 2.3673}}, "1004": {"mean": {"pca-1": 3.0958}, "min": {"pca-1": 2.9058}}, "1005": {"mean": {"pca-1": 2.7508}, "min": {"pca-1": 2.3684}}, "1006": {"mean": {"pca-1": 2.5526}, "min": {"pca-1": 2.4258}}, "1007": {"mean": {"pca-1": 2.9149}, "min": {"pca-1": 2.8013}}, "1008": {"mean": {"pca-1": 3.2147}, "min": {"pca-1": 2.7335}}, "1009": {"mean": {"pca-1": 2.9431}, "min": {"pca-1": 2.4363}}, "1010": {"mean": {"pca-1": 2.7743}, "min": {"pca-1": 2.7141}}, "1011": {"mean": {"pca-1": 3.0014}, "min": {"pca-1": 2.559}}, "1012": {"mean": {"pca-1": 2.8416}, "min": {"pca-1": 2.5676}}, "1013": {"mean": {"pca-1": 2.8681}, "min": {"pca-1": 2.7592}}, "1014": {"mean": {"pca-1": 2.4762}, "min": {"pca-1": 2.4286}}, "1015": {"mean": {"pca-1": 3.1862}, "min": {"pca-1": 2.6893}}}, "1014": {"1001": {"mean": {"pca-1": 3.4067}, "min": {"pca-1": 3.104}}, "1002": {"mean": {"pca-1": 2.8581}, "min": {"pca-1": 2.5687}}, "1003": {"mean": {"pca-1": 3.0407}, "min": {"pca-1": 2.6737}}, "1004": {"mean": {"pca-1": 3.3174}, "min": {"pca-1": 3.0183}}, "1005": {"mean": {"pca-1": 3.0916}, "min": {"pca-1": 2.7201}}, "1006": {"mean": {"pca-1": 2.5834}, "min": {"pca-1": 2.3347}}, "1007": {"mean": {"pca-1": 2.9393}, "min": {"pca-1": 2.7238}}, "1008": {"mean": {"pca-1": 3.5996}, "min": {"pca-1": 3.2371}}, "1009": {"mean": {"pca-1": 3.3485}, "min": {"pca-1": 2.9639}}, "1010": {"mean": {"pca-1": 2.8765}, "min": {"pca-1": 2.6114}}, "1011": {"mean": {"pca-1": 3.3692}, "min": {"pca-1": 3.0025}}, "1012": {"mean": {"pca-1": 3.1186}, "min": {"pca-1": 2.7793}}, "1013": {"mean": {"pca-1": 3.05}, "min": {"pca-1": 2.7543}}, "1014": {"mean": {"pca-1": 2.6135}, "min": {"pca-1": 2.3058}}, "1015": {"mean": {"pca-1": 3.5806}, "min": {"pca-1": 3.213}}}, "1015": {"1001": {"mean": {"pca-1": 4.5873}, "min": {"pca-1": 4.4107}}, "1002": {"mean": {"pca-1": 4.0474}, "min": {"pca-1": 3.8667}}, "1003": {"mean": {"pca-1": 4.3764}, "min": {"pca-1": 4.1849}}, "1004": {"mean": {"pca-1": 4.4954}, "min": {"pca-1": 4.3186}}, "1005": {"mean": {"pca-1": 4.4337}, "min": {"pca-1": 4.2419}}, "1006": {"mean": {"pca-1": 3.7137}, "min": {"pca-1": 3.5356}}, "1007": {"mean": {"pca-1": 3.9646}, "min": {"pca-1": 3.7981}}, "1008": {"mean": {"pca-1": 4.8998}, "min": {"pca-1": 4.7136}}, "1009": {"mean": {"pca-1": 4.706}, "min": {"pca-1": 4.5139}}, "1010": {"mean": {"pca-1": 4.0137}, "min": {"pca-1": 3.8374}}, "1011": {"mean": {"pca-1": 4.6883}, "min": {"pca-1": 4.4996}}, "1012": {"mean": {"pca-1": 4.3934}, "min": {"pca-1": 4.2073}}, "1013": {"mean": {"pca-1": 4.2381}, "min": {"pca-1": 4.0588}}, "1014": {"mean": {"pca-1": 3.8591}, "min": {"pca-1": 3.6723}}, "1015": {"mean": {"pca-1": 4.8927}, "min": {"pca-1": 4.7055}}}}