{"1001": {"1001": {"mean": {"pca-1": 3.064}, "min": {"pca-1": 1.7591}}, "1002": {"mean": {"pca-1": 3.1817}, "min": {"pca-1": 1.9801}}, "1003": {"mean": {"pca-1": 2.6437}, "min": {"pca-1": 1.5434}}, "1004": {"mean": {"pca-1": 3.158}, "min": {"pca-1": 1.873}}, "1005": {"mean": {"pca-1": 2.5349}, "min": {"pca-1": 1.8763}}, "1006": {"mean": {"pca-1": 3.2355}, "min": {"pca-1": 2.2158}}, "1007": {"mean": {"pca-1": 3.4402}, "min": {"pca-1": 2.0667}}, "1008": {"mean": {"pca-1": 2.5028}, "min": {"pca-1": 1.8717}}, "1009": {"mean": {"pca-1": 2.7168}, "min": {"pca-1": 1.8505}}, "1010": {"mean": {"pca-1": 3.0233}, "min": {"pca-1": 2.2437}}, "1011": {"mean": {"pca-1": 2.526}, "min": {"pca-1": 1.6136}}, "1012": {"mean": {"pca-1": 3.0127}, "min": {"pca-1": 2.3195}}, "1013": {"mean": {"pca-1": 2.97}, "min": {"pca-1": 2.3142}}, "1014": {"mean": {"pca-1": 2.9996}, "min": {"pca-1": 1.9821}}, "1015": {"mean": {"pca-1": 2.7737}, "min": {"pca-1": 2.1106}}}, "1002": {"1001": {"mean": {"pca-1": 2.1537}, "min": {"pca-1": 1.9181}}, "1002": {"mean": {"pca-1": 2.3082}, "min": {"pca-1": 2.142}}, "1003": {"mean": {"pca-1": 1.8426}, "min": {"pca-1": 1.7484}}, "1004": {"mean": {"pca-1": 2.2036}, "min": {"pca-1": 1.9207}}, "1005": {"mean": {"pca-1": 1.7851}, "min": {"pca-1": 1.6925}}, "1006": {"mean": {"pca-1": 2.3663}, "min": {"pca-1": 2.1769}}, "1007": {"mean": {"pca-1": 2.5104}, "min": {"pca-1": 2.2196}}, "1008": {"mean": {"pca-1": 1.9812}, "min": {"pca-1": 1.8633}}, "1009": {"mean": {"pca-1": 1.8856}, "min": {"pca-1": 1.8231}}, "1010": {"mean": {"pca-1": 2.188}, "min": {"pca-1": 2.0523}}, "1011": {"mean": {"pca-1": 1.9456}, "min": {"pca-1": 1.8528}}, "1012": {"mean": {"pca-1": 2.1208}, "min": {"pca-1": 2.0583}}, "1013": {"mean": {"pca-1": 2.3578}, "min": {"pca-1": 2.1853}}, "1014": {"mean": {"pca-1": 2.0635}, "min": {"pca-1": 1.9349}}, "1015": {"mean": {"pca-1": 2.1338}, "min": {"pca-1": 2.0964}}}, "1003": {"1001": {"mean": {"pca-1": 2.066}, "min": {"pca-1": 1.7238}}, "1002": {"mean": {"pca-1": 2.2363}, "min": {"pca-1": 2.0121}}, "1003": {"mean": {"pca-1": 1.8417}, "min": {"pca-1": 1.5591}}, "1004": {"mean": {"pca-1": 2.0471}, "min": {"pca-1": 1.891}}, "1005": {"mean": {"pca-1": 1.9561}, "min": {"pca-1": 1.912}}, "1006": {"mean": {"pca-1": 2.215}, "min": {"pca-1": 2.1361}}, "1007": {"mean": {"pca-1": 2.2843}, "min": {"pca-1": 2.1282}}, "1008": {"mean": {"pca-1": 2.1305}, "min": {"pca-1": 1.8029}}, "1009": {"mean": {"pca-1": 2.022}, "min": {"pca-1": 1.8135}}, "1010": {"mean": {"pca-1": 2.3517}, "min": {"pca-1": 2.2068}}, "1011": {"mean": {"pca-1": 2.1087}, "min": {"pca-1": 1.6506}}, "1012": {"mean": {"pca-1": 2.4021}, "min": {"pca-1": 2.2962}}, "1013": {"mean": {"pca-1": 2.4086}, "min": {"pca-1": 2.3383}}, "1014": {"mean": {"pca-1": 2.3141}, "min": {"pca-1": 2.0861}}, "1015": {"mean": {"pca-1": 2.3337}, "min": {"pca-1": 2.1535}}}, "1004": {"1001": {"mean": {"pca-1": 2.3903}, "min": {"pca-1": 1.7124}}, "1002": {"mean": {"pca-1": 2.6544}, "min": {"pca-1": 2.1191}}, "1003": {"mean": {"pca-1": 2.0969}, "min": {"pca-1": 1.5599}}, "1004": {"mean": {"pca-1": 2.4836}, "min": {"pca-1": 1.6565}}, "1005": {"mean": {"pca-1": 2.1559}, "min": {"pca-1": 2.0311}}, "1006": {"mean": {"pca-1": 2.7422}, "min": {"pca-1": 2.1549}}, "1007": {"mean": {"pca-1": 2.7691}, "min": {"pca-1": 1.6667}}, "1008": {"mean": {"pca-1": 2.2533}, "min": {"pca-1": 2.1404}}, "1009": {"mean": {"pca-1": 2.1402}, "min": {"pca-1": 1.7817}}, "1010": {"mean": {"pca-1": 2.6312}, "min": {"pca-1": 2.3074}}, "1011": {"mean": {"pca-1": 2.3598}, "min": {"pca-1": 2.2698}}, "1012": {"mean": {"pca-1": 2.5686}, "min": {"pca-1": 2.3152}}, "1013": {"mean": {"pca-1": 2.5896}, "min": {"pca-1": 2.2714}}, "1014": {"mean": {"pca-1": 2.6827}, "min": {"pca-1": 2.2224}}, "1015": {"mean": {"pca-1": 2.4715}, "min": {"pca-1": 2.4472}}}, "1005": {"1001": {"mean": {"pca-1": 2.3498}, "min": {"pca-1": 2.0552}}, "1002": {"mean": {"pca-1": 2.3059}, "min": {"pca-1": 2.0164}}, "1003": {"mean": {"pca-1": 2.2382}, "min": {"pca-1": 1.9224}}, "1004": {"mean": {"pca-1": 2.2856}, "min": {"pca-1": 1.9343}}, "1005": {"mean": {"pca-1": 2.5763}, "min": {"pca-1": 2.1189}}, "1006": {"mean": {"pca-1": 2.2457}, "min": {"pca-1": 1.9423}}, "1007": {"mean": {"pca-1": 2.0955}, "min": {"pca-1": 1.7925}}, "1008": {"mean": {"pca-1": 3.0043}, "min": {"pca-1": 2.4788}}, "1009": {"mean": {"pca-1": 2.4571}, "min": {"pca-1": 2.1059}}, "1010": {"mean": {"pca-1": 2.4242}, "min": {"pca-1": 2.109}}, "1011": {"mean": {"pca-1": 2.762}, "min": {"pca-1": 2.2171}}, "1012": {"mean": {"pca-1": 2.6016}, "min": {"pca-1": 2.2011}}, "1013": {"mean": {"pca-1": 2.5624}, "min": {"pca-1": 2.2293}}, "1014": {"mean": {"pca-1": 2.1027}, "min": {"pca-1": 1.7549}}, "1015": {"mean": {"pca-1": 3.0565}, "min": {"pca-1": 2.5558}}}, "1006": {"1001": {"mean": {"pca-1": 1.9103}, "min": {"pca-1": 1.6494}}, "1002": {"mean": {"pca-1": 2.0142}, "min": {"pca-1": 1.8377}}, "1003": {"mean": {"pca-1": 1.6509}, "min": {"pca-1": 1.4825}}, "1004": {"mean": {"pca-1": 1.8666}, "min": {"pca-1": 1.6392}}, "1005": {"mean": {"pca-1": 1.7642}, "min": {"pca-1": 1.6418}}, "1006": {"mean": {"pca-1": 1.9319}, "min": {"pca-1": 1.881}}, "1007": {"mean": {"pca-1": 1.9218}, "min": {"pca-1": 1.5429}}, "1008": {"mean": {"pca-1": 2.0601}, "min": {"pca-1": 1.9005}}, "1009": {"mean": {"pca-1": 1.8468}, "min": {"pca-1": 1.7331}}, "1010": {"mean": {"pca-1": 2.0181}, "min": {"pca-1": 1.9676}}, "1011": {"mean": {"pca-1": 1.9281}, "min": {"pca-1": 1.7244}}, "1012": {"mean": {"pca-1": 2.0662}, "min": {"pca-1": 1.9662}}, "1013": {"mean": {"pca-1": 2.0963}, "min": {"pca-1": 2.0294}}, "1014": {"mean": {"pca-1": 1.8487}, "min": {"pca-1": 1.6839}}, "1015": {"mean": {"pca-1": 2.2231}, "min": {"pca-1": 2.065}}}, "1007": {"1001": {"mean": {"pca-1": 1.7984}, "min": {"pca-1": 1.7394}}, "1002": {"mean": {"pca-1": 2.0685}, "min": {"pca-1": 1.9626}}, "1003": {"mean": {"pca-1": 1.5845}, "min": {"pca-1": 1.4449}}, "1004": {"mean": {"pca-1": 1.8534}, "min": {"pca-1": 1.7485}}, "1005": {"mean": {"pca-1": 1.965}, "min": {"pca-1": 1.8498}}, "1006": {"mean": {"pca-1": 2.2067}, "min": {"pca-1": 2.03}}, "1007": {"mean": {"pca-1": 2.1798}, "min": {"pca-1": 1.9486}}, "1008": {"mean": {"pca-1": 2.2091}, "min": {"pca-1": 2.0352}}, "1009": {"mean": {"pca-1": 1.7433}, "min": {"pca-1": 1.7038}}, "1010": {"mean": {"pca-1": 2.2814}, "min": {"pca-1": 2.1298}}, "1011": {"mean": {"pca-1": 2.2547}, "min": {"pca-1": 2.0694}}, "1012": {"mean": {"pca-1": 2.23}, "min": {"pca-1": 2.1235}}, "1013": {"mean": {"pca-1": 2.3867}, "min": {"pca-1": 2.1496}}, "1014": {"mean": {"pca-1": 2.2511}, "min": {"pca-1": 2.0559}}, "1015": {"mean": {"pca-1": 2.3874}, "min": {"pca-1": 2.2845}}}, "1008": {"1001": {"mean": {"pca-1": 3.1778}, "min": {"pca-1": 2.3415}}, "1002": {"mean": {"pca-1": 3.1001}, "min": {"pca-1": 2.1911}}, "1003": {"mean": {"pca-1": 2.9957}, "min": {"pca-1": 2.1404}}, "1004": {"mean": {"pca-1": 2.9033}, "min": {"pca-1": 2.2761}}, "1005": {"mean": {"pca-1": 3.0762}, "min": {"pca-1": 1.9979}}, "1006": {"mean": {"pca-1": 2.8447}, "min": {"pca-1": 2.1424}}, "1007": {"mean": {"pca-1": 2.9095}, "min": {"pca-1": 2.1858}}, "1008": {"mean": {"pca-1": 3.379}, "min": {"pca-1": 2.0334}}, "1009": {"mean": {"pca-1": 3.1987}, "min": {"pca-1": 2.4223}}, "1010": {"mean": {"pca-1": 2.9604}, "min": {"pca-1": 2.2393}}, "1011": {"mean": {"pca-1": 3.0854}, "min": {"pca-1": 1.6721}}, "1012": {"mean": {"pca-1": 3.1245}, "min": {"pca-1": 2.4839}}, "1013": {"mean": {"pca-1": 3.116}, "min": {"pca-1": 2.3792}}, "1014": {"mean": {"pca-1": 2.663}, "min": {"pca-1": 1.9584}}, "1015": {"mean": {"pca-1": 3.4285}, "min": {"pca-1": 2.2033}}}, "1009": {"1001": {"mean": {"pca-1": 2.0551}, "min": {"pca-1": 1.8547}}, "1002": {"mean": {"pca-1": 2.2564}, "min": {"pca-1": 2.0867}}, "1003": {"mean": {"pca-1": 1.9459}, "min": {"pca-1": 1.9163}}, "1004": {"mean": {"pca-1": 2.1892}, "min": {"pca-1": 2.0345}}, "1005": {"mean": {"pca-1": 2.0148}, "min": {"pca-1": 1.9703}}, "1006": {"mean": {"pca-1": 2.458}, "min": {"pca-1": 2.3093}}, "1007": {"mean": {"pca-1": 2.1977}, "min": {"pca-1": 1.7383}}, "1008": {"mean": {"pca-1": 2.2235}, "min": {"pca-1": 2.0796}}, "1009": {"mean": {"pca-1": 1.9033}, "min": {"pca-1": 1.8754}}, "1010": {"mean": {"pca-1": 2.3926}, "min": {"pca-1": 2.2463}}, "1011": {"mean": {"pca-1": 2.2372}, "min": {"pca-1": 2.1792}}, "1012": {"mean": {"pca-1": 2.2326}, "min": {"pca-1": 2.0509}}, "1013": {"mean": {"pca-1": 2.4739}, "min": {"pca-1": 2.4407}}, "1014": {"mean": {"pca-1": 2.3156}, "min": {"pca-1": 1.9779}}, "1015": {"mean": {"pca-1": 2.2608}, "min": {"pca-1": 2.2417}}}, "1010": {"1001": {"mean": {"pca-1": 2.2768}, "min": {"pca-1": 1.8902}}, "1002": {"mean": {"pca-1": 2.1974}, "min": {"pca-1": 1.877}}, "1003": {"mean": {"pca-1": 2.0964}, "min": {"pca-1": 1.7041}}, "1004": {"mean": {"pca-1": 2.228}, "min": {"pca-1": 2.0614}}, "1005": {"mean": {"pca-1": 2.234}, "min": {"pca-1": 1.7743}}, "1006": {"mean": {"pca-1": 2.1686}, "min": {"pca-1": 2.034}}, "1007": {"mean": {"pca-1": 2.0721}, "min": {"pca-1": 1.6693}}, "1008": {"mean": {"pca-1": 2.5499}, "min": {"pca-1": 2.1402}}, "1009": {"mean": {"pca-1": 2.2991}, "min": {"pca-1": 2.0092}}, "1010": {"mean": {"pca-1": 2.2218}, "min": {"pca-1": 1.9119}}, "1011": {"mean": {"pca-1": 2.3728}, "min": {"pca-1": 1.9091}}, "1012": {"mean": {"pca-1": 2.3713}, "min": {"pca-1": 2.1391}}, "1013": {"mean": {"pca-1": 2.4421}, "min": {"pca-1": 2.1474}}, "1014": {"mean": {"pca-1": 2.0453}, "min": {"pca-1": 1.987}}, "1015": {"mean": {"pca-1": 2.6696}, "min": {"pca-1": 2.322}}}, "1011": {"1001": {"mean": {"pca-1": 2.371}, "min": {"pca-1": 2.1902}}, "1002": {"mean": {"pca-1": 2.2195}, "min": {"pca-1": 2.0618}}, "1003": {"mean": {"pca-1": 2.079}, "min": {"pca-1": 1.908}}, "1004": {"mean": {"pca-1": 2.3448}, "min": {"pca-1": 2.2266}}, "1005": {"mean": {"pca-1": 2.2512}, "min": {"pca-1": 2.0624}}, "1006": {"mean": {"pca-1": 2.164}, "min": {"pca-1": 2.0285}}, "1007": {"mean": {"pca-1": 2.0216}, "min": {"pca-1": 1.7988}}, "1008": {"mean": {"pca-1": 2.5907}, "min": {"pca-1": 2.3416}}, "1009": {"mean": {"pca-1": 2.3386}, "min": {"pca-1": 2.1996}}, "1010": {"mean": {"pca-1": 2.174}, "min": {"pca-1": 2.0062}}, "1011": {"mean": {"pca-1": 2.3343}, "min": {"pca-1": 2.0826}}, "1012": {"mean": {"pca-1": 2.3838}, "min": {"pca-1": 2.2478}}, "1013": {"mean": {"pca-1": 2.2679}, "min": {"pca-1": 2.1233}}, "1014": {"mean": {"pca-1": 1.9533}, "min": {"pca-1": 1.8338}}, "1015": {"mean": {"pca-1": 2.6764}, "min": {"pca-1": 2.4611}}}, "1012": {"1001": {"mean": {"pca-1": 1.9217}, "min": {"pca-1": 1.7909}}, "1002": {"mean": {"pca-1": 2.0369}, "min": {"pca-1": 1.9023}}, "1003": {"mean": {"pca-1": 1.7234}, "min": {"pca-1": 1.6027}}, "1004": {"mean": {"pca-1": 1.9713}, "min": {"pca-1": 1.8748}}, "1005": {"mean": {"pca-1": 1.8307}, "min": {"pca-1": 1.5463}}, "1006": {"mean": {"pca-1": 2.0939}, "min": {"pca-1": 1.8298}}, "1007": {"mean": {"pca-1": 1.8993}, "min": {"pca-1": 1.6356}}, "1008": {"mean": {"pca-1": 2.1497}, "min": {"pca-1": 1.9013}}, "1009": {"mean": {"pca-1": 2.0304}, "min": {"pca-1": 1.8816}}, "1010": {"mean": {"pca-1": 2.2156}, "min": {"pca-1": 1.8384}}, "1011": {"mean": {"pca-1": 2.0356}, "min": {"pca-1": 1.8267}}, "1012": {"mean": {"pca-1": 2.2878}, "min": {"pca-1": 1.9529}}, "1013": {"mean": {"pca-1": 2.306}, "min": {"pca-1": 2.1245}}, "1014": {"mean": {"pca-1": 2.0658}, "min": {"pca-1": 1.8004}}, "1015": {"mean": {"pca-1": 2.2537}, "min": {"pca-1": 2.0216}}}, "1013": {"1001": {"mean": {"pca-1": 2.1331}, "min": {"pca-1": 1.6767}}, "1002": {"mean": {"pca-1": 2.1277}, "min": {"pca-1": 1.8656}}, "1003": {"mean": {"pca-1": 1.9853}, "min": {"pca-1": 1.6513}}, "1004": {"mean": {"pca-1": 2.148}, "min": {"pca-1": 1.8469}}, "1005": {"mean": {"pca-1": 2.329}, "min": {"pca-1": 2.0046}}, "1006": {"mean": {"pca-1": 2.1591}, "min": {"pca-1": 2.1123}}, "1007": {"mean": {"pca-1": 1.9052}, "min": {"pca-1": 1.4756}}, "1008": {"mean": {"pca-1": 2.718}, "min": {"pca-1": 2.2611}}, "1009": {"mean": {"pca-1": 2.2785}, "min": {"pca-1": 2.0116}}, "1010": {"mean": {"pca-1": 2.3133}, "min": {"pca-1": 2.2838}}, "1011": {"mean": {"pca-1": 2.5337}, "min": {"pca-1": 2.2248}}, "1012": {"mean": {"pca-1": 2.4934}, "min": {"pca-1": 2.4438}}, "1013": {"mean": {"pca-1": 2.4064}, "min": {"pca-1": 2.3531}}, "1014": {"mean": {"pca-1": 2.0874}, "min": {"pca-1": 1.8701}}, "1015": {"mean": {"pca-1": 2.8036}, "min": {"pca-1": 2.4236}}}, "1014": {"1001": {"mean": {"pca-1": 1.9608}, "min": {"pca-1": 1.9049}}, "1002": {"mean": {"pca-1": 2.0744}, "min": {"pca-1": 2.0133}}, "1003": {"mean": {"pca-1": 1.7278}, "min": {"pca-1": 1.5408}}, "1004": {"mean": {"pca-1": 1.8747}, "min": {"pca-1": 1.859}}, "1005": {"mean": {"pca-1": 1.6445}, "min": {"pca-1": 1.4876}}, "1006": {"mean": {"pca-1": 1.8781}, "min": {"pca-1": 1.771}}, "1007": {"mean": {"pca-1": 1.9119}, "min": {"pca-1": 1.8219}}, "1008": {"mean": {"pca-1": 1.9481}, "min": {"pca-1": 1.8818}}, "1009": {"mean": {"pca-1": 1.9195}, "min": {"pca-1": 1.9077}}, "1010": {"mean": {"pca-1": 1.9063}, "min": {"pca-1": 1.6889}}, "1011": {"mean": {"pca-1": 1.7533}, "min": {"pca-1": 1.6766}}, "1012": {"mean": {"pca-1": 2.01}, "min": {"pca-1": 1.9567}}, "1013": {"mean": {"pca-1": 2.1726}, "min": {"pca-1": 2.0795}}, "1014": {"mean": {"pca-1": 1.7751}, "min": {"pca-1": 1.6634}}, "1015": {"mean": {"pca-1": 2.1252}, "min": {"pca-1": 2.0445}}}, "1015": {"1001": {"mean": {"pca-1": 2.617}, "min": {"pca-1": 2.1219}}, "1002": {"mean": {"pca-1": 2.5259}, "min": {"pca-1": 2.0059}}, "1003": {"mean": {"pca-1": 2.4346}, "min": {"pca-1": 1.7555}}, "1004": {"mean": {"pca-1": 2.5387}, "min": {"pca-1": 2.1175}}, "1005": {"mean": {"pca-1": 2.7401}, "min": {"pca-1": 1.802}}, "1006": {"mean": {"pca-1": 2.4359}, "min": {"pca-1": 1.9449}}, "1007": {"mean": {"pca-1": 2.3879}, "min": {"pca-1": 1.9115}}, "1008": {"mean": {"pca-1": 3.1016}, "min": {"pca-1": 2.0482}}, "1009": {"mean": {"pca-1": 2.7244}, "min": {"pca-1": 2.0437}}, "1010": {"mean": {"pca-1": 2.578}, "min": {"pca-1": 1.924}}, "1011": {"mean": {"pca-1": 2.8281}, "min": {"pca-1": 1.7386}}, "1012": {"mean": {"pca-1": 2.7888}, "min": {"pca-1": 2.0887}}, "1013": {"mean": {"pca-1": 2.7476}, "min": {"pca-1": 2.1426}}, "1014": {"mean": {"pca-1": 2.2989}, "min": {"pca-1": 1.6306}}, "1015": {"mean": {"pca-1": 3.1757}, "min": {"pca-1": 2.2506}}}}