{"1001": {"1001": {"mean": {"pca-1": 3.7545}, "min": {"pca-1": 3.4021}}, "1002": {"mean": {"pca-1": 3.7231}, "min": {"pca-1": 3.3489}}, "1003": {"mean": {"pca-1": 3.2581}, "min": {"pca-1": 2.8977}}, "1004": {"mean": {"pca-1": 3.7541}, "min": {"pca-1": 3.3941}}, "1005": {"mean": {"pca-1": 3.2153}, "min": {"pca-1": 2.8773}}, "1006": {"mean": {"pca-1": 3.8962}, "min": {"pca-1": 3.5008}}, "1007": {"mean": {"pca-1": 4.1383}, "min": {"pca-1": 3.7544}}, "1008": {"mean": {"pca-1": 3.2533}, "min": {"pca-1": 2.9794}}, "1009": {"mean": {"pca-1": 3.189}, "min": {"pca-1": 2.8671}}, "1010": {"mean": {"pca-1": 3.8474}, "min": {"pca-1": 3.4767}}, "1011": {"mean": {"pca-1": 3.2469}, "min": {"pca-1": 2.9409}}, "1012": {"mean": {"pca-1": 3.4591}, "min": {"pca-1": 3.1231}}, "1013": {"mean": {"pca-1": 3.7279}, "min": {"pca-1": 3.3716}}, "1014": {"mean": {"pca-1": 3.5885}, "min": {"pca-1": 3.2048}}, "1015": {"mean": {"pca-1": 3.225}, "min": {"pca-1": 2.943}}}, "1002": {"1001": {"mean": {"pca-1": 4.1934}, "min": {"pca-1": 2.769}}, "1002": {"mean": {"pca-1": 4.0704}, "min": {"pca-1": 2.2829}}, "1003": {"mean": {"pca-1": 3.7339}, "min": {"pca-1": 2.2302}}, "1004": {"mean": {"pca-1": 4.1835}, "min": {"pca-1": 2.6974}}, "1005": {"mean": {"pca-1": 3.7312}, "min": {"pca-1": 2.3823}}, "1006": {"mean": {"pca-1": 4.1909}, "min": {"pca-1": 2.2105}}, "1007": {"mean": {"pca-1": 4.3625}, "min": {"pca-1": 2.3}}, "1008": {"mean": {"pca-1": 3.8338}, "min": {"pca-1": 2.8391}}, "1009": {"mean": {"pca-1": 3.7416}, "min": {"pca-1": 2.5442}}, "1010": {"mean": {"pca-1": 4.2004}, "min": {"pca-1": 2.431}}, "1011": {"mean": {"pca-1": 3.7972}, "min": {"pca-1": 2.6372}}, "1012": {"mean": {"pca-1": 3.9277}, "min": {"pca-1": 2.4772}}, "1013": {"mean": {"pca-1": 4.1224}, "min": {"pca-1": 2.4888}}, "1014": {"mean": {"pca-1": 3.9478}, "min": {"pca-1": 2.1151}}, "1015": {"mean": {"pca-1": 3.8099}, "min": {"pca-1": 2.813}}}, "1003": {"1001": {"mean": {"pca-1": 4.0904}, "min": {"pca-1": 2.7893}}, "1002": {"mean": {"pca-1": 4.1247}, "min": {"pca-1": 2.832}}, "1003": {"mean": {"pca-1": 3.6813}, "min": {"pca-1": 2.4484}}, "1004": {"mean": {"pca-1": 4.0997}, "min": {"pca-1": 2.7853}}, "1005": {"mean": {"pca-1": 3.6462}, "min": {"pca-1": 2.4848}}, "1006": {"mean": {"pca-1": 4.3003}, "min": {"pca-1": 2.9525}}, "1007": {"mean": {"pca-1": 4.5365}, "min": {"pca-1": 3.2221}}, "1008": {"mean": {"pca-1": 3.6919}, "min": {"pca-1": 2.7183}}, "1009": {"mean": {"pca-1": 3.611}, "min": {"pca-1": 2.4839}}, "1010": {"mean": {"pca-1": 4.2596}, "min": {"pca-1": 3.0042}}, "1011": {"mean": {"pca-1": 3.6858}, "min": {"pca-1": 2.6339}}, "1012": {"mean": {"pca-1": 3.8812}, "min": {"pca-1": 2.7128}}, "1013": {"mean": {"pca-1": 4.1434}, "min": {"pca-1": 2.9328}}, "1014": {"mean": {"pca-1": 4.0095}, "min": {"pca-1": 2.711}}, "1015": {"mean": {"pca-1": 3.6552}, "min": {"pca-1": 2.6677}}}, "1004": {"1001": {"mean": {"pca-1": 3.9764}, "min": {"pca-1": 2.5425}}, "1002": {"mean": {"pca-1": 3.7314}, "min": {"pca-1": 2.268}}, "1003": {"mean": {"pca-1": 3.6764}, "min": {"pca-1": 2.3534}}, "1004": {"mean": {"pca-1": 3.9384}, "min": {"pca-1": 2.52}}, "1005": {"mean": {"pca-1": 3.7809}, "min": {"pca-1": 2.5687}}, "1006": {"mean": {"pca-1": 3.8465}, "min": {"pca-1": 2.7157}}, "1007": {"mean": {"pca-1": 3.6664}, "min": {"pca-1": 1.8391}}, "1008": {"mean": {"pca-1": 3.9717}, "min": {"pca-1": 2.7625}}, "1009": {"mean": {"pca-1": 3.8386}, "min": {"pca-1": 2.6233}}, "1010": {"mean": {"pca-1": 4.004}, "min": {"pca-1": 2.9827}}, "1011": {"mean": {"pca-1": 3.883}, "min": {"pca-1": 2.6627}}, "1012": {"mean": {"pca-1": 3.9153}, "min": {"pca-1": 2.7974}}, "1013": {"mean": {"pca-1": 3.9823}, "min": {"pca-1": 2.8881}}, "1014": {"mean": {"pca-1": 3.7878}, "min": {"pca-1": 2.6925}}, "1015": {"mean": {"pca-1": 3.9437}, "min": {"pca-1": 2.7157}}}, "1005": {"1001": {"mean": {"pca-1": 3.69}, "min": {"pca-1": 2.8538}}, "1002": {"mean": {"pca-1": 3.1475}, "min": {"pca-1": 2.3256}}, "1003": {"mean": {"pca-1": 3.2861}, "min": {"pca-1": 2.3154}}, "1004": {"mean": {"pca-1": 3.5884}, "min": {"pca-1": 2.791}}, "1005": {"mean": {"pca-1": 3.466}, "min": {"pca-1": 2.474}}, "1006": {"mean": {"pca-1": 2.8933}, "min": {"pca-1": 2.2086}}, "1007": {"mean": {"pca-1": 3.0167}, "min": {"pca-1": 2.2831}}, "1008": {"mean": {"pca-1": 3.9504}, "min": {"pca-1": 2.9461}}, "1009": {"mean": {"pca-1": 3.6517}, "min": {"pca-1": 2.6455}}, "1010": {"mean": {"pca-1": 3.1892}, "min": {"pca-1": 2.4555}}, "1011": {"mean": {"pca-1": 3.7304}, "min": {"pca-1": 2.736}}, "1012": {"mean": {"pca-1": 3.4482}, "min": {"pca-1": 2.5467}}, "1013": {"mean": {"pca-1": 3.3313}, "min": {"pca-1": 2.5262}}, "1014": {"mean": {"pca-1": 2.974}, "min": {"pca-1": 2.1483}}, "1015": {"mean": {"pca-1": 3.9337}, "min": {"pca-1": 2.921}}}, "1006": {"1001": {"mean": {"pca-1": 2.9822}, "min": {"pca-1": 2.5391}}, "1002": {"mean": {"pca-1": 2.6521}, "min": {"pca-1": 2.1794}}, "1003": {"mean": {"pca-1": 2.5115}, "min": {"pca-1": 2.1807}}, "1004": {"mean": {"pca-1": 2.9456}, "min": {"pca-1": 2.5442}}, "1005": {"mean": {"pca-1": 2.6046}, "min": {"pca-1": 2.3078}}, "1006": {"mean": {"pca-1": 2.7318}, "min": {"pca-1": 2.2633}}, "1007": {"mean": {"pca-1": 2.6761}, "min": {"pca-1": 1.8646}}, "1008": {"mean": {"pca-1": 2.9072}, "min": {"pca-1": 2.6231}}, "1009": {"mean": {"pca-1": 2.6969}, "min": {"pca-1": 2.4106}}, "1010": {"mean": {"pca-1": 2.8715}, "min": {"pca-1": 2.5429}}, "1011": {"mean": {"pca-1": 2.7716}, "min": {"pca-1": 2.4735}}, "1012": {"mean": {"pca-1": 2.7646}, "min": {"pca-1": 2.5016}}, "1013": {"mean": {"pca-1": 2.8535}, "min": {"pca-1": 2.5692}}, "1014": {"mean": {"pca-1": 2.5906}, "min": {"pca-1": 2.2491}}, "1015": {"mean": {"pca-1": 2.8746}, "min": {"pca-1": 2.5813}}}, "1007": {"1001": {"mean": {"pca-1": 3.8521}, "min": {"pca-1": 2.2204}}, "1002": {"mean": {"pca-1": 3.9062}, "min": {"pca-1": 2.314}}, "1003": {"mean": {"pca-1": 3.5029}, "min": {"pca-1": 2.0409}}, "1004": {"mean": {"pca-1": 3.8256}, "min": {"pca-1": 2.1095}}, "1005": {"mean": {"pca-1": 3.5422}, "min": {"pca-1": 2.2857}}, "1006": {"mean": {"pca-1": 4.0409}, "min": {"pca-1": 2.3233}}, "1007": {"mean": {"pca-1": 4.2569}, "min": {"pca-1": 2.5283}}, "1008": {"mean": {"pca-1": 3.6686}, "min": {"pca-1": 2.7166}}, "1009": {"mean": {"pca-1": 3.4781}, "min": {"pca-1": 2.1911}}, "1010": {"mean": {"pca-1": 4.0541}, "min": {"pca-1": 2.5255}}, "1011": {"mean": {"pca-1": 3.6268}, "min": {"pca-1": 2.5528}}, "1012": {"mean": {"pca-1": 3.7539}, "min": {"pca-1": 2.4312}}, "1013": {"mean": {"pca-1": 3.9702}, "min": {"pca-1": 2.5424}}, "1014": {"mean": {"pca-1": 3.7967}, "min": {"pca-1": 2.2097}}, "1015": {"mean": {"pca-1": 3.6311}, "min": {"pca-1": 2.6649}}}, "1008": {"1001": {"mean": {"pca-1": 5.106}, "min": {"pca-1": 4.9206}}, "1002": {"mean": {"pca-1": 4.583}, "min": {"pca-1": 4.394}}, "1003": {"mean": {"pca-1": 4.8716}, "min": {"pca-1": 4.6739}}, "1004": {"mean": {"pca-1": 4.9845}, "min": {"pca-1": 4.7981}}, "1005": {"mean": {"pca-1": 5.0627}, "min": {"pca-1": 4.8656}}, "1006": {"mean": {"pca-1": 4.2447}, "min": {"pca-1": 4.0578}}, "1007": {"mean": {"pca-1": 4.3306}, "min": {"pca-1": 4.1522}}, "1008": {"mean": {"pca-1": 5.5365}, "min": {"pca-1": 5.3421}}, "1009": {"mean": {"pca-1": 5.2491}, "min": {"pca-1": 5.0519}}, "1010": {"mean": {"pca-1": 4.5679}, "min": {"pca-1": 4.3841}}, "1011": {"mean": {"pca-1": 5.3206}, "min": {"pca-1": 5.1261}}, "1012": {"mean": {"pca-1": 4.9615}, "min": {"pca-1": 4.7692}}, "1013": {"mean": {"pca-1": 4.7623}, "min": {"pca-1": 4.5765}}, "1014": {"mean": {"pca-1": 4.4523}, "min": {"pca-1": 4.259}}, "1015": {"mean": {"pca-1": 5.5318}, "min": {"pca-1": 5.3374}}}, "1009": {"1001": {"mean": {"pca-1": 3.1302}, "min": {"pca-1": 2.8292}}, "1002": {"mean": {"pca-1": 3.0183}, "min": {"pca-1": 2.5996}}, "1003": {"mean": {"pca-1": 2.6111}, "min": {"pca-1": 2.2474}}, "1004": {"mean": {"pca-1": 3.1016}, "min": {"pca-1": 2.7962}}, "1005": {"mean": {"pca-1": 2.6312}, "min": {"pca-1": 2.2906}}, "1006": {"mean": {"pca-1": 3.1242}, "min": {"pca-1": 2.637}}, "1007": {"mean": {"pca-1": 3.3907}, "min": {"pca-1": 2.9296}}, "1008": {"mean": {"pca-1": 2.8237}, "min": {"pca-1": 2.5816}}, "1009": {"mean": {"pca-1": 2.6494}, "min": {"pca-1": 2.3862}}, "1010": {"mean": {"pca-1": 3.1501}, "min": {"pca-1": 2.7135}}, "1011": {"mean": {"pca-1": 2.7448}, "min": {"pca-1": 2.4516}}, "1012": {"mean": {"pca-1": 2.8588}, "min": {"pca-1": 2.4986}}, "1013": {"mean": {"pca-1": 3.0766}, "min": {"pca-1": 2.6792}}, "1014": {"mean": {"pca-1": 2.8558}, "min": {"pca-1": 2.3872}}, "1015": {"mean": {"pca-1": 2.7881}, "min": {"pca-1": 2.5544}}}, "1010": {"1001": {"mean": {"pca-1": 3.9455}, "min": {"pca-1": 3.2269}}, "1002": {"mean": {"pca-1": 3.3996}, "min": {"pca-1": 2.6793}}, "1003": {"mean": {"pca-1": 3.5742}, "min": {"pca-1": 2.7452}}, "1004": {"mean": {"pca-1": 3.8222}, "min": {"pca-1": 3.107}}, "1005": {"mean": {"pca-1": 3.7525}, "min": {"pca-1": 2.9028}}, "1006": {"mean": {"pca-1": 3.0877}, "min": {"pca-1": 2.4097}}, "1007": {"mean": {"pca-1": 3.2593}, "min": {"pca-1": 2.6568}}, "1008": {"mean": {"pca-1": 4.2356}, "min": {"pca-1": 3.3885}}, "1009": {"mean": {"pca-1": 3.9524}, "min": {"pca-1": 3.1141}}, "1010": {"mean": {"pca-1": 3.3953}, "min": {"pca-1": 2.6927}}, "1011": {"mean": {"pca-1": 4.0147}, "min": {"pca-1": 3.1697}}, "1012": {"mean": {"pca-1": 3.7121}, "min": {"pca-1": 2.9303}}, "1013": {"mean": {"pca-1": 3.5697}, "min": {"pca-1": 2.849}}, "1014": {"mean": {"pca-1": 3.1935}, "min": {"pca-1": 2.4219}}, "1015": {"mean": {"pca-1": 4.2391}, "min": {"pca-1": 3.4052}}}, "1011": {"1001": {"mean": {"pca-1": 2.991}, "min": {"pca-1": 2.6909}}, "1002": {"mean": {"pca-1": 2.5005}, "min": {"pca-1": 2.2194}}, "1003": {"mean": {"pca-1": 2.4578}, "min": {"pca-1": 2.1581}}, "1004": {"mean": {"pca-1": 2.9389}, "min": {"pca-1": 2.7192}}, "1005": {"mean": {"pca-1": 2.5326}, "min": {"pca-1": 2.0894}}, "1006": {"mean": {"pca-1": 2.3641}, "min": {"pca-1": 2.1439}}, "1007": {"mean": {"pca-1": 2.462}, "min": {"pca-1": 1.9887}}, "1008": {"mean": {"pca-1": 2.9659}, "min": {"pca-1": 2.4953}}, "1009": {"mean": {"pca-1": 2.7523}, "min": {"pca-1": 2.4116}}, "1010": {"mean": {"pca-1": 2.5563}, "min": {"pca-1": 2.2582}}, "1011": {"mean": {"pca-1": 2.7522}, "min": {"pca-1": 2.2639}}, "1012": {"mean": {"pca-1": 2.6734}, "min": {"pca-1": 2.3837}}, "1013": {"mean": {"pca-1": 2.6358}, "min": {"pca-1": 2.3697}}, "1014": {"mean": {"pca-1": 2.3025}, "min": {"pca-1": 2.0231}}, "1015": {"mean": {"pca-1": 2.9605}, "min": {"pca-1": 2.5339}}}, "1012": {"1001": {"mean": {"pca-1": 2.7263}, "min": {"pca-1": 2.6686}}, "1002": {"mean": {"pca-1": 2.3819}, "min": {"pca-1": 2.3373}}, "1003": {"mean": {"pca-1": 2.1113}, "min": {"pca-1": 2.0465}}, "1004": {"mean": {"pca-1": 2.6292}, "min": {"pca-1": 2.5793}}, "1005": {"mean": {"pca-1": 2.2022}, "min": {"pca-1": 2.086}}, "1006": {"mean": {"pca-1": 2.3571}, "min": {"pca-1": 2.2}}, "1007": {"mean": {"pca-1": 2.6288}, "min": {"pca-1": 2.5451}}, "1008": {"mean": {"pca-1": 2.5552}, "min": {"pca-1": 2.4501}}, "1009": {"mean": {"pca-1": 2.3157}, "min": {"pca-1": 2.286}}, "1010": {"mean": {"pca-1": 2.5111}, "min": {"pca-1": 2.3943}}, "1011": {"mean": {"pca-1": 2.3932}, "min": {"pca-1": 2.249}}, "1012": {"mean": {"pca-1": 2.4007}, "min": {"pca-1": 2.3402}}, "1013": {"mean": {"pca-1": 2.5271}, "min": {"pca-1": 2.4551}}, "1014": {"mean": {"pca-1": 2.1888}, "min": {"pca-1": 2.0954}}, "1015": {"mean": {"pca-1": 2.5329}, "min": {"pca-1": 2.452}}}, "1013": {"1001": {"mean": {"pca-1": 3.2008}, "min": {"pca-1": 2.434}}, "1002": {"mean": {"pca-1": 2.8707}, "min": {"pca-1": 2.0636}}, "1003": {"mean": {"pca-1": 2.744}, "min": {"pca-1": 2.0275}}, "1004": {"mean": {"pca-1": 3.1317}, "min": {"pca-1": 2.3409}}, "1005": {"mean": {"pca-1": 2.8963}, "min": {"pca-1": 2.3539}}, "1006": {"mean": {"pca-1": 2.9493}, "min": {"pca-1": 2.351}}, "1007": {"mean": {"pca-1": 2.9581}, "min": {"pca-1": 1.9113}}, "1008": {"mean": {"pca-1": 3.1601}, "min": {"pca-1": 2.6345}}, "1009": {"mean": {"pca-1": 2.9779}, "min": {"pca-1": 2.4397}}, "1010": {"mean": {"pca-1": 3.1484}, "min": {"pca-1": 2.7044}}, "1011": {"mean": {"pca-1": 3.042}, "min": {"pca-1": 2.5019}}, "1012": {"mean": {"pca-1": 3.0461}, "min": {"pca-1": 2.561}}, "1013": {"mean": {"pca-1": 3.1318}, "min": {"pca-1": 2.6503}}, "1014": {"mean": {"pca-1": 2.8637}, "min": {"pca-1": 2.3521}}, "1015": {"mean": {"pca-1": 3.1298}, "min": {"pca-1": 2.5932}}}, "1014": {"1001": {"mean": {"pca-1": 3.0449}, "min": {"pca-1": 2.8258}}, "1002": {"mean": {"pca-1": 2.524}, "min": {"pca-1": 2.3268}}, "1003": {"mean": {"pca-1": 2.5289}, "min": {"pca-1": 2.2905}}, "1004": {"mean": {"pca-1": 2.95}, "min": {"pca-1": 2.7687}}, "1005": {"mean": {"pca-1": 2.6788}, "min": {"pca-1": 2.4233}}, "1006": {"mean": {"pca-1": 2.3305}, "min": {"pca-1": 2.2077}}, "1007": {"mean": {"pca-1": 2.536}, "min": {"pca-1": 2.3145}}, "1008": {"mean": {"pca-1": 3.157}, "min": {"pca-1": 2.8916}}, "1009": {"mean": {"pca-1": 2.872}, "min": {"pca-1": 2.615}}, "1010": {"mean": {"pca-1": 2.5822}, "min": {"pca-1": 2.4049}}, "1011": {"mean": {"pca-1": 2.9409}, "min": {"pca-1": 2.6726}}, "1012": {"mean": {"pca-1": 2.739}, "min": {"pca-1": 2.5252}}, "1013": {"mean": {"pca-1": 2.6921}, "min": {"pca-1": 2.5172}}, "1014": {"mean": {"pca-1": 2.3009}, "min": {"pca-1": 2.1111}}, "1015": {"mean": {"pca-1": 3.1456}, "min": {"pca-1": 2.8902}}}, "1015": {"1001": {"mean": {"pca-1": 4.3898}, "min": {"pca-1": 4.3393}}, "1002": {"mean": {"pca-1": 3.8477}, "min": {"pca-1": 3.7958}}, "1003": {"mean": {"pca-1": 4.0927}, "min": {"pca-1": 4.0383}}, "1004": {"mean": {"pca-1": 4.2671}, "min": {"pca-1": 4.2164}}, "1005": {"mean": {"pca-1": 4.2845}, "min": {"pca-1": 4.2304}}, "1006": {"mean": {"pca-1": 3.5171}, "min": {"pca-1": 3.4677}}, "1007": {"mean": {"pca-1": 3.6418}, "min": {"pca-1": 3.5956}}, "1008": {"mean": {"pca-1": 4.7702}, "min": {"pca-1": 4.7171}}, "1009": {"mean": {"pca-1": 4.4747}, "min": {"pca-1": 4.4201}}, "1010": {"mean": {"pca-1": 3.8435}, "min": {"pca-1": 3.7955}}, "1011": {"mean": {"pca-1": 4.5492}, "min": {"pca-1": 4.4964}}, "1012": {"mean": {"pca-1": 4.2061}, "min": {"pca-1": 4.154}}, "1013": {"mean": {"pca-1": 4.0289}, "min": {"pca-1": 3.9799}}, "1014": {"mean": {"pca-1": 3.692}, "min": {"pca-1": 3.6407}}, "1015": {"mean": {"pca-1": 4.7618}, "min": {"pca-1": 4.7086}}}}