{"1001": {"1001": {"mean": {"pca-1": 3.2044}, "min": {"pca-1": 1.8659}}, "1002": {"mean": {"pca-1": 3.2578}, "min": {"pca-1": 1.8463}}, "1003": {"mean": {"pca-1": 2.7926}, "min": {"pca-1": 1.6067}}, "1004": {"mean": {"pca-1": 3.2287}, "min": {"pca-1": 2.0427}}, "1005": {"mean": {"pca-1": 2.5592}, "min": {"pca-1": 1.6803}}, "1006": {"mean": {"pca-1": 3.2242}, "min": {"pca-1": 2.009}}, "1007": {"mean": {"pca-1": 3.6008}, "min": {"pca-1": 2.0922}}, "1008": {"mean": {"pca-1": 2.4161}, "min": {"pca-1": 1.5446}}, "1009": {"mean": {"pca-1": 2.9236}, "min": {"pca-1": 2.0008}}, "1010": {"mean": {"pca-1": 3.0343}, "min": {"pca-1": 2.0592}}, "1011": {"mean": {"pca-1": 2.3968}, "min": {"pca-1": 1.4933}}, "1012": {"mean": {"pca-1": 3.0454}, "min": {"pca-1": 2.0782}}, "1013": {"mean": {"pca-1": 3.0406}, "min": {"pca-1": 2.1794}}, "1014": {"mean": {"pca-1": 2.9109}, "min": {"pca-1": 1.8263}}, "1015": {"mean": {"pca-1": 2.6708}, "min": {"pca-1": 1.8596}}}, "1002": {"1001": {"mean": {"pca-1": 1.692}, "min": {"pca-1": 1.5081}}, "1002": {"mean": {"pca-1": 1.9487}, "min": {"pca-1": 1.7802}}, "1003": {"mean": {"pca-1": 1.4287}, "min": {"pca-1": 1.2752}}, "1004": {"mean": {"pca-1": 1.7796}, "min": {"pca-1": 1.6149}}, "1005": {"mean": {"pca-1": 1.5205}, "min": {"pca-1": 1.3597}}, "1006": {"mean": {"pca-1": 1.8267}, "min": {"pca-1": 1.666}}, "1007": {"mean": {"pca-1": 1.9688}, "min": {"pca-1": 1.5529}}, "1008": {"mean": {"pca-1": 1.689}, "min": {"pca-1": 1.591}}, "1009": {"mean": {"pca-1": 1.6723}, "min": {"pca-1": 1.6097}}, "1010": {"mean": {"pca-1": 2.0152}, "min": {"pca-1": 1.8459}}, "1011": {"mean": {"pca-1": 1.6835}, "min": {"pca-1": 1.6103}}, "1012": {"mean": {"pca-1": 1.9302}, "min": {"pca-1": 1.8631}}, "1013": {"mean": {"pca-1": 2.0845}, "min": {"pca-1": 1.918}}, "1014": {"mean": {"pca-1": 1.7677}, "min": {"pca-1": 1.6339}}, "1015": {"mean": {"pca-1": 1.8401}, "min": {"pca-1": 1.7286}}}, "1003": {"1001": {"mean": {"pca-1": 1.9286}, "min": {"pca-1": 1.862}}, "1002": {"mean": {"pca-1": 2.059}, "min": {"pca-1": 1.8681}}, "1003": {"mean": {"pca-1": 1.5994}, "min": {"pca-1": 1.4522}}, "1004": {"mean": {"pca-1": 1.9729}, "min": {"pca-1": 1.8068}}, "1005": {"mean": {"pca-1": 1.672}, "min": {"pca-1": 1.599}}, "1006": {"mean": {"pca-1": 1.957}, "min": {"pca-1": 1.821}}, "1007": {"mean": {"pca-1": 2.1662}, "min": {"pca-1": 2.095}}, "1008": {"mean": {"pca-1": 1.6838}, "min": {"pca-1": 1.5554}}, "1009": {"mean": {"pca-1": 1.8676}, "min": {"pca-1": 1.8111}}, "1010": {"mean": {"pca-1": 2.0068}, "min": {"pca-1": 1.7817}}, "1011": {"mean": {"pca-1": 1.6861}, "min": {"pca-1": 1.6521}}, "1012": {"mean": {"pca-1": 2.0917}, "min": {"pca-1": 2.0189}}, "1013": {"mean": {"pca-1": 2.1294}, "min": {"pca-1": 1.9919}}, "1014": {"mean": {"pca-1": 1.7664}, "min": {"pca-1": 1.7155}}, "1015": {"mean": {"pca-1": 2.0124}, "min": {"pca-1": 1.9858}}}, "1004": {"1001": {"mean": {"pca-1": 2.016}, "min": {"pca-1": 1.5811}}, "1002": {"mean": {"pca-1": 2.272}, "min": {"pca-1": 1.8411}}, "1003": {"mean": {"pca-1": 1.7402}, "min": {"pca-1": 1.3703}}, "1004": {"mean": {"pca-1": 2.0609}, "min": {"pca-1": 1.621}}, "1005": {"mean": {"pca-1": 1.9415}, "min": {"pca-1": 1.8001}}, "1006": {"mean": {"pca-1": 2.1993}, "min": {"pca-1": 1.7755}}, "1007": {"mean": {"pca-1": 2.2609}, "min": {"pca-1": 1.7007}}, "1008": {"mean": {"pca-1": 1.7948}, "min": {"pca-1": 1.6751}}, "1009": {"mean": {"pca-1": 1.9606}, "min": {"pca-1": 1.7053}}, "1010": {"mean": {"pca-1": 2.3823}, "min": {"pca-1": 2.1418}}, "1011": {"mean": {"pca-1": 1.9186}, "min": {"pca-1": 1.816}}, "1012": {"mean": {"pca-1": 2.2528}, "min": {"pca-1": 1.9802}}, "1013": {"mean": {"pca-1": 2.2881}, "min": {"pca-1": 2.0555}}, "1014": {"mean": {"pca-1": 2.144}, "min": {"pca-1": 1.8651}}, "1015": {"mean": {"pca-1": 2.0267}, "min": {"pca-1": 1.8233}}}, "1005": {"1001": {"mean": {"pca-1": 1.8617}, "min": {"pca-1": 1.6925}}, "1002": {"mean": {"pca-1": 1.978}, "min": {"pca-1": 1.7881}}, "1003": {"mean": {"pca-1": 1.7513}, "min": {"pca-1": 1.5301}}, "1004": {"mean": {"pca-1": 1.8633}, "min": {"pca-1": 1.5847}}, "1005": {"mean": {"pca-1": 2.387}, "min": {"pca-1": 1.9118}}, "1006": {"mean": {"pca-1": 2.038}, "min": {"pca-1": 1.8532}}, "1007": {"mean": {"pca-1": 1.6962}, "min": {"pca-1": 1.4577}}, "1008": {"mean": {"pca-1": 2.7468}, "min": {"pca-1": 2.1698}}, "1009": {"mean": {"pca-1": 2.048}, "min": {"pca-1": 1.7272}}, "1010": {"mean": {"pca-1": 2.2598}, "min": {"pca-1": 1.965}}, "1011": {"mean": {"pca-1": 2.4975}, "min": {"pca-1": 1.9211}}, "1012": {"mean": {"pca-1": 2.4433}, "min": {"pca-1": 2.0629}}, "1013": {"mean": {"pca-1": 2.365}, "min": {"pca-1": 2.0868}}, "1014": {"mean": {"pca-1": 1.8681}, "min": {"pca-1": 1.6179}}, "1015": {"mean": {"pca-1": 2.8528}, "min": {"pca-1": 2.2986}}}, "1006": {"1001": {"mean": {"pca-1": 1.6388}, "min": {"pca-1": 1.4434}}, "1002": {"mean": {"pca-1": 1.8586}, "min": {"pca-1": 1.6544}}, "1003": {"mean": {"pca-1": 1.3963}, "min": {"pca-1": 1.0714}}, "1004": {"mean": {"pca-1": 1.6363}, "min": {"pca-1": 1.488}}, "1005": {"mean": {"pca-1": 1.7504}, "min": {"pca-1": 1.4785}}, "1006": {"mean": {"pca-1": 1.802}, "min": {"pca-1": 1.614}}, "1007": {"mean": {"pca-1": 1.7226}, "min": {"pca-1": 1.388}}, "1008": {"mean": {"pca-1": 2.0089}, "min": {"pca-1": 1.7358}}, "1009": {"mean": {"pca-1": 1.7184}, "min": {"pca-1": 1.6037}}, "1010": {"mean": {"pca-1": 1.9309}, "min": {"pca-1": 1.8829}}, "1011": {"mean": {"pca-1": 1.7962}, "min": {"pca-1": 1.6319}}, "1012": {"mean": {"pca-1": 2.0323}, "min": {"pca-1": 1.9592}}, "1013": {"mean": {"pca-1": 1.997}, "min": {"pca-1": 1.8563}}, "1014": {"mean": {"pca-1": 1.6209}, "min": {"pca-1": 1.6065}}, "1015": {"mean": {"pca-1": 2.1674}, "min": {"pca-1": 1.9764}}}, "1007": {"1001": {"mean": {"pca-1": 1.7571}, "min": {"pca-1": 1.6484}}, "1002": {"mean": {"pca-1": 2.0137}, "min": {"pca-1": 1.8662}}, "1003": {"mean": {"pca-1": 1.5217}, "min": {"pca-1": 1.3144}}, "1004": {"mean": {"pca-1": 1.8511}, "min": {"pca-1": 1.7774}}, "1005": {"mean": {"pca-1": 1.6438}, "min": {"pca-1": 1.4906}}, "1006": {"mean": {"pca-1": 2.0421}, "min": {"pca-1": 1.7896}}, "1007": {"mean": {"pca-1": 2.2182}, "min": {"pca-1": 1.9111}}, "1008": {"mean": {"pca-1": 1.7939}, "min": {"pca-1": 1.6752}}, "1009": {"mean": {"pca-1": 1.7243}, "min": {"pca-1": 1.6996}}, "1010": {"mean": {"pca-1": 2.086}, "min": {"pca-1": 1.9516}}, "1011": {"mean": {"pca-1": 1.7223}, "min": {"pca-1": 1.6002}}, "1012": {"mean": {"pca-1": 2.0402}, "min": {"pca-1": 1.9462}}, "1013": {"mean": {"pca-1": 2.2238}, "min": {"pca-1": 2.0197}}, "1014": {"mean": {"pca-1": 1.8226}, "min": {"pca-1": 1.7308}}, "1015": {"mean": {"pca-1": 1.9875}, "min": {"pca-1": 1.8154}}}, "1008": {"1001": {"mean": {"pca-1": 2.3313}, "min": {"pca-1": 1.9097}}, "1002": {"mean": {"pca-1": 2.4607}, "min": {"pca-1": 1.9496}}, "1003": {"mean": {"pca-1": 2.3835}, "min": {"pca-1": 1.823}}, "1004": {"mean": {"pca-1": 2.3593}, "min": {"pca-1": 1.9167}}, "1005": {"mean": {"pca-1": 2.8546}, "min": {"pca-1": 1.9893}}, "1006": {"mean": {"pca-1": 2.504}, "min": {"pca-1": 2.0462}}, "1007": {"mean": {"pca-1": 2.0889}, "min": {"pca-1": 1.799}}, "1008": {"mean": {"pca-1": 3.0847}, "min": {"pca-1": 1.9398}}, "1009": {"mean": {"pca-1": 2.6591}, "min": {"pca-1": 2.1236}}, "1010": {"mean": {"pca-1": 2.6567}, "min": {"pca-1": 2.1667}}, "1011": {"mean": {"pca-1": 2.8301}, "min": {"pca-1": 1.6379}}, "1012": {"mean": {"pca-1": 2.8929}, "min": {"pca-1": 2.4287}}, "1013": {"mean": {"pca-1": 2.8078}, "min": {"pca-1": 2.3296}}, "1014": {"mean": {"pca-1": 2.3434}, "min": {"pca-1": 1.8613}}, "1015": {"mean": {"pca-1": 3.1816}, "min": {"pca-1": 2.1437}}}, "1009": {"1001": {"mean": {"pca-1": 1.8715}, "min": {"pca-1": 1.599}}, "1002": {"mean": {"pca-1": 2.1466}, "min": {"pca-1": 1.8271}}, "1003": {"mean": {"pca-1": 1.7958}, "min": {"pca-1": 1.598}}, "1004": {"mean": {"pca-1": 2.0205}, "min": {"pca-1": 1.788}}, "1005": {"mean": {"pca-1": 1.906}, "min": {"pca-1": 1.7483}}, "1006": {"mean": {"pca-1": 2.2382}, "min": {"pca-1": 2.0626}}, "1007": {"mean": {"pca-1": 2.2025}, "min": {"pca-1": 1.8124}}, "1008": {"mean": {"pca-1": 1.8324}, "min": {"pca-1": 1.7256}}, "1009": {"mean": {"pca-1": 1.8259}, "min": {"pca-1": 1.7098}}, "1010": {"mean": {"pca-1": 2.3839}, "min": {"pca-1": 2.2586}}, "1011": {"mean": {"pca-1": 1.9875}, "min": {"pca-1": 1.8848}}, "1012": {"mean": {"pca-1": 2.1425}, "min": {"pca-1": 2.0859}}, "1013": {"mean": {"pca-1": 2.444}, "min": {"pca-1": 2.4204}}, "1014": {"mean": {"pca-1": 2.079}, "min": {"pca-1": 1.9828}}, "1015": {"mean": {"pca-1": 1.9834}, "min": {"pca-1": 1.9553}}}, "1010": {"1001": {"mean": {"pca-1": 1.7418}, "min": {"pca-1": 1.6415}}, "1002": {"mean": {"pca-1": 1.886}, "min": {"pca-1": 1.8706}}, "1003": {"mean": {"pca-1": 1.5608}, "min": {"pca-1": 1.4584}}, "1004": {"mean": {"pca-1": 1.8164}, "min": {"pca-1": 1.6274}}, "1005": {"mean": {"pca-1": 2.1202}, "min": {"pca-1": 1.7298}}, "1006": {"mean": {"pca-1": 1.8698}, "min": {"pca-1": 1.6625}}, "1007": {"mean": {"pca-1": 1.6805}, "min": {"pca-1": 1.6345}}, "1008": {"mean": {"pca-1": 2.2262}, "min": {"pca-1": 1.6789}}, "1009": {"mean": {"pca-1": 1.9631}, "min": {"pca-1": 1.7388}}, "1010": {"mean": {"pca-1": 2.1405}, "min": {"pca-1": 1.8792}}, "1011": {"mean": {"pca-1": 2.1487}, "min": {"pca-1": 1.635}}, "1012": {"mean": {"pca-1": 2.3425}, "min": {"pca-1": 2.0284}}, "1013": {"mean": {"pca-1": 2.1944}, "min": {"pca-1": 2.0775}}, "1014": {"mean": {"pca-1": 1.8654}, "min": {"pca-1": 1.6713}}, "1015": {"mean": {"pca-1": 2.502}, "min": {"pca-1": 2.067}}}, "1011": {"1001": {"mean": {"pca-1": 1.9663}, "min": {"pca-1": 1.8233}}, "1002": {"mean": {"pca-1": 1.9729}, "min": {"pca-1": 1.7896}}, "1003": {"mean": {"pca-1": 1.7914}, "min": {"pca-1": 1.5867}}, "1004": {"mean": {"pca-1": 1.9874}, "min": {"pca-1": 1.851}}, "1005": {"mean": {"pca-1": 2.2238}, "min": {"pca-1": 1.8719}}, "1006": {"mean": {"pca-1": 1.9836}, "min": {"pca-1": 1.7561}}, "1007": {"mean": {"pca-1": 1.7605}, "min": {"pca-1": 1.6393}}, "1008": {"mean": {"pca-1": 2.5478}, "min": {"pca-1": 2.124}}, "1009": {"mean": {"pca-1": 2.1384}, "min": {"pca-1": 1.9602}}, "1010": {"mean": {"pca-1": 2.0798}, "min": {"pca-1": 1.8919}}, "1011": {"mean": {"pca-1": 2.2205}, "min": {"pca-1": 1.8015}}, "1012": {"mean": {"pca-1": 2.366}, "min": {"pca-1": 2.1151}}, "1013": {"mean": {"pca-1": 2.1695}, "min": {"pca-1": 1.9124}}, "1014": {"mean": {"pca-1": 1.8108}, "min": {"pca-1": 1.6671}}, "1015": {"mean": {"pca-1": 2.6349}, "min": {"pca-1": 2.2593}}}, "1012": {"1001": {"mean": {"pca-1": 1.7163}, "min": {"pca-1": 1.6097}}, "1002": {"mean": {"pca-1": 1.8673}, "min": {"pca-1": 1.6822}}, "1003": {"mean": {"pca-1": 1.4798}, "min": {"pca-1": 1.3784}}, "1004": {"mean": {"pca-1": 1.6723}, "min": {"pca-1": 1.6205}}, "1005": {"mean": {"pca-1": 1.7012}, "min": {"pca-1": 1.4938}}, "1006": {"mean": {"pca-1": 1.805}, "min": {"pca-1": 1.506}}, "1007": {"mean": {"pca-1": 1.7136}, "min": {"pca-1": 1.4865}}, "1008": {"mean": {"pca-1": 1.9407}, "min": {"pca-1": 1.8059}}, "1009": {"mean": {"pca-1": 1.8012}, "min": {"pca-1": 1.7223}}, "1010": {"mean": {"pca-1": 2.022}, "min": {"pca-1": 1.6647}}, "1011": {"mean": {"pca-1": 1.7556}, "min": {"pca-1": 1.6343}}, "1012": {"mean": {"pca-1": 2.0899}, "min": {"pca-1": 1.9199}}, "1013": {"mean": {"pca-1": 2.1329}, "min": {"pca-1": 1.9382}}, "1014": {"mean": {"pca-1": 1.7235}, "min": {"pca-1": 1.5002}}, "1015": {"mean": {"pca-1": 2.0958}, "min": {"pca-1": 1.9326}}}, "1013": {"1001": {"mean": {"pca-1": 1.7187}, "min": {"pca-1": 1.6422}}, "1002": {"mean": {"pca-1": 1.8585}, "min": {"pca-1": 1.7579}}, "1003": {"mean": {"pca-1": 1.5477}, "min": {"pca-1": 1.3874}}, "1004": {"mean": {"pca-1": 1.7357}, "min": {"pca-1": 1.6742}}, "1005": {"mean": {"pca-1": 1.8129}, "min": {"pca-1": 1.7327}}, "1006": {"mean": {"pca-1": 1.7937}, "min": {"pca-1": 1.708}}, "1007": {"mean": {"pca-1": 1.5137}, "min": {"pca-1": 1.3494}}, "1008": {"mean": {"pca-1": 1.9403}, "min": {"pca-1": 1.7508}}, "1009": {"mean": {"pca-1": 1.8284}, "min": {"pca-1": 1.8104}}, "1010": {"mean": {"pca-1": 1.9689}, "min": {"pca-1": 1.9204}}, "1011": {"mean": {"pca-1": 1.7744}, "min": {"pca-1": 1.648}}, "1012": {"mean": {"pca-1": 2.1697}, "min": {"pca-1": 2.1471}}, "1013": {"mean": {"pca-1": 2.1104}, "min": {"pca-1": 2.0383}}, "1014": {"mean": {"pca-1": 1.7113}, "min": {"pca-1": 1.6969}}, "1015": {"mean": {"pca-1": 2.2183}, "min": {"pca-1": 2.0663}}}, "1014": {"1001": {"mean": {"pca-1": 1.6266}, "min": {"pca-1": 1.3683}}, "1002": {"mean": {"pca-1": 1.8412}, "min": {"pca-1": 1.6581}}, "1003": {"mean": {"pca-1": 1.4171}, "min": {"pca-1": 1.0706}}, "1004": {"mean": {"pca-1": 1.6678}, "min": {"pca-1": 1.4729}}, "1005": {"mean": {"pca-1": 1.7571}, "min": {"pca-1": 1.6537}}, "1006": {"mean": {"pca-1": 1.7387}, "min": {"pca-1": 1.5663}}, "1007": {"mean": {"pca-1": 1.6742}, "min": {"pca-1": 1.4591}}, "1008": {"mean": {"pca-1": 1.8841}, "min": {"pca-1": 1.7931}}, "1009": {"mean": {"pca-1": 1.7389}, "min": {"pca-1": 1.5791}}, "1010": {"mean": {"pca-1": 1.929}, "min": {"pca-1": 1.7842}}, "1011": {"mean": {"pca-1": 1.793}, "min": {"pca-1": 1.7682}}, "1012": {"mean": {"pca-1": 2.0252}, "min": {"pca-1": 1.9656}}, "1013": {"mean": {"pca-1": 2.017}, "min": {"pca-1": 1.8839}}, "1014": {"mean": {"pca-1": 1.6462}, "min": {"pca-1": 1.6271}}, "1015": {"mean": {"pca-1": 2.1062}, "min": {"pca-1": 1.9392}}}, "1015": {"1001": {"mean": {"pca-1": 1.9343}, "min": {"pca-1": 1.699}}, "1002": {"mean": {"pca-1": 1.9926}, "min": {"pca-1": 1.7108}}, "1003": {"mean": {"pca-1": 1.8266}, "min": {"pca-1": 1.5206}}, "1004": {"mean": {"pca-1": 2.0152}, "min": {"pca-1": 1.8656}}, "1005": {"mean": {"pca-1": 2.3744}, "min": {"pca-1": 1.9236}}, "1006": {"mean": {"pca-1": 2.042}, "min": {"pca-1": 1.805}}, "1007": {"mean": {"pca-1": 1.8217}, "min": {"pca-1": 1.6031}}, "1008": {"mean": {"pca-1": 2.6751}, "min": {"pca-1": 2.1657}}, "1009": {"mean": {"pca-1": 2.1453}, "min": {"pca-1": 1.9344}}, "1010": {"mean": {"pca-1": 2.2074}, "min": {"pca-1": 1.9269}}, "1011": {"mean": {"pca-1": 2.3773}, "min": {"pca-1": 1.805}}, "1012": {"mean": {"pca-1": 2.4388}, "min": {"pca-1": 2.1969}}, "1013": {"mean": {"pca-1": 2.3179}, "min": {"pca-1": 2.0484}}, "1014": {"mean": {"pca-1": 1.8835}, "min": {"pca-1": 1.7122}}, "1015": {"mean": {"pca-1": 2.7527}, "min": {"pca-1": 2.2683}}}}