{"1001": {"1001": {"mean": {"pca-1": 3.2556}, "min": {"pca-1": 2.4408}}, "1002": {"mean": {"pca-1": 3.2798}, "min": {"pca-1": 2.1506}}, "1003": {"mean": {"pca-1": 2.8641}, "min": {"pca-1": 2.1023}}, "1004": {"mean": {"pca-1": 3.3308}, "min": {"pca-1": 2.3134}}, "1005": {"mean": {"pca-1": 2.6524}, "min": {"pca-1": 1.9949}}, "1006": {"mean": {"pca-1": 3.3857}, "min": {"pca-1": 2.1848}}, "1007": {"mean": {"pca-1": 3.6269}, "min": {"pca-1": 2.3707}}, "1008": {"mean": {"pca-1": 2.5486}, "min": {"pca-1": 1.9857}}, "1009": {"mean": {"pca-1": 2.8066}, "min": {"pca-1": 2.1091}}, "1010": {"mean": {"pca-1": 3.2122}, "min": {"pca-1": 2.2168}}, "1011": {"mean": {"pca-1": 2.5337}, "min": {"pca-1": 1.7604}}, "1012": {"mean": {"pca-1": 2.9869}, "min": {"pca-1": 2.0349}}, "1013": {"mean": {"pca-1": 3.218}, "min": {"pca-1": 2.454}}, "1014": {"mean": {"pca-1": 3.134}, "min": {"pca-1": 1.9629}}, "1015": {"mean": {"pca-1": 2.6952}, "min": {"pca-1": 2.0747}}}, "1002": {"1001": {"mean": {"pca-1": 2.3769}, "min": {"pca-1": 2.3519}}, "1002": {"mean": {"pca-1": 2.3918}, "min": {"pca-1": 2.3162}}, "1003": {"mean": {"pca-1": 2.0306}, "min": {"pca-1": 1.9353}}, "1004": {"mean": {"pca-1": 2.3876}, "min": {"pca-1": 2.2918}}, "1005": {"mean": {"pca-1": 1.9536}, "min": {"pca-1": 1.8747}}, "1006": {"mean": {"pca-1": 2.4394}, "min": {"pca-1": 2.2769}}, "1007": {"mean": {"pca-1": 2.6095}, "min": {"pca-1": 2.4218}}, "1008": {"mean": {"pca-1": 2.1535}, "min": {"pca-1": 2.0499}}, "1009": {"mean": {"pca-1": 2.0613}, "min": {"pca-1": 2.0234}}, "1010": {"mean": {"pca-1": 2.3853}, "min": {"pca-1": 2.2401}}, "1011": {"mean": {"pca-1": 2.0777}, "min": {"pca-1": 1.9232}}, "1012": {"mean": {"pca-1": 2.2344}, "min": {"pca-1": 2.1612}}, "1013": {"mean": {"pca-1": 2.5227}, "min": {"pca-1": 2.3553}}, "1014": {"mean": {"pca-1": 2.1387}, "min": {"pca-1": 1.9965}}, "1015": {"mean": {"pca-1": 2.3142}, "min": {"pca-1": 2.244}}}, "1003": {"1001": {"mean": {"pca-1": 2.2447}, "min": {"pca-1": 1.8624}}, "1002": {"mean": {"pca-1": 2.3698}, "min": {"pca-1": 2.1321}}, "1003": {"mean": {"pca-1": 2.0032}, "min": {"pca-1": 1.6334}}, "1004": {"mean": {"pca-1": 2.3005}, "min": {"pca-1": 1.9158}}, "1005": {"mean": {"pca-1": 2.1253}, "min": {"pca-1": 1.9921}}, "1006": {"mean": {"pca-1": 2.4723}, "min": {"pca-1": 2.1247}}, "1007": {"mean": {"pca-1": 2.5185}, "min": {"pca-1": 2.0755}}, "1008": {"mean": {"pca-1": 2.2662}, "min": {"pca-1": 2.1951}}, "1009": {"mean": {"pca-1": 2.063}, "min": {"pca-1": 1.8991}}, "1010": {"mean": {"pca-1": 2.5359}, "min": {"pca-1": 2.2428}}, "1011": {"mean": {"pca-1": 2.2079}, "min": {"pca-1": 1.9561}}, "1012": {"mean": {"pca-1": 2.321}, "min": {"pca-1": 2.111}}, "1013": {"mean": {"pca-1": 2.6023}, "min": {"pca-1": 2.4494}}, "1014": {"mean": {"pca-1": 2.3032}, "min": {"pca-1": 1.923}}, "1015": {"mean": {"pca-1": 2.39}, "min": {"pca-1": 2.335}}}, "1004": {"1001": {"mean": {"pca-1": 2.426}, "min": {"pca-1": 2.0373}}, "1002": {"mean": {"pca-1": 2.5881}, "min": {"pca-1": 2.2504}}, "1003": {"mean": {"pca-1": 2.2684}, "min": {"pca-1": 2.0891}}, "1004": {"mean": {"pca-1": 2.5624}, "min": {"pca-1": 2.2787}}, "1005": {"mean": {"pca-1": 2.2143}, "min": {"pca-1": 1.9451}}, "1006": {"mean": {"pca-1": 2.8023}, "min": {"pca-1": 2.5327}}, "1007": {"mean": {"pca-1": 2.6785}, "min": {"pca-1": 1.8131}}, "1008": {"mean": {"pca-1": 2.3073}, "min": {"pca-1": 2.1151}}, "1009": {"mean": {"pca-1": 2.3309}, "min": {"pca-1": 2.0611}}, "1010": {"mean": {"pca-1": 2.7214}, "min": {"pca-1": 2.3934}}, "1011": {"mean": {"pca-1": 2.2684}, "min": {"pca-1": 2.0477}}, "1012": {"mean": {"pca-1": 2.5613}, "min": {"pca-1": 2.1845}}, "1013": {"mean": {"pca-1": 2.7392}, "min": {"pca-1": 2.5983}}, "1014": {"mean": {"pca-1": 2.6033}, "min": {"pca-1": 2.1412}}, "1015": {"mean": {"pca-1": 2.4304}, "min": {"pca-1": 2.2701}}}, "1005": {"1001": {"mean": {"pca-1": 2.5702}, "min": {"pca-1": 2.4882}}, "1002": {"mean": {"pca-1": 2.2691}, "min": {"pca-1": 2.1943}}, "1003": {"mean": {"pca-1": 2.2006}, "min": {"pca-1": 2.1543}}, "1004": {"mean": {"pca-1": 2.5271}, "min": {"pca-1": 2.4673}}, "1005": {"mean": {"pca-1": 2.3671}, "min": {"pca-1": 2.1011}}, "1006": {"mean": {"pca-1": 2.1823}, "min": {"pca-1": 2.166}}, "1007": {"mean": {"pca-1": 2.2511}, "min": {"pca-1": 2.0624}}, "1008": {"mean": {"pca-1": 2.7862}, "min": {"pca-1": 2.484}}, "1009": {"mean": {"pca-1": 2.4227}, "min": {"pca-1": 2.3448}}, "1010": {"mean": {"pca-1": 2.229}, "min": {"pca-1": 2.1006}}, "1011": {"mean": {"pca-1": 2.507}, "min": {"pca-1": 2.2132}}, "1012": {"mean": {"pca-1": 2.4182}, "min": {"pca-1": 2.2536}}, "1013": {"mean": {"pca-1": 2.4146}, "min": {"pca-1": 2.3464}}, "1014": {"mean": {"pca-1": 1.8995}, "min": {"pca-1": 1.74}}, "1015": {"mean": {"pca-1": 2.8307}, "min": {"pca-1": 2.5877}}}, "1006": {"1001": {"mean": {"pca-1": 2.1041}, "min": {"pca-1": 1.8153}}, "1002": {"mean": {"pca-1": 2.0855}, "min": {"pca-1": 1.9165}}, "1003": {"mean": {"pca-1": 1.7646}, "min": {"pca-1": 1.6116}}, "1004": {"mean": {"pca-1": 2.1146}, "min": {"pca-1": 1.8542}}, "1005": {"mean": {"pca-1": 1.9753}, "min": {"pca-1": 1.82}}, "1006": {"mean": {"pca-1": 2.158}, "min": {"pca-1": 1.9858}}, "1007": {"mean": {"pca-1": 1.998}, "min": {"pca-1": 1.5815}}, "1008": {"mean": {"pca-1": 2.224}, "min": {"pca-1": 2.0289}}, "1009": {"mean": {"pca-1": 2.0098}, "min": {"pca-1": 1.9855}}, "1010": {"mean": {"pca-1": 2.2444}, "min": {"pca-1": 2.0774}}, "1011": {"mean": {"pca-1": 2.0776}, "min": {"pca-1": 1.9013}}, "1012": {"mean": {"pca-1": 2.2568}, "min": {"pca-1": 2.1633}}, "1013": {"mean": {"pca-1": 2.3148}, "min": {"pca-1": 2.1885}}, "1014": {"mean": {"pca-1": 2.0111}, "min": {"pca-1": 1.8092}}, "1015": {"mean": {"pca-1": 2.3429}, "min": {"pca-1": 2.1783}}}, "1007": {"1001": {"mean": {"pca-1": 1.9173}, "min": {"pca-1": 1.8801}}, "1002": {"mean": {"pca-1": 2.149}, "min": {"pca-1": 2.0765}}, "1003": {"mean": {"pca-1": 1.6494}, "min": {"pca-1": 1.58}}, "1004": {"mean": {"pca-1": 1.9307}, "min": {"pca-1": 1.8916}}, "1005": {"mean": {"pca-1": 2.0407}, "min": {"pca-1": 1.9313}}, "1006": {"mean": {"pca-1": 2.2653}, "min": {"pca-1": 2.1465}}, "1007": {"mean": {"pca-1": 2.2496}, "min": {"pca-1": 2.1109}}, "1008": {"mean": {"pca-1": 2.2218}, "min": {"pca-1": 2.1349}}, "1009": {"mean": {"pca-1": 1.8846}, "min": {"pca-1": 1.8676}}, "1010": {"mean": {"pca-1": 2.3783}, "min": {"pca-1": 2.244}}, "1011": {"mean": {"pca-1": 2.2219}, "min": {"pca-1": 2.0403}}, "1012": {"mean": {"pca-1": 2.2487}, "min": {"pca-1": 2.1164}}, "1013": {"mean": {"pca-1": 2.4793}, "min": {"pca-1": 2.3918}}, "1014": {"mean": {"pca-1": 2.2095}, "min": {"pca-1": 1.9714}}, "1015": {"mean": {"pca-1": 2.408}, "min": {"pca-1": 2.3375}}}, "1008": {"1001": {"mean": {"pca-1": 3.629}, "min": {"pca-1": 2.7036}}, "1002": {"mean": {"pca-1": 3.2835}, "min": {"pca-1": 2.3391}}, "1003": {"mean": {"pca-1": 3.521}, "min": {"pca-1": 2.4421}}, "1004": {"mean": {"pca-1": 3.4627}, "min": {"pca-1": 2.6271}}, "1005": {"mean": {"pca-1": 3.9356}, "min": {"pca-1": 2.7987}}, "1006": {"mean": {"pca-1": 3.1288}, "min": {"pca-1": 2.2718}}, "1007": {"mean": {"pca-1": 3.126}, "min": {"pca-1": 2.3897}}, "1008": {"mean": {"pca-1": 4.4211}, "min": {"pca-1": 3.2725}}, "1009": {"mean": {"pca-1": 3.768}, "min": {"pca-1": 2.7262}}, "1010": {"mean": {"pca-1": 3.4644}, "min": {"pca-1": 2.4811}}, "1011": {"mean": {"pca-1": 4.1547}, "min": {"pca-1": 2.9757}}, "1012": {"mean": {"pca-1": 3.7109}, "min": {"pca-1": 2.7149}}, "1013": {"mean": {"pca-1": 3.6695}, "min": {"pca-1": 2.632}}, "1014": {"mean": {"pca-1": 3.1204}, "min": {"pca-1": 2.1746}}, "1015": {"mean": {"pca-1": 4.3789}, "min": {"pca-1": 3.2402}}}, "1009": {"1001": {"mean": {"pca-1": 2.4588}, "min": {"pca-1": 1.9303}}, "1002": {"mean": {"pca-1": 2.5545}, "min": {"pca-1": 2.2345}}, "1003": {"mean": {"pca-1": 2.3018}, "min": {"pca-1": 1.9356}}, "1004": {"mean": {"pca-1": 2.5097}, "min": {"pca-1": 2.2809}}, "1005": {"mean": {"pca-1": 2.2305}, "min": {"pca-1": 2.0786}}, "1006": {"mean": {"pca-1": 2.592}, "min": {"pca-1": 2.4835}}, "1007": {"mean": {"pca-1": 2.4545}, "min": {"pca-1": 1.6971}}, "1008": {"mean": {"pca-1": 2.3051}, "min": {"pca-1": 2.245}}, "1009": {"mean": {"pca-1": 2.4048}, "min": {"pca-1": 2.048}}, "1010": {"mean": {"pca-1": 2.6246}, "min": {"pca-1": 2.5455}}, "1011": {"mean": {"pca-1": 2.2283}, "min": {"pca-1": 2.0635}}, "1012": {"mean": {"pca-1": 2.5614}, "min": {"pca-1": 2.4182}}, "1013": {"mean": {"pca-1": 2.7178}, "min": {"pca-1": 2.5055}}, "1014": {"mean": {"pca-1": 2.5411}, "min": {"pca-1": 2.4368}}, "1015": {"mean": {"pca-1": 2.4699}, "min": {"pca-1": 2.3911}}}, "1010": {"1001": {"mean": {"pca-1": 2.4822}, "min": {"pca-1": 1.8759}}, "1002": {"mean": {"pca-1": 2.2965}, "min": {"pca-1": 1.9455}}, "1003": {"mean": {"pca-1": 2.1813}, "min": {"pca-1": 1.6395}}, "1004": {"mean": {"pca-1": 2.4723}, "min": {"pca-1": 2.0493}}, "1005": {"mean": {"pca-1": 2.4049}, "min": {"pca-1": 1.8297}}, "1006": {"mean": {"pca-1": 2.2191}, "min": {"pca-1": 2.1068}}, "1007": {"mean": {"pca-1": 2.2217}, "min": {"pca-1": 1.725}}, "1008": {"mean": {"pca-1": 2.8403}, "min": {"pca-1": 2.2108}}, "1009": {"mean": {"pca-1": 2.4447}, "min": {"pca-1": 1.954}}, "1010": {"mean": {"pca-1": 2.3206}, "min": {"pca-1": 2.085}}, "1011": {"mean": {"pca-1": 2.6543}, "min": {"pca-1": 2.1893}}, "1012": {"mean": {"pca-1": 2.4963}, "min": {"pca-1": 2.184}}, "1013": {"mean": {"pca-1": 2.5442}, "min": {"pca-1": 2.3453}}, "1014": {"mean": {"pca-1": 2.0568}, "min": {"pca-1": 1.8358}}, "1015": {"mean": {"pca-1": 2.8954}, "min": {"pca-1": 2.2935}}}, "1011": {"1001": {"mean": {"pca-1": 2.619}, "min": {"pca-1": 2.1413}}, "1002": {"mean": {"pca-1": 2.418}, "min": {"pca-1": 2.0504}}, "1003": {"mean": {"pca-1": 2.4028}, "min": {"pca-1": 1.9504}}, "1004": {"mean": {"pca-1": 2.6229}, "min": {"pca-1": 2.2092}}, "1005": {"mean": {"pca-1": 2.5846}, "min": {"pca-1": 2.0532}}, "1006": {"mean": {"pca-1": 2.3666}, "min": {"pca-1": 2.0549}}, "1007": {"mean": {"pca-1": 2.1388}, "min": {"pca-1": 1.696}}, "1008": {"mean": {"pca-1": 2.9748}, "min": {"pca-1": 2.3908}}, "1009": {"mean": {"pca-1": 2.5981}, "min": {"pca-1": 2.1115}}, "1010": {"mean": {"pca-1": 2.5194}, "min": {"pca-1": 2.0675}}, "1011": {"mean": {"pca-1": 2.7227}, "min": {"pca-1": 2.1001}}, "1012": {"mean": {"pca-1": 2.6836}, "min": {"pca-1": 2.2291}}, "1013": {"mean": {"pca-1": 2.6445}, "min": {"pca-1": 2.2303}}, "1014": {"mean": {"pca-1": 2.2332}, "min": {"pca-1": 1.8555}}, "1015": {"mean": {"pca-1": 3.0185}, "min": {"pca-1": 2.4622}}}, "1012": {"1001": {"mean": {"pca-1": 1.9853}, "min": {"pca-1": 1.62}}, "1002": {"mean": {"pca-1": 2.1501}, "min": {"pca-1": 2.024}}, "1003": {"mean": {"pca-1": 1.7821}, "min": {"pca-1": 1.5404}}, "1004": {"mean": {"pca-1": 2.0116}, "min": {"pca-1": 1.6513}}, "1005": {"mean": {"pca-1": 2.1274}, "min": {"pca-1": 1.7533}}, "1006": {"mean": {"pca-1": 2.2352}, "min": {"pca-1": 2.0184}}, "1007": {"mean": {"pca-1": 1.9934}, "min": {"pca-1": 1.7155}}, "1008": {"mean": {"pca-1": 2.3493}, "min": {"pca-1": 2.0124}}, "1009": {"mean": {"pca-1": 2.1223}, "min": {"pca-1": 1.9047}}, "1010": {"mean": {"pca-1": 2.4324}, "min": {"pca-1": 2.1069}}, "1011": {"mean": {"pca-1": 2.2218}, "min": {"pca-1": 1.8528}}, "1012": {"mean": {"pca-1": 2.4493}, "min": {"pca-1": 2.0959}}, "1013": {"mean": {"pca-1": 2.5198}, "min": {"pca-1": 2.256}}, "1014": {"mean": {"pca-1": 2.2078}, "min": {"pca-1": 1.911}}, "1015": {"mean": {"pca-1": 2.4577}, "min": {"pca-1": 2.1632}}}, "1013": {"1001": {"mean": {"pca-1": 2.2894}, "min": {"pca-1": 1.8389}}, "1002": {"mean": {"pca-1": 2.1712}, "min": {"pca-1": 1.9548}}, "1003": {"mean": {"pca-1": 2.0524}, "min": {"pca-1": 1.7174}}, "1004": {"mean": {"pca-1": 2.2728}, "min": {"pca-1": 1.9486}}, "1005": {"mean": {"pca-1": 2.285}, "min": {"pca-1": 2.1409}}, "1006": {"mean": {"pca-1": 2.2378}, "min": {"pca-1": 2.1772}}, "1007": {"mean": {"pca-1": 2.0263}, "min": {"pca-1": 1.7107}}, "1008": {"mean": {"pca-1": 2.5778}, "min": {"pca-1": 2.3377}}, "1009": {"mean": {"pca-1": 2.3026}, "min": {"pca-1": 2.1684}}, "1010": {"mean": {"pca-1": 2.3741}, "min": {"pca-1": 2.2829}}, "1011": {"mean": {"pca-1": 2.3617}, "min": {"pca-1": 2.2214}}, "1012": {"mean": {"pca-1": 2.3956}, "min": {"pca-1": 2.2404}}, "1013": {"mean": {"pca-1": 2.4986}, "min": {"pca-1": 2.4579}}, "1014": {"mean": {"pca-1": 2.0525}, "min": {"pca-1": 1.8496}}, "1015": {"mean": {"pca-1": 2.6329}, "min": {"pca-1": 2.4309}}}, "1014": {"1001": {"mean": {"pca-1": 2.1052}, "min": {"pca-1": 1.9918}}, "1002": {"mean": {"pca-1": 2.1094}, "min": {"pca-1": 2.0572}}, "1003": {"mean": {"pca-1": 1.7683}, "min": {"pca-1": 1.5932}}, "1004": {"mean": {"pca-1": 2.0888}, "min": {"pca-1": 1.9603}}, "1005": {"mean": {"pca-1": 1.9716}, "min": {"pca-1": 1.5312}}, "1006": {"mean": {"pca-1": 2.0492}, "min": {"pca-1": 1.9171}}, "1007": {"mean": {"pca-1": 2.0666}, "min": {"pca-1": 1.9711}}, "1008": {"mean": {"pca-1": 2.2658}, "min": {"pca-1": 1.8584}}, "1009": {"mean": {"pca-1": 2.0139}, "min": {"pca-1": 1.8692}}, "1010": {"mean": {"pca-1": 2.1536}, "min": {"pca-1": 1.9148}}, "1011": {"mean": {"pca-1": 2.1533}, "min": {"pca-1": 1.7686}}, "1012": {"mean": {"pca-1": 2.1452}, "min": {"pca-1": 2.0267}}, "1013": {"mean": {"pca-1": 2.33}, "min": {"pca-1": 2.1849}}, "1014": {"mean": {"pca-1": 1.8538}, "min": {"pca-1": 1.8075}}, "1015": {"mean": {"pca-1": 2.3708}, "min": {"pca-1": 2.0802}}}, "1015": {"1001": {"mean": {"pca-1": 3.0373}, "min": {"pca-1": 2.5942}}, "1002": {"mean": {"pca-1": 2.7432}, "min": {"pca-1": 2.2869}}, "1003": {"mean": {"pca-1": 2.7526}, "min": {"pca-1": 2.0705}}, "1004": {"mean": {"pca-1": 2.9065}, "min": {"pca-1": 2.4685}}, "1005": {"mean": {"pca-1": 3.0137}, "min": {"pca-1": 2.0748}}, "1006": {"mean": {"pca-1": 2.5603}, "min": {"pca-1": 2.1039}}, "1007": {"mean": {"pca-1": 2.6763}, "min": {"pca-1": 2.3263}}, "1008": {"mean": {"pca-1": 3.4499}, "min": {"pca-1": 2.4263}}, "1009": {"mean": {"pca-1": 2.9817}, "min": {"pca-1": 2.2405}}, "1010": {"mean": {"pca-1": 2.7453}, "min": {"pca-1": 2.0819}}, "1011": {"mean": {"pca-1": 3.1788}, "min": {"pca-1": 2.1553}}, "1012": {"mean": {"pca-1": 2.9488}, "min": {"pca-1": 2.2298}}, "1013": {"mean": {"pca-1": 2.9467}, "min": {"pca-1": 2.3144}}, "1014": {"mean": {"pca-1": 2.3974}, "min": {"pca-1": 1.7134}}, "1015": {"mean": {"pca-1": 3.4692}, "min": {"pca-1": 2.5512}}}}