{"1": {"rank": 0.119, "score": 0.208, "mean": 0.164}, "2": {"rank": 0.258, "score": 0.344, "mean": 0.301}, "3": {"rank": 0.361, "score": 0.436, "mean": 0.399}, "4": {"rank": 0.414, "score": 0.5, "mean": 0.457}, "5": {"rank": 0.489, "score": 0.581, "mean": 0.535}, "6": {"rank": 0.583, "score": 0.686, "mean": 0.635}, "7": {"rank": 0.675, "score": 0.728, "mean": 0.701}, "8": {"rank": 0.733, "score": 0.758, "mean": 0.746}, "9": {"rank": 0.767, "score": 0.805, "mean": 0.786}, "10": {"rank": 0.803, "score": 0.85, "mean": 0.826}, "11": {"rank": 0.872, "score": 0.9, "mean": 0.886}, "12": {"rank": 0.908, "score": 0.931, "mean": 0.919}, "13": {"rank": 0.942, "score": 0.983, "mean": 0.962}, "14": {"rank": 0.989, "score": 0.997, "mean": 0.993}, "15": {"rank": 1.0, "score": 1.0, "mean": 1.0}}