{"1": {"non-stress": 0.189, "stress": 0.228}, "2": {"non-stress": 0.295, "stress": 0.394}, "3": {"non-stress": 0.383, "stress": 0.489}, "4": {"non-stress": 0.456, "stress": 0.544}, "5": {"non-stress": 0.522, "stress": 0.639}, "6": {"non-stress": 0.656, "stress": 0.717}, "7": {"non-stress": 0.694, "stress": 0.761}, "8": {"non-stress": 0.711, "stress": 0.805}, "9": {"non-stress": 0.772, "stress": 0.839}, "10": {"non-stress": 0.794, "stress": 0.905}, "11": {"non-stress": 0.872, "stress": 0.928}, "12": {"non-stress": 0.895, "stress": 0.967}, "13": {"non-stress": 0.972, "stress": 0.994}, "14": {"non-stress": 0.994, "stress": 1.0}, "15": {"non-stress": 1.0, "stress": 1.0}}